ISO-10303-21;
HEADER;
FILE_DESCRIPTION(('FreeCAD Model'),'2;1');
FILE_NAME('/home/johannes/vfedtec/kicad/3d/FASTON_PCB_tab.step',
  '2019-07-01T17:41:36',('kicad StepUp'),('ksu MCAD'),
  'Open CASCADE STEP processor 7.3','FreeCAD','Unknown');
FILE_SCHEMA(('AUTOMOTIVE_DESIGN { 1 0 10303 214 1 1 1 1 }'));
ENDSEC;
DATA;
#1 = APPLICATION_PROTOCOL_DEFINITION('international standard',
  'automotive_design',2000,#2);
#2 = APPLICATION_CONTEXT(
  'core data for automotive mechanical design processes');
#3 = SHAPE_DEFINITION_REPRESENTATION(#4,#10);
#4 = PRODUCT_DEFINITION_SHAPE('','',#5);
#5 = PRODUCT_DEFINITION('design','',#6,#9);
#6 = PRODUCT_DEFINITION_FORMATION('','',#7);
#7 = PRODUCT('FASTON_PCB_tab','FASTON_PCB_tab','',(#8));
#8 = PRODUCT_CONTEXT('',#2,'mechanical');
#9 = PRODUCT_DEFINITION_CONTEXT('part definition',#2,'design');
#10 = ADVANCED_BREP_SHAPE_REPRESENTATION('',(#11,#15),#3202);
#11 = AXIS2_PLACEMENT_3D('',#12,#13,#14);
#12 = CARTESIAN_POINT('',(0.,0.,0.));
#13 = DIRECTION('',(0.,0.,1.));
#14 = DIRECTION('',(1.,0.,-0.));
#15 = MANIFOLD_SOLID_BREP('',#16);
#16 = CLOSED_SHELL('',(#17,#57,#88,#119,#150,#181,#205,#229,#260,#503,
    #520,#763,#780,#811,#827,#843,#874,#891,#922,#946,#963,#987,#1018,
    #1042,#1073,#1097,#1121,#1145,#1169,#1193,#1217,#1248,#1271,#1302,
    #1331,#1355,#1385,#1409,#1433,#1457,#1481,#1512,#1536,#1560,#1585,
    #1602,#1633,#1657,#1674,#1698,#1729,#1753,#1784,#1808,#1832,#1856,
    #1880,#1904,#1928,#1959,#1982,#2013,#2042,#2066,#2096,#2120,#2144,
    #2168,#2192,#2223,#2247,#2271,#2296,#2323,#2350,#2361,#2378,#2395,
    #2406,#2423,#2440,#2456,#2473,#2495,#2512,#2529,#2546,#2563,#2580,
    #2596,#2613,#2629,#2651,#2673,#2698,#2720,#2742,#2764,#2781,#2811,
    #2828,#2845,#2861,#2878,#2895,#2911,#2933,#2950,#2967,#2984,#2995,
    #3006,#3022,#3038,#3054,#3070,#3086,#3102,#3118,#3130,#3142,#3154,
    #3166,#3178,#3190));
#17 = ADVANCED_FACE('',(#18),#52,.T.);
#18 = FACE_BOUND('',#19,.T.);
#19 = EDGE_LOOP('',(#20,#30,#38,#46));
#20 = ORIENTED_EDGE('',*,*,#21,.T.);
#21 = EDGE_CURVE('',#22,#24,#26,.T.);
#22 = VERTEX_POINT('',#23);
#23 = CARTESIAN_POINT('',(-3.175,0.3,-1.778));
#24 = VERTEX_POINT('',#25);
#25 = CARTESIAN_POINT('',(-3.175,-0.3,-1.778));
#26 = LINE('',#27,#28);
#27 = CARTESIAN_POINT('',(-3.175,0.4,-1.778));
#28 = VECTOR('',#29,1.);
#29 = DIRECTION('',(0.,-1.,2.22044604925E-16));
#30 = ORIENTED_EDGE('',*,*,#31,.T.);
#31 = EDGE_CURVE('',#24,#32,#34,.T.);
#32 = VERTEX_POINT('',#33);
#33 = CARTESIAN_POINT('',(-3.175,-0.3,-1.E-01));
#34 = LINE('',#35,#36);
#35 = CARTESIAN_POINT('',(-3.175,-0.3,-1.778));
#36 = VECTOR('',#37,1.);
#37 = DIRECTION('',(0.,2.22044604925E-16,1.));
#38 = ORIENTED_EDGE('',*,*,#39,.F.);
#39 = EDGE_CURVE('',#40,#32,#42,.T.);
#40 = VERTEX_POINT('',#41);
#41 = CARTESIAN_POINT('',(-3.175,0.3,-1.E-01));
#42 = LINE('',#43,#44);
#43 = CARTESIAN_POINT('',(-3.175,0.4,-0.1));
#44 = VECTOR('',#45,1.);
#45 = DIRECTION('',(0.,-1.,2.22044604925E-16));
#46 = ORIENTED_EDGE('',*,*,#47,.F.);
#47 = EDGE_CURVE('',#22,#40,#48,.T.);
#48 = LINE('',#49,#50);
#49 = CARTESIAN_POINT('',(-3.175,0.3,-1.778));
#50 = VECTOR('',#51,1.);
#51 = DIRECTION('',(0.,2.22044604925E-16,1.));
#52 = PLANE('',#53);
#53 = AXIS2_PLACEMENT_3D('',#54,#55,#56);
#54 = CARTESIAN_POINT('',(-3.175,0.4,-1.778));
#55 = DIRECTION('',(-1.,0.,0.));
#56 = DIRECTION('',(0.,2.22044604925E-16,1.));
#57 = ADVANCED_FACE('',(#58),#83,.F.);
#58 = FACE_BOUND('',#59,.F.);
#59 = EDGE_LOOP('',(#60,#61,#69,#77));
#60 = ORIENTED_EDGE('',*,*,#21,.T.);
#61 = ORIENTED_EDGE('',*,*,#62,.F.);
#62 = EDGE_CURVE('',#63,#24,#65,.T.);
#63 = VERTEX_POINT('',#64);
#64 = CARTESIAN_POINT('',(-3.057053574604,-0.3,-3.075410679353));
#65 = LINE('',#66,#67);
#66 = CARTESIAN_POINT('',(-3.048,-0.3,-3.175));
#67 = VECTOR('',#68,1.);
#68 = DIRECTION('',(-9.053574604252E-02,2.211327135776E-16,
    0.995893206468));
#69 = ORIENTED_EDGE('',*,*,#70,.F.);
#70 = EDGE_CURVE('',#71,#63,#73,.T.);
#71 = VERTEX_POINT('',#72);
#72 = CARTESIAN_POINT('',(-3.057053574604,0.3,-3.075410679353));
#73 = LINE('',#74,#75);
#74 = CARTESIAN_POINT('',(-3.057053574604,0.4,-3.075410679353));
#75 = VECTOR('',#76,1.);
#76 = DIRECTION('',(0.,-1.,2.22044604925E-16));
#77 = ORIENTED_EDGE('',*,*,#78,.T.);
#78 = EDGE_CURVE('',#71,#22,#79,.T.);
#79 = LINE('',#80,#81);
#80 = CARTESIAN_POINT('',(-3.048,0.3,-3.175));
#81 = VECTOR('',#82,1.);
#82 = DIRECTION('',(-9.053574604252E-02,2.211327135776E-16,
    0.995893206468));
#83 = PLANE('',#84);
#84 = AXIS2_PLACEMENT_3D('',#85,#86,#87);
#85 = CARTESIAN_POINT('',(-3.175,0.4,-1.778));
#86 = DIRECTION('',(0.995893206468,2.01029739616E-17,9.053574604252E-02)
  );
#87 = DIRECTION('',(9.053574604252E-02,-2.211327135776E-16,
    -0.995893206468));
#88 = ADVANCED_FACE('',(#89),#114,.T.);
#89 = FACE_BOUND('',#90,.T.);
#90 = EDGE_LOOP('',(#91,#99,#100,#108));
#91 = ORIENTED_EDGE('',*,*,#92,.F.);
#92 = EDGE_CURVE('',#22,#93,#95,.T.);
#93 = VERTEX_POINT('',#94);
#94 = CARTESIAN_POINT('',(-3.075410679353,0.4,-1.768946425396));
#95 = LINE('',#96,#97);
#96 = CARTESIAN_POINT('',(-3.125205339677,0.35,-1.773473212698));
#97 = VECTOR('',#98,1.);
#98 = DIRECTION('',(0.704202839631,0.707106781187,6.401843996645E-02));
#99 = ORIENTED_EDGE('',*,*,#47,.T.);
#100 = ORIENTED_EDGE('',*,*,#101,.F.);
#101 = EDGE_CURVE('',#102,#40,#104,.T.);
#102 = VERTEX_POINT('',#103);
#103 = CARTESIAN_POINT('',(-3.075,0.4,-0.1));
#104 = LINE('',#105,#106);
#105 = CARTESIAN_POINT('',(-3.1,0.375,-1.E-01));
#106 = VECTOR('',#107,1.);
#107 = DIRECTION('',(-0.707106781187,-0.707106781187,-2.211407089341E-15
    ));
#108 = ORIENTED_EDGE('',*,*,#109,.F.);
#109 = EDGE_CURVE('',#93,#102,#110,.T.);
#110 = LINE('',#111,#112);
#111 = CARTESIAN_POINT('',(-3.075,0.4,-1.778));
#112 = VECTOR('',#113,1.);
#113 = DIRECTION('',(0.,2.22044604925E-16,1.));
#114 = PLANE('',#115);
#115 = AXIS2_PLACEMENT_3D('',#116,#117,#118);
#116 = CARTESIAN_POINT('',(-3.125,0.35,-1.778));
#117 = DIRECTION('',(-0.707106781187,0.707106781187,-1.570081730385E-16)
  );
#118 = DIRECTION('',(7.586052993787E-22,2.220438463197E-16,1.));
#119 = ADVANCED_FACE('',(#120),#145,.F.);
#120 = FACE_BOUND('',#121,.F.);
#121 = EDGE_LOOP('',(#122,#130,#131,#139));
#122 = ORIENTED_EDGE('',*,*,#123,.F.);
#123 = EDGE_CURVE('',#24,#124,#126,.T.);
#124 = VERTEX_POINT('',#125);
#125 = CARTESIAN_POINT('',(-3.075410679353,-0.4,-1.768946425396));
#126 = LINE('',#127,#128);
#127 = CARTESIAN_POINT('',(-3.125205339677,-0.35,-1.773473212698));
#128 = VECTOR('',#129,1.);
#129 = DIRECTION('',(0.704202839631,-0.707106781187,6.401843996645E-02)
  );
#130 = ORIENTED_EDGE('',*,*,#31,.T.);
#131 = ORIENTED_EDGE('',*,*,#132,.F.);
#132 = EDGE_CURVE('',#133,#32,#135,.T.);
#133 = VERTEX_POINT('',#134);
#134 = CARTESIAN_POINT('',(-3.075,-0.4,-0.1));
#135 = LINE('',#136,#137);
#136 = CARTESIAN_POINT('',(-3.1,-0.375,-0.1));
#137 = VECTOR('',#138,1.);
#138 = DIRECTION('',(-0.707106781187,0.707106781187,4.71125858164E-15));
#139 = ORIENTED_EDGE('',*,*,#140,.F.);
#140 = EDGE_CURVE('',#124,#133,#141,.T.);
#141 = LINE('',#142,#143);
#142 = CARTESIAN_POINT('',(-3.075,-0.4,-1.778));
#143 = VECTOR('',#144,1.);
#144 = DIRECTION('',(0.,2.22044604925E-16,1.));
#145 = PLANE('',#146);
#146 = AXIS2_PLACEMENT_3D('',#147,#148,#149);
#147 = CARTESIAN_POINT('',(-3.125,-0.35,-1.778));
#148 = DIRECTION('',(0.707106781187,0.707106781187,-1.578756215083E-16)
  );
#149 = DIRECTION('',(6.126200900444E-19,2.226572250151E-16,1.));
#150 = ADVANCED_FACE('',(#151),#176,.F.);
#151 = FACE_BOUND('',#152,.T.);
#152 = EDGE_LOOP('',(#153,#154,#162,#170));
#153 = ORIENTED_EDGE('',*,*,#39,.T.);
#154 = ORIENTED_EDGE('',*,*,#155,.T.);
#155 = EDGE_CURVE('',#32,#156,#158,.T.);
#156 = VERTEX_POINT('',#157);
#157 = CARTESIAN_POINT('',(-3.275,-0.3,1.283695372223E-16));
#158 = LINE('',#159,#160);
#159 = CARTESIAN_POINT('',(-3.175,-0.3,-0.1));
#160 = VECTOR('',#161,1.);
#161 = DIRECTION('',(-0.707106781187,-9.614813431918E-16,0.707106781187)
  );
#162 = ORIENTED_EDGE('',*,*,#163,.F.);
#163 = EDGE_CURVE('',#164,#156,#166,.T.);
#164 = VERTEX_POINT('',#165);
#165 = CARTESIAN_POINT('',(-3.275,0.3,3.816391647149E-17));
#166 = LINE('',#167,#168);
#167 = CARTESIAN_POINT('',(-3.275,0.4,-9.852437669957E-17));
#168 = VECTOR('',#169,1.);
#169 = DIRECTION('',(0.,-1.,2.22044604925E-16));
#170 = ORIENTED_EDGE('',*,*,#171,.F.);
#171 = EDGE_CURVE('',#40,#164,#172,.T.);
#172 = LINE('',#173,#174);
#173 = CARTESIAN_POINT('',(-3.175,0.3,-0.1));
#174 = VECTOR('',#175,1.);
#175 = DIRECTION('',(-0.707106781187,-3.46133283549E-15,0.707106781187)
  );
#176 = PLANE('',#177);
#177 = AXIS2_PLACEMENT_3D('',#178,#179,#180);
#178 = CARTESIAN_POINT('',(-3.225,0.4,-5.E-02));
#179 = DIRECTION('',(0.707106781187,1.570081730385E-16,0.707106781187));
#180 = DIRECTION('',(7.586052993787E-22,1.,-2.220438463197E-16));
#181 = ADVANCED_FACE('',(#182),#200,.F.);
#182 = FACE_BOUND('',#183,.T.);
#183 = EDGE_LOOP('',(#184,#192,#193,#194));
#184 = ORIENTED_EDGE('',*,*,#185,.T.);
#185 = EDGE_CURVE('',#186,#71,#188,.T.);
#186 = VERTEX_POINT('',#187);
#187 = CARTESIAN_POINT('',(-2.956678536207,0.4,-3.075));
#188 = LINE('',#189,#190);
#189 = CARTESIAN_POINT('',(-2.979696839971,0.377067701162,
    -3.075094178217));
#190 = VECTOR('',#191,1.);
#191 = DIRECTION('',(-0.708426043649,-0.705779101023,-2.898489047316E-03
    ));
#192 = ORIENTED_EDGE('',*,*,#78,.T.);
#193 = ORIENTED_EDGE('',*,*,#92,.T.);
#194 = ORIENTED_EDGE('',*,*,#195,.F.);
#195 = EDGE_CURVE('',#186,#93,#196,.T.);
#196 = LINE('',#197,#198);
#197 = CARTESIAN_POINT('',(-2.948410679353,0.4,-3.165946425396));
#198 = VECTOR('',#199,1.);
#199 = DIRECTION('',(-9.053574604252E-02,2.211327135776E-16,
    0.995893206468));
#200 = PLANE('',#201);
#201 = AXIS2_PLACEMENT_3D('',#202,#203,#204);
#202 = CARTESIAN_POINT('',(-2.998205339677,0.35,-3.170473212698));
#203 = DIRECTION('',(0.704202839631,-0.707106781187,6.401843996645E-02)
  );
#204 = DIRECTION('',(9.053574604252E-02,-2.22044604925E-16,
    -0.995893206468));
#205 = ADVANCED_FACE('',(#206),#224,.T.);
#206 = FACE_BOUND('',#207,.F.);
#207 = EDGE_LOOP('',(#208,#216,#217,#218));
#208 = ORIENTED_EDGE('',*,*,#209,.T.);
#209 = EDGE_CURVE('',#210,#63,#212,.T.);
#210 = VERTEX_POINT('',#211);
#211 = CARTESIAN_POINT('',(-2.956678536207,-0.4,-3.075));
#212 = LINE('',#213,#214);
#213 = CARTESIAN_POINT('',(-2.979696839971,-0.377067701162,
    -3.075094178217));
#214 = VECTOR('',#215,1.);
#215 = DIRECTION('',(-0.708426043649,0.705779101023,-2.898489047322E-03)
  );
#216 = ORIENTED_EDGE('',*,*,#62,.T.);
#217 = ORIENTED_EDGE('',*,*,#123,.T.);
#218 = ORIENTED_EDGE('',*,*,#219,.F.);
#219 = EDGE_CURVE('',#210,#124,#220,.T.);
#220 = LINE('',#221,#222);
#221 = CARTESIAN_POINT('',(-2.948410679353,-0.4,-3.165946425396));
#222 = VECTOR('',#223,1.);
#223 = DIRECTION('',(-9.053574604252E-02,2.211327135776E-16,
    0.995893206468));
#224 = PLANE('',#225);
#225 = AXIS2_PLACEMENT_3D('',#226,#227,#228);
#226 = CARTESIAN_POINT('',(-2.998205339677,-0.35,-3.170473212698));
#227 = DIRECTION('',(-0.704202839631,-0.707106781187,-6.401843996645E-02
    ));
#228 = DIRECTION('',(9.053574604252E-02,-2.289834988289E-16,
    -0.995893206468));
#229 = ADVANCED_FACE('',(#230),#255,.F.);
#230 = FACE_BOUND('',#231,.T.);
#231 = EDGE_LOOP('',(#232,#242,#248,#249));
#232 = ORIENTED_EDGE('',*,*,#233,.T.);
#233 = EDGE_CURVE('',#234,#236,#238,.T.);
#234 = VERTEX_POINT('',#235);
#235 = CARTESIAN_POINT('',(-2.948,0.3,-3.175));
#236 = VERTEX_POINT('',#237);
#237 = CARTESIAN_POINT('',(-2.948,-0.3,-3.175));
#238 = LINE('',#239,#240);
#239 = CARTESIAN_POINT('',(-2.948,0.4,-3.175));
#240 = VECTOR('',#241,1.);
#241 = DIRECTION('',(0.,-1.,2.22044604925E-16));
#242 = ORIENTED_EDGE('',*,*,#243,.T.);
#243 = EDGE_CURVE('',#236,#63,#244,.T.);
#244 = LINE('',#245,#246);
#245 = CARTESIAN_POINT('',(-3.002526787302,-0.3,-3.125205339677));
#246 = VECTOR('',#247,1.);
#247 = DIRECTION('',(-0.738422557227,-1.678406176184E-15,0.674338288234)
  );
#248 = ORIENTED_EDGE('',*,*,#70,.F.);
#249 = ORIENTED_EDGE('',*,*,#250,.F.);
#250 = EDGE_CURVE('',#234,#71,#251,.T.);
#251 = LINE('',#252,#253);
#252 = CARTESIAN_POINT('',(-3.002526787302,0.3,-3.125205339677));
#253 = VECTOR('',#254,1.);
#254 = DIRECTION('',(-0.738422557227,1.086027525766E-15,0.674338288234)
  );
#255 = PLANE('',#256);
#256 = AXIS2_PLACEMENT_3D('',#257,#258,#259);
#257 = CARTESIAN_POINT('',(-3.002526787302,0.4,-3.125205339677));
#258 = DIRECTION('',(0.674338288234,1.630817884851E-16,0.738422557227));
#259 = DIRECTION('',(5.940626995838E-19,1.,-2.21394086772E-16));
#260 = ADVANCED_FACE('',(#261,#487),#498,.T.);
#261 = FACE_BOUND('',#262,.T.);
#262 = EDGE_LOOP('',(#263,#264,#265,#273,#281,#289,#297,#305,#313,#321,
    #329,#337,#345,#353,#361,#369,#377,#385,#393,#401,#409,#417,#425,
    #433,#441,#449,#457,#465,#473,#481));
#263 = ORIENTED_EDGE('',*,*,#195,.T.);
#264 = ORIENTED_EDGE('',*,*,#109,.T.);
#265 = ORIENTED_EDGE('',*,*,#266,.T.);
#266 = EDGE_CURVE('',#102,#267,#269,.T.);
#267 = VERTEX_POINT('',#268);
#268 = CARTESIAN_POINT('',(-3.275,0.4,0.1));
#269 = LINE('',#270,#271);
#270 = CARTESIAN_POINT('',(-3.03831921139,0.4,-0.13668078861));
#271 = VECTOR('',#272,1.);
#272 = DIRECTION('',(-0.707106781187,1.568454264853E-16,0.707106781187)
  );
#273 = ORIENTED_EDGE('',*,*,#274,.T.);
#274 = EDGE_CURVE('',#267,#275,#277,.T.);
#275 = VERTEX_POINT('',#276);
#276 = CARTESIAN_POINT('',(-3.837,0.4,1.E-01));
#277 = LINE('',#278,#279);
#278 = CARTESIAN_POINT('',(-3.175,0.4,1.E-01));
#279 = VECTOR('',#280,1.);
#280 = DIRECTION('',(-1.,-1.201604498448E-31,-5.411545571456E-16));
#281 = ORIENTED_EDGE('',*,*,#282,.T.);
#282 = EDGE_CURVE('',#275,#283,#285,.T.);
#283 = VERTEX_POINT('',#284);
#284 = CARTESIAN_POINT('',(-3.837,0.4,1.551));
#285 = LINE('',#286,#287);
#286 = CARTESIAN_POINT('',(-3.837,0.4,-4.440892098501E-16));
#287 = VECTOR('',#288,1.);
#288 = DIRECTION('',(0.,2.22044604925E-16,1.));
#289 = ORIENTED_EDGE('',*,*,#290,.T.);
#290 = EDGE_CURVE('',#283,#291,#293,.T.);
#291 = VERTEX_POINT('',#292);
#292 = CARTESIAN_POINT('',(-3.275,0.4,1.551));
#293 = LINE('',#294,#295);
#294 = CARTESIAN_POINT('',(-3.937,0.4,1.551));
#295 = VECTOR('',#296,1.);
#296 = DIRECTION('',(1.,0.,0.));
#297 = ORIENTED_EDGE('',*,*,#298,.T.);
#298 = EDGE_CURVE('',#291,#299,#301,.T.);
#299 = VERTEX_POINT('',#300);
#300 = CARTESIAN_POINT('',(-3.075,0.4,1.751));
#301 = LINE('',#302,#303);
#302 = CARTESIAN_POINT('',(-2.13693078861,0.4,2.68906921139));
#303 = VECTOR('',#304,1.);
#304 = DIRECTION('',(0.707106781187,1.568454264853E-16,0.707106781187));
#305 = ORIENTED_EDGE('',*,*,#306,.T.);
#306 = EDGE_CURVE('',#299,#307,#309,.T.);
#307 = VERTEX_POINT('',#308);
#308 = CARTESIAN_POINT('',(-3.075,0.4,8.409));
#309 = LINE('',#310,#311);
#310 = CARTESIAN_POINT('',(-3.075,0.4,1.651));
#311 = VECTOR('',#312,1.);
#312 = DIRECTION('',(-3.885294924323E-16,2.22044604925E-16,1.));
#313 = ORIENTED_EDGE('',*,*,#314,.T.);
#314 = EDGE_CURVE('',#307,#315,#317,.T.);
#315 = VERTEX_POINT('',#316);
#316 = CARTESIAN_POINT('',(-3.033578643763,0.4,8.509));
#317 = LINE('',#318,#319);
#318 = CARTESIAN_POINT('',(-3.836380134645,0.4,6.57086575282));
#319 = VECTOR('',#320,1.);
#320 = DIRECTION('',(0.382683432365,2.049284254559E-16,0.923879532511));
#321 = ORIENTED_EDGE('',*,*,#322,.F.);
#322 = EDGE_CURVE('',#323,#315,#325,.T.);
#323 = VERTEX_POINT('',#324);
#324 = CARTESIAN_POINT('',(-2.317578643763,0.4,9.225));
#325 = LINE('',#326,#327);
#326 = CARTESIAN_POINT('',(-2.088289321881,0.4,9.454289321881));
#327 = VECTOR('',#328,1.);
#328 = DIRECTION('',(-0.707106781187,-1.570092458684E-16,-0.707106781187
    ));
#329 = ORIENTED_EDGE('',*,*,#330,.T.);
#330 = EDGE_CURVE('',#323,#331,#333,.T.);
#331 = VERTEX_POINT('',#332);
#332 = CARTESIAN_POINT('',(2.317578643763,0.4,9.225));
#333 = LINE('',#334,#335);
#334 = CARTESIAN_POINT('',(-2.159,0.4,9.225));
#335 = VECTOR('',#336,1.);
#336 = DIRECTION('',(1.,0.,0.));
#337 = ORIENTED_EDGE('',*,*,#338,.F.);
#338 = EDGE_CURVE('',#339,#331,#341,.T.);
#339 = VERTEX_POINT('',#340);
#340 = CARTESIAN_POINT('',(3.033578643763,0.4,8.509));
#341 = LINE('',#342,#343);
#342 = CARTESIAN_POINT('',(3.104289321881,0.4,8.438289321881));
#343 = VECTOR('',#344,1.);
#344 = DIRECTION('',(-0.707106781187,1.570092458684E-16,0.707106781187)
  );
#345 = ORIENTED_EDGE('',*,*,#346,.T.);
#346 = EDGE_CURVE('',#339,#347,#349,.T.);
#347 = VERTEX_POINT('',#348);
#348 = CARTESIAN_POINT('',(3.075,0.4,8.409));
#349 = LINE('',#350,#351);
#350 = CARTESIAN_POINT('',(3.815669456526,0.4,6.62086575282));
#351 = VECTOR('',#352,1.);
#352 = DIRECTION('',(0.382683432365,-2.049284254559E-16,-0.923879532511)
  );
#353 = ORIENTED_EDGE('',*,*,#354,.T.);
#354 = EDGE_CURVE('',#347,#355,#357,.T.);
#355 = VERTEX_POINT('',#356);
#356 = CARTESIAN_POINT('',(3.075,0.4,1.751));
#357 = LINE('',#358,#359);
#358 = CARTESIAN_POINT('',(3.075,0.4,8.509));
#359 = VECTOR('',#360,1.);
#360 = DIRECTION('',(0.,-2.22044604925E-16,-1.));
#361 = ORIENTED_EDGE('',*,*,#362,.T.);
#362 = EDGE_CURVE('',#355,#363,#365,.T.);
#363 = VERTEX_POINT('',#364);
#364 = CARTESIAN_POINT('',(3.275,0.4,1.551));
#365 = LINE('',#366,#367);
#366 = CARTESIAN_POINT('',(2.03693078861,0.4,2.78906921139));
#367 = VECTOR('',#368,1.);
#368 = DIRECTION('',(0.707106781187,-1.568454264853E-16,-0.707106781187)
  );
#369 = ORIENTED_EDGE('',*,*,#370,.T.);
#370 = EDGE_CURVE('',#363,#371,#373,.T.);
#371 = VERTEX_POINT('',#372);
#372 = CARTESIAN_POINT('',(3.837,0.4,1.551));
#373 = LINE('',#374,#375);
#374 = CARTESIAN_POINT('',(3.175,0.4,1.551));
#375 = VECTOR('',#376,1.);
#376 = DIRECTION('',(1.,0.,0.));
#377 = ORIENTED_EDGE('',*,*,#378,.T.);
#378 = EDGE_CURVE('',#371,#379,#381,.T.);
#379 = VERTEX_POINT('',#380);
#380 = CARTESIAN_POINT('',(3.837,0.4,0.1));
#381 = LINE('',#382,#383);
#382 = CARTESIAN_POINT('',(3.837,0.4,1.651));
#383 = VECTOR('',#384,1.);
#384 = DIRECTION('',(0.,-2.22044604925E-16,-1.));
#385 = ORIENTED_EDGE('',*,*,#386,.T.);
#386 = EDGE_CURVE('',#379,#387,#389,.T.);
#387 = VERTEX_POINT('',#388);
#388 = CARTESIAN_POINT('',(3.275,0.4,0.1));
#389 = LINE('',#390,#391);
#390 = CARTESIAN_POINT('',(3.937,0.4,0.1));
#391 = VECTOR('',#392,1.);
#392 = DIRECTION('',(-1.,3.843804179685E-32,1.731095507131E-16));
#393 = ORIENTED_EDGE('',*,*,#394,.T.);
#394 = EDGE_CURVE('',#387,#395,#397,.T.);
#395 = VERTEX_POINT('',#396);
#396 = CARTESIAN_POINT('',(3.075,0.4,-1.E-01));
#397 = LINE('',#398,#399);
#398 = CARTESIAN_POINT('',(3.13831921139,0.4,-3.668078861014E-02));
#399 = VECTOR('',#400,1.);
#400 = DIRECTION('',(-0.707106781187,-1.568454264853E-16,-0.707106781187
    ));
#401 = ORIENTED_EDGE('',*,*,#402,.T.);
#402 = EDGE_CURVE('',#395,#403,#405,.T.);
#403 = VERTEX_POINT('',#404);
#404 = CARTESIAN_POINT('',(3.075,0.4,-1.778));
#405 = LINE('',#406,#407);
#406 = CARTESIAN_POINT('',(3.075,0.4,-2.446832589032E-49));
#407 = VECTOR('',#408,1.);
#408 = DIRECTION('',(0.,-2.22044604925E-16,-1.));
#409 = ORIENTED_EDGE('',*,*,#410,.T.);
#410 = EDGE_CURVE('',#403,#411,#413,.T.);
#411 = VERTEX_POINT('',#412);
#412 = CARTESIAN_POINT('',(2.956678536207,0.4,-3.075));
#413 = LINE('',#414,#415);
#414 = CARTESIAN_POINT('',(3.075410679353,0.4,-1.768946425396));
#415 = VECTOR('',#416,1.);
#416 = DIRECTION('',(-9.053574604252E-02,-2.211327135776E-16,
    -0.995893206468));
#417 = ORIENTED_EDGE('',*,*,#418,.T.);
#418 = EDGE_CURVE('',#411,#419,#421,.T.);
#419 = VERTEX_POINT('',#420);
#420 = CARTESIAN_POINT('',(2.123321463793,0.4,-3.075));
#421 = LINE('',#422,#423);
#422 = CARTESIAN_POINT('',(3.048,0.4,-3.075));
#423 = VECTOR('',#424,1.);
#424 = DIRECTION('',(-1.,0.,0.));
#425 = ORIENTED_EDGE('',*,*,#426,.F.);
#426 = EDGE_CURVE('',#427,#419,#429,.T.);
#427 = VERTEX_POINT('',#428);
#428 = CARTESIAN_POINT('',(2.005,0.4,-1.778));
#429 = LINE('',#430,#431);
#430 = CARTESIAN_POINT('',(2.004589320647,0.4,-1.768946425396));
#431 = VECTOR('',#432,1.);
#432 = DIRECTION('',(9.053574604252E-02,-2.211327135776E-16,
    -0.995893206468));
#433 = ORIENTED_EDGE('',*,*,#434,.F.);
#434 = EDGE_CURVE('',#435,#427,#437,.T.);
#435 = VERTEX_POINT('',#436);
#436 = CARTESIAN_POINT('',(2.005,0.4,-0.1));
#437 = LINE('',#438,#439);
#438 = CARTESIAN_POINT('',(2.005,0.4,-1.110223024625E-16));
#439 = VECTOR('',#440,1.);
#440 = DIRECTION('',(-0.,-2.22044604925E-16,-1.));
#441 = ORIENTED_EDGE('',*,*,#442,.F.);
#442 = EDGE_CURVE('',#443,#435,#445,.T.);
#443 = VERTEX_POINT('',#444);
#444 = CARTESIAN_POINT('',(1.805,0.4,0.1));
#445 = LINE('',#446,#447);
#446 = CARTESIAN_POINT('',(0.67168078861,0.4,1.23331921139));
#447 = VECTOR('',#448,1.);
#448 = DIRECTION('',(0.707106781187,-1.568454264853E-16,-0.707106781187)
  );
#449 = ORIENTED_EDGE('',*,*,#450,.T.);
#450 = EDGE_CURVE('',#443,#451,#453,.T.);
#451 = VERTEX_POINT('',#452);
#452 = CARTESIAN_POINT('',(-1.805,0.4,0.1));
#453 = LINE('',#454,#455);
#454 = CARTESIAN_POINT('',(1.905,0.4,1.E-01));
#455 = VECTOR('',#456,1.);
#456 = DIRECTION('',(-1.,0.,0.));
#457 = ORIENTED_EDGE('',*,*,#458,.T.);
#458 = EDGE_CURVE('',#451,#459,#461,.T.);
#459 = VERTEX_POINT('',#460);
#460 = CARTESIAN_POINT('',(-2.005,0.4,-0.1));
#461 = LINE('',#462,#463);
#462 = CARTESIAN_POINT('',(-0.67168078861,0.4,1.23331921139));
#463 = VECTOR('',#464,1.);
#464 = DIRECTION('',(-0.707106781187,-1.568454264853E-16,-0.707106781187
    ));
#465 = ORIENTED_EDGE('',*,*,#466,.T.);
#466 = EDGE_CURVE('',#459,#467,#469,.T.);
#467 = VERTEX_POINT('',#468);
#468 = CARTESIAN_POINT('',(-2.005,0.4,-1.778));
#469 = LINE('',#470,#471);
#470 = CARTESIAN_POINT('',(-2.005,0.4,-2.446832589032E-49));
#471 = VECTOR('',#472,1.);
#472 = DIRECTION('',(0.,-2.22044604925E-16,-1.));
#473 = ORIENTED_EDGE('',*,*,#474,.T.);
#474 = EDGE_CURVE('',#467,#475,#477,.T.);
#475 = VERTEX_POINT('',#476);
#476 = CARTESIAN_POINT('',(-2.123321463793,0.4,-3.075));
#477 = LINE('',#478,#479);
#478 = CARTESIAN_POINT('',(-2.004589320647,0.4,-1.768946425396));
#479 = VECTOR('',#480,1.);
#480 = DIRECTION('',(-9.053574604252E-02,-2.211327135776E-16,
    -0.995893206468));
#481 = ORIENTED_EDGE('',*,*,#482,.T.);
#482 = EDGE_CURVE('',#475,#186,#483,.T.);
#483 = LINE('',#484,#485);
#484 = CARTESIAN_POINT('',(-2.032,0.4,-3.075));
#485 = VECTOR('',#486,1.);
#486 = DIRECTION('',(-1.,0.,0.));
#487 = FACE_BOUND('',#488,.T.);
#488 = EDGE_LOOP('',(#489));
#489 = ORIENTED_EDGE('',*,*,#490,.T.);
#490 = EDGE_CURVE('',#491,#491,#493,.T.);
#491 = VERTEX_POINT('',#492);
#492 = CARTESIAN_POINT('',(0.85,0.4,6.5));
#493 = CIRCLE('',#494,0.85);
#494 = AXIS2_PLACEMENT_3D('',#495,#496,#497);
#495 = CARTESIAN_POINT('',(0.,0.4,6.5));
#496 = DIRECTION('',(-1.10195543362E-32,-1.,2.218129293317E-16));
#497 = DIRECTION('',(1.,-1.10195543362E-32,1.14922183275E-31));
#498 = PLANE('',#499);
#499 = AXIS2_PLACEMENT_3D('',#500,#501,#502);
#500 = CARTESIAN_POINT('',(-2.90284510473E-16,0.4,2.828276845559));
#501 = DIRECTION('',(1.10195543362E-32,1.,-2.218129293317E-16));
#502 = DIRECTION('',(0.,2.218129293317E-16,1.));
#503 = ADVANCED_FACE('',(#504),#515,.F.);
#504 = FACE_BOUND('',#505,.F.);
#505 = EDGE_LOOP('',(#506,#507,#508,#514));
#506 = ORIENTED_EDGE('',*,*,#101,.F.);
#507 = ORIENTED_EDGE('',*,*,#266,.T.);
#508 = ORIENTED_EDGE('',*,*,#509,.T.);
#509 = EDGE_CURVE('',#267,#164,#510,.T.);
#510 = LINE('',#511,#512);
#511 = CARTESIAN_POINT('',(-3.275,0.325,2.5E-02));
#512 = VECTOR('',#513,1.);
#513 = DIRECTION('',(-5.768888059151E-15,-0.707106781187,-0.707106781187
    ));
#514 = ORIENTED_EDGE('',*,*,#171,.F.);
#515 = PLANE('',#516);
#516 = AXIS2_PLACEMENT_3D('',#517,#518,#519);
#517 = CARTESIAN_POINT('',(-3.075,0.4,-0.1));
#518 = DIRECTION('',(0.57735026919,-0.57735026919,0.57735026919));
#519 = DIRECTION('',(-0.707106781187,-3.552713678801E-15,0.707106781187)
  );
#520 = ADVANCED_FACE('',(#521,#747),#758,.F.);
#521 = FACE_BOUND('',#522,.F.);
#522 = EDGE_LOOP('',(#523,#524,#525,#533,#541,#549,#557,#565,#573,#581,
    #589,#597,#605,#613,#621,#629,#637,#645,#653,#661,#669,#677,#685,
    #693,#701,#709,#717,#725,#733,#741));
#523 = ORIENTED_EDGE('',*,*,#219,.T.);
#524 = ORIENTED_EDGE('',*,*,#140,.T.);
#525 = ORIENTED_EDGE('',*,*,#526,.T.);
#526 = EDGE_CURVE('',#133,#527,#529,.T.);
#527 = VERTEX_POINT('',#528);
#528 = CARTESIAN_POINT('',(-3.275,-0.4,0.1));
#529 = LINE('',#530,#531);
#530 = CARTESIAN_POINT('',(-3.03831921139,-0.4,-0.13668078861));
#531 = VECTOR('',#532,1.);
#532 = DIRECTION('',(-0.707106781187,1.568454264853E-16,0.707106781187)
  );
#533 = ORIENTED_EDGE('',*,*,#534,.T.);
#534 = EDGE_CURVE('',#527,#535,#537,.T.);
#535 = VERTEX_POINT('',#536);
#536 = CARTESIAN_POINT('',(-3.837,-0.4,1.E-01));
#537 = LINE('',#538,#539);
#538 = CARTESIAN_POINT('',(-3.175,-0.4,0.1));
#539 = VECTOR('',#540,1.);
#540 = DIRECTION('',(-1.,-1.201604498448E-31,-5.411545571456E-16));
#541 = ORIENTED_EDGE('',*,*,#542,.T.);
#542 = EDGE_CURVE('',#535,#543,#545,.T.);
#543 = VERTEX_POINT('',#544);
#544 = CARTESIAN_POINT('',(-3.837,-0.4,1.551));
#545 = LINE('',#546,#547);
#546 = CARTESIAN_POINT('',(-3.837,-0.4,-2.22044604925E-16));
#547 = VECTOR('',#548,1.);
#548 = DIRECTION('',(0.,2.22044604925E-16,1.));
#549 = ORIENTED_EDGE('',*,*,#550,.T.);
#550 = EDGE_CURVE('',#543,#551,#553,.T.);
#551 = VERTEX_POINT('',#552);
#552 = CARTESIAN_POINT('',(-3.275,-0.4,1.551));
#553 = LINE('',#554,#555);
#554 = CARTESIAN_POINT('',(-3.937,-0.4,1.551));
#555 = VECTOR('',#556,1.);
#556 = DIRECTION('',(1.,0.,0.));
#557 = ORIENTED_EDGE('',*,*,#558,.T.);
#558 = EDGE_CURVE('',#551,#559,#561,.T.);
#559 = VERTEX_POINT('',#560);
#560 = CARTESIAN_POINT('',(-3.075,-0.4,1.751));
#561 = LINE('',#562,#563);
#562 = CARTESIAN_POINT('',(-2.13693078861,-0.4,2.68906921139));
#563 = VECTOR('',#564,1.);
#564 = DIRECTION('',(0.707106781187,1.568454264853E-16,0.707106781187));
#565 = ORIENTED_EDGE('',*,*,#566,.T.);
#566 = EDGE_CURVE('',#559,#567,#569,.T.);
#567 = VERTEX_POINT('',#568);
#568 = CARTESIAN_POINT('',(-3.075,-0.4,8.409));
#569 = LINE('',#570,#571);
#570 = CARTESIAN_POINT('',(-3.075,-0.4,1.651));
#571 = VECTOR('',#572,1.);
#572 = DIRECTION('',(-3.885294924323E-16,2.22044604925E-16,1.));
#573 = ORIENTED_EDGE('',*,*,#574,.T.);
#574 = EDGE_CURVE('',#567,#575,#577,.T.);
#575 = VERTEX_POINT('',#576);
#576 = CARTESIAN_POINT('',(-3.033578643763,-0.4,8.509));
#577 = LINE('',#578,#579);
#578 = CARTESIAN_POINT('',(-3.836380134645,-0.4,6.57086575282));
#579 = VECTOR('',#580,1.);
#580 = DIRECTION('',(0.382683432365,2.049284254559E-16,0.923879532511));
#581 = ORIENTED_EDGE('',*,*,#582,.F.);
#582 = EDGE_CURVE('',#583,#575,#585,.T.);
#583 = VERTEX_POINT('',#584);
#584 = CARTESIAN_POINT('',(-2.317578643763,-0.4,9.225));
#585 = LINE('',#586,#587);
#586 = CARTESIAN_POINT('',(-2.088289321881,-0.4,9.454289321881));
#587 = VECTOR('',#588,1.);
#588 = DIRECTION('',(-0.707106781187,-1.570092458684E-16,-0.707106781187
    ));
#589 = ORIENTED_EDGE('',*,*,#590,.T.);
#590 = EDGE_CURVE('',#583,#591,#593,.T.);
#591 = VERTEX_POINT('',#592);
#592 = CARTESIAN_POINT('',(2.317578643763,-0.4,9.225));
#593 = LINE('',#594,#595);
#594 = CARTESIAN_POINT('',(-2.159,-0.4,9.225));
#595 = VECTOR('',#596,1.);
#596 = DIRECTION('',(1.,0.,0.));
#597 = ORIENTED_EDGE('',*,*,#598,.F.);
#598 = EDGE_CURVE('',#599,#591,#601,.T.);
#599 = VERTEX_POINT('',#600);
#600 = CARTESIAN_POINT('',(3.033578643763,-0.4,8.509));
#601 = LINE('',#602,#603);
#602 = CARTESIAN_POINT('',(3.104289321881,-0.4,8.438289321881));
#603 = VECTOR('',#604,1.);
#604 = DIRECTION('',(-0.707106781187,1.570092458684E-16,0.707106781187)
  );
#605 = ORIENTED_EDGE('',*,*,#606,.T.);
#606 = EDGE_CURVE('',#599,#607,#609,.T.);
#607 = VERTEX_POINT('',#608);
#608 = CARTESIAN_POINT('',(3.075,-0.4,8.409));
#609 = LINE('',#610,#611);
#610 = CARTESIAN_POINT('',(3.815669456526,-0.4,6.62086575282));
#611 = VECTOR('',#612,1.);
#612 = DIRECTION('',(0.382683432365,-2.049284254559E-16,-0.923879532511)
  );
#613 = ORIENTED_EDGE('',*,*,#614,.T.);
#614 = EDGE_CURVE('',#607,#615,#617,.T.);
#615 = VERTEX_POINT('',#616);
#616 = CARTESIAN_POINT('',(3.075,-0.4,1.751));
#617 = LINE('',#618,#619);
#618 = CARTESIAN_POINT('',(3.075,-0.4,8.509));
#619 = VECTOR('',#620,1.);
#620 = DIRECTION('',(0.,-2.22044604925E-16,-1.));
#621 = ORIENTED_EDGE('',*,*,#622,.T.);
#622 = EDGE_CURVE('',#615,#623,#625,.T.);
#623 = VERTEX_POINT('',#624);
#624 = CARTESIAN_POINT('',(3.275,-0.4,1.551));
#625 = LINE('',#626,#627);
#626 = CARTESIAN_POINT('',(2.03693078861,-0.4,2.78906921139));
#627 = VECTOR('',#628,1.);
#628 = DIRECTION('',(0.707106781187,-1.568454264853E-16,-0.707106781187)
  );
#629 = ORIENTED_EDGE('',*,*,#630,.T.);
#630 = EDGE_CURVE('',#623,#631,#633,.T.);
#631 = VERTEX_POINT('',#632);
#632 = CARTESIAN_POINT('',(3.837,-0.4,1.551));
#633 = LINE('',#634,#635);
#634 = CARTESIAN_POINT('',(3.175,-0.4,1.551));
#635 = VECTOR('',#636,1.);
#636 = DIRECTION('',(1.,0.,0.));
#637 = ORIENTED_EDGE('',*,*,#638,.T.);
#638 = EDGE_CURVE('',#631,#639,#641,.T.);
#639 = VERTEX_POINT('',#640);
#640 = CARTESIAN_POINT('',(3.837,-0.4,0.1));
#641 = LINE('',#642,#643);
#642 = CARTESIAN_POINT('',(3.837,-0.4,1.651));
#643 = VECTOR('',#644,1.);
#644 = DIRECTION('',(0.,-2.22044604925E-16,-1.));
#645 = ORIENTED_EDGE('',*,*,#646,.T.);
#646 = EDGE_CURVE('',#639,#647,#649,.T.);
#647 = VERTEX_POINT('',#648);
#648 = CARTESIAN_POINT('',(3.275,-0.4,0.1));
#649 = LINE('',#650,#651);
#650 = CARTESIAN_POINT('',(3.937,-0.4,0.1));
#651 = VECTOR('',#652,1.);
#652 = DIRECTION('',(-1.,3.843804179685E-32,1.731095507131E-16));
#653 = ORIENTED_EDGE('',*,*,#654,.T.);
#654 = EDGE_CURVE('',#647,#655,#657,.T.);
#655 = VERTEX_POINT('',#656);
#656 = CARTESIAN_POINT('',(3.075,-0.4,-1.E-01));
#657 = LINE('',#658,#659);
#658 = CARTESIAN_POINT('',(3.13831921139,-0.4,-3.668078861014E-02));
#659 = VECTOR('',#660,1.);
#660 = DIRECTION('',(-0.707106781187,-1.568454264853E-16,-0.707106781187
    ));
#661 = ORIENTED_EDGE('',*,*,#662,.T.);
#662 = EDGE_CURVE('',#655,#663,#665,.T.);
#663 = VERTEX_POINT('',#664);
#664 = CARTESIAN_POINT('',(3.075,-0.4,-1.778));
#665 = LINE('',#666,#667);
#666 = CARTESIAN_POINT('',(3.075,-0.4,2.22044604925E-16));
#667 = VECTOR('',#668,1.);
#668 = DIRECTION('',(0.,-2.22044604925E-16,-1.));
#669 = ORIENTED_EDGE('',*,*,#670,.T.);
#670 = EDGE_CURVE('',#663,#671,#673,.T.);
#671 = VERTEX_POINT('',#672);
#672 = CARTESIAN_POINT('',(2.956678536207,-0.4,-3.075));
#673 = LINE('',#674,#675);
#674 = CARTESIAN_POINT('',(3.075410679353,-0.4,-1.768946425396));
#675 = VECTOR('',#676,1.);
#676 = DIRECTION('',(-9.053574604252E-02,-2.211327135776E-16,
    -0.995893206468));
#677 = ORIENTED_EDGE('',*,*,#678,.T.);
#678 = EDGE_CURVE('',#671,#679,#681,.T.);
#679 = VERTEX_POINT('',#680);
#680 = CARTESIAN_POINT('',(2.123321463793,-0.4,-3.075));
#681 = LINE('',#682,#683);
#682 = CARTESIAN_POINT('',(3.048,-0.4,-3.075));
#683 = VECTOR('',#684,1.);
#684 = DIRECTION('',(-1.,0.,0.));
#685 = ORIENTED_EDGE('',*,*,#686,.F.);
#686 = EDGE_CURVE('',#687,#679,#689,.T.);
#687 = VERTEX_POINT('',#688);
#688 = CARTESIAN_POINT('',(2.005,-0.4,-1.778));
#689 = LINE('',#690,#691);
#690 = CARTESIAN_POINT('',(2.004589320647,-0.4,-1.768946425396));
#691 = VECTOR('',#692,1.);
#692 = DIRECTION('',(9.053574604252E-02,-2.211327135776E-16,
    -0.995893206468));
#693 = ORIENTED_EDGE('',*,*,#694,.F.);
#694 = EDGE_CURVE('',#695,#687,#697,.T.);
#695 = VERTEX_POINT('',#696);
#696 = CARTESIAN_POINT('',(2.005,-0.4,-1.E-01));
#697 = LINE('',#698,#699);
#698 = CARTESIAN_POINT('',(2.005,-0.4,1.110223024625E-16));
#699 = VECTOR('',#700,1.);
#700 = DIRECTION('',(-0.,-2.22044604925E-16,-1.));
#701 = ORIENTED_EDGE('',*,*,#702,.F.);
#702 = EDGE_CURVE('',#703,#695,#705,.T.);
#703 = VERTEX_POINT('',#704);
#704 = CARTESIAN_POINT('',(1.805,-0.4,0.1));
#705 = LINE('',#706,#707);
#706 = CARTESIAN_POINT('',(0.67168078861,-0.4,1.23331921139));
#707 = VECTOR('',#708,1.);
#708 = DIRECTION('',(0.707106781187,-1.568454264853E-16,-0.707106781187)
  );
#709 = ORIENTED_EDGE('',*,*,#710,.T.);
#710 = EDGE_CURVE('',#703,#711,#713,.T.);
#711 = VERTEX_POINT('',#712);
#712 = CARTESIAN_POINT('',(-1.805,-0.4,0.1));
#713 = LINE('',#714,#715);
#714 = CARTESIAN_POINT('',(1.905,-0.4,0.1));
#715 = VECTOR('',#716,1.);
#716 = DIRECTION('',(-1.,0.,0.));
#717 = ORIENTED_EDGE('',*,*,#718,.T.);
#718 = EDGE_CURVE('',#711,#719,#721,.T.);
#719 = VERTEX_POINT('',#720);
#720 = CARTESIAN_POINT('',(-2.005,-0.4,-1.E-01));
#721 = LINE('',#722,#723);
#722 = CARTESIAN_POINT('',(-0.67168078861,-0.4,1.23331921139));
#723 = VECTOR('',#724,1.);
#724 = DIRECTION('',(-0.707106781187,-1.568454264853E-16,-0.707106781187
    ));
#725 = ORIENTED_EDGE('',*,*,#726,.T.);
#726 = EDGE_CURVE('',#719,#727,#729,.T.);
#727 = VERTEX_POINT('',#728);
#728 = CARTESIAN_POINT('',(-2.005,-0.4,-1.778));
#729 = LINE('',#730,#731);
#730 = CARTESIAN_POINT('',(-2.005,-0.4,-2.446832589032E-49));
#731 = VECTOR('',#732,1.);
#732 = DIRECTION('',(0.,-2.22044604925E-16,-1.));
#733 = ORIENTED_EDGE('',*,*,#734,.T.);
#734 = EDGE_CURVE('',#727,#735,#737,.T.);
#735 = VERTEX_POINT('',#736);
#736 = CARTESIAN_POINT('',(-2.123321463793,-0.4,-3.075));
#737 = LINE('',#738,#739);
#738 = CARTESIAN_POINT('',(-2.004589320647,-0.4,-1.768946425396));
#739 = VECTOR('',#740,1.);
#740 = DIRECTION('',(-9.053574604252E-02,-2.211327135776E-16,
    -0.995893206468));
#741 = ORIENTED_EDGE('',*,*,#742,.T.);
#742 = EDGE_CURVE('',#735,#210,#743,.T.);
#743 = LINE('',#744,#745);
#744 = CARTESIAN_POINT('',(-2.032,-0.4,-3.075));
#745 = VECTOR('',#746,1.);
#746 = DIRECTION('',(-1.,0.,0.));
#747 = FACE_BOUND('',#748,.F.);
#748 = EDGE_LOOP('',(#749));
#749 = ORIENTED_EDGE('',*,*,#750,.T.);
#750 = EDGE_CURVE('',#751,#751,#753,.T.);
#751 = VERTEX_POINT('',#752);
#752 = CARTESIAN_POINT('',(0.85,-0.4,6.5));
#753 = CIRCLE('',#754,0.85);
#754 = AXIS2_PLACEMENT_3D('',#755,#756,#757);
#755 = CARTESIAN_POINT('',(0.,-0.4,6.5));
#756 = DIRECTION('',(-1.10195543362E-32,-1.,2.218129293317E-16));
#757 = DIRECTION('',(1.,-1.10195543362E-32,1.14922183275E-31));
#758 = PLANE('',#759);
#759 = AXIS2_PLACEMENT_3D('',#760,#761,#762);
#760 = CARTESIAN_POINT('',(-2.90284510473E-16,-0.4,2.828276845559));
#761 = DIRECTION('',(1.10195543362E-32,1.,-2.218129293317E-16));
#762 = DIRECTION('',(0.,2.218129293317E-16,1.));
#763 = ADVANCED_FACE('',(#764),#775,.T.);
#764 = FACE_BOUND('',#765,.T.);
#765 = EDGE_LOOP('',(#766,#767,#768,#774));
#766 = ORIENTED_EDGE('',*,*,#132,.F.);
#767 = ORIENTED_EDGE('',*,*,#526,.T.);
#768 = ORIENTED_EDGE('',*,*,#769,.T.);
#769 = EDGE_CURVE('',#527,#156,#770,.T.);
#770 = LINE('',#771,#772);
#771 = CARTESIAN_POINT('',(-3.275,-0.325,2.5E-02));
#772 = VECTOR('',#773,1.);
#773 = DIRECTION('',(6.538073133704E-15,0.707106781187,-0.707106781187)
  );
#774 = ORIENTED_EDGE('',*,*,#155,.F.);
#775 = PLANE('',#776);
#776 = AXIS2_PLACEMENT_3D('',#777,#778,#779);
#777 = CARTESIAN_POINT('',(-3.075,-0.4,-0.1));
#778 = DIRECTION('',(-0.57735026919,-0.57735026919,-0.57735026919));
#779 = DIRECTION('',(-0.707106781187,-1.08246744901E-15,0.707106781187)
  );
#780 = ADVANCED_FACE('',(#781),#806,.T.);
#781 = FACE_BOUND('',#782,.T.);
#782 = EDGE_LOOP('',(#783,#784,#792,#800));
#783 = ORIENTED_EDGE('',*,*,#163,.T.);
#784 = ORIENTED_EDGE('',*,*,#785,.T.);
#785 = EDGE_CURVE('',#156,#786,#788,.T.);
#786 = VERTEX_POINT('',#787);
#787 = CARTESIAN_POINT('',(-3.837,-0.3,-2.428612866368E-16));
#788 = LINE('',#789,#790);
#789 = CARTESIAN_POINT('',(-3.175,-0.3,5.130002072399E-17));
#790 = VECTOR('',#791,1.);
#791 = DIRECTION('',(-1.,-1.201604498448E-31,-5.411545571456E-16));
#792 = ORIENTED_EDGE('',*,*,#793,.F.);
#793 = EDGE_CURVE('',#794,#786,#796,.T.);
#794 = VERTEX_POINT('',#795);
#795 = CARTESIAN_POINT('',(-3.837,0.3,-3.312614235196E-16));
#796 = LINE('',#797,#798);
#797 = CARTESIAN_POINT('',(-3.837,0.4,-4.470621588004E-16));
#798 = VECTOR('',#799,1.);
#799 = DIRECTION('',(0.,-1.,2.22044604925E-16));
#800 = ORIENTED_EDGE('',*,*,#801,.F.);
#801 = EDGE_CURVE('',#164,#794,#802,.T.);
#802 = LINE('',#803,#804);
#803 = CARTESIAN_POINT('',(-3.175,0.3,6.891099738986E-18));
#804 = VECTOR('',#805,1.);
#805 = DIRECTION('',(-1.,-1.201604498448E-31,-5.411545571456E-16));
#806 = PLANE('',#807);
#807 = AXIS2_PLACEMENT_3D('',#808,#809,#810);
#808 = CARTESIAN_POINT('',(-3.175,0.4,-8.881784197001E-17));
#809 = DIRECTION('',(5.411545571456E-16,-2.22044604925E-16,-1.));
#810 = DIRECTION('',(-1.,-1.201604498448E-31,-5.411545571456E-16));
#811 = ADVANCED_FACE('',(#812),#822,.F.);
#812 = FACE_BOUND('',#813,.F.);
#813 = EDGE_LOOP('',(#814,#820,#821));
#814 = ORIENTED_EDGE('',*,*,#815,.F.);
#815 = EDGE_CURVE('',#186,#234,#816,.T.);
#816 = LINE('',#817,#818);
#817 = CARTESIAN_POINT('',(-2.952782474022,0.355106920192,
    -3.119893079808));
#818 = VECTOR('',#819,1.);
#819 = DIRECTION('',(6.125129482647E-02,-0.705779101023,-0.705779101023)
  );
#820 = ORIENTED_EDGE('',*,*,#185,.T.);
#821 = ORIENTED_EDGE('',*,*,#250,.F.);
#822 = PLANE('',#823);
#823 = AXIS2_PLACEMENT_3D('',#824,#825,#826);
#824 = CARTESIAN_POINT('',(-2.956678536207,0.4,-3.075));
#825 = DIRECTION('',(0.55765416598,-0.562253395109,0.610649613816));
#826 = DIRECTION('',(-0.738422557227,-2.303712776097E-15,0.674338288234)
  );
#827 = ADVANCED_FACE('',(#828),#838,.T.);
#828 = FACE_BOUND('',#829,.T.);
#829 = EDGE_LOOP('',(#830,#836,#837));
#830 = ORIENTED_EDGE('',*,*,#831,.F.);
#831 = EDGE_CURVE('',#210,#236,#832,.T.);
#832 = LINE('',#833,#834);
#833 = CARTESIAN_POINT('',(-2.952782474022,-0.355106920192,
    -3.119893079808));
#834 = VECTOR('',#835,1.);
#835 = DIRECTION('',(6.125129482647E-02,0.705779101023,-0.705779101023)
  );
#836 = ORIENTED_EDGE('',*,*,#209,.T.);
#837 = ORIENTED_EDGE('',*,*,#243,.F.);
#838 = PLANE('',#839);
#839 = AXIS2_PLACEMENT_3D('',#840,#841,#842);
#840 = CARTESIAN_POINT('',(-2.956678536207,-0.4,-3.075));
#841 = DIRECTION('',(-0.55765416598,-0.562253395109,-0.610649613816));
#842 = DIRECTION('',(-0.738422557227,-1.582067810091E-15,0.674338288234)
  );
#843 = ADVANCED_FACE('',(#844),#869,.T.);
#844 = FACE_BOUND('',#845,.T.);
#845 = EDGE_LOOP('',(#846,#856,#862,#863));
#846 = ORIENTED_EDGE('',*,*,#847,.T.);
#847 = EDGE_CURVE('',#848,#850,#852,.T.);
#848 = VERTEX_POINT('',#849);
#849 = CARTESIAN_POINT('',(-2.132,0.3,-3.175));
#850 = VERTEX_POINT('',#851);
#851 = CARTESIAN_POINT('',(-2.132,-0.3,-3.175));
#852 = LINE('',#853,#854);
#853 = CARTESIAN_POINT('',(-2.132,0.4,-3.175));
#854 = VECTOR('',#855,1.);
#855 = DIRECTION('',(0.,-1.,2.22044604925E-16));
#856 = ORIENTED_EDGE('',*,*,#857,.T.);
#857 = EDGE_CURVE('',#850,#236,#858,.T.);
#858 = LINE('',#859,#860);
#859 = CARTESIAN_POINT('',(-2.032,-0.3,-3.175));
#860 = VECTOR('',#861,1.);
#861 = DIRECTION('',(-1.,0.,0.));
#862 = ORIENTED_EDGE('',*,*,#233,.F.);
#863 = ORIENTED_EDGE('',*,*,#864,.F.);
#864 = EDGE_CURVE('',#848,#234,#865,.T.);
#865 = LINE('',#866,#867);
#866 = CARTESIAN_POINT('',(-2.032,0.3,-3.175));
#867 = VECTOR('',#868,1.);
#868 = DIRECTION('',(-1.,0.,0.));
#869 = PLANE('',#870);
#870 = AXIS2_PLACEMENT_3D('',#871,#872,#873);
#871 = CARTESIAN_POINT('',(-2.032,0.4,-3.175));
#872 = DIRECTION('',(-0.,-2.22044604925E-16,-1.));
#873 = DIRECTION('',(-1.,0.,0.));
#874 = ADVANCED_FACE('',(#875),#886,.T.);
#875 = FACE_BOUND('',#876,.T.);
#876 = EDGE_LOOP('',(#877,#883,#884,#885));
#877 = ORIENTED_EDGE('',*,*,#878,.T.);
#878 = EDGE_CURVE('',#475,#848,#879,.T.);
#879 = LINE('',#880,#881);
#880 = CARTESIAN_POINT('',(-2.12531165165,0.377067701162,-3.097932298838
    ));
#881 = VECTOR('',#882,1.);
#882 = DIRECTION('',(-6.125129482648E-02,-0.705779101023,-0.705779101023
    ));
#883 = ORIENTED_EDGE('',*,*,#864,.T.);
#884 = ORIENTED_EDGE('',*,*,#815,.F.);
#885 = ORIENTED_EDGE('',*,*,#482,.F.);
#886 = PLANE('',#887);
#887 = AXIS2_PLACEMENT_3D('',#888,#889,#890);
#888 = CARTESIAN_POINT('',(-2.032,0.35,-3.125));
#889 = DIRECTION('',(0.,0.707106781187,-0.707106781187));
#890 = DIRECTION('',(-1.,0.,0.));
#891 = ADVANCED_FACE('',(#892),#917,.F.);
#892 = FACE_BOUND('',#893,.T.);
#893 = EDGE_LOOP('',(#894,#902,#910,#916));
#894 = ORIENTED_EDGE('',*,*,#895,.F.);
#895 = EDGE_CURVE('',#896,#467,#898,.T.);
#896 = VERTEX_POINT('',#897);
#897 = CARTESIAN_POINT('',(-1.905,0.3,-1.778));
#898 = LINE('',#899,#900);
#899 = CARTESIAN_POINT('',(-1.955,0.35,-1.778));
#900 = VECTOR('',#901,1.);
#901 = DIRECTION('',(-0.707106781187,0.707106781187,-1.570092458684E-16)
  );
#902 = ORIENTED_EDGE('',*,*,#903,.T.);
#903 = EDGE_CURVE('',#896,#904,#906,.T.);
#904 = VERTEX_POINT('',#905);
#905 = CARTESIAN_POINT('',(-2.022946425396,0.3,-3.075410679353));
#906 = LINE('',#907,#908);
#907 = CARTESIAN_POINT('',(-1.905,0.3,-1.778));
#908 = VECTOR('',#909,1.);
#909 = DIRECTION('',(-9.053574604252E-02,-2.211327135776E-16,
    -0.995893206468));
#910 = ORIENTED_EDGE('',*,*,#911,.F.);
#911 = EDGE_CURVE('',#475,#904,#912,.T.);
#912 = LINE('',#913,#914);
#913 = CARTESIAN_POINT('',(-2.069868851904,0.346747106908,
    -3.075218698637));
#914 = VECTOR('',#915,1.);
#915 = DIRECTION('',(0.708426043649,-0.705779101023,-2.898489047312E-03)
  );
#916 = ORIENTED_EDGE('',*,*,#474,.F.);
#917 = PLANE('',#918);
#918 = AXIS2_PLACEMENT_3D('',#919,#920,#921);
#919 = CARTESIAN_POINT('',(-1.954794660323,0.35,-1.773473212698));
#920 = DIRECTION('',(-0.704202839631,-0.707106781187,6.401843996645E-02)
  );
#921 = DIRECTION('',(9.053574604252E-02,2.151057110211E-16,
    0.995893206468));
#922 = ADVANCED_FACE('',(#923),#941,.T.);
#923 = FACE_BOUND('',#924,.T.);
#924 = EDGE_LOOP('',(#925,#933,#939,#940));
#925 = ORIENTED_EDGE('',*,*,#926,.T.);
#926 = EDGE_CURVE('',#459,#927,#929,.T.);
#927 = VERTEX_POINT('',#928);
#928 = CARTESIAN_POINT('',(-1.905,0.3,-0.1));
#929 = LINE('',#930,#931);
#930 = CARTESIAN_POINT('',(-1.93,0.325,-1.E-01));
#931 = VECTOR('',#932,1.);
#932 = DIRECTION('',(0.707106781187,-0.707106781187,-3.172888432533E-15)
  );
#933 = ORIENTED_EDGE('',*,*,#934,.T.);
#934 = EDGE_CURVE('',#927,#896,#935,.T.);
#935 = LINE('',#936,#937);
#936 = CARTESIAN_POINT('',(-1.905,0.3,2.22044604925E-17));
#937 = VECTOR('',#938,1.);
#938 = DIRECTION('',(0.,-2.22044604925E-16,-1.));
#939 = ORIENTED_EDGE('',*,*,#895,.T.);
#940 = ORIENTED_EDGE('',*,*,#466,.F.);
#941 = PLANE('',#942);
#942 = AXIS2_PLACEMENT_3D('',#943,#944,#945);
#943 = CARTESIAN_POINT('',(-1.955,0.35,1.110223024625E-17));
#944 = DIRECTION('',(0.707106781187,0.707106781187,-1.570081730385E-16)
  );
#945 = DIRECTION('',(7.586052992431E-22,-2.220438463197E-16,-1.));
#946 = ADVANCED_FACE('',(#947),#958,.T.);
#947 = FACE_BOUND('',#948,.T.);
#948 = EDGE_LOOP('',(#949,#950,#951,#957));
#949 = ORIENTED_EDGE('',*,*,#509,.T.);
#950 = ORIENTED_EDGE('',*,*,#801,.T.);
#951 = ORIENTED_EDGE('',*,*,#952,.F.);
#952 = EDGE_CURVE('',#275,#794,#953,.T.);
#953 = LINE('',#954,#955);
#954 = CARTESIAN_POINT('',(-3.837,0.375,7.5E-02));
#955 = VECTOR('',#956,1.);
#956 = DIRECTION('',(-3.845925372767E-16,-0.707106781187,-0.707106781187
    ));
#957 = ORIENTED_EDGE('',*,*,#274,.F.);
#958 = PLANE('',#959);
#959 = AXIS2_PLACEMENT_3D('',#960,#961,#962);
#960 = CARTESIAN_POINT('',(-3.175,0.35,5.E-02));
#961 = DIRECTION('',(3.83412223663E-16,0.707106781187,-0.707106781187));
#962 = DIRECTION('',(-1.,5.361047691328E-19,-5.416906619147E-16));
#963 = ADVANCED_FACE('',(#964),#982,.F.);
#964 = FACE_BOUND('',#965,.F.);
#965 = EDGE_LOOP('',(#966,#974,#975,#976));
#966 = ORIENTED_EDGE('',*,*,#967,.F.);
#967 = EDGE_CURVE('',#451,#968,#970,.T.);
#968 = VERTEX_POINT('',#969);
#969 = CARTESIAN_POINT('',(-1.805,0.3,-3.469446951954E-17));
#970 = LINE('',#971,#972);
#971 = CARTESIAN_POINT('',(-1.805,0.375,7.5E-02));
#972 = VECTOR('',#973,1.);
#973 = DIRECTION('',(8.653332088726E-16,-0.707106781187,-0.707106781187)
  );
#974 = ORIENTED_EDGE('',*,*,#458,.T.);
#975 = ORIENTED_EDGE('',*,*,#926,.T.);
#976 = ORIENTED_EDGE('',*,*,#977,.F.);
#977 = EDGE_CURVE('',#968,#927,#978,.T.);
#978 = LINE('',#979,#980);
#979 = CARTESIAN_POINT('',(-1.805,0.3,6.245004513517E-17));
#980 = VECTOR('',#981,1.);
#981 = DIRECTION('',(-0.707106781187,-1.249925746149E-15,-0.707106781187
    ));
#982 = PLANE('',#983);
#983 = AXIS2_PLACEMENT_3D('',#984,#985,#986);
#984 = CARTESIAN_POINT('',(-1.805,0.4,0.1));
#985 = DIRECTION('',(-0.57735026919,-0.57735026919,0.57735026919));
#986 = DIRECTION('',(-0.707106781187,-2.775557561563E-17,-0.707106781187
    ));
#987 = ADVANCED_FACE('',(#988),#1013,.T.);
#988 = FACE_BOUND('',#989,.T.);
#989 = EDGE_LOOP('',(#990,#998,#1006,#1012));
#990 = ORIENTED_EDGE('',*,*,#991,.T.);
#991 = EDGE_CURVE('',#275,#992,#994,.T.);
#992 = VERTEX_POINT('',#993);
#993 = CARTESIAN_POINT('',(-3.937,0.3,1.E-01));
#994 = LINE('',#995,#996);
#995 = CARTESIAN_POINT('',(-3.862,0.375,1.E-01));
#996 = VECTOR('',#997,1.);
#997 = DIRECTION('',(-0.707106781187,-0.707106781187,1.922962686384E-15)
  );
#998 = ORIENTED_EDGE('',*,*,#999,.T.);
#999 = EDGE_CURVE('',#992,#1000,#1002,.T.);
#1000 = VERTEX_POINT('',#1001);
#1001 = CARTESIAN_POINT('',(-3.937,0.3,1.551));
#1002 = LINE('',#1003,#1004);
#1003 = CARTESIAN_POINT('',(-3.937,0.3,-4.218847493576E-16));
#1004 = VECTOR('',#1005,1.);
#1005 = DIRECTION('',(0.,2.22044604925E-16,1.));
#1006 = ORIENTED_EDGE('',*,*,#1007,.F.);
#1007 = EDGE_CURVE('',#283,#1000,#1008,.T.);
#1008 = LINE('',#1009,#1010);
#1009 = CARTESIAN_POINT('',(-3.862,0.375,1.551));
#1010 = VECTOR('',#1011,1.);
#1011 = DIRECTION('',(-0.707106781187,-0.707106781187,
    -2.019110820703E-15));
#1012 = ORIENTED_EDGE('',*,*,#282,.F.);
#1013 = PLANE('',#1014);
#1014 = AXIS2_PLACEMENT_3D('',#1015,#1016,#1017);
#1015 = CARTESIAN_POINT('',(-3.887,0.35,-4.329869796038E-16));
#1016 = DIRECTION('',(-0.707106781187,0.707106781187,-1.561407245686E-16
    ));
#1017 = DIRECTION('',(6.141373006431E-19,2.214304676244E-16,1.));
#1018 = ADVANCED_FACE('',(#1019),#1037,.T.);
#1019 = FACE_BOUND('',#1020,.T.);
#1020 = EDGE_LOOP('',(#1021,#1029,#1035,#1036));
#1021 = ORIENTED_EDGE('',*,*,#1022,.T.);
#1022 = EDGE_CURVE('',#443,#1023,#1025,.T.);
#1023 = VERTEX_POINT('',#1024);
#1024 = CARTESIAN_POINT('',(1.805,0.3,-9.295054730785E-17));
#1025 = LINE('',#1026,#1027);
#1026 = CARTESIAN_POINT('',(1.805,0.375,7.5E-02));
#1027 = VECTOR('',#1028,1.);
#1028 = DIRECTION('',(-1.442222014788E-15,-0.707106781187,
    -0.707106781187));
#1029 = ORIENTED_EDGE('',*,*,#1030,.T.);
#1030 = EDGE_CURVE('',#1023,#968,#1031,.T.);
#1031 = LINE('',#1032,#1033);
#1032 = CARTESIAN_POINT('',(1.905,0.3,-2.22044604925E-17));
#1033 = VECTOR('',#1034,1.);
#1034 = DIRECTION('',(-1.,0.,0.));
#1035 = ORIENTED_EDGE('',*,*,#967,.F.);
#1036 = ORIENTED_EDGE('',*,*,#450,.F.);
#1037 = PLANE('',#1038);
#1038 = AXIS2_PLACEMENT_3D('',#1039,#1040,#1041);
#1039 = CARTESIAN_POINT('',(1.905,0.35,5.E-02));
#1040 = DIRECTION('',(8.674484698258E-19,0.707106781187,-0.707106781187)
  );
#1041 = DIRECTION('',(-1.,6.133786953437E-19,-6.133786953437E-19));
#1042 = ADVANCED_FACE('',(#1043),#1068,.T.);
#1043 = FACE_BOUND('',#1044,.T.);
#1044 = EDGE_LOOP('',(#1045,#1053,#1061,#1067));
#1045 = ORIENTED_EDGE('',*,*,#1046,.T.);
#1046 = EDGE_CURVE('',#283,#1047,#1049,.T.);
#1047 = VERTEX_POINT('',#1048);
#1048 = CARTESIAN_POINT('',(-3.837,0.3,1.651));
#1049 = LINE('',#1050,#1051);
#1050 = CARTESIAN_POINT('',(-3.837,0.375,1.576));
#1051 = VECTOR('',#1052,1.);
#1052 = DIRECTION('',(2.019110820703E-15,-0.707106781187,0.707106781187)
  );
#1053 = ORIENTED_EDGE('',*,*,#1054,.T.);
#1054 = EDGE_CURVE('',#1047,#1055,#1057,.T.);
#1055 = VERTEX_POINT('',#1056);
#1056 = CARTESIAN_POINT('',(-3.275,0.3,1.651));
#1057 = LINE('',#1058,#1059);
#1058 = CARTESIAN_POINT('',(-3.937,0.3,1.651));
#1059 = VECTOR('',#1060,1.);
#1060 = DIRECTION('',(1.,0.,0.));
#1061 = ORIENTED_EDGE('',*,*,#1062,.F.);
#1062 = EDGE_CURVE('',#291,#1055,#1063,.T.);
#1063 = LINE('',#1064,#1065);
#1064 = CARTESIAN_POINT('',(-3.275,0.375,1.576));
#1065 = VECTOR('',#1066,1.);
#1066 = DIRECTION('',(7.691850745534E-16,-0.707106781187,0.707106781187)
  );
#1067 = ORIENTED_EDGE('',*,*,#290,.F.);
#1068 = PLANE('',#1069);
#1069 = AXIS2_PLACEMENT_3D('',#1070,#1071,#1072);
#1070 = CARTESIAN_POINT('',(-3.937,0.35,1.601));
#1071 = DIRECTION('',(0.,0.707106781187,0.707106781187));
#1072 = DIRECTION('',(1.,0.,0.));
#1073 = ADVANCED_FACE('',(#1074),#1092,.T.);
#1074 = FACE_BOUND('',#1075,.T.);
#1075 = EDGE_LOOP('',(#1076,#1077,#1078,#1086));
#1076 = ORIENTED_EDGE('',*,*,#1022,.F.);
#1077 = ORIENTED_EDGE('',*,*,#442,.T.);
#1078 = ORIENTED_EDGE('',*,*,#1079,.T.);
#1079 = EDGE_CURVE('',#435,#1080,#1082,.T.);
#1080 = VERTEX_POINT('',#1081);
#1081 = CARTESIAN_POINT('',(1.905,0.3,-0.1));
#1082 = LINE('',#1083,#1084);
#1083 = CARTESIAN_POINT('',(1.93,0.325,-0.1));
#1084 = VECTOR('',#1085,1.);
#1085 = DIRECTION('',(-0.707106781187,-0.707106781187,
    -2.403703357979E-15));
#1086 = ORIENTED_EDGE('',*,*,#1087,.F.);
#1087 = EDGE_CURVE('',#1023,#1080,#1088,.T.);
#1088 = LINE('',#1089,#1090);
#1089 = CARTESIAN_POINT('',(1.805,0.3,-1.144917494145E-16));
#1090 = VECTOR('',#1091,1.);
#1091 = DIRECTION('',(0.707106781187,3.845925372767E-16,-0.707106781187)
  );
#1092 = PLANE('',#1093);
#1093 = AXIS2_PLACEMENT_3D('',#1094,#1095,#1096);
#1094 = CARTESIAN_POINT('',(1.805,0.4,0.1));
#1095 = DIRECTION('',(-0.57735026919,0.57735026919,-0.57735026919));
#1096 = DIRECTION('',(0.707106781187,-4.440892098501E-16,-0.707106781187
    ));
#1097 = ADVANCED_FACE('',(#1098),#1116,.F.);
#1098 = FACE_BOUND('',#1099,.F.);
#1099 = EDGE_LOOP('',(#1100,#1101,#1102,#1110));
#1100 = ORIENTED_EDGE('',*,*,#1062,.F.);
#1101 = ORIENTED_EDGE('',*,*,#298,.T.);
#1102 = ORIENTED_EDGE('',*,*,#1103,.T.);
#1103 = EDGE_CURVE('',#299,#1104,#1106,.T.);
#1104 = VERTEX_POINT('',#1105);
#1105 = CARTESIAN_POINT('',(-3.175,0.3,1.751));
#1106 = LINE('',#1107,#1108);
#1107 = CARTESIAN_POINT('',(-3.15,0.325,1.751));
#1108 = VECTOR('',#1109,1.);
#1109 = DIRECTION('',(-0.707106781187,-0.707106781187,
    -1.826814552064E-15));
#1110 = ORIENTED_EDGE('',*,*,#1111,.F.);
#1111 = EDGE_CURVE('',#1055,#1104,#1112,.T.);
#1112 = LINE('',#1113,#1114);
#1113 = CARTESIAN_POINT('',(-3.275,0.3,1.651));
#1114 = VECTOR('',#1115,1.);
#1115 = DIRECTION('',(0.707106781187,1.15377761183E-15,0.707106781187));
#1116 = PLANE('',#1117);
#1117 = AXIS2_PLACEMENT_3D('',#1118,#1119,#1120);
#1118 = CARTESIAN_POINT('',(-3.275,0.4,1.551));
#1119 = DIRECTION('',(0.57735026919,-0.57735026919,-0.57735026919));
#1120 = DIRECTION('',(0.707106781187,-4.163336342344E-16,0.707106781187)
  );
#1121 = ADVANCED_FACE('',(#1122),#1140,.T.);
#1122 = FACE_BOUND('',#1123,.F.);
#1123 = EDGE_LOOP('',(#1124,#1125,#1133,#1139));
#1124 = ORIENTED_EDGE('',*,*,#1079,.T.);
#1125 = ORIENTED_EDGE('',*,*,#1126,.T.);
#1126 = EDGE_CURVE('',#1080,#1127,#1129,.T.);
#1127 = VERTEX_POINT('',#1128);
#1128 = CARTESIAN_POINT('',(1.905,0.3,-1.778));
#1129 = LINE('',#1130,#1131);
#1130 = CARTESIAN_POINT('',(1.905,0.3,-8.881784197001E-17));
#1131 = VECTOR('',#1132,1.);
#1132 = DIRECTION('',(-0.,-2.22044604925E-16,-1.));
#1133 = ORIENTED_EDGE('',*,*,#1134,.T.);
#1134 = EDGE_CURVE('',#1127,#427,#1135,.T.);
#1135 = LINE('',#1136,#1137);
#1136 = CARTESIAN_POINT('',(1.955,0.35,-1.778));
#1137 = VECTOR('',#1138,1.);
#1138 = DIRECTION('',(0.707106781187,0.707106781187,-1.570092458684E-16)
  );
#1139 = ORIENTED_EDGE('',*,*,#434,.F.);
#1140 = PLANE('',#1141);
#1141 = AXIS2_PLACEMENT_3D('',#1142,#1143,#1144);
#1142 = CARTESIAN_POINT('',(1.955,0.35,-9.992007221626E-17));
#1143 = DIRECTION('',(-0.707106781187,0.707106781187,-1.570081730385E-16
    ));
#1144 = DIRECTION('',(7.586052992308E-22,2.220438463197E-16,1.));
#1145 = ADVANCED_FACE('',(#1146),#1164,.T.);
#1146 = FACE_BOUND('',#1147,.T.);
#1147 = EDGE_LOOP('',(#1148,#1149,#1157,#1163));
#1148 = ORIENTED_EDGE('',*,*,#1103,.T.);
#1149 = ORIENTED_EDGE('',*,*,#1150,.T.);
#1150 = EDGE_CURVE('',#1104,#1151,#1153,.T.);
#1151 = VERTEX_POINT('',#1152);
#1152 = CARTESIAN_POINT('',(-3.175,0.3,8.409));
#1153 = LINE('',#1154,#1155);
#1154 = CARTESIAN_POINT('',(-3.175,0.3,1.651));
#1155 = VECTOR('',#1156,1.);
#1156 = DIRECTION('',(-3.885294924323E-16,2.22044604925E-16,1.));
#1157 = ORIENTED_EDGE('',*,*,#1158,.F.);
#1158 = EDGE_CURVE('',#307,#1151,#1159,.T.);
#1159 = LINE('',#1160,#1161);
#1160 = CARTESIAN_POINT('',(-3.1,0.375,8.409));
#1161 = VECTOR('',#1162,1.);
#1162 = DIRECTION('',(-0.707106781187,-0.707106781187,5.924672904491E-15
    ));
#1163 = ORIENTED_EDGE('',*,*,#306,.F.);
#1164 = PLANE('',#1165);
#1165 = AXIS2_PLACEMENT_3D('',#1166,#1167,#1168);
#1166 = CARTESIAN_POINT('',(-3.125,0.35,1.651));
#1167 = DIRECTION('',(-0.707106781187,0.707106781187,-4.08568229288E-16)
  );
#1168 = DIRECTION('',(-3.721438092605E-16,2.056589217533E-16,1.));
#1169 = ADVANCED_FACE('',(#1170),#1188,.F.);
#1170 = FACE_BOUND('',#1171,.F.);
#1171 = EDGE_LOOP('',(#1172,#1173,#1181,#1187));
#1172 = ORIENTED_EDGE('',*,*,#1134,.F.);
#1173 = ORIENTED_EDGE('',*,*,#1174,.T.);
#1174 = EDGE_CURVE('',#1127,#1175,#1177,.T.);
#1175 = VERTEX_POINT('',#1176);
#1176 = CARTESIAN_POINT('',(2.022946425396,0.3,-3.075410679353));
#1177 = LINE('',#1178,#1179);
#1178 = CARTESIAN_POINT('',(1.905,0.3,-1.778));
#1179 = VECTOR('',#1180,1.);
#1180 = DIRECTION('',(9.053574604252E-02,-2.211327135776E-16,
    -0.995893206468));
#1181 = ORIENTED_EDGE('',*,*,#1182,.F.);
#1182 = EDGE_CURVE('',#419,#1175,#1183,.T.);
#1183 = LINE('',#1184,#1185);
#1184 = CARTESIAN_POINT('',(2.069868851904,0.346747106908,
    -3.075218698637));
#1185 = VECTOR('',#1186,1.);
#1186 = DIRECTION('',(-0.708426043649,-0.705779101023,
    -2.898489047314E-03));
#1187 = ORIENTED_EDGE('',*,*,#426,.F.);
#1188 = PLANE('',#1189);
#1189 = AXIS2_PLACEMENT_3D('',#1190,#1191,#1192);
#1190 = CARTESIAN_POINT('',(1.954794660323,0.35,-1.773473212698));
#1191 = DIRECTION('',(0.704202839631,-0.707106781187,6.401843996645E-02)
  );
#1192 = DIRECTION('',(9.053574604252E-02,-2.081668171172E-16,
    -0.995893206468));
#1193 = ADVANCED_FACE('',(#1194),#1212,.F.);
#1194 = FACE_BOUND('',#1195,.F.);
#1195 = EDGE_LOOP('',(#1196,#1197,#1198,#1206));
#1196 = ORIENTED_EDGE('',*,*,#1158,.F.);
#1197 = ORIENTED_EDGE('',*,*,#314,.T.);
#1198 = ORIENTED_EDGE('',*,*,#1199,.T.);
#1199 = EDGE_CURVE('',#315,#1200,#1202,.T.);
#1200 = VERTEX_POINT('',#1201);
#1201 = CARTESIAN_POINT('',(-3.104289321881,0.3,8.579710678119));
#1202 = LINE('',#1203,#1204);
#1203 = CARTESIAN_POINT('',(-3.043933982822,0.385355339059,
    8.519355339059));
#1204 = VECTOR('',#1205,1.);
#1205 = DIRECTION('',(-0.5,-0.707106781187,0.5));
#1206 = ORIENTED_EDGE('',*,*,#1207,.F.);
#1207 = EDGE_CURVE('',#1151,#1200,#1208,.T.);
#1208 = LINE('',#1209,#1210);
#1209 = CARTESIAN_POINT('',(-3.15,0.3,8.469355339059));
#1210 = VECTOR('',#1211,1.);
#1211 = DIRECTION('',(0.382683432365,8.180266232216E-16,0.923879532511)
  );
#1212 = PLANE('',#1213);
#1213 = AXIS2_PLACEMENT_3D('',#1214,#1215,#1216);
#1214 = CARTESIAN_POINT('',(-3.075,0.4,8.409));
#1215 = DIRECTION('',(0.678598344546,-0.678598344546,-0.281084637715));
#1216 = DIRECTION('',(0.382683432365,8.881784197001E-16,0.923879532511)
  );
#1217 = ADVANCED_FACE('',(#1218),#1243,.T.);
#1218 = FACE_BOUND('',#1219,.T.);
#1219 = EDGE_LOOP('',(#1220,#1228,#1236,#1242));
#1220 = ORIENTED_EDGE('',*,*,#1221,.T.);
#1221 = EDGE_CURVE('',#411,#1222,#1224,.T.);
#1222 = VERTEX_POINT('',#1223);
#1223 = CARTESIAN_POINT('',(2.948,0.3,-3.175));
#1224 = LINE('',#1225,#1226);
#1225 = CARTESIAN_POINT('',(2.95468834835,0.377067701162,-3.097932298838
    ));
#1226 = VECTOR('',#1227,1.);
#1227 = DIRECTION('',(-6.125129482648E-02,-0.705779101023,
    -0.705779101023));
#1228 = ORIENTED_EDGE('',*,*,#1229,.T.);
#1229 = EDGE_CURVE('',#1222,#1230,#1232,.T.);
#1230 = VERTEX_POINT('',#1231);
#1231 = CARTESIAN_POINT('',(2.132,0.3,-3.175));
#1232 = LINE('',#1233,#1234);
#1233 = CARTESIAN_POINT('',(3.048,0.3,-3.175));
#1234 = VECTOR('',#1235,1.);
#1235 = DIRECTION('',(-1.,0.,0.));
#1236 = ORIENTED_EDGE('',*,*,#1237,.F.);
#1237 = EDGE_CURVE('',#419,#1230,#1238,.T.);
#1238 = LINE('',#1239,#1240);
#1239 = CARTESIAN_POINT('',(2.127217525978,0.355106920192,
    -3.119893079808));
#1240 = VECTOR('',#1241,1.);
#1241 = DIRECTION('',(6.125129482648E-02,-0.705779101023,-0.705779101023
    ));
#1242 = ORIENTED_EDGE('',*,*,#418,.F.);
#1243 = PLANE('',#1244);
#1244 = AXIS2_PLACEMENT_3D('',#1245,#1246,#1247);
#1245 = CARTESIAN_POINT('',(3.048,0.35,-3.125));
#1246 = DIRECTION('',(0.,0.707106781187,-0.707106781187));
#1247 = DIRECTION('',(-1.,0.,0.));
#1248 = ADVANCED_FACE('',(#1249),#1266,.F.);
#1249 = FACE_BOUND('',#1250,.F.);
#1250 = EDGE_LOOP('',(#1251,#1258,#1264,#1265));
#1251 = ORIENTED_EDGE('',*,*,#1252,.F.);
#1252 = EDGE_CURVE('',#1253,#323,#1255,.T.);
#1253 = VERTEX_POINT('',#1254);
#1254 = CARTESIAN_POINT('',(-2.388289321881,0.3,9.295710678119));
#1255 = B_SPLINE_CURVE_WITH_KNOTS('',1,(#1256,#1257),.UNSPECIFIED.,.F.,
  .F.,(2,2),(0.,1.),.PIECEWISE_BEZIER_KNOTS.);
#1256 = CARTESIAN_POINT('',(-2.388289321881,0.3,9.295710678119));
#1257 = CARTESIAN_POINT('',(-2.317578643763,0.4,9.225));
#1258 = ORIENTED_EDGE('',*,*,#1259,.T.);
#1259 = EDGE_CURVE('',#1253,#1200,#1260,.T.);
#1260 = LINE('',#1261,#1262);
#1261 = CARTESIAN_POINT('',(-2.159,0.3,9.525));
#1262 = VECTOR('',#1263,1.);
#1263 = DIRECTION('',(-0.707106781187,-1.570092458684E-16,
    -0.707106781187));
#1264 = ORIENTED_EDGE('',*,*,#1199,.F.);
#1265 = ORIENTED_EDGE('',*,*,#322,.F.);
#1266 = PLANE('',#1267);
#1267 = AXIS2_PLACEMENT_3D('',#1268,#1269,#1270);
#1268 = CARTESIAN_POINT('',(-2.123644660941,0.35,9.489644660941));
#1269 = DIRECTION('',(0.5,-0.707106781187,-0.5));
#1270 = DIRECTION('',(-0.707106781187,-1.110223024625E-16,
    -0.707106781187));
#1271 = ADVANCED_FACE('',(#1272),#1297,.F.);
#1272 = FACE_BOUND('',#1273,.T.);
#1273 = EDGE_LOOP('',(#1274,#1282,#1290,#1296));
#1274 = ORIENTED_EDGE('',*,*,#1275,.F.);
#1275 = EDGE_CURVE('',#1276,#403,#1278,.T.);
#1276 = VERTEX_POINT('',#1277);
#1277 = CARTESIAN_POINT('',(3.175,0.3,-1.778));
#1278 = LINE('',#1279,#1280);
#1279 = CARTESIAN_POINT('',(3.125,0.35,-1.778));
#1280 = VECTOR('',#1281,1.);
#1281 = DIRECTION('',(-0.707106781187,0.707106781187,-1.570092458684E-16
    ));
#1282 = ORIENTED_EDGE('',*,*,#1283,.T.);
#1283 = EDGE_CURVE('',#1276,#1284,#1286,.T.);
#1284 = VERTEX_POINT('',#1285);
#1285 = CARTESIAN_POINT('',(3.057053574604,0.3,-3.075410679353));
#1286 = LINE('',#1287,#1288);
#1287 = CARTESIAN_POINT('',(3.175,0.3,-1.778));
#1288 = VECTOR('',#1289,1.);
#1289 = DIRECTION('',(-9.053574604252E-02,-2.211327135776E-16,
    -0.995893206468));
#1290 = ORIENTED_EDGE('',*,*,#1291,.F.);
#1291 = EDGE_CURVE('',#411,#1284,#1292,.T.);
#1292 = LINE('',#1293,#1294);
#1293 = CARTESIAN_POINT('',(3.010131148096,0.346747106908,
    -3.075218698637));
#1294 = VECTOR('',#1295,1.);
#1295 = DIRECTION('',(0.708426043649,-0.705779101023,-2.898489047321E-03
    ));
#1296 = ORIENTED_EDGE('',*,*,#410,.F.);
#1297 = PLANE('',#1298);
#1298 = AXIS2_PLACEMENT_3D('',#1299,#1300,#1301);
#1299 = CARTESIAN_POINT('',(3.125205339677,0.35,-1.773473212698));
#1300 = DIRECTION('',(-0.704202839631,-0.707106781187,6.401843996645E-02
    ));
#1301 = DIRECTION('',(9.053574604252E-02,2.081668171172E-16,
    0.995893206468));
#1302 = ADVANCED_FACE('',(#1303),#1326,.T.);
#1303 = FACE_BOUND('',#1304,.T.);
#1304 = EDGE_LOOP('',(#1305,#1315,#1320,#1321));
#1305 = ORIENTED_EDGE('',*,*,#1306,.T.);
#1306 = EDGE_CURVE('',#1307,#1309,#1311,.T.);
#1307 = VERTEX_POINT('',#1308);
#1308 = CARTESIAN_POINT('',(-2.059,1.E-01,9.525));
#1309 = VERTEX_POINT('',#1310);
#1310 = CARTESIAN_POINT('',(2.059,0.1,9.525));
#1311 = LINE('',#1312,#1313);
#1312 = CARTESIAN_POINT('',(-2.159,0.1,9.525));
#1313 = VECTOR('',#1314,1.);
#1314 = DIRECTION('',(1.,0.,0.));
#1315 = ORIENTED_EDGE('',*,*,#1316,.F.);
#1316 = EDGE_CURVE('',#331,#1309,#1317,.T.);
#1317 = B_SPLINE_CURVE_WITH_KNOTS('',1,(#1318,#1319),.UNSPECIFIED.,.F.,
  .F.,(2,2),(0.,1.),.PIECEWISE_BEZIER_KNOTS.);
#1318 = CARTESIAN_POINT('',(2.317578643763,0.4,9.225));
#1319 = CARTESIAN_POINT('',(2.059,0.1,9.525));
#1320 = ORIENTED_EDGE('',*,*,#330,.F.);
#1321 = ORIENTED_EDGE('',*,*,#1322,.F.);
#1322 = EDGE_CURVE('',#1307,#323,#1323,.T.);
#1323 = B_SPLINE_CURVE_WITH_KNOTS('',1,(#1324,#1325),.UNSPECIFIED.,.F.,
  .F.,(2,2),(0.,1.),.PIECEWISE_BEZIER_KNOTS.);
#1324 = CARTESIAN_POINT('',(-2.059,1.E-01,9.525));
#1325 = CARTESIAN_POINT('',(-2.317578643763,0.4,9.225));
#1326 = PLANE('',#1327);
#1327 = AXIS2_PLACEMENT_3D('',#1328,#1329,#1330);
#1328 = CARTESIAN_POINT('',(-2.159,0.25,9.375));
#1329 = DIRECTION('',(0.,0.707106781187,0.707106781187));
#1330 = DIRECTION('',(1.,0.,0.));
#1331 = ADVANCED_FACE('',(#1332),#1350,.T.);
#1332 = FACE_BOUND('',#1333,.T.);
#1333 = EDGE_LOOP('',(#1334,#1342,#1348,#1349));
#1334 = ORIENTED_EDGE('',*,*,#1335,.T.);
#1335 = EDGE_CURVE('',#395,#1336,#1338,.T.);
#1336 = VERTEX_POINT('',#1337);
#1337 = CARTESIAN_POINT('',(3.175,0.3,-1.E-01));
#1338 = LINE('',#1339,#1340);
#1339 = CARTESIAN_POINT('',(3.15,0.325,-1.E-01));
#1340 = VECTOR('',#1341,1.);
#1341 = DIRECTION('',(0.707106781187,-0.707106781187,2.30755522366E-15)
  );
#1342 = ORIENTED_EDGE('',*,*,#1343,.T.);
#1343 = EDGE_CURVE('',#1336,#1276,#1344,.T.);
#1344 = LINE('',#1345,#1346);
#1345 = CARTESIAN_POINT('',(3.175,0.3,2.22044604925E-17));
#1346 = VECTOR('',#1347,1.);
#1347 = DIRECTION('',(0.,-2.22044604925E-16,-1.));
#1348 = ORIENTED_EDGE('',*,*,#1275,.T.);
#1349 = ORIENTED_EDGE('',*,*,#402,.F.);
#1350 = PLANE('',#1351);
#1351 = AXIS2_PLACEMENT_3D('',#1352,#1353,#1354);
#1352 = CARTESIAN_POINT('',(3.125,0.35,1.110223024625E-17));
#1353 = DIRECTION('',(0.707106781187,0.707106781187,-1.570081730385E-16)
  );
#1354 = DIRECTION('',(7.586052993787E-22,-2.220438463197E-16,-1.));
#1355 = ADVANCED_FACE('',(#1356),#1380,.F.);
#1356 = FACE_BOUND('',#1357,.F.);
#1357 = EDGE_LOOP('',(#1358,#1366,#1374,#1379));
#1358 = ORIENTED_EDGE('',*,*,#1359,.T.);
#1359 = EDGE_CURVE('',#339,#1360,#1362,.T.);
#1360 = VERTEX_POINT('',#1361);
#1361 = CARTESIAN_POINT('',(3.104289321881,0.3,8.579710678119));
#1362 = LINE('',#1363,#1364);
#1363 = CARTESIAN_POINT('',(3.051256313292,0.375,8.52667766953));
#1364 = VECTOR('',#1365,1.);
#1365 = DIRECTION('',(0.5,-0.707106781187,0.5));
#1366 = ORIENTED_EDGE('',*,*,#1367,.T.);
#1367 = EDGE_CURVE('',#1360,#1368,#1370,.T.);
#1368 = VERTEX_POINT('',#1369);
#1369 = CARTESIAN_POINT('',(2.388289321881,0.3,9.295710678119));
#1370 = LINE('',#1371,#1372);
#1371 = CARTESIAN_POINT('',(3.175,0.3,8.509));
#1372 = VECTOR('',#1373,1.);
#1373 = DIRECTION('',(-0.707106781187,1.570092458684E-16,0.707106781187)
  );
#1374 = ORIENTED_EDGE('',*,*,#1375,.T.);
#1375 = EDGE_CURVE('',#1368,#331,#1376,.T.);
#1376 = B_SPLINE_CURVE_WITH_KNOTS('',1,(#1377,#1378),.UNSPECIFIED.,.F.,
  .F.,(2,2),(0.,1.),.PIECEWISE_BEZIER_KNOTS.);
#1377 = CARTESIAN_POINT('',(2.388289321881,0.3,9.295710678119));
#1378 = CARTESIAN_POINT('',(2.317578643763,0.4,9.225));
#1379 = ORIENTED_EDGE('',*,*,#338,.F.);
#1380 = PLANE('',#1381);
#1381 = AXIS2_PLACEMENT_3D('',#1382,#1383,#1384);
#1382 = CARTESIAN_POINT('',(3.139644660941,0.35,8.473644660941));
#1383 = DIRECTION('',(-0.5,-0.707106781187,-0.5));
#1384 = DIRECTION('',(-0.707106781187,1.387778780781E-16,0.707106781187)
  );
#1385 = ADVANCED_FACE('',(#1386),#1404,.F.);
#1386 = FACE_BOUND('',#1387,.F.);
#1387 = EDGE_LOOP('',(#1388,#1396,#1397,#1398));
#1388 = ORIENTED_EDGE('',*,*,#1389,.F.);
#1389 = EDGE_CURVE('',#387,#1390,#1392,.T.);
#1390 = VERTEX_POINT('',#1391);
#1391 = CARTESIAN_POINT('',(3.275,0.3,2.24097876191E-16));
#1392 = LINE('',#1393,#1394);
#1393 = CARTESIAN_POINT('',(3.275,0.375,7.5E-02));
#1394 = VECTOR('',#1395,1.);
#1395 = DIRECTION('',(-7.691850745534E-16,-0.707106781187,
    -0.707106781187));
#1396 = ORIENTED_EDGE('',*,*,#394,.T.);
#1397 = ORIENTED_EDGE('',*,*,#1335,.T.);
#1398 = ORIENTED_EDGE('',*,*,#1399,.F.);
#1399 = EDGE_CURVE('',#1390,#1336,#1400,.T.);
#1400 = LINE('',#1401,#1402);
#1401 = CARTESIAN_POINT('',(3.275,0.3,1.734723475977E-17));
#1402 = VECTOR('',#1403,1.);
#1403 = DIRECTION('',(-0.707106781187,9.614813431918E-16,-0.707106781187
    ));
#1404 = PLANE('',#1405);
#1405 = AXIS2_PLACEMENT_3D('',#1406,#1407,#1408);
#1406 = CARTESIAN_POINT('',(3.275,0.4,0.1));
#1407 = DIRECTION('',(-0.57735026919,-0.57735026919,0.57735026919));
#1408 = DIRECTION('',(-0.707106781187,7.49400541622E-16,-0.707106781187)
  );
#1409 = ADVANCED_FACE('',(#1410),#1428,.F.);
#1410 = FACE_BOUND('',#1411,.F.);
#1411 = EDGE_LOOP('',(#1412,#1413,#1414,#1422));
#1412 = ORIENTED_EDGE('',*,*,#1359,.F.);
#1413 = ORIENTED_EDGE('',*,*,#346,.T.);
#1414 = ORIENTED_EDGE('',*,*,#1415,.T.);
#1415 = EDGE_CURVE('',#347,#1416,#1418,.T.);
#1416 = VERTEX_POINT('',#1417);
#1417 = CARTESIAN_POINT('',(3.175,0.3,8.409));
#1418 = LINE('',#1419,#1420);
#1419 = CARTESIAN_POINT('',(3.089644660941,0.385355339059,8.409));
#1420 = VECTOR('',#1421,1.);
#1421 = DIRECTION('',(0.707106781187,-0.707106781187,-8.68952025992E-15)
  );
#1422 = ORIENTED_EDGE('',*,*,#1423,.F.);
#1423 = EDGE_CURVE('',#1360,#1416,#1424,.T.);
#1424 = LINE('',#1425,#1426);
#1425 = CARTESIAN_POINT('',(3.129289321881,0.3,8.519355339059));
#1426 = VECTOR('',#1427,1.);
#1427 = DIRECTION('',(0.382683432365,2.126869220376E-15,-0.923879532511)
  );
#1428 = PLANE('',#1429);
#1429 = AXIS2_PLACEMENT_3D('',#1430,#1431,#1432);
#1430 = CARTESIAN_POINT('',(3.033578643763,0.4,8.509));
#1431 = DIRECTION('',(-0.678598344546,-0.678598344546,-0.281084637715));
#1432 = DIRECTION('',(0.382683432365,-3.330669073875E-16,-0.923879532511
    ));
#1433 = ADVANCED_FACE('',(#1434),#1452,.T.);
#1434 = FACE_BOUND('',#1435,.T.);
#1435 = EDGE_LOOP('',(#1436,#1444,#1450,#1451));
#1436 = ORIENTED_EDGE('',*,*,#1437,.T.);
#1437 = EDGE_CURVE('',#379,#1438,#1440,.T.);
#1438 = VERTEX_POINT('',#1439);
#1439 = CARTESIAN_POINT('',(3.837,0.3,1.064290868153E-16));
#1440 = LINE('',#1441,#1442);
#1441 = CARTESIAN_POINT('',(3.837,0.375,7.5E-02));
#1442 = VECTOR('',#1443,1.);
#1443 = DIRECTION('',(1.922962686384E-16,-0.707106781187,-0.707106781187
    ));
#1444 = ORIENTED_EDGE('',*,*,#1445,.T.);
#1445 = EDGE_CURVE('',#1438,#1390,#1446,.T.);
#1446 = LINE('',#1447,#1448);
#1447 = CARTESIAN_POINT('',(3.937,0.3,8.111859877874E-17));
#1448 = VECTOR('',#1449,1.);
#1449 = DIRECTION('',(-1.,3.843804179685E-32,1.731095507131E-16));
#1450 = ORIENTED_EDGE('',*,*,#1389,.F.);
#1451 = ORIENTED_EDGE('',*,*,#386,.F.);
#1452 = PLANE('',#1453);
#1453 = AXIS2_PLACEMENT_3D('',#1454,#1455,#1456);
#1454 = CARTESIAN_POINT('',(3.937,0.35,5.E-02));
#1455 = DIRECTION('',(-1.205753373058E-16,0.707106781187,-0.707106781187
    ));
#1456 = DIRECTION('',(-1.,1.29513670379E-18,1.718144140093E-16));
#1457 = ADVANCED_FACE('',(#1458),#1476,.T.);
#1458 = FACE_BOUND('',#1459,.T.);
#1459 = EDGE_LOOP('',(#1460,#1461,#1469,#1475));
#1460 = ORIENTED_EDGE('',*,*,#1415,.T.);
#1461 = ORIENTED_EDGE('',*,*,#1462,.T.);
#1462 = EDGE_CURVE('',#1416,#1463,#1465,.T.);
#1463 = VERTEX_POINT('',#1464);
#1464 = CARTESIAN_POINT('',(3.175,0.3,1.751));
#1465 = LINE('',#1466,#1467);
#1466 = CARTESIAN_POINT('',(3.175,0.3,8.509));
#1467 = VECTOR('',#1468,1.);
#1468 = DIRECTION('',(0.,-2.22044604925E-16,-1.));
#1469 = ORIENTED_EDGE('',*,*,#1470,.F.);
#1470 = EDGE_CURVE('',#355,#1463,#1471,.T.);
#1471 = LINE('',#1472,#1473);
#1472 = CARTESIAN_POINT('',(3.1,0.375,1.751));
#1473 = VECTOR('',#1474,1.);
#1474 = DIRECTION('',(0.707106781187,-0.707106781187,1.538370149107E-15)
  );
#1475 = ORIENTED_EDGE('',*,*,#354,.F.);
#1476 = PLANE('',#1477);
#1477 = AXIS2_PLACEMENT_3D('',#1478,#1479,#1480);
#1478 = CARTESIAN_POINT('',(3.125,0.35,8.509));
#1479 = DIRECTION('',(0.707106781187,0.707106781187,-1.578756215083E-16)
  );
#1480 = DIRECTION('',(-6.126200900444E-19,-2.226572250151E-16,-1.));
#1481 = ADVANCED_FACE('',(#1482),#1507,.T.);
#1482 = FACE_BOUND('',#1483,.T.);
#1483 = EDGE_LOOP('',(#1484,#1492,#1500,#1506));
#1484 = ORIENTED_EDGE('',*,*,#1485,.T.);
#1485 = EDGE_CURVE('',#371,#1486,#1488,.T.);
#1486 = VERTEX_POINT('',#1487);
#1487 = CARTESIAN_POINT('',(3.937,0.3,1.551));
#1488 = LINE('',#1489,#1490);
#1489 = CARTESIAN_POINT('',(3.862,0.375,1.551));
#1490 = VECTOR('',#1491,1.);
#1491 = DIRECTION('',(0.707106781187,-0.707106781187,-1.634518283426E-15
    ));
#1492 = ORIENTED_EDGE('',*,*,#1493,.T.);
#1493 = EDGE_CURVE('',#1486,#1494,#1496,.T.);
#1494 = VERTEX_POINT('',#1495);
#1495 = CARTESIAN_POINT('',(3.937,0.3,0.1));
#1496 = LINE('',#1497,#1498);
#1497 = CARTESIAN_POINT('',(3.937,0.3,1.651));
#1498 = VECTOR('',#1499,1.);
#1499 = DIRECTION('',(0.,-2.22044604925E-16,-1.));
#1500 = ORIENTED_EDGE('',*,*,#1501,.F.);
#1501 = EDGE_CURVE('',#379,#1494,#1502,.T.);
#1502 = LINE('',#1503,#1504);
#1503 = CARTESIAN_POINT('',(3.862,0.375,1.E-01));
#1504 = VECTOR('',#1505,1.);
#1505 = DIRECTION('',(0.707106781187,-0.707106781187,2.211407089341E-15)
  );
#1506 = ORIENTED_EDGE('',*,*,#378,.F.);
#1507 = PLANE('',#1508);
#1508 = AXIS2_PLACEMENT_3D('',#1509,#1510,#1511);
#1509 = CARTESIAN_POINT('',(3.887,0.35,1.651));
#1510 = DIRECTION('',(0.707106781187,0.707106781187,-1.570081730385E-16)
  );
#1511 = DIRECTION('',(7.586052993787E-22,-2.220438463197E-16,-1.));
#1512 = ADVANCED_FACE('',(#1513),#1531,.F.);
#1513 = FACE_BOUND('',#1514,.F.);
#1514 = EDGE_LOOP('',(#1515,#1516,#1517,#1525));
#1515 = ORIENTED_EDGE('',*,*,#1470,.F.);
#1516 = ORIENTED_EDGE('',*,*,#362,.T.);
#1517 = ORIENTED_EDGE('',*,*,#1518,.T.);
#1518 = EDGE_CURVE('',#363,#1519,#1521,.T.);
#1519 = VERTEX_POINT('',#1520);
#1520 = CARTESIAN_POINT('',(3.275,0.3,1.651));
#1521 = LINE('',#1522,#1523);
#1522 = CARTESIAN_POINT('',(3.275,0.325,1.626));
#1523 = VECTOR('',#1524,1.);
#1524 = DIRECTION('',(-1.057629477511E-15,-0.707106781187,0.707106781187
    ));
#1525 = ORIENTED_EDGE('',*,*,#1526,.F.);
#1526 = EDGE_CURVE('',#1463,#1519,#1527,.T.);
#1527 = LINE('',#1528,#1529);
#1528 = CARTESIAN_POINT('',(3.175,0.3,1.751));
#1529 = VECTOR('',#1530,1.);
#1530 = DIRECTION('',(0.707106781187,2.30755522366E-15,-0.707106781187)
  );
#1531 = PLANE('',#1532);
#1532 = AXIS2_PLACEMENT_3D('',#1533,#1534,#1535);
#1533 = CARTESIAN_POINT('',(3.075,0.4,1.751));
#1534 = DIRECTION('',(-0.57735026919,-0.57735026919,-0.57735026919));
#1535 = DIRECTION('',(0.707106781187,6.938893903907E-16,-0.707106781187)
  );
#1536 = ADVANCED_FACE('',(#1537),#1555,.T.);
#1537 = FACE_BOUND('',#1538,.T.);
#1538 = EDGE_LOOP('',(#1539,#1540,#1548,#1554));
#1539 = ORIENTED_EDGE('',*,*,#1518,.T.);
#1540 = ORIENTED_EDGE('',*,*,#1541,.T.);
#1541 = EDGE_CURVE('',#1519,#1542,#1544,.T.);
#1542 = VERTEX_POINT('',#1543);
#1543 = CARTESIAN_POINT('',(3.837,0.3,1.651));
#1544 = LINE('',#1545,#1546);
#1545 = CARTESIAN_POINT('',(3.175,0.3,1.651));
#1546 = VECTOR('',#1547,1.);
#1547 = DIRECTION('',(1.,0.,0.));
#1548 = ORIENTED_EDGE('',*,*,#1549,.F.);
#1549 = EDGE_CURVE('',#371,#1542,#1550,.T.);
#1550 = LINE('',#1551,#1552);
#1551 = CARTESIAN_POINT('',(3.837,0.375,1.576));
#1552 = VECTOR('',#1553,1.);
#1553 = DIRECTION('',(-2.403703357979E-15,-0.707106781187,0.707106781187
    ));
#1554 = ORIENTED_EDGE('',*,*,#370,.F.);
#1555 = PLANE('',#1556);
#1556 = AXIS2_PLACEMENT_3D('',#1557,#1558,#1559);
#1557 = CARTESIAN_POINT('',(3.175,0.35,1.601));
#1558 = DIRECTION('',(0.,0.707106781187,0.707106781187));
#1559 = DIRECTION('',(1.,0.,0.));
#1560 = ADVANCED_FACE('',(#1561),#1580,.F.);
#1561 = FACE_BOUND('',#1562,.T.);
#1562 = EDGE_LOOP('',(#1563,#1571,#1578,#1579));
#1563 = ORIENTED_EDGE('',*,*,#1564,.F.);
#1564 = EDGE_CURVE('',#1565,#491,#1567,.T.);
#1565 = VERTEX_POINT('',#1566);
#1566 = CARTESIAN_POINT('',(0.75,0.3,6.5));
#1567 = LINE('',#1568,#1569);
#1568 = CARTESIAN_POINT('',(0.75,0.3,6.5));
#1569 = VECTOR('',#1570,1.);
#1570 = DIRECTION('',(0.707106781187,0.707106781187,-1.568454264853E-16)
  );
#1571 = ORIENTED_EDGE('',*,*,#1572,.T.);
#1572 = EDGE_CURVE('',#1565,#1565,#1573,.T.);
#1573 = CIRCLE('',#1574,0.75);
#1574 = AXIS2_PLACEMENT_3D('',#1575,#1576,#1577);
#1575 = CARTESIAN_POINT('',(-1.10195543362E-33,0.3,6.5));
#1576 = DIRECTION('',(-1.10195543362E-32,-1.,2.218129293317E-16));
#1577 = DIRECTION('',(1.,-1.10195543362E-32,1.14922183275E-31));
#1578 = ORIENTED_EDGE('',*,*,#1564,.T.);
#1579 = ORIENTED_EDGE('',*,*,#490,.F.);
#1580 = CONICAL_SURFACE('',#1581,0.75,0.785398163397);
#1581 = AXIS2_PLACEMENT_3D('',#1582,#1583,#1584);
#1582 = CARTESIAN_POINT('',(-1.10195543362E-33,0.3,6.5));
#1583 = DIRECTION('',(1.10195543362E-32,1.,-2.218129293317E-16));
#1584 = DIRECTION('',(1.,-1.10195543362E-32,1.14922183275E-31));
#1585 = ADVANCED_FACE('',(#1586),#1597,.F.);
#1586 = FACE_BOUND('',#1587,.F.);
#1587 = EDGE_LOOP('',(#1588,#1594,#1595,#1596));
#1588 = ORIENTED_EDGE('',*,*,#1589,.T.);
#1589 = EDGE_CURVE('',#735,#850,#1590,.T.);
#1590 = LINE('',#1591,#1592);
#1591 = CARTESIAN_POINT('',(-2.12531165165,-0.377067701162,
    -3.097932298838));
#1592 = VECTOR('',#1593,1.);
#1593 = DIRECTION('',(-6.125129482647E-02,0.705779101023,-0.705779101023
    ));
#1594 = ORIENTED_EDGE('',*,*,#857,.T.);
#1595 = ORIENTED_EDGE('',*,*,#831,.F.);
#1596 = ORIENTED_EDGE('',*,*,#742,.F.);
#1597 = PLANE('',#1598);
#1598 = AXIS2_PLACEMENT_3D('',#1599,#1600,#1601);
#1599 = CARTESIAN_POINT('',(-2.032,-0.35,-3.125));
#1600 = DIRECTION('',(0.,0.707106781187,0.707106781187));
#1601 = DIRECTION('',(-1.,0.,0.));
#1602 = ADVANCED_FACE('',(#1603),#1628,.T.);
#1603 = FACE_BOUND('',#1604,.F.);
#1604 = EDGE_LOOP('',(#1605,#1613,#1621,#1627));
#1605 = ORIENTED_EDGE('',*,*,#1606,.F.);
#1606 = EDGE_CURVE('',#1607,#727,#1609,.T.);
#1607 = VERTEX_POINT('',#1608);
#1608 = CARTESIAN_POINT('',(-1.905,-0.3,-1.778));
#1609 = LINE('',#1610,#1611);
#1610 = CARTESIAN_POINT('',(-1.955,-0.35,-1.778));
#1611 = VECTOR('',#1612,1.);
#1612 = DIRECTION('',(-0.707106781187,-0.707106781187,1.570092458684E-16
    ));
#1613 = ORIENTED_EDGE('',*,*,#1614,.T.);
#1614 = EDGE_CURVE('',#1607,#1615,#1617,.T.);
#1615 = VERTEX_POINT('',#1616);
#1616 = CARTESIAN_POINT('',(-2.022946425396,-0.3,-3.075410679353));
#1617 = LINE('',#1618,#1619);
#1618 = CARTESIAN_POINT('',(-1.905,-0.3,-1.778));
#1619 = VECTOR('',#1620,1.);
#1620 = DIRECTION('',(-9.053574604252E-02,-2.211327135776E-16,
    -0.995893206468));
#1621 = ORIENTED_EDGE('',*,*,#1622,.F.);
#1622 = EDGE_CURVE('',#735,#1615,#1623,.T.);
#1623 = LINE('',#1624,#1625);
#1624 = CARTESIAN_POINT('',(-2.069868851904,-0.346747106908,
    -3.075218698637));
#1625 = VECTOR('',#1626,1.);
#1626 = DIRECTION('',(0.708426043649,0.705779101023,-2.898489047312E-03)
  );
#1627 = ORIENTED_EDGE('',*,*,#734,.F.);
#1628 = PLANE('',#1629);
#1629 = AXIS2_PLACEMENT_3D('',#1630,#1631,#1632);
#1630 = CARTESIAN_POINT('',(-1.954794660323,-0.35,-1.773473212698));
#1631 = DIRECTION('',(0.704202839631,-0.707106781187,-6.401843996645E-02
    ));
#1632 = DIRECTION('',(9.053574604252E-02,2.22044604925E-16,
    0.995893206468));
#1633 = ADVANCED_FACE('',(#1634),#1652,.F.);
#1634 = FACE_BOUND('',#1635,.F.);
#1635 = EDGE_LOOP('',(#1636,#1644,#1650,#1651));
#1636 = ORIENTED_EDGE('',*,*,#1637,.T.);
#1637 = EDGE_CURVE('',#719,#1638,#1640,.T.);
#1638 = VERTEX_POINT('',#1639);
#1639 = CARTESIAN_POINT('',(-1.905,-0.3,-1.E-01));
#1640 = LINE('',#1641,#1642);
#1641 = CARTESIAN_POINT('',(-1.93,-0.325,-1.E-01));
#1642 = VECTOR('',#1643,1.);
#1643 = DIRECTION('',(0.707106781187,0.707106781187,-4.71125858164E-15)
  );
#1644 = ORIENTED_EDGE('',*,*,#1645,.T.);
#1645 = EDGE_CURVE('',#1638,#1607,#1646,.T.);
#1646 = LINE('',#1647,#1648);
#1647 = CARTESIAN_POINT('',(-1.905,-0.3,-2.22044604925E-17));
#1648 = VECTOR('',#1649,1.);
#1649 = DIRECTION('',(0.,-2.22044604925E-16,-1.));
#1650 = ORIENTED_EDGE('',*,*,#1606,.T.);
#1651 = ORIENTED_EDGE('',*,*,#726,.F.);
#1652 = PLANE('',#1653);
#1653 = AXIS2_PLACEMENT_3D('',#1654,#1655,#1656);
#1654 = CARTESIAN_POINT('',(-1.955,-0.35,-1.110223024625E-17));
#1655 = DIRECTION('',(-0.707106781187,0.707106781187,-1.570081730385E-16
    ));
#1656 = DIRECTION('',(-7.586052992431E-22,-2.220438463197E-16,-1.));
#1657 = ADVANCED_FACE('',(#1658),#1669,.F.);
#1658 = FACE_BOUND('',#1659,.F.);
#1659 = EDGE_LOOP('',(#1660,#1661,#1662,#1668));
#1660 = ORIENTED_EDGE('',*,*,#769,.T.);
#1661 = ORIENTED_EDGE('',*,*,#785,.T.);
#1662 = ORIENTED_EDGE('',*,*,#1663,.F.);
#1663 = EDGE_CURVE('',#535,#786,#1664,.T.);
#1664 = LINE('',#1665,#1666);
#1665 = CARTESIAN_POINT('',(-3.837,-0.375,7.5E-02));
#1666 = VECTOR('',#1667,1.);
#1667 = DIRECTION('',(0.,0.707106781187,-0.707106781187));
#1668 = ORIENTED_EDGE('',*,*,#534,.F.);
#1669 = PLANE('',#1670);
#1670 = AXIS2_PLACEMENT_3D('',#1671,#1672,#1673);
#1671 = CARTESIAN_POINT('',(-3.175,-0.35,5.E-02));
#1672 = DIRECTION('',(-3.825447751932E-16,0.707106781187,0.707106781187)
  );
#1673 = DIRECTION('',(-1.,7.727392621066E-20,-5.410772832194E-16));
#1674 = ADVANCED_FACE('',(#1675),#1693,.T.);
#1675 = FACE_BOUND('',#1676,.T.);
#1676 = EDGE_LOOP('',(#1677,#1685,#1686,#1687));
#1677 = ORIENTED_EDGE('',*,*,#1678,.F.);
#1678 = EDGE_CURVE('',#711,#1679,#1681,.T.);
#1679 = VERTEX_POINT('',#1680);
#1680 = CARTESIAN_POINT('',(-1.805,-0.3,6.801545774917E-17));
#1681 = LINE('',#1682,#1683);
#1682 = CARTESIAN_POINT('',(-1.805,-0.375,7.5E-02));
#1683 = VECTOR('',#1684,1.);
#1684 = DIRECTION('',(1.538370149107E-15,0.707106781187,-0.707106781187)
  );
#1685 = ORIENTED_EDGE('',*,*,#718,.T.);
#1686 = ORIENTED_EDGE('',*,*,#1637,.T.);
#1687 = ORIENTED_EDGE('',*,*,#1688,.F.);
#1688 = EDGE_CURVE('',#1679,#1638,#1689,.T.);
#1689 = LINE('',#1690,#1691);
#1690 = CARTESIAN_POINT('',(-1.805,-0.3,-3.0184188482E-16));
#1691 = VECTOR('',#1692,1.);
#1692 = DIRECTION('',(-0.707106781187,1.346073880468E-15,-0.707106781187
    ));
#1693 = PLANE('',#1694);
#1694 = AXIS2_PLACEMENT_3D('',#1695,#1696,#1697);
#1695 = CARTESIAN_POINT('',(-1.805,-0.4,0.1));
#1696 = DIRECTION('',(0.57735026919,-0.57735026919,-0.57735026919));
#1697 = DIRECTION('',(-0.707106781187,0.,-0.707106781187));
#1698 = ADVANCED_FACE('',(#1699),#1724,.F.);
#1699 = FACE_BOUND('',#1700,.F.);
#1700 = EDGE_LOOP('',(#1701,#1709,#1717,#1723));
#1701 = ORIENTED_EDGE('',*,*,#1702,.T.);
#1702 = EDGE_CURVE('',#535,#1703,#1705,.T.);
#1703 = VERTEX_POINT('',#1704);
#1704 = CARTESIAN_POINT('',(-3.937,-0.3,1.E-01));
#1705 = LINE('',#1706,#1707);
#1706 = CARTESIAN_POINT('',(-3.862,-0.375,1.E-01));
#1707 = VECTOR('',#1708,1.);
#1708 = DIRECTION('',(-0.707106781187,0.707106781187,1.346073880468E-15)
  );
#1709 = ORIENTED_EDGE('',*,*,#1710,.T.);
#1710 = EDGE_CURVE('',#1703,#1711,#1713,.T.);
#1711 = VERTEX_POINT('',#1712);
#1712 = CARTESIAN_POINT('',(-3.937,-0.3,1.551));
#1713 = LINE('',#1714,#1715);
#1714 = CARTESIAN_POINT('',(-3.937,-0.3,-2.442490654175E-16));
#1715 = VECTOR('',#1716,1.);
#1716 = DIRECTION('',(0.,2.22044604925E-16,1.));
#1717 = ORIENTED_EDGE('',*,*,#1718,.F.);
#1718 = EDGE_CURVE('',#543,#1711,#1719,.T.);
#1719 = LINE('',#1720,#1721);
#1720 = CARTESIAN_POINT('',(-3.862,-0.375,1.551));
#1721 = VECTOR('',#1722,1.);
#1722 = DIRECTION('',(-0.707106781187,0.707106781187,-2.019110820703E-15
    ));
#1723 = ORIENTED_EDGE('',*,*,#542,.F.);
#1724 = PLANE('',#1725);
#1725 = AXIS2_PLACEMENT_3D('',#1726,#1727,#1728);
#1726 = CARTESIAN_POINT('',(-3.887,-0.35,-2.331468351713E-16));
#1727 = DIRECTION('',(0.707106781187,0.707106781187,-1.578756215083E-16)
  );
#1728 = DIRECTION('',(6.126200900444E-19,2.226572250151E-16,1.));
#1729 = ADVANCED_FACE('',(#1730),#1748,.F.);
#1730 = FACE_BOUND('',#1731,.F.);
#1731 = EDGE_LOOP('',(#1732,#1740,#1746,#1747));
#1732 = ORIENTED_EDGE('',*,*,#1733,.T.);
#1733 = EDGE_CURVE('',#703,#1734,#1736,.T.);
#1734 = VERTEX_POINT('',#1735);
#1735 = CARTESIAN_POINT('',(1.805,-0.3,8.786441194342E-18));
#1736 = LINE('',#1737,#1738);
#1737 = CARTESIAN_POINT('',(1.805,-0.375,7.5E-02));
#1738 = VECTOR('',#1739,1.);
#1739 = DIRECTION('',(-2.019110820703E-15,0.707106781187,-0.707106781187
    ));
#1740 = ORIENTED_EDGE('',*,*,#1741,.T.);
#1741 = EDGE_CURVE('',#1734,#1679,#1742,.T.);
#1742 = LINE('',#1743,#1744);
#1743 = CARTESIAN_POINT('',(1.905,-0.3,2.22044604925E-17));
#1744 = VECTOR('',#1745,1.);
#1745 = DIRECTION('',(-1.,0.,0.));
#1746 = ORIENTED_EDGE('',*,*,#1678,.F.);
#1747 = ORIENTED_EDGE('',*,*,#710,.F.);
#1748 = PLANE('',#1749);
#1749 = AXIS2_PLACEMENT_3D('',#1750,#1751,#1752);
#1750 = CARTESIAN_POINT('',(1.905,-0.35,5.E-02));
#1751 = DIRECTION('',(8.674484698258E-19,0.707106781187,0.707106781187)
  );
#1752 = DIRECTION('',(-1.,6.133786953437E-19,6.133786953437E-19));
#1753 = ADVANCED_FACE('',(#1754),#1779,.F.);
#1754 = FACE_BOUND('',#1755,.F.);
#1755 = EDGE_LOOP('',(#1756,#1764,#1772,#1778));
#1756 = ORIENTED_EDGE('',*,*,#1757,.T.);
#1757 = EDGE_CURVE('',#543,#1758,#1760,.T.);
#1758 = VERTEX_POINT('',#1759);
#1759 = CARTESIAN_POINT('',(-3.837,-0.3,1.651));
#1760 = LINE('',#1761,#1762);
#1761 = CARTESIAN_POINT('',(-3.837,-0.375,1.576));
#1762 = VECTOR('',#1763,1.);
#1763 = DIRECTION('',(2.788295895256E-15,0.707106781187,0.707106781187)
  );
#1764 = ORIENTED_EDGE('',*,*,#1765,.T.);
#1765 = EDGE_CURVE('',#1758,#1766,#1768,.T.);
#1766 = VERTEX_POINT('',#1767);
#1767 = CARTESIAN_POINT('',(-3.275,-0.3,1.651));
#1768 = LINE('',#1769,#1770);
#1769 = CARTESIAN_POINT('',(-3.937,-0.3,1.651));
#1770 = VECTOR('',#1771,1.);
#1771 = DIRECTION('',(1.,0.,0.));
#1772 = ORIENTED_EDGE('',*,*,#1773,.F.);
#1773 = EDGE_CURVE('',#551,#1766,#1774,.T.);
#1774 = LINE('',#1775,#1776);
#1775 = CARTESIAN_POINT('',(-3.275,-0.375,1.576));
#1776 = VECTOR('',#1777,1.);
#1777 = DIRECTION('',(1.922962686384E-15,0.707106781187,0.707106781187)
  );
#1778 = ORIENTED_EDGE('',*,*,#550,.F.);
#1779 = PLANE('',#1780);
#1780 = AXIS2_PLACEMENT_3D('',#1781,#1782,#1783);
#1781 = CARTESIAN_POINT('',(-3.937,-0.35,1.601));
#1782 = DIRECTION('',(-8.674484698258E-19,0.707106781187,-0.707106781187
    ));
#1783 = DIRECTION('',(1.,6.133786953437E-19,-6.133786953437E-19));
#1784 = ADVANCED_FACE('',(#1785),#1803,.F.);
#1785 = FACE_BOUND('',#1786,.F.);
#1786 = EDGE_LOOP('',(#1787,#1788,#1789,#1797));
#1787 = ORIENTED_EDGE('',*,*,#1733,.F.);
#1788 = ORIENTED_EDGE('',*,*,#702,.T.);
#1789 = ORIENTED_EDGE('',*,*,#1790,.T.);
#1790 = EDGE_CURVE('',#695,#1791,#1793,.T.);
#1791 = VERTEX_POINT('',#1792);
#1792 = CARTESIAN_POINT('',(1.905,-0.3,-0.1));
#1793 = LINE('',#1794,#1795);
#1794 = CARTESIAN_POINT('',(1.93,-0.325,-1.E-01));
#1795 = VECTOR('',#1796,1.);
#1796 = DIRECTION('',(-0.707106781187,0.707106781187,-2.595999626618E-15
    ));
#1797 = ORIENTED_EDGE('',*,*,#1798,.F.);
#1798 = EDGE_CURVE('',#1734,#1791,#1799,.T.);
#1799 = LINE('',#1800,#1801);
#1800 = CARTESIAN_POINT('',(1.805,-0.3,1.908195823574E-16));
#1801 = VECTOR('',#1802,1.);
#1802 = DIRECTION('',(0.707106781187,-1.15377761183E-15,-0.707106781187)
  );
#1803 = PLANE('',#1804);
#1804 = AXIS2_PLACEMENT_3D('',#1805,#1806,#1807);
#1805 = CARTESIAN_POINT('',(1.805,-0.4,0.1));
#1806 = DIRECTION('',(0.57735026919,0.57735026919,0.57735026919));
#1807 = DIRECTION('',(0.707106781187,-6.661338147751E-16,-0.707106781187
    ));
#1808 = ADVANCED_FACE('',(#1809),#1827,.T.);
#1809 = FACE_BOUND('',#1810,.T.);
#1810 = EDGE_LOOP('',(#1811,#1812,#1813,#1821));
#1811 = ORIENTED_EDGE('',*,*,#1773,.F.);
#1812 = ORIENTED_EDGE('',*,*,#558,.T.);
#1813 = ORIENTED_EDGE('',*,*,#1814,.T.);
#1814 = EDGE_CURVE('',#559,#1815,#1817,.T.);
#1815 = VERTEX_POINT('',#1816);
#1816 = CARTESIAN_POINT('',(-3.175,-0.3,1.751));
#1817 = LINE('',#1818,#1819);
#1818 = CARTESIAN_POINT('',(-3.15,-0.325,1.751));
#1819 = VECTOR('',#1820,1.);
#1820 = DIRECTION('',(-0.707106781187,0.707106781187,-4.71125858164E-15)
  );
#1821 = ORIENTED_EDGE('',*,*,#1822,.F.);
#1822 = EDGE_CURVE('',#1766,#1815,#1823,.T.);
#1823 = LINE('',#1824,#1825);
#1824 = CARTESIAN_POINT('',(-3.275,-0.3,1.651));
#1825 = VECTOR('',#1826,1.);
#1826 = DIRECTION('',(0.707106781187,-2.499851492299E-15,0.707106781187)
  );
#1827 = PLANE('',#1828);
#1828 = AXIS2_PLACEMENT_3D('',#1829,#1830,#1831);
#1829 = CARTESIAN_POINT('',(-3.275,-0.4,1.551));
#1830 = DIRECTION('',(-0.57735026919,-0.57735026919,0.57735026919));
#1831 = DIRECTION('',(0.707106781187,-8.049116928532E-16,0.707106781187)
  );
#1832 = ADVANCED_FACE('',(#1833),#1851,.F.);
#1833 = FACE_BOUND('',#1834,.T.);
#1834 = EDGE_LOOP('',(#1835,#1836,#1844,#1850));
#1835 = ORIENTED_EDGE('',*,*,#1790,.T.);
#1836 = ORIENTED_EDGE('',*,*,#1837,.T.);
#1837 = EDGE_CURVE('',#1791,#1838,#1840,.T.);
#1838 = VERTEX_POINT('',#1839);
#1839 = CARTESIAN_POINT('',(1.905,-0.3,-1.778));
#1840 = LINE('',#1841,#1842);
#1841 = CARTESIAN_POINT('',(1.905,-0.3,8.881784197001E-17));
#1842 = VECTOR('',#1843,1.);
#1843 = DIRECTION('',(-0.,-2.22044604925E-16,-1.));
#1844 = ORIENTED_EDGE('',*,*,#1845,.T.);
#1845 = EDGE_CURVE('',#1838,#687,#1846,.T.);
#1846 = LINE('',#1847,#1848);
#1847 = CARTESIAN_POINT('',(1.955,-0.35,-1.778));
#1848 = VECTOR('',#1849,1.);
#1849 = DIRECTION('',(0.707106781187,-0.707106781187,1.570092458684E-16)
  );
#1850 = ORIENTED_EDGE('',*,*,#694,.F.);
#1851 = PLANE('',#1852);
#1852 = AXIS2_PLACEMENT_3D('',#1853,#1854,#1855);
#1853 = CARTESIAN_POINT('',(1.955,-0.35,9.992007221626E-17));
#1854 = DIRECTION('',(0.707106781187,0.707106781187,-1.570081730385E-16)
  );
#1855 = DIRECTION('',(-7.586052992431E-22,2.220438463197E-16,1.));
#1856 = ADVANCED_FACE('',(#1857),#1875,.F.);
#1857 = FACE_BOUND('',#1858,.F.);
#1858 = EDGE_LOOP('',(#1859,#1860,#1868,#1874));
#1859 = ORIENTED_EDGE('',*,*,#1814,.T.);
#1860 = ORIENTED_EDGE('',*,*,#1861,.T.);
#1861 = EDGE_CURVE('',#1815,#1862,#1864,.T.);
#1862 = VERTEX_POINT('',#1863);
#1863 = CARTESIAN_POINT('',(-3.175,-0.3,8.409));
#1864 = LINE('',#1865,#1866);
#1865 = CARTESIAN_POINT('',(-3.175,-0.3,1.651));
#1866 = VECTOR('',#1867,1.);
#1867 = DIRECTION('',(-3.885294924323E-16,2.22044604925E-16,1.));
#1868 = ORIENTED_EDGE('',*,*,#1869,.F.);
#1869 = EDGE_CURVE('',#567,#1862,#1870,.T.);
#1870 = LINE('',#1871,#1872);
#1871 = CARTESIAN_POINT('',(-3.1,-0.375,8.409));
#1872 = VECTOR('',#1873,1.);
#1873 = DIRECTION('',(-0.707106781187,0.707106781187,1.777401871347E-15)
  );
#1874 = ORIENTED_EDGE('',*,*,#566,.F.);
#1875 = PLANE('',#1876);
#1876 = AXIS2_PLACEMENT_3D('',#1877,#1878,#1879);
#1877 = CARTESIAN_POINT('',(-3.125,-0.35,1.651));
#1878 = DIRECTION('',(0.707106781187,0.707106781187,9.455188321102E-17)
  );
#1879 = DIRECTION('',(-3.721453264711E-16,2.384287708862E-16,1.));
#1880 = ADVANCED_FACE('',(#1881),#1899,.T.);
#1881 = FACE_BOUND('',#1882,.T.);
#1882 = EDGE_LOOP('',(#1883,#1884,#1892,#1898));
#1883 = ORIENTED_EDGE('',*,*,#1845,.F.);
#1884 = ORIENTED_EDGE('',*,*,#1885,.T.);
#1885 = EDGE_CURVE('',#1838,#1886,#1888,.T.);
#1886 = VERTEX_POINT('',#1887);
#1887 = CARTESIAN_POINT('',(2.022946425396,-0.3,-3.075410679353));
#1888 = LINE('',#1889,#1890);
#1889 = CARTESIAN_POINT('',(1.905,-0.3,-1.778));
#1890 = VECTOR('',#1891,1.);
#1891 = DIRECTION('',(9.053574604252E-02,-2.211327135776E-16,
    -0.995893206468));
#1892 = ORIENTED_EDGE('',*,*,#1893,.F.);
#1893 = EDGE_CURVE('',#679,#1886,#1894,.T.);
#1894 = LINE('',#1895,#1896);
#1895 = CARTESIAN_POINT('',(2.069868851904,-0.346747106908,
    -3.075218698637));
#1896 = VECTOR('',#1897,1.);
#1897 = DIRECTION('',(-0.708426043649,0.705779101023,-2.898489047318E-03
    ));
#1898 = ORIENTED_EDGE('',*,*,#686,.F.);
#1899 = PLANE('',#1900);
#1900 = AXIS2_PLACEMENT_3D('',#1901,#1902,#1903);
#1901 = CARTESIAN_POINT('',(1.954794660323,-0.35,-1.773473212698));
#1902 = DIRECTION('',(-0.704202839631,-0.707106781187,
    -6.401843996645E-02));
#1903 = DIRECTION('',(9.053574604252E-02,-2.359223927328E-16,
    -0.995893206468));
#1904 = ADVANCED_FACE('',(#1905),#1923,.T.);
#1905 = FACE_BOUND('',#1906,.T.);
#1906 = EDGE_LOOP('',(#1907,#1908,#1909,#1917));
#1907 = ORIENTED_EDGE('',*,*,#1869,.F.);
#1908 = ORIENTED_EDGE('',*,*,#574,.T.);
#1909 = ORIENTED_EDGE('',*,*,#1910,.T.);
#1910 = EDGE_CURVE('',#575,#1911,#1913,.T.);
#1911 = VERTEX_POINT('',#1912);
#1912 = CARTESIAN_POINT('',(-3.104289321881,-0.3,8.579710678119));
#1913 = LINE('',#1914,#1915);
#1914 = CARTESIAN_POINT('',(-3.043933982822,-0.385355339059,
    8.519355339059));
#1915 = VECTOR('',#1916,1.);
#1916 = DIRECTION('',(-0.5,0.707106781187,0.5));
#1917 = ORIENTED_EDGE('',*,*,#1918,.F.);
#1918 = EDGE_CURVE('',#1862,#1911,#1919,.T.);
#1919 = LINE('',#1920,#1921);
#1920 = CARTESIAN_POINT('',(-3.15,-0.3,8.469355339059));
#1921 = VECTOR('',#1922,1.);
#1922 = DIRECTION('',(0.382683432365,-2.29047454502E-15,0.923879532511)
  );
#1923 = PLANE('',#1924);
#1924 = AXIS2_PLACEMENT_3D('',#1925,#1926,#1927);
#1925 = CARTESIAN_POINT('',(-3.075,-0.4,8.409));
#1926 = DIRECTION('',(-0.678598344546,-0.678598344546,0.281084637715));
#1927 = DIRECTION('',(0.382683432365,0.,0.923879532511));
#1928 = ADVANCED_FACE('',(#1929),#1954,.F.);
#1929 = FACE_BOUND('',#1930,.F.);
#1930 = EDGE_LOOP('',(#1931,#1939,#1947,#1953));
#1931 = ORIENTED_EDGE('',*,*,#1932,.T.);
#1932 = EDGE_CURVE('',#671,#1933,#1935,.T.);
#1933 = VERTEX_POINT('',#1934);
#1934 = CARTESIAN_POINT('',(2.948,-0.3,-3.175));
#1935 = LINE('',#1936,#1937);
#1936 = CARTESIAN_POINT('',(2.95468834835,-0.377067701162,
    -3.097932298838));
#1937 = VECTOR('',#1938,1.);
#1938 = DIRECTION('',(-6.125129482647E-02,0.705779101023,-0.705779101023
    ));
#1939 = ORIENTED_EDGE('',*,*,#1940,.T.);
#1940 = EDGE_CURVE('',#1933,#1941,#1943,.T.);
#1941 = VERTEX_POINT('',#1942);
#1942 = CARTESIAN_POINT('',(2.132,-0.3,-3.175));
#1943 = LINE('',#1944,#1945);
#1944 = CARTESIAN_POINT('',(3.048,-0.3,-3.175));
#1945 = VECTOR('',#1946,1.);
#1946 = DIRECTION('',(-1.,0.,0.));
#1947 = ORIENTED_EDGE('',*,*,#1948,.F.);
#1948 = EDGE_CURVE('',#679,#1941,#1949,.T.);
#1949 = LINE('',#1950,#1951);
#1950 = CARTESIAN_POINT('',(2.127217525978,-0.355106920192,
    -3.119893079808));
#1951 = VECTOR('',#1952,1.);
#1952 = DIRECTION('',(6.125129482647E-02,0.705779101023,-0.705779101023)
  );
#1953 = ORIENTED_EDGE('',*,*,#678,.F.);
#1954 = PLANE('',#1955);
#1955 = AXIS2_PLACEMENT_3D('',#1956,#1957,#1958);
#1956 = CARTESIAN_POINT('',(3.048,-0.35,-3.125));
#1957 = DIRECTION('',(0.,0.707106781187,0.707106781187));
#1958 = DIRECTION('',(-1.,0.,0.));
#1959 = ADVANCED_FACE('',(#1960),#1977,.T.);
#1960 = FACE_BOUND('',#1961,.T.);
#1961 = EDGE_LOOP('',(#1962,#1969,#1975,#1976));
#1962 = ORIENTED_EDGE('',*,*,#1963,.F.);
#1963 = EDGE_CURVE('',#1964,#583,#1966,.T.);
#1964 = VERTEX_POINT('',#1965);
#1965 = CARTESIAN_POINT('',(-2.388289321881,-0.3,9.295710678119));
#1966 = B_SPLINE_CURVE_WITH_KNOTS('',1,(#1967,#1968),.UNSPECIFIED.,.F.,
  .F.,(2,2),(0.,1.),.PIECEWISE_BEZIER_KNOTS.);
#1967 = CARTESIAN_POINT('',(-2.388289321881,-0.3,9.295710678119));
#1968 = CARTESIAN_POINT('',(-2.317578643763,-0.4,9.225));
#1969 = ORIENTED_EDGE('',*,*,#1970,.T.);
#1970 = EDGE_CURVE('',#1964,#1911,#1971,.T.);
#1971 = LINE('',#1972,#1973);
#1972 = CARTESIAN_POINT('',(-2.159,-0.3,9.525));
#1973 = VECTOR('',#1974,1.);
#1974 = DIRECTION('',(-0.707106781187,-1.570092458684E-16,
    -0.707106781187));
#1975 = ORIENTED_EDGE('',*,*,#1910,.F.);
#1976 = ORIENTED_EDGE('',*,*,#582,.F.);
#1977 = PLANE('',#1978);
#1978 = AXIS2_PLACEMENT_3D('',#1979,#1980,#1981);
#1979 = CARTESIAN_POINT('',(-2.123644660941,-0.35,9.489644660941));
#1980 = DIRECTION('',(-0.5,-0.707106781187,0.5));
#1981 = DIRECTION('',(-0.707106781187,-1.942890293094E-16,
    -0.707106781187));
#1982 = ADVANCED_FACE('',(#1983),#2008,.T.);
#1983 = FACE_BOUND('',#1984,.F.);
#1984 = EDGE_LOOP('',(#1985,#1993,#2001,#2007));
#1985 = ORIENTED_EDGE('',*,*,#1986,.F.);
#1986 = EDGE_CURVE('',#1987,#663,#1989,.T.);
#1987 = VERTEX_POINT('',#1988);
#1988 = CARTESIAN_POINT('',(3.175,-0.3,-1.778));
#1989 = LINE('',#1990,#1991);
#1990 = CARTESIAN_POINT('',(3.125,-0.35,-1.778));
#1991 = VECTOR('',#1992,1.);
#1992 = DIRECTION('',(-0.707106781187,-0.707106781187,1.570092458684E-16
    ));
#1993 = ORIENTED_EDGE('',*,*,#1994,.T.);
#1994 = EDGE_CURVE('',#1987,#1995,#1997,.T.);
#1995 = VERTEX_POINT('',#1996);
#1996 = CARTESIAN_POINT('',(3.057053574604,-0.3,-3.075410679353));
#1997 = LINE('',#1998,#1999);
#1998 = CARTESIAN_POINT('',(3.175,-0.3,-1.778));
#1999 = VECTOR('',#2000,1.);
#2000 = DIRECTION('',(-9.053574604252E-02,-2.211327135776E-16,
    -0.995893206468));
#2001 = ORIENTED_EDGE('',*,*,#2002,.F.);
#2002 = EDGE_CURVE('',#671,#1995,#2003,.T.);
#2003 = LINE('',#2004,#2005);
#2004 = CARTESIAN_POINT('',(3.010131148096,-0.346747106908,
    -3.075218698637));
#2005 = VECTOR('',#2006,1.);
#2006 = DIRECTION('',(0.708426043649,0.705779101023,-2.898489047318E-03)
  );
#2007 = ORIENTED_EDGE('',*,*,#670,.F.);
#2008 = PLANE('',#2009);
#2009 = AXIS2_PLACEMENT_3D('',#2010,#2011,#2012);
#2010 = CARTESIAN_POINT('',(3.125205339677,-0.35,-1.773473212698));
#2011 = DIRECTION('',(0.704202839631,-0.707106781187,-6.401843996645E-02
    ));
#2012 = DIRECTION('',(9.053574604252E-02,2.22044604925E-16,
    0.995893206468));
#2013 = ADVANCED_FACE('',(#2014),#2037,.F.);
#2014 = FACE_BOUND('',#2015,.F.);
#2015 = EDGE_LOOP('',(#2016,#2026,#2031,#2032));
#2016 = ORIENTED_EDGE('',*,*,#2017,.T.);
#2017 = EDGE_CURVE('',#2018,#2020,#2022,.T.);
#2018 = VERTEX_POINT('',#2019);
#2019 = CARTESIAN_POINT('',(-2.059,-9.999999999999E-02,9.525));
#2020 = VERTEX_POINT('',#2021);
#2021 = CARTESIAN_POINT('',(2.059,-1.E-01,9.525));
#2022 = LINE('',#2023,#2024);
#2023 = CARTESIAN_POINT('',(-2.159,-1.E-01,9.525));
#2024 = VECTOR('',#2025,1.);
#2025 = DIRECTION('',(1.,0.,0.));
#2026 = ORIENTED_EDGE('',*,*,#2027,.F.);
#2027 = EDGE_CURVE('',#591,#2020,#2028,.T.);
#2028 = B_SPLINE_CURVE_WITH_KNOTS('',1,(#2029,#2030),.UNSPECIFIED.,.F.,
  .F.,(2,2),(0.,1.),.PIECEWISE_BEZIER_KNOTS.);
#2029 = CARTESIAN_POINT('',(2.317578643763,-0.4,9.225));
#2030 = CARTESIAN_POINT('',(2.059,-1.E-01,9.525));
#2031 = ORIENTED_EDGE('',*,*,#590,.F.);
#2032 = ORIENTED_EDGE('',*,*,#2033,.F.);
#2033 = EDGE_CURVE('',#2018,#583,#2034,.T.);
#2034 = B_SPLINE_CURVE_WITH_KNOTS('',1,(#2035,#2036),.UNSPECIFIED.,.F.,
  .F.,(2,2),(0.,1.),.PIECEWISE_BEZIER_KNOTS.);
#2035 = CARTESIAN_POINT('',(-2.059,-9.999999999999E-02,9.525));
#2036 = CARTESIAN_POINT('',(-2.317578643763,-0.4,9.225));
#2037 = PLANE('',#2038);
#2038 = AXIS2_PLACEMENT_3D('',#2039,#2040,#2041);
#2039 = CARTESIAN_POINT('',(-2.159,-0.25,9.375));
#2040 = DIRECTION('',(0.,0.707106781187,-0.707106781187));
#2041 = DIRECTION('',(1.,0.,0.));
#2042 = ADVANCED_FACE('',(#2043),#2061,.F.);
#2043 = FACE_BOUND('',#2044,.F.);
#2044 = EDGE_LOOP('',(#2045,#2053,#2059,#2060));
#2045 = ORIENTED_EDGE('',*,*,#2046,.T.);
#2046 = EDGE_CURVE('',#655,#2047,#2049,.T.);
#2047 = VERTEX_POINT('',#2048);
#2048 = CARTESIAN_POINT('',(3.175,-0.3,-1.E-01));
#2049 = LINE('',#2050,#2051);
#2050 = CARTESIAN_POINT('',(3.15,-0.325,-1.E-01));
#2051 = VECTOR('',#2052,1.);
#2052 = DIRECTION('',(0.707106781187,0.707106781187,-1.057629477511E-15)
  );
#2053 = ORIENTED_EDGE('',*,*,#2054,.T.);
#2054 = EDGE_CURVE('',#2047,#1987,#2055,.T.);
#2055 = LINE('',#2056,#2057);
#2056 = CARTESIAN_POINT('',(3.175,-0.3,1.998401444325E-16));
#2057 = VECTOR('',#2058,1.);
#2058 = DIRECTION('',(0.,-2.22044604925E-16,-1.));
#2059 = ORIENTED_EDGE('',*,*,#1986,.T.);
#2060 = ORIENTED_EDGE('',*,*,#662,.F.);
#2061 = PLANE('',#2062);
#2062 = AXIS2_PLACEMENT_3D('',#2063,#2064,#2065);
#2063 = CARTESIAN_POINT('',(3.125,-0.35,2.109423746788E-16));
#2064 = DIRECTION('',(-0.707106781187,0.707106781187,-1.570081730385E-16
    ));
#2065 = DIRECTION('',(-7.586052993787E-22,-2.220438463197E-16,-1.));
#2066 = ADVANCED_FACE('',(#2067),#2091,.T.);
#2067 = FACE_BOUND('',#2068,.T.);
#2068 = EDGE_LOOP('',(#2069,#2077,#2085,#2090));
#2069 = ORIENTED_EDGE('',*,*,#2070,.T.);
#2070 = EDGE_CURVE('',#599,#2071,#2073,.T.);
#2071 = VERTEX_POINT('',#2072);
#2072 = CARTESIAN_POINT('',(3.104289321881,-0.3,8.579710678119));
#2073 = LINE('',#2074,#2075);
#2074 = CARTESIAN_POINT('',(3.051256313292,-0.375,8.52667766953));
#2075 = VECTOR('',#2076,1.);
#2076 = DIRECTION('',(0.5,0.707106781187,0.5));
#2077 = ORIENTED_EDGE('',*,*,#2078,.T.);
#2078 = EDGE_CURVE('',#2071,#2079,#2081,.T.);
#2079 = VERTEX_POINT('',#2080);
#2080 = CARTESIAN_POINT('',(2.388289321881,-0.3,9.295710678119));
#2081 = LINE('',#2082,#2083);
#2082 = CARTESIAN_POINT('',(3.175,-0.3,8.509));
#2083 = VECTOR('',#2084,1.);
#2084 = DIRECTION('',(-0.707106781187,1.570092458684E-16,0.707106781187)
  );
#2085 = ORIENTED_EDGE('',*,*,#2086,.T.);
#2086 = EDGE_CURVE('',#2079,#591,#2087,.T.);
#2087 = B_SPLINE_CURVE_WITH_KNOTS('',1,(#2088,#2089),.UNSPECIFIED.,.F.,
  .F.,(2,2),(0.,1.),.PIECEWISE_BEZIER_KNOTS.);
#2088 = CARTESIAN_POINT('',(2.388289321881,-0.3,9.295710678119));
#2089 = CARTESIAN_POINT('',(2.317578643763,-0.4,9.225));
#2090 = ORIENTED_EDGE('',*,*,#598,.F.);
#2091 = PLANE('',#2092);
#2092 = AXIS2_PLACEMENT_3D('',#2093,#2094,#2095);
#2093 = CARTESIAN_POINT('',(3.139644660941,-0.35,8.473644660941));
#2094 = DIRECTION('',(0.5,-0.707106781187,0.5));
#2095 = DIRECTION('',(-0.707106781187,1.387778780781E-16,0.707106781187)
  );
#2096 = ADVANCED_FACE('',(#2097),#2115,.T.);
#2097 = FACE_BOUND('',#2098,.T.);
#2098 = EDGE_LOOP('',(#2099,#2107,#2108,#2109));
#2099 = ORIENTED_EDGE('',*,*,#2100,.F.);
#2100 = EDGE_CURVE('',#647,#2101,#2103,.T.);
#2101 = VERTEX_POINT('',#2102);
#2102 = CARTESIAN_POINT('',(3.275,-0.3,3.0184188482E-16));
#2103 = LINE('',#2104,#2105);
#2104 = CARTESIAN_POINT('',(3.275,-0.375,7.5E-02));
#2105 = VECTOR('',#2106,1.);
#2106 = DIRECTION('',(-1.922962686384E-16,0.707106781187,-0.707106781187
    ));
#2107 = ORIENTED_EDGE('',*,*,#654,.T.);
#2108 = ORIENTED_EDGE('',*,*,#2046,.T.);
#2109 = ORIENTED_EDGE('',*,*,#2110,.F.);
#2110 = EDGE_CURVE('',#2101,#2047,#2111,.T.);
#2111 = LINE('',#2112,#2113);
#2112 = CARTESIAN_POINT('',(3.275,-0.3,2.428612866368E-17));
#2113 = VECTOR('',#2114,1.);
#2114 = DIRECTION('',(-0.707106781187,8.653332088726E-16,-0.707106781187
    ));
#2115 = PLANE('',#2116);
#2116 = AXIS2_PLACEMENT_3D('',#2117,#2118,#2119);
#2117 = CARTESIAN_POINT('',(3.275,-0.4,0.1));
#2118 = DIRECTION('',(0.57735026919,-0.57735026919,-0.57735026919));
#2119 = DIRECTION('',(-0.707106781187,7.771561172376E-16,-0.707106781187
    ));
#2120 = ADVANCED_FACE('',(#2121),#2139,.T.);
#2121 = FACE_BOUND('',#2122,.T.);
#2122 = EDGE_LOOP('',(#2123,#2124,#2125,#2133));
#2123 = ORIENTED_EDGE('',*,*,#2070,.F.);
#2124 = ORIENTED_EDGE('',*,*,#606,.T.);
#2125 = ORIENTED_EDGE('',*,*,#2126,.T.);
#2126 = EDGE_CURVE('',#607,#2127,#2129,.T.);
#2127 = VERTEX_POINT('',#2128);
#2128 = CARTESIAN_POINT('',(3.175,-0.3,8.409));
#2129 = LINE('',#2130,#2131);
#2130 = CARTESIAN_POINT('',(3.089644660941,-0.385355339059,8.409));
#2131 = VECTOR('',#2132,1.);
#2132 = DIRECTION('',(0.707106781187,0.707106781187,-6.912118388573E-15)
  );
#2133 = ORIENTED_EDGE('',*,*,#2134,.F.);
#2134 = EDGE_CURVE('',#2071,#2127,#2135,.T.);
#2135 = LINE('',#2136,#2137);
#2136 = CARTESIAN_POINT('',(3.129289321881,-0.3,8.519355339059));
#2137 = VECTOR('',#2138,1.);
#2138 = DIRECTION('',(0.382683432365,-1.799658571087E-15,-0.923879532511
    ));
#2139 = PLANE('',#2140);
#2140 = AXIS2_PLACEMENT_3D('',#2141,#2142,#2143);
#2141 = CARTESIAN_POINT('',(3.033578643763,-0.4,8.509));
#2142 = DIRECTION('',(0.678598344546,-0.678598344546,0.281084637715));
#2143 = DIRECTION('',(0.382683432365,6.661338147751E-16,-0.923879532511)
  );
#2144 = ADVANCED_FACE('',(#2145),#2163,.F.);
#2145 = FACE_BOUND('',#2146,.F.);
#2146 = EDGE_LOOP('',(#2147,#2155,#2161,#2162));
#2147 = ORIENTED_EDGE('',*,*,#2148,.T.);
#2148 = EDGE_CURVE('',#639,#2149,#2151,.T.);
#2149 = VERTEX_POINT('',#2150);
#2150 = CARTESIAN_POINT('',(3.837,-0.3,1.838806884535E-16));
#2151 = LINE('',#2152,#2153);
#2152 = CARTESIAN_POINT('',(3.837,-0.375,7.5E-02));
#2153 = VECTOR('',#2154,1.);
#2154 = DIRECTION('',(3.845925372767E-16,0.707106781187,-0.707106781187)
  );
#2155 = ORIENTED_EDGE('',*,*,#2156,.T.);
#2156 = EDGE_CURVE('',#2149,#2101,#2157,.T.);
#2157 = LINE('',#2158,#2159);
#2158 = CARTESIAN_POINT('',(3.937,-0.3,1.255275197638E-16));
#2159 = VECTOR('',#2160,1.);
#2160 = DIRECTION('',(-1.,3.843804179685E-32,1.731095507131E-16));
#2161 = ORIENTED_EDGE('',*,*,#2100,.F.);
#2162 = ORIENTED_EDGE('',*,*,#646,.F.);
#2163 = PLANE('',#2164);
#2164 = AXIS2_PLACEMENT_3D('',#2165,#2166,#2167);
#2165 = CARTESIAN_POINT('',(3.937,-0.35,5.E-02));
#2166 = DIRECTION('',(1.231776827153E-16,0.707106781187,0.707106781187)
  );
#2167 = DIRECTION('',(-1.,5.449993822408E-19,1.736545500954E-16));
#2168 = ADVANCED_FACE('',(#2169),#2187,.F.);
#2169 = FACE_BOUND('',#2170,.F.);
#2170 = EDGE_LOOP('',(#2171,#2172,#2180,#2186));
#2171 = ORIENTED_EDGE('',*,*,#2126,.T.);
#2172 = ORIENTED_EDGE('',*,*,#2173,.T.);
#2173 = EDGE_CURVE('',#2127,#2174,#2176,.T.);
#2174 = VERTEX_POINT('',#2175);
#2175 = CARTESIAN_POINT('',(3.175,-0.3,1.751));
#2176 = LINE('',#2177,#2178);
#2177 = CARTESIAN_POINT('',(3.175,-0.3,8.509));
#2178 = VECTOR('',#2179,1.);
#2179 = DIRECTION('',(0.,-2.22044604925E-16,-1.));
#2180 = ORIENTED_EDGE('',*,*,#2181,.F.);
#2181 = EDGE_CURVE('',#615,#2174,#2182,.T.);
#2182 = LINE('',#2183,#2184);
#2183 = CARTESIAN_POINT('',(3.1,-0.375,1.751));
#2184 = VECTOR('',#2185,1.);
#2185 = DIRECTION('',(0.707106781187,0.707106781187,-1.538370149107E-15)
  );
#2186 = ORIENTED_EDGE('',*,*,#614,.F.);
#2187 = PLANE('',#2188);
#2188 = AXIS2_PLACEMENT_3D('',#2189,#2190,#2191);
#2189 = CARTESIAN_POINT('',(3.125,-0.35,8.509));
#2190 = DIRECTION('',(-0.707106781187,0.707106781187,-1.570081730385E-16
    ));
#2191 = DIRECTION('',(-7.586052993787E-22,-2.220438463197E-16,-1.));
#2192 = ADVANCED_FACE('',(#2193),#2218,.F.);
#2193 = FACE_BOUND('',#2194,.F.);
#2194 = EDGE_LOOP('',(#2195,#2203,#2211,#2217));
#2195 = ORIENTED_EDGE('',*,*,#2196,.T.);
#2196 = EDGE_CURVE('',#631,#2197,#2199,.T.);
#2197 = VERTEX_POINT('',#2198);
#2198 = CARTESIAN_POINT('',(3.937,-0.3,1.551));
#2199 = LINE('',#2200,#2201);
#2200 = CARTESIAN_POINT('',(3.862,-0.375,1.551));
#2201 = VECTOR('',#2202,1.);
#2202 = DIRECTION('',(0.707106781187,0.707106781187,-3.46133283549E-15)
  );
#2203 = ORIENTED_EDGE('',*,*,#2204,.T.);
#2204 = EDGE_CURVE('',#2197,#2205,#2207,.T.);
#2205 = VERTEX_POINT('',#2206);
#2206 = CARTESIAN_POINT('',(3.937,-0.3,0.1));
#2207 = LINE('',#2208,#2209);
#2208 = CARTESIAN_POINT('',(3.937,-0.3,1.651));
#2209 = VECTOR('',#2210,1.);
#2210 = DIRECTION('',(0.,-2.22044604925E-16,-1.));
#2211 = ORIENTED_EDGE('',*,*,#2212,.F.);
#2212 = EDGE_CURVE('',#639,#2205,#2213,.T.);
#2213 = LINE('',#2214,#2215);
#2214 = CARTESIAN_POINT('',(3.862,-0.375,0.1));
#2215 = VECTOR('',#2216,1.);
#2216 = DIRECTION('',(0.707106781187,0.707106781187,2.692147760937E-15)
  );
#2217 = ORIENTED_EDGE('',*,*,#638,.F.);
#2218 = PLANE('',#2219);
#2219 = AXIS2_PLACEMENT_3D('',#2220,#2221,#2222);
#2220 = CARTESIAN_POINT('',(3.887,-0.35,1.651));
#2221 = DIRECTION('',(-0.707106781187,0.707106781187,-1.570081730385E-16
    ));
#2222 = DIRECTION('',(-7.586052993787E-22,-2.220438463197E-16,-1.));
#2223 = ADVANCED_FACE('',(#2224),#2242,.T.);
#2224 = FACE_BOUND('',#2225,.T.);
#2225 = EDGE_LOOP('',(#2226,#2227,#2228,#2236));
#2226 = ORIENTED_EDGE('',*,*,#2181,.F.);
#2227 = ORIENTED_EDGE('',*,*,#622,.T.);
#2228 = ORIENTED_EDGE('',*,*,#2229,.T.);
#2229 = EDGE_CURVE('',#623,#2230,#2232,.T.);
#2230 = VERTEX_POINT('',#2231);
#2231 = CARTESIAN_POINT('',(3.275,-0.3,1.651));
#2232 = LINE('',#2233,#2234);
#2233 = CARTESIAN_POINT('',(3.275,-0.325,1.626));
#2234 = VECTOR('',#2235,1.);
#2235 = DIRECTION('',(6.730369402342E-16,0.707106781187,0.707106781187)
  );
#2236 = ORIENTED_EDGE('',*,*,#2237,.F.);
#2237 = EDGE_CURVE('',#2174,#2230,#2238,.T.);
#2238 = LINE('',#2239,#2240);
#2239 = CARTESIAN_POINT('',(3.175,-0.3,1.751));
#2240 = VECTOR('',#2241,1.);
#2241 = DIRECTION('',(0.707106781187,1.922962686384E-15,-0.707106781187)
  );
#2242 = PLANE('',#2243);
#2243 = AXIS2_PLACEMENT_3D('',#2244,#2245,#2246);
#2244 = CARTESIAN_POINT('',(3.075,-0.4,1.751));
#2245 = DIRECTION('',(0.57735026919,-0.57735026919,0.57735026919));
#2246 = DIRECTION('',(0.707106781187,-1.221245327088E-15,-0.707106781187
    ));
#2247 = ADVANCED_FACE('',(#2248),#2266,.F.);
#2248 = FACE_BOUND('',#2249,.F.);
#2249 = EDGE_LOOP('',(#2250,#2251,#2259,#2265));
#2250 = ORIENTED_EDGE('',*,*,#2229,.T.);
#2251 = ORIENTED_EDGE('',*,*,#2252,.T.);
#2252 = EDGE_CURVE('',#2230,#2253,#2255,.T.);
#2253 = VERTEX_POINT('',#2254);
#2254 = CARTESIAN_POINT('',(3.837,-0.3,1.651));
#2255 = LINE('',#2256,#2257);
#2256 = CARTESIAN_POINT('',(3.175,-0.3,1.651));
#2257 = VECTOR('',#2258,1.);
#2258 = DIRECTION('',(1.,0.,0.));
#2259 = ORIENTED_EDGE('',*,*,#2260,.F.);
#2260 = EDGE_CURVE('',#631,#2253,#2261,.T.);
#2261 = LINE('',#2262,#2263);
#2262 = CARTESIAN_POINT('',(3.837,-0.375,1.576));
#2263 = VECTOR('',#2264,1.);
#2264 = DIRECTION('',(-2.499851492299E-15,0.707106781187,0.707106781187)
  );
#2265 = ORIENTED_EDGE('',*,*,#630,.F.);
#2266 = PLANE('',#2267);
#2267 = AXIS2_PLACEMENT_3D('',#2268,#2269,#2270);
#2268 = CARTESIAN_POINT('',(3.175,-0.35,1.601));
#2269 = DIRECTION('',(-8.674484698258E-19,0.707106781187,-0.707106781187
    ));
#2270 = DIRECTION('',(1.,6.133786953437E-19,-6.133786953437E-19));
#2271 = ADVANCED_FACE('',(#2272),#2291,.F.);
#2272 = FACE_BOUND('',#2273,.F.);
#2273 = EDGE_LOOP('',(#2274,#2282,#2289,#2290));
#2274 = ORIENTED_EDGE('',*,*,#2275,.F.);
#2275 = EDGE_CURVE('',#2276,#751,#2278,.T.);
#2276 = VERTEX_POINT('',#2277);
#2277 = CARTESIAN_POINT('',(0.75,-0.3,6.5));
#2278 = LINE('',#2279,#2280);
#2279 = CARTESIAN_POINT('',(0.75,-0.3,6.5));
#2280 = VECTOR('',#2281,1.);
#2281 = DIRECTION('',(0.707106781187,-0.707106781187,1.568454264853E-16)
  );
#2282 = ORIENTED_EDGE('',*,*,#2283,.T.);
#2283 = EDGE_CURVE('',#2276,#2276,#2284,.T.);
#2284 = CIRCLE('',#2285,0.75);
#2285 = AXIS2_PLACEMENT_3D('',#2286,#2287,#2288);
#2286 = CARTESIAN_POINT('',(1.10195543362E-33,-0.3,6.5));
#2287 = DIRECTION('',(-1.10195543362E-32,-1.,2.218129293317E-16));
#2288 = DIRECTION('',(1.,-1.10195543362E-32,1.14922183275E-31));
#2289 = ORIENTED_EDGE('',*,*,#2275,.T.);
#2290 = ORIENTED_EDGE('',*,*,#750,.F.);
#2291 = CONICAL_SURFACE('',#2292,0.75,0.785398163397);
#2292 = AXIS2_PLACEMENT_3D('',#2293,#2294,#2295);
#2293 = CARTESIAN_POINT('',(1.10195543362E-33,-0.3,6.5));
#2294 = DIRECTION('',(-1.10195543362E-32,-1.,2.218129293317E-16));
#2295 = DIRECTION('',(1.,-1.10195543362E-32,1.14922183275E-31));
#2296 = ADVANCED_FACE('',(#2297),#2318,.T.);
#2297 = FACE_BOUND('',#2298,.T.);
#2298 = EDGE_LOOP('',(#2299,#2300,#2306,#2312));
#2299 = ORIENTED_EDGE('',*,*,#793,.T.);
#2300 = ORIENTED_EDGE('',*,*,#2301,.T.);
#2301 = EDGE_CURVE('',#786,#1703,#2302,.T.);
#2302 = LINE('',#2303,#2304);
#2303 = CARTESIAN_POINT('',(-3.887,-0.3,5.E-02));
#2304 = VECTOR('',#2305,1.);
#2305 = DIRECTION('',(-0.707106781187,1.826814552064E-15,0.707106781187)
  );
#2306 = ORIENTED_EDGE('',*,*,#2307,.F.);
#2307 = EDGE_CURVE('',#992,#1703,#2308,.T.);
#2308 = LINE('',#2309,#2310);
#2309 = CARTESIAN_POINT('',(-3.937,0.4,1.E-01));
#2310 = VECTOR('',#2311,1.);
#2311 = DIRECTION('',(0.,-1.,2.22044604925E-16));
#2312 = ORIENTED_EDGE('',*,*,#2313,.F.);
#2313 = EDGE_CURVE('',#794,#992,#2314,.T.);
#2314 = LINE('',#2315,#2316);
#2315 = CARTESIAN_POINT('',(-3.887,0.3,5.E-02));
#2316 = VECTOR('',#2317,1.);
#2317 = DIRECTION('',(-0.707106781187,-2.403703357979E-15,0.707106781187
    ));
#2318 = PLANE('',#2319);
#2319 = AXIS2_PLACEMENT_3D('',#2320,#2321,#2322);
#2320 = CARTESIAN_POINT('',(-3.887,0.4,5.E-02));
#2321 = DIRECTION('',(-0.707106781187,-1.570081730385E-16,
    -0.707106781187));
#2322 = DIRECTION('',(-7.586052993787E-22,-1.,2.220438463197E-16));
#2323 = ADVANCED_FACE('',(#2324),#2345,.F.);
#2324 = FACE_BOUND('',#2325,.T.);
#2325 = EDGE_LOOP('',(#2326,#2332,#2338,#2339));
#2326 = ORIENTED_EDGE('',*,*,#2327,.T.);
#2327 = EDGE_CURVE('',#904,#1615,#2328,.T.);
#2328 = LINE('',#2329,#2330);
#2329 = CARTESIAN_POINT('',(-2.022946425396,0.4,-3.075410679353));
#2330 = VECTOR('',#2331,1.);
#2331 = DIRECTION('',(0.,-1.,2.22044604925E-16));
#2332 = ORIENTED_EDGE('',*,*,#2333,.F.);
#2333 = EDGE_CURVE('',#850,#1615,#2334,.T.);
#2334 = LINE('',#2335,#2336);
#2335 = CARTESIAN_POINT('',(-2.077473212698,-0.3,-3.125205339677));
#2336 = VECTOR('',#2337,1.);
#2337 = DIRECTION('',(0.738422557227,2.961893252089E-15,0.674338288234)
  );
#2338 = ORIENTED_EDGE('',*,*,#847,.F.);
#2339 = ORIENTED_EDGE('',*,*,#2340,.T.);
#2340 = EDGE_CURVE('',#848,#904,#2341,.T.);
#2341 = LINE('',#2342,#2343);
#2342 = CARTESIAN_POINT('',(-2.077473212698,0.3,-3.125205339677));
#2343 = VECTOR('',#2344,1.);
#2344 = DIRECTION('',(0.738422557227,2.172055051532E-15,0.674338288234)
  );
#2345 = PLANE('',#2346);
#2346 = AXIS2_PLACEMENT_3D('',#2347,#2348,#2349);
#2347 = CARTESIAN_POINT('',(-2.077473212698,0.4,-3.125205339677));
#2348 = DIRECTION('',(-0.674338288234,1.648167011286E-16,0.738422557227)
  );
#2349 = DIRECTION('',(5.758553226421E-19,1.,-2.226751854027E-16));
#2350 = ADVANCED_FACE('',(#2351),#2356,.T.);
#2351 = FACE_BOUND('',#2352,.T.);
#2352 = EDGE_LOOP('',(#2353,#2354,#2355));
#2353 = ORIENTED_EDGE('',*,*,#878,.F.);
#2354 = ORIENTED_EDGE('',*,*,#911,.T.);
#2355 = ORIENTED_EDGE('',*,*,#2340,.F.);
#2356 = PLANE('',#2357);
#2357 = AXIS2_PLACEMENT_3D('',#2358,#2359,#2360);
#2358 = CARTESIAN_POINT('',(-2.123321463793,0.4,-3.075));
#2359 = DIRECTION('',(0.55765416598,0.562253395109,-0.610649613816));
#2360 = DIRECTION('',(0.738422557227,-1.110223024625E-15,0.674338288234)
  );
#2361 = ADVANCED_FACE('',(#2362),#2373,.F.);
#2362 = FACE_BOUND('',#2363,.F.);
#2363 = EDGE_LOOP('',(#2364,#2370,#2371,#2372));
#2364 = ORIENTED_EDGE('',*,*,#2365,.F.);
#2365 = EDGE_CURVE('',#896,#1607,#2366,.T.);
#2366 = LINE('',#2367,#2368);
#2367 = CARTESIAN_POINT('',(-1.905,0.4,-1.778));
#2368 = VECTOR('',#2369,1.);
#2369 = DIRECTION('',(0.,-1.,2.22044604925E-16));
#2370 = ORIENTED_EDGE('',*,*,#903,.T.);
#2371 = ORIENTED_EDGE('',*,*,#2327,.T.);
#2372 = ORIENTED_EDGE('',*,*,#1614,.F.);
#2373 = PLANE('',#2374);
#2374 = AXIS2_PLACEMENT_3D('',#2375,#2376,#2377);
#2375 = CARTESIAN_POINT('',(-2.032,0.4,-3.175));
#2376 = DIRECTION('',(-0.995893206468,2.01029739616E-17,
    9.053574604252E-02));
#2377 = DIRECTION('',(9.053574604252E-02,2.211327135776E-16,
    0.995893206468));
#2378 = ADVANCED_FACE('',(#2379),#2390,.T.);
#2379 = FACE_BOUND('',#2380,.T.);
#2380 = EDGE_LOOP('',(#2381,#2382,#2383,#2389));
#2381 = ORIENTED_EDGE('',*,*,#2365,.F.);
#2382 = ORIENTED_EDGE('',*,*,#934,.F.);
#2383 = ORIENTED_EDGE('',*,*,#2384,.T.);
#2384 = EDGE_CURVE('',#927,#1638,#2385,.T.);
#2385 = LINE('',#2386,#2387);
#2386 = CARTESIAN_POINT('',(-1.905,0.4,-0.1));
#2387 = VECTOR('',#2388,1.);
#2388 = DIRECTION('',(0.,-1.,2.22044604925E-16));
#2389 = ORIENTED_EDGE('',*,*,#1645,.T.);
#2390 = PLANE('',#2391);
#2391 = AXIS2_PLACEMENT_3D('',#2392,#2393,#2394);
#2392 = CARTESIAN_POINT('',(-1.905,0.4,-8.881784197001E-17));
#2393 = DIRECTION('',(1.,0.,0.));
#2394 = DIRECTION('',(0.,-2.22044604925E-16,-1.));
#2395 = ADVANCED_FACE('',(#2396),#2401,.F.);
#2396 = FACE_BOUND('',#2397,.F.);
#2397 = EDGE_LOOP('',(#2398,#2399,#2400));
#2398 = ORIENTED_EDGE('',*,*,#952,.F.);
#2399 = ORIENTED_EDGE('',*,*,#991,.T.);
#2400 = ORIENTED_EDGE('',*,*,#2313,.F.);
#2401 = PLANE('',#2402);
#2402 = AXIS2_PLACEMENT_3D('',#2403,#2404,#2405);
#2403 = CARTESIAN_POINT('',(-3.837,0.4,1.E-01));
#2404 = DIRECTION('',(0.57735026919,-0.57735026919,0.57735026919));
#2405 = DIRECTION('',(-0.707106781187,-1.498801083244E-15,0.707106781187
    ));
#2406 = ADVANCED_FACE('',(#2407),#2418,.F.);
#2407 = FACE_BOUND('',#2408,.T.);
#2408 = EDGE_LOOP('',(#2409,#2415,#2416,#2417));
#2409 = ORIENTED_EDGE('',*,*,#2410,.T.);
#2410 = EDGE_CURVE('',#968,#1679,#2411,.T.);
#2411 = LINE('',#2412,#2413);
#2412 = CARTESIAN_POINT('',(-1.805,0.4,-8.881784197001E-17));
#2413 = VECTOR('',#2414,1.);
#2414 = DIRECTION('',(0.,-1.,2.22044604925E-16));
#2415 = ORIENTED_EDGE('',*,*,#1688,.T.);
#2416 = ORIENTED_EDGE('',*,*,#2384,.F.);
#2417 = ORIENTED_EDGE('',*,*,#977,.F.);
#2418 = PLANE('',#2419);
#2419 = AXIS2_PLACEMENT_3D('',#2420,#2421,#2422);
#2420 = CARTESIAN_POINT('',(-1.855,0.4,-5.E-02));
#2421 = DIRECTION('',(-0.707106781187,1.552732760988E-16,0.707106781187)
  );
#2422 = DIRECTION('',(-1.227515995987E-18,1.,-2.20817088929E-16));
#2423 = ADVANCED_FACE('',(#2424),#2435,.T.);
#2424 = FACE_BOUND('',#2425,.T.);
#2425 = EDGE_LOOP('',(#2426,#2427,#2428,#2434));
#2426 = ORIENTED_EDGE('',*,*,#2307,.T.);
#2427 = ORIENTED_EDGE('',*,*,#1710,.T.);
#2428 = ORIENTED_EDGE('',*,*,#2429,.F.);
#2429 = EDGE_CURVE('',#1000,#1711,#2430,.T.);
#2430 = LINE('',#2431,#2432);
#2431 = CARTESIAN_POINT('',(-3.937,0.4,1.551));
#2432 = VECTOR('',#2433,1.);
#2433 = DIRECTION('',(0.,-1.,2.22044604925E-16));
#2434 = ORIENTED_EDGE('',*,*,#999,.F.);
#2435 = PLANE('',#2436);
#2436 = AXIS2_PLACEMENT_3D('',#2437,#2438,#2439);
#2437 = CARTESIAN_POINT('',(-3.937,0.4,-5.01177614515E-16));
#2438 = DIRECTION('',(-1.,0.,0.));
#2439 = DIRECTION('',(0.,2.22044604925E-16,1.));
#2440 = ADVANCED_FACE('',(#2441),#2451,.F.);
#2441 = FACE_BOUND('',#2442,.F.);
#2442 = EDGE_LOOP('',(#2443,#2444,#2445));
#2443 = ORIENTED_EDGE('',*,*,#1007,.F.);
#2444 = ORIENTED_EDGE('',*,*,#1046,.T.);
#2445 = ORIENTED_EDGE('',*,*,#2446,.F.);
#2446 = EDGE_CURVE('',#1000,#1047,#2447,.T.);
#2447 = LINE('',#2448,#2449);
#2448 = CARTESIAN_POINT('',(-3.887,0.3,1.601));
#2449 = VECTOR('',#2450,1.);
#2450 = DIRECTION('',(0.707106781187,0.,0.707106781187));
#2451 = PLANE('',#2452);
#2452 = AXIS2_PLACEMENT_3D('',#2453,#2454,#2455);
#2453 = CARTESIAN_POINT('',(-3.837,0.4,1.551));
#2454 = DIRECTION('',(0.57735026919,-0.57735026919,-0.57735026919));
#2455 = DIRECTION('',(0.707106781187,3.219646771413E-15,0.707106781187)
  );
#2456 = ADVANCED_FACE('',(#2457),#2468,.T.);
#2457 = FACE_BOUND('',#2458,.T.);
#2458 = EDGE_LOOP('',(#2459,#2465,#2466,#2467));
#2459 = ORIENTED_EDGE('',*,*,#2460,.T.);
#2460 = EDGE_CURVE('',#1023,#1734,#2461,.T.);
#2461 = LINE('',#2462,#2463);
#2462 = CARTESIAN_POINT('',(1.805,0.4,-4.440892098501E-17));
#2463 = VECTOR('',#2464,1.);
#2464 = DIRECTION('',(0.,-1.,2.22044604925E-16));
#2465 = ORIENTED_EDGE('',*,*,#1741,.T.);
#2466 = ORIENTED_EDGE('',*,*,#2410,.F.);
#2467 = ORIENTED_EDGE('',*,*,#1030,.F.);
#2468 = PLANE('',#2469);
#2469 = AXIS2_PLACEMENT_3D('',#2470,#2471,#2472);
#2470 = CARTESIAN_POINT('',(1.905,0.4,-8.881784197001E-17));
#2471 = DIRECTION('',(-0.,-2.22044604925E-16,-1.));
#2472 = DIRECTION('',(-1.,0.,0.));
#2473 = ADVANCED_FACE('',(#2474),#2490,.T.);
#2474 = FACE_BOUND('',#2475,.T.);
#2475 = EDGE_LOOP('',(#2476,#2482,#2483,#2489));
#2476 = ORIENTED_EDGE('',*,*,#2477,.T.);
#2477 = EDGE_CURVE('',#1047,#1758,#2478,.T.);
#2478 = LINE('',#2479,#2480);
#2479 = CARTESIAN_POINT('',(-3.837,0.4,1.651));
#2480 = VECTOR('',#2481,1.);
#2481 = DIRECTION('',(0.,-1.,2.22044604925E-16));
#2482 = ORIENTED_EDGE('',*,*,#1765,.T.);
#2483 = ORIENTED_EDGE('',*,*,#2484,.F.);
#2484 = EDGE_CURVE('',#1055,#1766,#2485,.T.);
#2485 = LINE('',#2486,#2487);
#2486 = CARTESIAN_POINT('',(-3.275,0.4,1.651));
#2487 = VECTOR('',#2488,1.);
#2488 = DIRECTION('',(0.,-1.,2.22044604925E-16));
#2489 = ORIENTED_EDGE('',*,*,#1054,.F.);
#2490 = PLANE('',#2491);
#2491 = AXIS2_PLACEMENT_3D('',#2492,#2493,#2494);
#2492 = CARTESIAN_POINT('',(-3.937,0.4,1.651));
#2493 = DIRECTION('',(0.,2.22044604925E-16,1.));
#2494 = DIRECTION('',(1.,0.,0.));
#2495 = ADVANCED_FACE('',(#2496),#2507,.F.);
#2496 = FACE_BOUND('',#2497,.T.);
#2497 = EDGE_LOOP('',(#2498,#2504,#2505,#2506));
#2498 = ORIENTED_EDGE('',*,*,#2499,.T.);
#2499 = EDGE_CURVE('',#1080,#1791,#2500,.T.);
#2500 = LINE('',#2501,#2502);
#2501 = CARTESIAN_POINT('',(1.905,0.4,-0.1));
#2502 = VECTOR('',#2503,1.);
#2503 = DIRECTION('',(0.,-1.,2.22044604925E-16));
#2504 = ORIENTED_EDGE('',*,*,#1798,.F.);
#2505 = ORIENTED_EDGE('',*,*,#2460,.F.);
#2506 = ORIENTED_EDGE('',*,*,#1087,.T.);
#2507 = PLANE('',#2508);
#2508 = AXIS2_PLACEMENT_3D('',#2509,#2510,#2511);
#2509 = CARTESIAN_POINT('',(1.855,0.4,-5.E-02));
#2510 = DIRECTION('',(0.707106781187,1.587430699781E-16,0.707106781187)
  );
#2511 = DIRECTION('',(-1.225998785388E-18,1.,-2.232706037104E-16));
#2512 = ADVANCED_FACE('',(#2513),#2524,.F.);
#2513 = FACE_BOUND('',#2514,.T.);
#2514 = EDGE_LOOP('',(#2515,#2516,#2517,#2523));
#2515 = ORIENTED_EDGE('',*,*,#2484,.T.);
#2516 = ORIENTED_EDGE('',*,*,#1822,.T.);
#2517 = ORIENTED_EDGE('',*,*,#2518,.F.);
#2518 = EDGE_CURVE('',#1104,#1815,#2519,.T.);
#2519 = LINE('',#2520,#2521);
#2520 = CARTESIAN_POINT('',(-3.175,0.4,1.751));
#2521 = VECTOR('',#2522,1.);
#2522 = DIRECTION('',(0.,-1.,2.22044604925E-16));
#2523 = ORIENTED_EDGE('',*,*,#1111,.F.);
#2524 = PLANE('',#2525);
#2525 = AXIS2_PLACEMENT_3D('',#2526,#2527,#2528);
#2526 = CARTESIAN_POINT('',(-3.225,0.4,1.701));
#2527 = DIRECTION('',(0.707106781187,-1.570081730385E-16,-0.707106781187
    ));
#2528 = DIRECTION('',(-7.586052993171E-22,1.,-2.220438463197E-16));
#2529 = ADVANCED_FACE('',(#2530),#2541,.T.);
#2530 = FACE_BOUND('',#2531,.T.);
#2531 = EDGE_LOOP('',(#2532,#2538,#2539,#2540));
#2532 = ORIENTED_EDGE('',*,*,#2533,.T.);
#2533 = EDGE_CURVE('',#1127,#1838,#2534,.T.);
#2534 = LINE('',#2535,#2536);
#2535 = CARTESIAN_POINT('',(1.905,0.4,-1.778));
#2536 = VECTOR('',#2537,1.);
#2537 = DIRECTION('',(0.,-1.,2.22044604925E-16));
#2538 = ORIENTED_EDGE('',*,*,#1837,.F.);
#2539 = ORIENTED_EDGE('',*,*,#2499,.F.);
#2540 = ORIENTED_EDGE('',*,*,#1126,.T.);
#2541 = PLANE('',#2542);
#2542 = AXIS2_PLACEMENT_3D('',#2543,#2544,#2545);
#2543 = CARTESIAN_POINT('',(1.905,0.4,-1.778));
#2544 = DIRECTION('',(-1.,0.,0.));
#2545 = DIRECTION('',(0.,2.22044604925E-16,1.));
#2546 = ADVANCED_FACE('',(#2547),#2558,.T.);
#2547 = FACE_BOUND('',#2548,.T.);
#2548 = EDGE_LOOP('',(#2549,#2550,#2551,#2557));
#2549 = ORIENTED_EDGE('',*,*,#2518,.T.);
#2550 = ORIENTED_EDGE('',*,*,#1861,.T.);
#2551 = ORIENTED_EDGE('',*,*,#2552,.F.);
#2552 = EDGE_CURVE('',#1151,#1862,#2553,.T.);
#2553 = LINE('',#2554,#2555);
#2554 = CARTESIAN_POINT('',(-3.175,0.4,8.409));
#2555 = VECTOR('',#2556,1.);
#2556 = DIRECTION('',(0.,-1.,2.22044604925E-16));
#2557 = ORIENTED_EDGE('',*,*,#1150,.F.);
#2558 = PLANE('',#2559);
#2559 = AXIS2_PLACEMENT_3D('',#2560,#2561,#2562);
#2560 = CARTESIAN_POINT('',(-3.175,0.4,1.651));
#2561 = DIRECTION('',(-1.,-8.627087764884E-32,-3.885294924323E-16));
#2562 = DIRECTION('',(-3.885294924323E-16,2.22044604925E-16,1.));
#2563 = ADVANCED_FACE('',(#2564),#2575,.F.);
#2564 = FACE_BOUND('',#2565,.F.);
#2565 = EDGE_LOOP('',(#2566,#2567,#2568,#2574));
#2566 = ORIENTED_EDGE('',*,*,#2533,.T.);
#2567 = ORIENTED_EDGE('',*,*,#1885,.T.);
#2568 = ORIENTED_EDGE('',*,*,#2569,.F.);
#2569 = EDGE_CURVE('',#1175,#1886,#2570,.T.);
#2570 = LINE('',#2571,#2572);
#2571 = CARTESIAN_POINT('',(2.022946425396,0.4,-3.075410679353));
#2572 = VECTOR('',#2573,1.);
#2573 = DIRECTION('',(0.,-1.,2.22044604925E-16));
#2574 = ORIENTED_EDGE('',*,*,#1174,.F.);
#2575 = PLANE('',#2576);
#2576 = AXIS2_PLACEMENT_3D('',#2577,#2578,#2579);
#2577 = CARTESIAN_POINT('',(1.905,0.4,-1.778));
#2578 = DIRECTION('',(0.995893206468,2.01029739616E-17,
    9.053574604252E-02));
#2579 = DIRECTION('',(9.053574604252E-02,-2.211327135776E-16,
    -0.995893206468));
#2580 = ADVANCED_FACE('',(#2581),#2591,.F.);
#2581 = FACE_BOUND('',#2582,.F.);
#2582 = EDGE_LOOP('',(#2583,#2584,#2585));
#2583 = ORIENTED_EDGE('',*,*,#1237,.F.);
#2584 = ORIENTED_EDGE('',*,*,#1182,.T.);
#2585 = ORIENTED_EDGE('',*,*,#2586,.F.);
#2586 = EDGE_CURVE('',#1230,#1175,#2587,.T.);
#2587 = LINE('',#2588,#2589);
#2588 = CARTESIAN_POINT('',(2.077473212698,0.3,-3.125205339677));
#2589 = VECTOR('',#2590,1.);
#2590 = DIRECTION('',(-0.738422557227,3.258082577298E-15,0.674338288234)
  );
#2591 = PLANE('',#2592);
#2592 = AXIS2_PLACEMENT_3D('',#2593,#2594,#2595);
#2593 = CARTESIAN_POINT('',(2.123321463793,0.4,-3.075));
#2594 = DIRECTION('',(0.55765416598,-0.562253395109,0.610649613816));
#2595 = DIRECTION('',(-0.738422557227,0.,0.674338288234));
#2596 = ADVANCED_FACE('',(#2597),#2608,.F.);
#2597 = FACE_BOUND('',#2598,.T.);
#2598 = EDGE_LOOP('',(#2599,#2600,#2601,#2607));
#2599 = ORIENTED_EDGE('',*,*,#2552,.T.);
#2600 = ORIENTED_EDGE('',*,*,#1918,.T.);
#2601 = ORIENTED_EDGE('',*,*,#2602,.F.);
#2602 = EDGE_CURVE('',#1200,#1911,#2603,.T.);
#2603 = LINE('',#2604,#2605);
#2604 = CARTESIAN_POINT('',(-3.104289321881,0.4,8.579710678119));
#2605 = VECTOR('',#2606,1.);
#2606 = DIRECTION('',(0.,-1.,2.22044604925E-16));
#2607 = ORIENTED_EDGE('',*,*,#1207,.F.);
#2608 = PLANE('',#2609);
#2609 = AXIS2_PLACEMENT_3D('',#2610,#2611,#2612);
#2610 = CARTESIAN_POINT('',(-3.139644660941,0.4,8.494355339059));
#2611 = DIRECTION('',(0.923879532511,-6.853327366775E-17,-0.382683432365
    ));
#2612 = DIRECTION('',(-1.518813409656E-17,1.,-2.157534737951E-16));
#2613 = ADVANCED_FACE('',(#2614),#2624,.T.);
#2614 = FACE_BOUND('',#2615,.T.);
#2615 = EDGE_LOOP('',(#2616,#2617,#2618));
#2616 = ORIENTED_EDGE('',*,*,#1221,.F.);
#2617 = ORIENTED_EDGE('',*,*,#1291,.T.);
#2618 = ORIENTED_EDGE('',*,*,#2619,.F.);
#2619 = EDGE_CURVE('',#1222,#1284,#2620,.T.);
#2620 = LINE('',#2621,#2622);
#2621 = CARTESIAN_POINT('',(3.002526787302,0.3,-3.125205339677));
#2622 = VECTOR('',#2623,1.);
#2623 = DIRECTION('',(0.738422557227,7.404733130224E-15,0.674338288234)
  );
#2624 = PLANE('',#2625);
#2625 = AXIS2_PLACEMENT_3D('',#2626,#2627,#2628);
#2626 = CARTESIAN_POINT('',(2.956678536207,0.4,-3.075));
#2627 = DIRECTION('',(0.55765416598,0.562253395109,-0.610649613816));
#2628 = DIRECTION('',(0.738422557227,7.216449660064E-16,0.674338288234)
  );
#2629 = ADVANCED_FACE('',(#2630),#2646,.T.);
#2630 = FACE_BOUND('',#2631,.T.);
#2631 = EDGE_LOOP('',(#2632,#2638,#2639,#2645));
#2632 = ORIENTED_EDGE('',*,*,#2633,.T.);
#2633 = EDGE_CURVE('',#1222,#1933,#2634,.T.);
#2634 = LINE('',#2635,#2636);
#2635 = CARTESIAN_POINT('',(2.948,0.4,-3.175));
#2636 = VECTOR('',#2637,1.);
#2637 = DIRECTION('',(0.,-1.,2.22044604925E-16));
#2638 = ORIENTED_EDGE('',*,*,#1940,.T.);
#2639 = ORIENTED_EDGE('',*,*,#2640,.F.);
#2640 = EDGE_CURVE('',#1230,#1941,#2641,.T.);
#2641 = LINE('',#2642,#2643);
#2642 = CARTESIAN_POINT('',(2.132,0.4,-3.175));
#2643 = VECTOR('',#2644,1.);
#2644 = DIRECTION('',(0.,-1.,2.22044604925E-16));
#2645 = ORIENTED_EDGE('',*,*,#1229,.F.);
#2646 = PLANE('',#2647);
#2647 = AXIS2_PLACEMENT_3D('',#2648,#2649,#2650);
#2648 = CARTESIAN_POINT('',(3.048,0.4,-3.175));
#2649 = DIRECTION('',(-0.,-2.22044604925E-16,-1.));
#2650 = DIRECTION('',(-1.,0.,0.));
#2651 = ADVANCED_FACE('',(#2652),#2668,.F.);
#2652 = FACE_BOUND('',#2653,.F.);
#2653 = EDGE_LOOP('',(#2654,#2661,#2666,#2667));
#2654 = ORIENTED_EDGE('',*,*,#2655,.F.);
#2655 = EDGE_CURVE('',#2656,#1307,#2658,.T.);
#2656 = VERTEX_POINT('',#2657);
#2657 = CARTESIAN_POINT('',(-2.229710678119,0.1,9.454289321881));
#2658 = B_SPLINE_CURVE_WITH_KNOTS('',1,(#2659,#2660),.UNSPECIFIED.,.F.,
  .F.,(2,2),(0.,1.),.PIECEWISE_BEZIER_KNOTS.);
#2659 = CARTESIAN_POINT('',(-2.229710678119,0.1,9.454289321881));
#2660 = CARTESIAN_POINT('',(-2.059,1.E-01,9.525));
#2661 = ORIENTED_EDGE('',*,*,#2662,.T.);
#2662 = EDGE_CURVE('',#2656,#1253,#2663,.T.);
#2663 = B_SPLINE_CURVE_WITH_KNOTS('',1,(#2664,#2665),.UNSPECIFIED.,.F.,
  .F.,(2,2),(0.,1.),.PIECEWISE_BEZIER_KNOTS.);
#2664 = CARTESIAN_POINT('',(-2.229710678119,0.1,9.454289321881));
#2665 = CARTESIAN_POINT('',(-2.388289321881,0.3,9.295710678119));
#2666 = ORIENTED_EDGE('',*,*,#1252,.T.);
#2667 = ORIENTED_EDGE('',*,*,#1322,.F.);
#2668 = B_SPLINE_SURFACE_WITH_KNOTS('',1,1,(
    (#2669,#2670)
    ,(#2671,#2672
    )),.UNSPECIFIED.,.F.,.F.,.F.,(2,2),(2,2),(0.,1.),(0.,1.),
  .PIECEWISE_BEZIER_KNOTS.);
#2669 = CARTESIAN_POINT('',(-2.229710678119,0.1,9.454289321881));
#2670 = CARTESIAN_POINT('',(-2.059,1.E-01,9.525));
#2671 = CARTESIAN_POINT('',(-2.388289321881,0.3,9.295710678119));
#2672 = CARTESIAN_POINT('',(-2.317578643763,0.4,9.225));
#2673 = ADVANCED_FACE('',(#2674),#2693,.F.);
#2674 = FACE_BOUND('',#2675,.F.);
#2675 = EDGE_LOOP('',(#2676,#2677,#2678,#2679,#2687,#2692));
#2676 = ORIENTED_EDGE('',*,*,#2602,.F.);
#2677 = ORIENTED_EDGE('',*,*,#1259,.F.);
#2678 = ORIENTED_EDGE('',*,*,#2662,.F.);
#2679 = ORIENTED_EDGE('',*,*,#2680,.T.);
#2680 = EDGE_CURVE('',#2656,#2681,#2683,.T.);
#2681 = VERTEX_POINT('',#2682);
#2682 = CARTESIAN_POINT('',(-2.229710678119,-0.1,9.454289321881));
#2683 = LINE('',#2684,#2685);
#2684 = CARTESIAN_POINT('',(-2.229710678119,0.4,9.454289321881));
#2685 = VECTOR('',#2686,1.);
#2686 = DIRECTION('',(0.,-1.,2.22044604925E-16));
#2687 = ORIENTED_EDGE('',*,*,#2688,.T.);
#2688 = EDGE_CURVE('',#2681,#1964,#2689,.T.);
#2689 = B_SPLINE_CURVE_WITH_KNOTS('',1,(#2690,#2691),.UNSPECIFIED.,.F.,
  .F.,(2,2),(0.,1.),.PIECEWISE_BEZIER_KNOTS.);
#2690 = CARTESIAN_POINT('',(-2.229710678119,-0.1,9.454289321881));
#2691 = CARTESIAN_POINT('',(-2.388289321881,-0.3,9.295710678119));
#2692 = ORIENTED_EDGE('',*,*,#1970,.T.);
#2693 = PLANE('',#2694);
#2694 = AXIS2_PLACEMENT_3D('',#2695,#2696,#2697);
#2695 = CARTESIAN_POINT('',(-2.159,0.4,9.525));
#2696 = DIRECTION('',(0.707106781187,-1.570092458684E-16,-0.707106781187
    ));
#2697 = DIRECTION('',(-0.707106781187,-1.570092458684E-16,
    -0.707106781187));
#2698 = ADVANCED_FACE('',(#2699),#2715,.F.);
#2699 = FACE_BOUND('',#2700,.F.);
#2700 = EDGE_LOOP('',(#2701,#2707,#2708,#2714));
#2701 = ORIENTED_EDGE('',*,*,#2702,.F.);
#2702 = EDGE_CURVE('',#1276,#1987,#2703,.T.);
#2703 = LINE('',#2704,#2705);
#2704 = CARTESIAN_POINT('',(3.175,0.4,-1.778));
#2705 = VECTOR('',#2706,1.);
#2706 = DIRECTION('',(0.,-1.,2.22044604925E-16));
#2707 = ORIENTED_EDGE('',*,*,#1283,.T.);
#2708 = ORIENTED_EDGE('',*,*,#2709,.T.);
#2709 = EDGE_CURVE('',#1284,#1995,#2710,.T.);
#2710 = LINE('',#2711,#2712);
#2711 = CARTESIAN_POINT('',(3.057053574604,0.4,-3.075410679353));
#2712 = VECTOR('',#2713,1.);
#2713 = DIRECTION('',(0.,-1.,2.22044604925E-16));
#2714 = ORIENTED_EDGE('',*,*,#1994,.F.);
#2715 = PLANE('',#2716);
#2716 = AXIS2_PLACEMENT_3D('',#2717,#2718,#2719);
#2717 = CARTESIAN_POINT('',(3.048,0.4,-3.175));
#2718 = DIRECTION('',(-0.995893206468,2.01029739616E-17,
    9.053574604252E-02));
#2719 = DIRECTION('',(9.053574604252E-02,2.211327135776E-16,
    0.995893206468));
#2720 = ADVANCED_FACE('',(#2721),#2737,.T.);
#2721 = FACE_BOUND('',#2722,.T.);
#2722 = EDGE_LOOP('',(#2723,#2729,#2730,#2736));
#2723 = ORIENTED_EDGE('',*,*,#2724,.T.);
#2724 = EDGE_CURVE('',#1307,#2018,#2725,.T.);
#2725 = LINE('',#2726,#2727);
#2726 = CARTESIAN_POINT('',(-2.059,0.4,9.525));
#2727 = VECTOR('',#2728,1.);
#2728 = DIRECTION('',(0.,-1.,2.22044604925E-16));
#2729 = ORIENTED_EDGE('',*,*,#2017,.T.);
#2730 = ORIENTED_EDGE('',*,*,#2731,.F.);
#2731 = EDGE_CURVE('',#1309,#2020,#2732,.T.);
#2732 = LINE('',#2733,#2734);
#2733 = CARTESIAN_POINT('',(2.059,0.4,9.525));
#2734 = VECTOR('',#2735,1.);
#2735 = DIRECTION('',(0.,-1.,2.22044604925E-16));
#2736 = ORIENTED_EDGE('',*,*,#1306,.F.);
#2737 = PLANE('',#2738);
#2738 = AXIS2_PLACEMENT_3D('',#2739,#2740,#2741);
#2739 = CARTESIAN_POINT('',(-2.159,0.4,9.525));
#2740 = DIRECTION('',(0.,2.22044604925E-16,1.));
#2741 = DIRECTION('',(1.,0.,0.));
#2742 = ADVANCED_FACE('',(#2743),#2759,.F.);
#2743 = FACE_BOUND('',#2744,.F.);
#2744 = EDGE_LOOP('',(#2745,#2746,#2753,#2758));
#2745 = ORIENTED_EDGE('',*,*,#1375,.F.);
#2746 = ORIENTED_EDGE('',*,*,#2747,.T.);
#2747 = EDGE_CURVE('',#1368,#2748,#2750,.T.);
#2748 = VERTEX_POINT('',#2749);
#2749 = CARTESIAN_POINT('',(2.229710678119,1.E-01,9.454289321881));
#2750 = B_SPLINE_CURVE_WITH_KNOTS('',1,(#2751,#2752),.UNSPECIFIED.,.F.,
  .F.,(2,2),(0.,1.),.PIECEWISE_BEZIER_KNOTS.);
#2751 = CARTESIAN_POINT('',(2.388289321881,0.3,9.295710678119));
#2752 = CARTESIAN_POINT('',(2.229710678119,1.E-01,9.454289321881));
#2753 = ORIENTED_EDGE('',*,*,#2754,.T.);
#2754 = EDGE_CURVE('',#2748,#1309,#2755,.T.);
#2755 = B_SPLINE_CURVE_WITH_KNOTS('',1,(#2756,#2757),.UNSPECIFIED.,.F.,
  .F.,(2,2),(0.,1.),.PIECEWISE_BEZIER_KNOTS.);
#2756 = CARTESIAN_POINT('',(2.229710678119,1.E-01,9.454289321881));
#2757 = CARTESIAN_POINT('',(2.059,0.1,9.525));
#2758 = ORIENTED_EDGE('',*,*,#1316,.F.);
#2759 = B_SPLINE_SURFACE_WITH_KNOTS('',1,1,(
    (#2760,#2761)
    ,(#2762,#2763
    )),.UNSPECIFIED.,.F.,.F.,.F.,(2,2),(2,2),(0.,1.),(0.,1.),
  .PIECEWISE_BEZIER_KNOTS.);
#2760 = CARTESIAN_POINT('',(2.388289321881,0.3,9.295710678119));
#2761 = CARTESIAN_POINT('',(2.317578643763,0.4,9.225));
#2762 = CARTESIAN_POINT('',(2.229710678119,1.E-01,9.454289321881));
#2763 = CARTESIAN_POINT('',(2.059,0.1,9.525));
#2764 = ADVANCED_FACE('',(#2765),#2776,.T.);
#2765 = FACE_BOUND('',#2766,.T.);
#2766 = EDGE_LOOP('',(#2767,#2768,#2769,#2775));
#2767 = ORIENTED_EDGE('',*,*,#2702,.F.);
#2768 = ORIENTED_EDGE('',*,*,#1343,.F.);
#2769 = ORIENTED_EDGE('',*,*,#2770,.T.);
#2770 = EDGE_CURVE('',#1336,#2047,#2771,.T.);
#2771 = LINE('',#2772,#2773);
#2772 = CARTESIAN_POINT('',(3.175,0.4,-1.E-01));
#2773 = VECTOR('',#2774,1.);
#2774 = DIRECTION('',(0.,-1.,2.22044604925E-16));
#2775 = ORIENTED_EDGE('',*,*,#2054,.T.);
#2776 = PLANE('',#2777);
#2777 = AXIS2_PLACEMENT_3D('',#2778,#2779,#2780);
#2778 = CARTESIAN_POINT('',(3.175,0.4,4.30916356734E-17));
#2779 = DIRECTION('',(1.,0.,0.));
#2780 = DIRECTION('',(0.,-2.22044604925E-16,-1.));
#2781 = ADVANCED_FACE('',(#2782),#2806,.F.);
#2782 = FACE_BOUND('',#2783,.F.);
#2783 = EDGE_LOOP('',(#2784,#2792,#2793,#2794,#2800,#2801));
#2784 = ORIENTED_EDGE('',*,*,#2785,.F.);
#2785 = EDGE_CURVE('',#2748,#2786,#2788,.T.);
#2786 = VERTEX_POINT('',#2787);
#2787 = CARTESIAN_POINT('',(2.229710678119,-1.E-01,9.454289321881));
#2788 = LINE('',#2789,#2790);
#2789 = CARTESIAN_POINT('',(2.229710678119,0.4,9.454289321881));
#2790 = VECTOR('',#2791,1.);
#2791 = DIRECTION('',(0.,-1.,2.22044604925E-16));
#2792 = ORIENTED_EDGE('',*,*,#2747,.F.);
#2793 = ORIENTED_EDGE('',*,*,#1367,.F.);
#2794 = ORIENTED_EDGE('',*,*,#2795,.T.);
#2795 = EDGE_CURVE('',#1360,#2071,#2796,.T.);
#2796 = LINE('',#2797,#2798);
#2797 = CARTESIAN_POINT('',(3.104289321881,0.4,8.579710678119));
#2798 = VECTOR('',#2799,1.);
#2799 = DIRECTION('',(0.,-1.,2.22044604925E-16));
#2800 = ORIENTED_EDGE('',*,*,#2078,.T.);
#2801 = ORIENTED_EDGE('',*,*,#2802,.T.);
#2802 = EDGE_CURVE('',#2079,#2786,#2803,.T.);
#2803 = B_SPLINE_CURVE_WITH_KNOTS('',1,(#2804,#2805),.UNSPECIFIED.,.F.,
  .F.,(2,2),(0.,1.),.PIECEWISE_BEZIER_KNOTS.);
#2804 = CARTESIAN_POINT('',(2.388289321881,-0.3,9.295710678119));
#2805 = CARTESIAN_POINT('',(2.229710678119,-1.E-01,9.454289321881));
#2806 = PLANE('',#2807);
#2807 = AXIS2_PLACEMENT_3D('',#2808,#2809,#2810);
#2808 = CARTESIAN_POINT('',(3.175,0.4,8.509));
#2809 = DIRECTION('',(-0.707106781187,-1.570092458684E-16,
    -0.707106781187));
#2810 = DIRECTION('',(-0.707106781187,1.570092458684E-16,0.707106781187)
  );
#2811 = ADVANCED_FACE('',(#2812),#2823,.F.);
#2812 = FACE_BOUND('',#2813,.T.);
#2813 = EDGE_LOOP('',(#2814,#2820,#2821,#2822));
#2814 = ORIENTED_EDGE('',*,*,#2815,.T.);
#2815 = EDGE_CURVE('',#1390,#2101,#2816,.T.);
#2816 = LINE('',#2817,#2818);
#2817 = CARTESIAN_POINT('',(3.275,0.4,2.578068060209E-17));
#2818 = VECTOR('',#2819,1.);
#2819 = DIRECTION('',(0.,-1.,2.22044604925E-16));
#2820 = ORIENTED_EDGE('',*,*,#2110,.T.);
#2821 = ORIENTED_EDGE('',*,*,#2770,.F.);
#2822 = ORIENTED_EDGE('',*,*,#1399,.F.);
#2823 = PLANE('',#2824);
#2824 = AXIS2_PLACEMENT_3D('',#2825,#2826,#2827);
#2825 = CARTESIAN_POINT('',(3.225,0.4,-5.E-02));
#2826 = DIRECTION('',(-0.707106781187,1.570081730385E-16,0.707106781187)
  );
#2827 = DIRECTION('',(-7.586052993664E-22,1.,-2.220438463197E-16));
#2828 = ADVANCED_FACE('',(#2829),#2840,.F.);
#2829 = FACE_BOUND('',#2830,.T.);
#2830 = EDGE_LOOP('',(#2831,#2832,#2833,#2839));
#2831 = ORIENTED_EDGE('',*,*,#2795,.T.);
#2832 = ORIENTED_EDGE('',*,*,#2134,.T.);
#2833 = ORIENTED_EDGE('',*,*,#2834,.F.);
#2834 = EDGE_CURVE('',#1416,#2127,#2835,.T.);
#2835 = LINE('',#2836,#2837);
#2836 = CARTESIAN_POINT('',(3.175,0.4,8.409));
#2837 = VECTOR('',#2838,1.);
#2838 = DIRECTION('',(0.,-1.,2.22044604925E-16));
#2839 = ORIENTED_EDGE('',*,*,#1423,.F.);
#2840 = PLANE('',#2841);
#2841 = AXIS2_PLACEMENT_3D('',#2842,#2843,#2844);
#2842 = CARTESIAN_POINT('',(3.139644660941,0.4,8.494355339059));
#2843 = DIRECTION('',(-0.923879532511,-6.853327366775E-17,
    -0.382683432365));
#2844 = DIRECTION('',(1.518813409656E-17,1.,-2.157534737951E-16));
#2845 = ADVANCED_FACE('',(#2846),#2856,.F.);
#2846 = FACE_BOUND('',#2847,.F.);
#2847 = EDGE_LOOP('',(#2848,#2849,#2850));
#2848 = ORIENTED_EDGE('',*,*,#1501,.F.);
#2849 = ORIENTED_EDGE('',*,*,#1437,.T.);
#2850 = ORIENTED_EDGE('',*,*,#2851,.F.);
#2851 = EDGE_CURVE('',#1494,#1438,#2852,.T.);
#2852 = LINE('',#2853,#2854);
#2853 = CARTESIAN_POINT('',(3.887,0.3,5.E-02));
#2854 = VECTOR('',#2855,1.);
#2855 = DIRECTION('',(-0.707106781187,1.826814552064E-15,-0.707106781187
    ));
#2856 = PLANE('',#2857);
#2857 = AXIS2_PLACEMENT_3D('',#2858,#2859,#2860);
#2858 = CARTESIAN_POINT('',(3.837,0.4,0.1));
#2859 = DIRECTION('',(-0.57735026919,-0.57735026919,0.57735026919));
#2860 = DIRECTION('',(-0.707106781187,8.049116928532E-16,-0.707106781187
    ));
#2861 = ADVANCED_FACE('',(#2862),#2873,.T.);
#2862 = FACE_BOUND('',#2863,.T.);
#2863 = EDGE_LOOP('',(#2864,#2870,#2871,#2872));
#2864 = ORIENTED_EDGE('',*,*,#2865,.T.);
#2865 = EDGE_CURVE('',#1438,#2149,#2866,.T.);
#2866 = LINE('',#2867,#2868);
#2867 = CARTESIAN_POINT('',(3.837,0.4,-2.709796591369E-17));
#2868 = VECTOR('',#2869,1.);
#2869 = DIRECTION('',(0.,-1.,2.22044604925E-16));
#2870 = ORIENTED_EDGE('',*,*,#2156,.T.);
#2871 = ORIENTED_EDGE('',*,*,#2815,.F.);
#2872 = ORIENTED_EDGE('',*,*,#1445,.F.);
#2873 = PLANE('',#2874);
#2874 = AXIS2_PLACEMENT_3D('',#2875,#2876,#2877);
#2875 = CARTESIAN_POINT('',(3.937,0.4,-8.881784197001E-17));
#2876 = DIRECTION('',(-1.731095507131E-16,-2.22044604925E-16,-1.));
#2877 = DIRECTION('',(-1.,3.843804179685E-32,1.731095507131E-16));
#2878 = ADVANCED_FACE('',(#2879),#2890,.T.);
#2879 = FACE_BOUND('',#2880,.T.);
#2880 = EDGE_LOOP('',(#2881,#2882,#2883,#2889));
#2881 = ORIENTED_EDGE('',*,*,#2834,.T.);
#2882 = ORIENTED_EDGE('',*,*,#2173,.T.);
#2883 = ORIENTED_EDGE('',*,*,#2884,.F.);
#2884 = EDGE_CURVE('',#1463,#2174,#2885,.T.);
#2885 = LINE('',#2886,#2887);
#2886 = CARTESIAN_POINT('',(3.175,0.4,1.751));
#2887 = VECTOR('',#2888,1.);
#2888 = DIRECTION('',(0.,-1.,2.22044604925E-16));
#2889 = ORIENTED_EDGE('',*,*,#1462,.F.);
#2890 = PLANE('',#2891);
#2891 = AXIS2_PLACEMENT_3D('',#2892,#2893,#2894);
#2892 = CARTESIAN_POINT('',(3.175,0.4,8.509));
#2893 = DIRECTION('',(1.,0.,0.));
#2894 = DIRECTION('',(0.,-2.22044604925E-16,-1.));
#2895 = ADVANCED_FACE('',(#2896),#2906,.F.);
#2896 = FACE_BOUND('',#2897,.F.);
#2897 = EDGE_LOOP('',(#2898,#2899,#2900));
#2898 = ORIENTED_EDGE('',*,*,#1549,.F.);
#2899 = ORIENTED_EDGE('',*,*,#1485,.T.);
#2900 = ORIENTED_EDGE('',*,*,#2901,.F.);
#2901 = EDGE_CURVE('',#1542,#1486,#2902,.T.);
#2902 = LINE('',#2903,#2904);
#2903 = CARTESIAN_POINT('',(3.887,0.3,1.601));
#2904 = VECTOR('',#2905,1.);
#2905 = DIRECTION('',(0.707106781187,8.653332088726E-16,-0.707106781187)
  );
#2906 = PLANE('',#2907);
#2907 = AXIS2_PLACEMENT_3D('',#2908,#2909,#2910);
#2908 = CARTESIAN_POINT('',(3.837,0.4,1.551));
#2909 = DIRECTION('',(-0.57735026919,-0.57735026919,-0.57735026919));
#2910 = DIRECTION('',(0.707106781187,-2.359223927328E-15,-0.707106781187
    ));
#2911 = ADVANCED_FACE('',(#2912),#2928,.T.);
#2912 = FACE_BOUND('',#2913,.T.);
#2913 = EDGE_LOOP('',(#2914,#2920,#2921,#2927));
#2914 = ORIENTED_EDGE('',*,*,#2915,.T.);
#2915 = EDGE_CURVE('',#1486,#2197,#2916,.T.);
#2916 = LINE('',#2917,#2918);
#2917 = CARTESIAN_POINT('',(3.937,0.4,1.551));
#2918 = VECTOR('',#2919,1.);
#2919 = DIRECTION('',(0.,-1.,2.22044604925E-16));
#2920 = ORIENTED_EDGE('',*,*,#2204,.T.);
#2921 = ORIENTED_EDGE('',*,*,#2922,.F.);
#2922 = EDGE_CURVE('',#1494,#2205,#2923,.T.);
#2923 = LINE('',#2924,#2925);
#2924 = CARTESIAN_POINT('',(3.937,0.4,1.E-01));
#2925 = VECTOR('',#2926,1.);
#2926 = DIRECTION('',(0.,-1.,2.22044604925E-16));
#2927 = ORIENTED_EDGE('',*,*,#1493,.F.);
#2928 = PLANE('',#2929);
#2929 = AXIS2_PLACEMENT_3D('',#2930,#2931,#2932);
#2930 = CARTESIAN_POINT('',(3.937,0.4,1.651));
#2931 = DIRECTION('',(1.,0.,0.));
#2932 = DIRECTION('',(0.,-2.22044604925E-16,-1.));
#2933 = ADVANCED_FACE('',(#2934),#2945,.F.);
#2934 = FACE_BOUND('',#2935,.T.);
#2935 = EDGE_LOOP('',(#2936,#2937,#2938,#2944));
#2936 = ORIENTED_EDGE('',*,*,#2884,.T.);
#2937 = ORIENTED_EDGE('',*,*,#2237,.T.);
#2938 = ORIENTED_EDGE('',*,*,#2939,.F.);
#2939 = EDGE_CURVE('',#1519,#2230,#2940,.T.);
#2940 = LINE('',#2941,#2942);
#2941 = CARTESIAN_POINT('',(3.275,0.4,1.651));
#2942 = VECTOR('',#2943,1.);
#2943 = DIRECTION('',(0.,-1.,2.22044604925E-16));
#2944 = ORIENTED_EDGE('',*,*,#1526,.F.);
#2945 = PLANE('',#2946);
#2946 = AXIS2_PLACEMENT_3D('',#2947,#2948,#2949);
#2947 = CARTESIAN_POINT('',(3.225,0.4,1.701));
#2948 = DIRECTION('',(-0.707106781187,-1.570081730385E-16,
    -0.707106781187));
#2949 = DIRECTION('',(7.586052993171E-22,1.,-2.220438463197E-16));
#2950 = ADVANCED_FACE('',(#2951),#2962,.T.);
#2951 = FACE_BOUND('',#2952,.T.);
#2952 = EDGE_LOOP('',(#2953,#2954,#2955,#2961));
#2953 = ORIENTED_EDGE('',*,*,#2939,.T.);
#2954 = ORIENTED_EDGE('',*,*,#2252,.T.);
#2955 = ORIENTED_EDGE('',*,*,#2956,.F.);
#2956 = EDGE_CURVE('',#1542,#2253,#2957,.T.);
#2957 = LINE('',#2958,#2959);
#2958 = CARTESIAN_POINT('',(3.837,0.4,1.651));
#2959 = VECTOR('',#2960,1.);
#2960 = DIRECTION('',(0.,-1.,2.22044604925E-16));
#2961 = ORIENTED_EDGE('',*,*,#1541,.F.);
#2962 = PLANE('',#2963);
#2963 = AXIS2_PLACEMENT_3D('',#2964,#2965,#2966);
#2964 = CARTESIAN_POINT('',(3.175,0.4,1.651));
#2965 = DIRECTION('',(0.,2.22044604925E-16,1.));
#2966 = DIRECTION('',(1.,0.,0.));
#2967 = ADVANCED_FACE('',(#2968),#2979,.F.);
#2968 = FACE_BOUND('',#2969,.T.);
#2969 = EDGE_LOOP('',(#2970,#2976,#2977,#2978));
#2970 = ORIENTED_EDGE('',*,*,#2971,.T.);
#2971 = EDGE_CURVE('',#1565,#2276,#2972,.T.);
#2972 = LINE('',#2973,#2974);
#2973 = CARTESIAN_POINT('',(0.75,0.4,6.5));
#2974 = VECTOR('',#2975,1.);
#2975 = DIRECTION('',(0.,-1.,2.22044604925E-16));
#2976 = ORIENTED_EDGE('',*,*,#2283,.T.);
#2977 = ORIENTED_EDGE('',*,*,#2971,.F.);
#2978 = ORIENTED_EDGE('',*,*,#1572,.F.);
#2979 = CYLINDRICAL_SURFACE('',#2980,0.75);
#2980 = AXIS2_PLACEMENT_3D('',#2981,#2982,#2983);
#2981 = CARTESIAN_POINT('',(0.,0.4,6.5));
#2982 = DIRECTION('',(0.,1.,-2.22044604925E-16));
#2983 = DIRECTION('',(1.,0.,0.));
#2984 = ADVANCED_FACE('',(#2985),#2990,.F.);
#2985 = FACE_BOUND('',#2986,.F.);
#2986 = EDGE_LOOP('',(#2987,#2988,#2989));
#2987 = ORIENTED_EDGE('',*,*,#1589,.F.);
#2988 = ORIENTED_EDGE('',*,*,#1622,.T.);
#2989 = ORIENTED_EDGE('',*,*,#2333,.F.);
#2990 = PLANE('',#2991);
#2991 = AXIS2_PLACEMENT_3D('',#2992,#2993,#2994);
#2992 = CARTESIAN_POINT('',(-2.123321463793,-0.4,-3.075));
#2993 = DIRECTION('',(-0.55765416598,0.562253395109,0.610649613816));
#2994 = DIRECTION('',(0.738422557227,-2.775557561563E-16,0.674338288234)
  );
#2995 = ADVANCED_FACE('',(#2996),#3001,.T.);
#2996 = FACE_BOUND('',#2997,.T.);
#2997 = EDGE_LOOP('',(#2998,#2999,#3000));
#2998 = ORIENTED_EDGE('',*,*,#1663,.F.);
#2999 = ORIENTED_EDGE('',*,*,#1702,.T.);
#3000 = ORIENTED_EDGE('',*,*,#2301,.F.);
#3001 = PLANE('',#3002);
#3002 = AXIS2_PLACEMENT_3D('',#3003,#3004,#3005);
#3003 = CARTESIAN_POINT('',(-3.837,-0.4,1.E-01));
#3004 = DIRECTION('',(-0.57735026919,-0.57735026919,-0.57735026919));
#3005 = DIRECTION('',(-0.707106781187,3.969047313035E-15,0.707106781187)
  );
#3006 = ADVANCED_FACE('',(#3007),#3017,.T.);
#3007 = FACE_BOUND('',#3008,.T.);
#3008 = EDGE_LOOP('',(#3009,#3010,#3011));
#3009 = ORIENTED_EDGE('',*,*,#1718,.F.);
#3010 = ORIENTED_EDGE('',*,*,#1757,.T.);
#3011 = ORIENTED_EDGE('',*,*,#3012,.F.);
#3012 = EDGE_CURVE('',#1711,#1758,#3013,.T.);
#3013 = LINE('',#3014,#3015);
#3014 = CARTESIAN_POINT('',(-3.887,-0.3,1.601));
#3015 = VECTOR('',#3016,1.);
#3016 = DIRECTION('',(0.707106781187,1.057629477511E-15,0.707106781187)
  );
#3017 = PLANE('',#3018);
#3018 = AXIS2_PLACEMENT_3D('',#3019,#3020,#3021);
#3019 = CARTESIAN_POINT('',(-3.837,-0.4,1.551));
#3020 = DIRECTION('',(-0.57735026919,-0.57735026919,0.57735026919));
#3021 = DIRECTION('',(0.707106781187,-3.608224830032E-15,0.707106781187)
  );
#3022 = ADVANCED_FACE('',(#3023),#3033,.T.);
#3023 = FACE_BOUND('',#3024,.T.);
#3024 = EDGE_LOOP('',(#3025,#3026,#3027));
#3025 = ORIENTED_EDGE('',*,*,#1948,.F.);
#3026 = ORIENTED_EDGE('',*,*,#1893,.T.);
#3027 = ORIENTED_EDGE('',*,*,#3028,.F.);
#3028 = EDGE_CURVE('',#1941,#1886,#3029,.T.);
#3029 = LINE('',#3030,#3031);
#3030 = CARTESIAN_POINT('',(2.077473212698,-0.3,-3.125205339677));
#3031 = VECTOR('',#3032,1.);
#3032 = DIRECTION('',(-0.738422557227,2.961893252089E-16,0.674338288234)
  );
#3033 = PLANE('',#3034);
#3034 = AXIS2_PLACEMENT_3D('',#3035,#3036,#3037);
#3035 = CARTESIAN_POINT('',(2.123321463793,-0.4,-3.075));
#3036 = DIRECTION('',(-0.55765416598,-0.562253395109,-0.610649613816));
#3037 = DIRECTION('',(-0.738422557227,3.330669073875E-16,0.674338288234)
  );
#3038 = ADVANCED_FACE('',(#3039),#3049,.F.);
#3039 = FACE_BOUND('',#3040,.F.);
#3040 = EDGE_LOOP('',(#3041,#3042,#3043));
#3041 = ORIENTED_EDGE('',*,*,#1932,.F.);
#3042 = ORIENTED_EDGE('',*,*,#2002,.T.);
#3043 = ORIENTED_EDGE('',*,*,#3044,.F.);
#3044 = EDGE_CURVE('',#1933,#1995,#3045,.T.);
#3045 = LINE('',#3046,#3047);
#3046 = CARTESIAN_POINT('',(3.002526787302,-0.3,-3.125205339677));
#3047 = VECTOR('',#3048,1.);
#3048 = DIRECTION('',(0.738422557227,-1.283487075905E-15,0.674338288234)
  );
#3049 = PLANE('',#3050);
#3050 = AXIS2_PLACEMENT_3D('',#3051,#3052,#3053);
#3051 = CARTESIAN_POINT('',(2.956678536207,-0.4,-3.075));
#3052 = DIRECTION('',(-0.55765416598,0.562253395109,0.610649613816));
#3053 = DIRECTION('',(0.738422557227,-1.165734175856E-15,0.674338288234)
  );
#3054 = ADVANCED_FACE('',(#3055),#3065,.T.);
#3055 = FACE_BOUND('',#3056,.T.);
#3056 = EDGE_LOOP('',(#3057,#3062,#3063,#3064));
#3057 = ORIENTED_EDGE('',*,*,#3058,.F.);
#3058 = EDGE_CURVE('',#2681,#2018,#3059,.T.);
#3059 = B_SPLINE_CURVE_WITH_KNOTS('',1,(#3060,#3061),.UNSPECIFIED.,.F.,
  .F.,(2,2),(0.,1.),.PIECEWISE_BEZIER_KNOTS.);
#3060 = CARTESIAN_POINT('',(-2.229710678119,-0.1,9.454289321881));
#3061 = CARTESIAN_POINT('',(-2.059,-9.999999999999E-02,9.525));
#3062 = ORIENTED_EDGE('',*,*,#2688,.T.);
#3063 = ORIENTED_EDGE('',*,*,#1963,.T.);
#3064 = ORIENTED_EDGE('',*,*,#2033,.F.);
#3065 = B_SPLINE_SURFACE_WITH_KNOTS('',1,1,(
    (#3066,#3067)
    ,(#3068,#3069
    )),.UNSPECIFIED.,.F.,.F.,.F.,(2,2),(2,2),(0.,1.),(0.,1.),
  .PIECEWISE_BEZIER_KNOTS.);
#3066 = CARTESIAN_POINT('',(-2.229710678119,-0.1,9.454289321881));
#3067 = CARTESIAN_POINT('',(-2.059,-9.999999999999E-02,9.525));
#3068 = CARTESIAN_POINT('',(-2.388289321881,-0.3,9.295710678119));
#3069 = CARTESIAN_POINT('',(-2.317578643763,-0.4,9.225));
#3070 = ADVANCED_FACE('',(#3071),#3081,.T.);
#3071 = FACE_BOUND('',#3072,.T.);
#3072 = EDGE_LOOP('',(#3073,#3074,#3075,#3080));
#3073 = ORIENTED_EDGE('',*,*,#2086,.F.);
#3074 = ORIENTED_EDGE('',*,*,#2802,.T.);
#3075 = ORIENTED_EDGE('',*,*,#3076,.T.);
#3076 = EDGE_CURVE('',#2786,#2020,#3077,.T.);
#3077 = B_SPLINE_CURVE_WITH_KNOTS('',1,(#3078,#3079),.UNSPECIFIED.,.F.,
  .F.,(2,2),(0.,1.),.PIECEWISE_BEZIER_KNOTS.);
#3078 = CARTESIAN_POINT('',(2.229710678119,-1.E-01,9.454289321881));
#3079 = CARTESIAN_POINT('',(2.059,-1.E-01,9.525));
#3080 = ORIENTED_EDGE('',*,*,#2027,.F.);
#3081 = B_SPLINE_SURFACE_WITH_KNOTS('',1,1,(
    (#3082,#3083)
    ,(#3084,#3085
    )),.UNSPECIFIED.,.F.,.F.,.F.,(2,2),(2,2),(0.,1.),(0.,1.),
  .PIECEWISE_BEZIER_KNOTS.);
#3082 = CARTESIAN_POINT('',(2.388289321881,-0.3,9.295710678119));
#3083 = CARTESIAN_POINT('',(2.317578643763,-0.4,9.225));
#3084 = CARTESIAN_POINT('',(2.229710678119,-1.E-01,9.454289321881));
#3085 = CARTESIAN_POINT('',(2.059,-1.E-01,9.525));
#3086 = ADVANCED_FACE('',(#3087),#3097,.T.);
#3087 = FACE_BOUND('',#3088,.T.);
#3088 = EDGE_LOOP('',(#3089,#3090,#3091));
#3089 = ORIENTED_EDGE('',*,*,#2212,.F.);
#3090 = ORIENTED_EDGE('',*,*,#2148,.T.);
#3091 = ORIENTED_EDGE('',*,*,#3092,.F.);
#3092 = EDGE_CURVE('',#2205,#2149,#3093,.T.);
#3093 = LINE('',#3094,#3095);
#3094 = CARTESIAN_POINT('',(3.887,-0.3,5.E-02));
#3095 = VECTOR('',#3096,1.);
#3096 = DIRECTION('',(-0.707106781187,-3.365184701171E-15,
    -0.707106781187));
#3097 = PLANE('',#3098);
#3098 = AXIS2_PLACEMENT_3D('',#3099,#3100,#3101);
#3099 = CARTESIAN_POINT('',(3.837,-0.4,0.1));
#3100 = DIRECTION('',(0.57735026919,-0.57735026919,-0.57735026919));
#3101 = DIRECTION('',(-0.707106781187,-2.359223927328E-15,
    -0.707106781187));
#3102 = ADVANCED_FACE('',(#3103),#3113,.T.);
#3103 = FACE_BOUND('',#3104,.T.);
#3104 = EDGE_LOOP('',(#3105,#3106,#3107));
#3105 = ORIENTED_EDGE('',*,*,#2260,.F.);
#3106 = ORIENTED_EDGE('',*,*,#2196,.T.);
#3107 = ORIENTED_EDGE('',*,*,#3108,.F.);
#3108 = EDGE_CURVE('',#2253,#2197,#3109,.T.);
#3109 = LINE('',#3110,#3111);
#3110 = CARTESIAN_POINT('',(3.887,-0.3,1.601));
#3111 = VECTOR('',#3112,1.);
#3112 = DIRECTION('',(0.707106781187,6.730369402342E-16,-0.707106781187)
  );
#3113 = PLANE('',#3114);
#3114 = AXIS2_PLACEMENT_3D('',#3115,#3116,#3117);
#3115 = CARTESIAN_POINT('',(3.837,-0.4,1.551));
#3116 = DIRECTION('',(0.57735026919,-0.57735026919,0.57735026919));
#3117 = DIRECTION('',(0.707106781187,2.275957200482E-15,-0.707106781187)
  );
#3118 = ADVANCED_FACE('',(#3119),#3125,.T.);
#3119 = FACE_BOUND('',#3120,.T.);
#3120 = EDGE_LOOP('',(#3121,#3122,#3123,#3124));
#3121 = ORIENTED_EDGE('',*,*,#2429,.T.);
#3122 = ORIENTED_EDGE('',*,*,#3012,.T.);
#3123 = ORIENTED_EDGE('',*,*,#2477,.F.);
#3124 = ORIENTED_EDGE('',*,*,#2446,.F.);
#3125 = PLANE('',#3126);
#3126 = AXIS2_PLACEMENT_3D('',#3127,#3128,#3129);
#3127 = CARTESIAN_POINT('',(-3.887,0.4,1.601));
#3128 = DIRECTION('',(-0.707106781187,1.570081730385E-16,0.707106781187)
  );
#3129 = DIRECTION('',(7.586052993171E-22,-1.,2.220438463197E-16));
#3130 = ADVANCED_FACE('',(#3131),#3137,.F.);
#3131 = FACE_BOUND('',#3132,.T.);
#3132 = EDGE_LOOP('',(#3133,#3134,#3135,#3136));
#3133 = ORIENTED_EDGE('',*,*,#2640,.T.);
#3134 = ORIENTED_EDGE('',*,*,#3028,.T.);
#3135 = ORIENTED_EDGE('',*,*,#2569,.F.);
#3136 = ORIENTED_EDGE('',*,*,#2586,.F.);
#3137 = PLANE('',#3138);
#3138 = AXIS2_PLACEMENT_3D('',#3139,#3140,#3141);
#3139 = CARTESIAN_POINT('',(2.077473212698,0.4,-3.125205339677));
#3140 = DIRECTION('',(0.674338288234,1.630817884851E-16,0.738422557227)
  );
#3141 = DIRECTION('',(5.940626995838E-19,1.,-2.21394086772E-16));
#3142 = ADVANCED_FACE('',(#3143),#3149,.F.);
#3143 = FACE_BOUND('',#3144,.T.);
#3144 = EDGE_LOOP('',(#3145,#3146,#3147,#3148));
#3145 = ORIENTED_EDGE('',*,*,#2709,.T.);
#3146 = ORIENTED_EDGE('',*,*,#3044,.F.);
#3147 = ORIENTED_EDGE('',*,*,#2633,.F.);
#3148 = ORIENTED_EDGE('',*,*,#2619,.T.);
#3149 = PLANE('',#3150);
#3150 = AXIS2_PLACEMENT_3D('',#3151,#3152,#3153);
#3151 = CARTESIAN_POINT('',(3.002526787302,0.4,-3.125205339677));
#3152 = DIRECTION('',(-0.674338288234,1.648167011286E-16,0.738422557227)
  );
#3153 = DIRECTION('',(5.758553226421E-19,1.,-2.226751854027E-16));
#3154 = ADVANCED_FACE('',(#3155),#3161,.F.);
#3155 = FACE_BOUND('',#3156,.T.);
#3156 = EDGE_LOOP('',(#3157,#3158,#3159,#3160));
#3157 = ORIENTED_EDGE('',*,*,#2655,.F.);
#3158 = ORIENTED_EDGE('',*,*,#2680,.T.);
#3159 = ORIENTED_EDGE('',*,*,#3058,.T.);
#3160 = ORIENTED_EDGE('',*,*,#2724,.F.);
#3161 = PLANE('',#3162);
#3162 = AXIS2_PLACEMENT_3D('',#3163,#3164,#3165);
#3163 = CARTESIAN_POINT('',(-2.144355339059,0.4,9.489644660941));
#3164 = DIRECTION('',(0.382683432365,-1.648268607199E-16,-0.923879532511
    ));
#3165 = DIRECTION('',(-1.542811412793E-17,1.,-1.847978425555E-16));
#3166 = ADVANCED_FACE('',(#3167),#3173,.F.);
#3167 = FACE_BOUND('',#3168,.T.);
#3168 = EDGE_LOOP('',(#3169,#3170,#3171,#3172));
#3169 = ORIENTED_EDGE('',*,*,#2754,.T.);
#3170 = ORIENTED_EDGE('',*,*,#2731,.T.);
#3171 = ORIENTED_EDGE('',*,*,#3076,.F.);
#3172 = ORIENTED_EDGE('',*,*,#2785,.F.);
#3173 = PLANE('',#3174);
#3174 = AXIS2_PLACEMENT_3D('',#3175,#3176,#3177);
#3175 = CARTESIAN_POINT('',(2.144355339059,0.4,9.489644660941));
#3176 = DIRECTION('',(-0.382683432365,-1.648268607199E-16,
    -0.923879532511));
#3177 = DIRECTION('',(1.542811412793E-17,1.,-1.847978425555E-16));
#3178 = ADVANCED_FACE('',(#3179),#3185,.T.);
#3179 = FACE_BOUND('',#3180,.T.);
#3180 = EDGE_LOOP('',(#3181,#3182,#3183,#3184));
#3181 = ORIENTED_EDGE('',*,*,#2922,.T.);
#3182 = ORIENTED_EDGE('',*,*,#3092,.T.);
#3183 = ORIENTED_EDGE('',*,*,#2865,.F.);
#3184 = ORIENTED_EDGE('',*,*,#2851,.F.);
#3185 = PLANE('',#3186);
#3186 = AXIS2_PLACEMENT_3D('',#3187,#3188,#3189);
#3187 = CARTESIAN_POINT('',(3.887,0.4,5.E-02));
#3188 = DIRECTION('',(0.707106781187,-1.570081730385E-16,-0.707106781187
    ));
#3189 = DIRECTION('',(7.586052993664E-22,-1.,2.220438463197E-16));
#3190 = ADVANCED_FACE('',(#3191),#3197,.T.);
#3191 = FACE_BOUND('',#3192,.T.);
#3192 = EDGE_LOOP('',(#3193,#3194,#3195,#3196));
#3193 = ORIENTED_EDGE('',*,*,#2956,.T.);
#3194 = ORIENTED_EDGE('',*,*,#3108,.T.);
#3195 = ORIENTED_EDGE('',*,*,#2915,.F.);
#3196 = ORIENTED_EDGE('',*,*,#2901,.F.);
#3197 = PLANE('',#3198);
#3198 = AXIS2_PLACEMENT_3D('',#3199,#3200,#3201);
#3199 = CARTESIAN_POINT('',(3.887,0.4,1.601));
#3200 = DIRECTION('',(0.707106781187,1.570081730385E-16,0.707106781187)
  );
#3201 = DIRECTION('',(-7.586052993171E-22,-1.,2.220438463197E-16));
#3202 = ( GEOMETRIC_REPRESENTATION_CONTEXT(3) 
GLOBAL_UNCERTAINTY_ASSIGNED_CONTEXT((#3206)) 
GLOBAL_UNIT_ASSIGNED_CONTEXT((#3203,#3204,#3205)) REPRESENTATION_CONTEXT
('Context #1','3D Context with UNIT and UNCERTAINTY') );
#3203 = ( LENGTH_UNIT() NAMED_UNIT(*) SI_UNIT(.MILLI.,.METRE.) );
#3204 = ( NAMED_UNIT(*) PLANE_ANGLE_UNIT() SI_UNIT($,.RADIAN.) );
#3205 = ( NAMED_UNIT(*) SI_UNIT($,.STERADIAN.) SOLID_ANGLE_UNIT() );
#3206 = UNCERTAINTY_MEASURE_WITH_UNIT(LENGTH_MEASURE(1.E-03),#3203,
  'distance_accuracy_value','confusion accuracy');
#3207 = PRODUCT_RELATED_PRODUCT_CATEGORY('part',$,(#7));
#3208 = MECHANICAL_DESIGN_GEOMETRIC_PRESENTATION_REPRESENTATION('',(
    #3209,#3217,#3224,#3231,#3238,#3245,#3252,#3259,#3266,#3273,#3280,
    #3287,#3294,#3301,#3308,#3315,#3322,#3329,#3336,#3343,#3350,#3357,
    #3364,#3371,#3378,#3385,#3392,#3399,#3406,#3413,#3420,#3427,#3434,
    #3441,#3448,#3455,#3462,#3469,#3476,#3483,#3490,#3497,#3504,#3511,
    #3518,#3525,#3532,#3539,#3546,#3553,#3560,#3567,#3574,#3581,#3588,
    #3595,#3602,#3609,#3616,#3623,#3630,#3637,#3644,#3651,#3658,#3665,
    #3672,#3679,#3686,#3693,#3700,#3707,#3714,#3721,#3728,#3735,#3742,
    #3749,#3756,#3763,#3770,#3777,#3784,#3791,#3798,#3805,#3812,#3819,
    #3826,#3833,#3840,#3847,#3854,#3861,#3868,#3875,#3882,#3889,#3896,
    #3903,#3910,#3917,#3924,#3931,#3938,#3945,#3952,#3959,#3966,#3973,
    #3980,#3987,#3994,#4001,#4008,#4015,#4022,#4029,#4036,#4043,#4050,
    #4057,#4064,#4071,#4078),#3202);
#3209 = STYLED_ITEM('color',(#3210),#17);
#3210 = PRESENTATION_STYLE_ASSIGNMENT((#3211));
#3211 = SURFACE_STYLE_USAGE(.BOTH.,#3212);
#3212 = SURFACE_SIDE_STYLE('',(#3213));
#3213 = SURFACE_STYLE_FILL_AREA(#3214);
#3214 = FILL_AREA_STYLE('',(#3215));
#3215 = FILL_AREA_STYLE_COLOUR('',#3216);
#3216 = COLOUR_RGB('',0.824000000954,0.819999992847,0.78100001812);
#3217 = STYLED_ITEM('color',(#3218),#57);
#3218 = PRESENTATION_STYLE_ASSIGNMENT((#3219));
#3219 = SURFACE_STYLE_USAGE(.BOTH.,#3220);
#3220 = SURFACE_SIDE_STYLE('',(#3221));
#3221 = SURFACE_STYLE_FILL_AREA(#3222);
#3222 = FILL_AREA_STYLE('',(#3223));
#3223 = FILL_AREA_STYLE_COLOUR('',#3216);
#3224 = STYLED_ITEM('color',(#3225),#88);
#3225 = PRESENTATION_STYLE_ASSIGNMENT((#3226));
#3226 = SURFACE_STYLE_USAGE(.BOTH.,#3227);
#3227 = SURFACE_SIDE_STYLE('',(#3228));
#3228 = SURFACE_STYLE_FILL_AREA(#3229);
#3229 = FILL_AREA_STYLE('',(#3230));
#3230 = FILL_AREA_STYLE_COLOUR('',#3216);
#3231 = STYLED_ITEM('color',(#3232),#119);
#3232 = PRESENTATION_STYLE_ASSIGNMENT((#3233));
#3233 = SURFACE_STYLE_USAGE(.BOTH.,#3234);
#3234 = SURFACE_SIDE_STYLE('',(#3235));
#3235 = SURFACE_STYLE_FILL_AREA(#3236);
#3236 = FILL_AREA_STYLE('',(#3237));
#3237 = FILL_AREA_STYLE_COLOUR('',#3216);
#3238 = STYLED_ITEM('color',(#3239),#150);
#3239 = PRESENTATION_STYLE_ASSIGNMENT((#3240));
#3240 = SURFACE_STYLE_USAGE(.BOTH.,#3241);
#3241 = SURFACE_SIDE_STYLE('',(#3242));
#3242 = SURFACE_STYLE_FILL_AREA(#3243);
#3243 = FILL_AREA_STYLE('',(#3244));
#3244 = FILL_AREA_STYLE_COLOUR('',#3216);
#3245 = STYLED_ITEM('color',(#3246),#181);
#3246 = PRESENTATION_STYLE_ASSIGNMENT((#3247));
#3247 = SURFACE_STYLE_USAGE(.BOTH.,#3248);
#3248 = SURFACE_SIDE_STYLE('',(#3249));
#3249 = SURFACE_STYLE_FILL_AREA(#3250);
#3250 = FILL_AREA_STYLE('',(#3251));
#3251 = FILL_AREA_STYLE_COLOUR('',#3216);
#3252 = STYLED_ITEM('color',(#3253),#205);
#3253 = PRESENTATION_STYLE_ASSIGNMENT((#3254));
#3254 = SURFACE_STYLE_USAGE(.BOTH.,#3255);
#3255 = SURFACE_SIDE_STYLE('',(#3256));
#3256 = SURFACE_STYLE_FILL_AREA(#3257);
#3257 = FILL_AREA_STYLE('',(#3258));
#3258 = FILL_AREA_STYLE_COLOUR('',#3216);
#3259 = STYLED_ITEM('color',(#3260),#229);
#3260 = PRESENTATION_STYLE_ASSIGNMENT((#3261));
#3261 = SURFACE_STYLE_USAGE(.BOTH.,#3262);
#3262 = SURFACE_SIDE_STYLE('',(#3263));
#3263 = SURFACE_STYLE_FILL_AREA(#3264);
#3264 = FILL_AREA_STYLE('',(#3265));
#3265 = FILL_AREA_STYLE_COLOUR('',#3216);
#3266 = STYLED_ITEM('color',(#3267),#260);
#3267 = PRESENTATION_STYLE_ASSIGNMENT((#3268));
#3268 = SURFACE_STYLE_USAGE(.BOTH.,#3269);
#3269 = SURFACE_SIDE_STYLE('',(#3270));
#3270 = SURFACE_STYLE_FILL_AREA(#3271);
#3271 = FILL_AREA_STYLE('',(#3272));
#3272 = FILL_AREA_STYLE_COLOUR('',#3216);
#3273 = STYLED_ITEM('color',(#3274),#503);
#3274 = PRESENTATION_STYLE_ASSIGNMENT((#3275));
#3275 = SURFACE_STYLE_USAGE(.BOTH.,#3276);
#3276 = SURFACE_SIDE_STYLE('',(#3277));
#3277 = SURFACE_STYLE_FILL_AREA(#3278);
#3278 = FILL_AREA_STYLE('',(#3279));
#3279 = FILL_AREA_STYLE_COLOUR('',#3216);
#3280 = STYLED_ITEM('color',(#3281),#520);
#3281 = PRESENTATION_STYLE_ASSIGNMENT((#3282));
#3282 = SURFACE_STYLE_USAGE(.BOTH.,#3283);
#3283 = SURFACE_SIDE_STYLE('',(#3284));
#3284 = SURFACE_STYLE_FILL_AREA(#3285);
#3285 = FILL_AREA_STYLE('',(#3286));
#3286 = FILL_AREA_STYLE_COLOUR('',#3216);
#3287 = STYLED_ITEM('color',(#3288),#763);
#3288 = PRESENTATION_STYLE_ASSIGNMENT((#3289));
#3289 = SURFACE_STYLE_USAGE(.BOTH.,#3290);
#3290 = SURFACE_SIDE_STYLE('',(#3291));
#3291 = SURFACE_STYLE_FILL_AREA(#3292);
#3292 = FILL_AREA_STYLE('',(#3293));
#3293 = FILL_AREA_STYLE_COLOUR('',#3216);
#3294 = STYLED_ITEM('color',(#3295),#780);
#3295 = PRESENTATION_STYLE_ASSIGNMENT((#3296));
#3296 = SURFACE_STYLE_USAGE(.BOTH.,#3297);
#3297 = SURFACE_SIDE_STYLE('',(#3298));
#3298 = SURFACE_STYLE_FILL_AREA(#3299);
#3299 = FILL_AREA_STYLE('',(#3300));
#3300 = FILL_AREA_STYLE_COLOUR('',#3216);
#3301 = STYLED_ITEM('color',(#3302),#811);
#3302 = PRESENTATION_STYLE_ASSIGNMENT((#3303));
#3303 = SURFACE_STYLE_USAGE(.BOTH.,#3304);
#3304 = SURFACE_SIDE_STYLE('',(#3305));
#3305 = SURFACE_STYLE_FILL_AREA(#3306);
#3306 = FILL_AREA_STYLE('',(#3307));
#3307 = FILL_AREA_STYLE_COLOUR('',#3216);
#3308 = STYLED_ITEM('color',(#3309),#827);
#3309 = PRESENTATION_STYLE_ASSIGNMENT((#3310));
#3310 = SURFACE_STYLE_USAGE(.BOTH.,#3311);
#3311 = SURFACE_SIDE_STYLE('',(#3312));
#3312 = SURFACE_STYLE_FILL_AREA(#3313);
#3313 = FILL_AREA_STYLE('',(#3314));
#3314 = FILL_AREA_STYLE_COLOUR('',#3216);
#3315 = STYLED_ITEM('color',(#3316),#843);
#3316 = PRESENTATION_STYLE_ASSIGNMENT((#3317));
#3317 = SURFACE_STYLE_USAGE(.BOTH.,#3318);
#3318 = SURFACE_SIDE_STYLE('',(#3319));
#3319 = SURFACE_STYLE_FILL_AREA(#3320);
#3320 = FILL_AREA_STYLE('',(#3321));
#3321 = FILL_AREA_STYLE_COLOUR('',#3216);
#3322 = STYLED_ITEM('color',(#3323),#874);
#3323 = PRESENTATION_STYLE_ASSIGNMENT((#3324));
#3324 = SURFACE_STYLE_USAGE(.BOTH.,#3325);
#3325 = SURFACE_SIDE_STYLE('',(#3326));
#3326 = SURFACE_STYLE_FILL_AREA(#3327);
#3327 = FILL_AREA_STYLE('',(#3328));
#3328 = FILL_AREA_STYLE_COLOUR('',#3216);
#3329 = STYLED_ITEM('color',(#3330),#891);
#3330 = PRESENTATION_STYLE_ASSIGNMENT((#3331));
#3331 = SURFACE_STYLE_USAGE(.BOTH.,#3332);
#3332 = SURFACE_SIDE_STYLE('',(#3333));
#3333 = SURFACE_STYLE_FILL_AREA(#3334);
#3334 = FILL_AREA_STYLE('',(#3335));
#3335 = FILL_AREA_STYLE_COLOUR('',#3216);
#3336 = STYLED_ITEM('color',(#3337),#922);
#3337 = PRESENTATION_STYLE_ASSIGNMENT((#3338));
#3338 = SURFACE_STYLE_USAGE(.BOTH.,#3339);
#3339 = SURFACE_SIDE_STYLE('',(#3340));
#3340 = SURFACE_STYLE_FILL_AREA(#3341);
#3341 = FILL_AREA_STYLE('',(#3342));
#3342 = FILL_AREA_STYLE_COLOUR('',#3216);
#3343 = STYLED_ITEM('color',(#3344),#946);
#3344 = PRESENTATION_STYLE_ASSIGNMENT((#3345));
#3345 = SURFACE_STYLE_USAGE(.BOTH.,#3346);
#3346 = SURFACE_SIDE_STYLE('',(#3347));
#3347 = SURFACE_STYLE_FILL_AREA(#3348);
#3348 = FILL_AREA_STYLE('',(#3349));
#3349 = FILL_AREA_STYLE_COLOUR('',#3216);
#3350 = STYLED_ITEM('color',(#3351),#963);
#3351 = PRESENTATION_STYLE_ASSIGNMENT((#3352));
#3352 = SURFACE_STYLE_USAGE(.BOTH.,#3353);
#3353 = SURFACE_SIDE_STYLE('',(#3354));
#3354 = SURFACE_STYLE_FILL_AREA(#3355);
#3355 = FILL_AREA_STYLE('',(#3356));
#3356 = FILL_AREA_STYLE_COLOUR('',#3216);
#3357 = STYLED_ITEM('color',(#3358),#987);
#3358 = PRESENTATION_STYLE_ASSIGNMENT((#3359));
#3359 = SURFACE_STYLE_USAGE(.BOTH.,#3360);
#3360 = SURFACE_SIDE_STYLE('',(#3361));
#3361 = SURFACE_STYLE_FILL_AREA(#3362);
#3362 = FILL_AREA_STYLE('',(#3363));
#3363 = FILL_AREA_STYLE_COLOUR('',#3216);
#3364 = STYLED_ITEM('color',(#3365),#1018);
#3365 = PRESENTATION_STYLE_ASSIGNMENT((#3366));
#3366 = SURFACE_STYLE_USAGE(.BOTH.,#3367);
#3367 = SURFACE_SIDE_STYLE('',(#3368));
#3368 = SURFACE_STYLE_FILL_AREA(#3369);
#3369 = FILL_AREA_STYLE('',(#3370));
#3370 = FILL_AREA_STYLE_COLOUR('',#3216);
#3371 = STYLED_ITEM('color',(#3372),#1042);
#3372 = PRESENTATION_STYLE_ASSIGNMENT((#3373));
#3373 = SURFACE_STYLE_USAGE(.BOTH.,#3374);
#3374 = SURFACE_SIDE_STYLE('',(#3375));
#3375 = SURFACE_STYLE_FILL_AREA(#3376);
#3376 = FILL_AREA_STYLE('',(#3377));
#3377 = FILL_AREA_STYLE_COLOUR('',#3216);
#3378 = STYLED_ITEM('color',(#3379),#1073);
#3379 = PRESENTATION_STYLE_ASSIGNMENT((#3380));
#3380 = SURFACE_STYLE_USAGE(.BOTH.,#3381);
#3381 = SURFACE_SIDE_STYLE('',(#3382));
#3382 = SURFACE_STYLE_FILL_AREA(#3383);
#3383 = FILL_AREA_STYLE('',(#3384));
#3384 = FILL_AREA_STYLE_COLOUR('',#3216);
#3385 = STYLED_ITEM('color',(#3386),#1097);
#3386 = PRESENTATION_STYLE_ASSIGNMENT((#3387));
#3387 = SURFACE_STYLE_USAGE(.BOTH.,#3388);
#3388 = SURFACE_SIDE_STYLE('',(#3389));
#3389 = SURFACE_STYLE_FILL_AREA(#3390);
#3390 = FILL_AREA_STYLE('',(#3391));
#3391 = FILL_AREA_STYLE_COLOUR('',#3216);
#3392 = STYLED_ITEM('color',(#3393),#1121);
#3393 = PRESENTATION_STYLE_ASSIGNMENT((#3394));
#3394 = SURFACE_STYLE_USAGE(.BOTH.,#3395);
#3395 = SURFACE_SIDE_STYLE('',(#3396));
#3396 = SURFACE_STYLE_FILL_AREA(#3397);
#3397 = FILL_AREA_STYLE('',(#3398));
#3398 = FILL_AREA_STYLE_COLOUR('',#3216);
#3399 = STYLED_ITEM('color',(#3400),#1145);
#3400 = PRESENTATION_STYLE_ASSIGNMENT((#3401));
#3401 = SURFACE_STYLE_USAGE(.BOTH.,#3402);
#3402 = SURFACE_SIDE_STYLE('',(#3403));
#3403 = SURFACE_STYLE_FILL_AREA(#3404);
#3404 = FILL_AREA_STYLE('',(#3405));
#3405 = FILL_AREA_STYLE_COLOUR('',#3216);
#3406 = STYLED_ITEM('color',(#3407),#1169);
#3407 = PRESENTATION_STYLE_ASSIGNMENT((#3408));
#3408 = SURFACE_STYLE_USAGE(.BOTH.,#3409);
#3409 = SURFACE_SIDE_STYLE('',(#3410));
#3410 = SURFACE_STYLE_FILL_AREA(#3411);
#3411 = FILL_AREA_STYLE('',(#3412));
#3412 = FILL_AREA_STYLE_COLOUR('',#3216);
#3413 = STYLED_ITEM('color',(#3414),#1193);
#3414 = PRESENTATION_STYLE_ASSIGNMENT((#3415));
#3415 = SURFACE_STYLE_USAGE(.BOTH.,#3416);
#3416 = SURFACE_SIDE_STYLE('',(#3417));
#3417 = SURFACE_STYLE_FILL_AREA(#3418);
#3418 = FILL_AREA_STYLE('',(#3419));
#3419 = FILL_AREA_STYLE_COLOUR('',#3216);
#3420 = STYLED_ITEM('color',(#3421),#1217);
#3421 = PRESENTATION_STYLE_ASSIGNMENT((#3422));
#3422 = SURFACE_STYLE_USAGE(.BOTH.,#3423);
#3423 = SURFACE_SIDE_STYLE('',(#3424));
#3424 = SURFACE_STYLE_FILL_AREA(#3425);
#3425 = FILL_AREA_STYLE('',(#3426));
#3426 = FILL_AREA_STYLE_COLOUR('',#3216);
#3427 = STYLED_ITEM('color',(#3428),#1248);
#3428 = PRESENTATION_STYLE_ASSIGNMENT((#3429));
#3429 = SURFACE_STYLE_USAGE(.BOTH.,#3430);
#3430 = SURFACE_SIDE_STYLE('',(#3431));
#3431 = SURFACE_STYLE_FILL_AREA(#3432);
#3432 = FILL_AREA_STYLE('',(#3433));
#3433 = FILL_AREA_STYLE_COLOUR('',#3216);
#3434 = STYLED_ITEM('color',(#3435),#1271);
#3435 = PRESENTATION_STYLE_ASSIGNMENT((#3436));
#3436 = SURFACE_STYLE_USAGE(.BOTH.,#3437);
#3437 = SURFACE_SIDE_STYLE('',(#3438));
#3438 = SURFACE_STYLE_FILL_AREA(#3439);
#3439 = FILL_AREA_STYLE('',(#3440));
#3440 = FILL_AREA_STYLE_COLOUR('',#3216);
#3441 = STYLED_ITEM('color',(#3442),#1302);
#3442 = PRESENTATION_STYLE_ASSIGNMENT((#3443));
#3443 = SURFACE_STYLE_USAGE(.BOTH.,#3444);
#3444 = SURFACE_SIDE_STYLE('',(#3445));
#3445 = SURFACE_STYLE_FILL_AREA(#3446);
#3446 = FILL_AREA_STYLE('',(#3447));
#3447 = FILL_AREA_STYLE_COLOUR('',#3216);
#3448 = STYLED_ITEM('color',(#3449),#1331);
#3449 = PRESENTATION_STYLE_ASSIGNMENT((#3450));
#3450 = SURFACE_STYLE_USAGE(.BOTH.,#3451);
#3451 = SURFACE_SIDE_STYLE('',(#3452));
#3452 = SURFACE_STYLE_FILL_AREA(#3453);
#3453 = FILL_AREA_STYLE('',(#3454));
#3454 = FILL_AREA_STYLE_COLOUR('',#3216);
#3455 = STYLED_ITEM('color',(#3456),#1355);
#3456 = PRESENTATION_STYLE_ASSIGNMENT((#3457));
#3457 = SURFACE_STYLE_USAGE(.BOTH.,#3458);
#3458 = SURFACE_SIDE_STYLE('',(#3459));
#3459 = SURFACE_STYLE_FILL_AREA(#3460);
#3460 = FILL_AREA_STYLE('',(#3461));
#3461 = FILL_AREA_STYLE_COLOUR('',#3216);
#3462 = STYLED_ITEM('color',(#3463),#1385);
#3463 = PRESENTATION_STYLE_ASSIGNMENT((#3464));
#3464 = SURFACE_STYLE_USAGE(.BOTH.,#3465);
#3465 = SURFACE_SIDE_STYLE('',(#3466));
#3466 = SURFACE_STYLE_FILL_AREA(#3467);
#3467 = FILL_AREA_STYLE('',(#3468));
#3468 = FILL_AREA_STYLE_COLOUR('',#3216);
#3469 = STYLED_ITEM('color',(#3470),#1409);
#3470 = PRESENTATION_STYLE_ASSIGNMENT((#3471));
#3471 = SURFACE_STYLE_USAGE(.BOTH.,#3472);
#3472 = SURFACE_SIDE_STYLE('',(#3473));
#3473 = SURFACE_STYLE_FILL_AREA(#3474);
#3474 = FILL_AREA_STYLE('',(#3475));
#3475 = FILL_AREA_STYLE_COLOUR('',#3216);
#3476 = STYLED_ITEM('color',(#3477),#1433);
#3477 = PRESENTATION_STYLE_ASSIGNMENT((#3478));
#3478 = SURFACE_STYLE_USAGE(.BOTH.,#3479);
#3479 = SURFACE_SIDE_STYLE('',(#3480));
#3480 = SURFACE_STYLE_FILL_AREA(#3481);
#3481 = FILL_AREA_STYLE('',(#3482));
#3482 = FILL_AREA_STYLE_COLOUR('',#3216);
#3483 = STYLED_ITEM('color',(#3484),#1457);
#3484 = PRESENTATION_STYLE_ASSIGNMENT((#3485));
#3485 = SURFACE_STYLE_USAGE(.BOTH.,#3486);
#3486 = SURFACE_SIDE_STYLE('',(#3487));
#3487 = SURFACE_STYLE_FILL_AREA(#3488);
#3488 = FILL_AREA_STYLE('',(#3489));
#3489 = FILL_AREA_STYLE_COLOUR('',#3216);
#3490 = STYLED_ITEM('color',(#3491),#1481);
#3491 = PRESENTATION_STYLE_ASSIGNMENT((#3492));
#3492 = SURFACE_STYLE_USAGE(.BOTH.,#3493);
#3493 = SURFACE_SIDE_STYLE('',(#3494));
#3494 = SURFACE_STYLE_FILL_AREA(#3495);
#3495 = FILL_AREA_STYLE('',(#3496));
#3496 = FILL_AREA_STYLE_COLOUR('',#3216);
#3497 = STYLED_ITEM('color',(#3498),#1512);
#3498 = PRESENTATION_STYLE_ASSIGNMENT((#3499));
#3499 = SURFACE_STYLE_USAGE(.BOTH.,#3500);
#3500 = SURFACE_SIDE_STYLE('',(#3501));
#3501 = SURFACE_STYLE_FILL_AREA(#3502);
#3502 = FILL_AREA_STYLE('',(#3503));
#3503 = FILL_AREA_STYLE_COLOUR('',#3216);
#3504 = STYLED_ITEM('color',(#3505),#1536);
#3505 = PRESENTATION_STYLE_ASSIGNMENT((#3506));
#3506 = SURFACE_STYLE_USAGE(.BOTH.,#3507);
#3507 = SURFACE_SIDE_STYLE('',(#3508));
#3508 = SURFACE_STYLE_FILL_AREA(#3509);
#3509 = FILL_AREA_STYLE('',(#3510));
#3510 = FILL_AREA_STYLE_COLOUR('',#3216);
#3511 = STYLED_ITEM('color',(#3512),#1560);
#3512 = PRESENTATION_STYLE_ASSIGNMENT((#3513));
#3513 = SURFACE_STYLE_USAGE(.BOTH.,#3514);
#3514 = SURFACE_SIDE_STYLE('',(#3515));
#3515 = SURFACE_STYLE_FILL_AREA(#3516);
#3516 = FILL_AREA_STYLE('',(#3517));
#3517 = FILL_AREA_STYLE_COLOUR('',#3216);
#3518 = STYLED_ITEM('color',(#3519),#1585);
#3519 = PRESENTATION_STYLE_ASSIGNMENT((#3520));
#3520 = SURFACE_STYLE_USAGE(.BOTH.,#3521);
#3521 = SURFACE_SIDE_STYLE('',(#3522));
#3522 = SURFACE_STYLE_FILL_AREA(#3523);
#3523 = FILL_AREA_STYLE('',(#3524));
#3524 = FILL_AREA_STYLE_COLOUR('',#3216);
#3525 = STYLED_ITEM('color',(#3526),#1602);
#3526 = PRESENTATION_STYLE_ASSIGNMENT((#3527));
#3527 = SURFACE_STYLE_USAGE(.BOTH.,#3528);
#3528 = SURFACE_SIDE_STYLE('',(#3529));
#3529 = SURFACE_STYLE_FILL_AREA(#3530);
#3530 = FILL_AREA_STYLE('',(#3531));
#3531 = FILL_AREA_STYLE_COLOUR('',#3216);
#3532 = STYLED_ITEM('color',(#3533),#1633);
#3533 = PRESENTATION_STYLE_ASSIGNMENT((#3534));
#3534 = SURFACE_STYLE_USAGE(.BOTH.,#3535);
#3535 = SURFACE_SIDE_STYLE('',(#3536));
#3536 = SURFACE_STYLE_FILL_AREA(#3537);
#3537 = FILL_AREA_STYLE('',(#3538));
#3538 = FILL_AREA_STYLE_COLOUR('',#3216);
#3539 = STYLED_ITEM('color',(#3540),#1657);
#3540 = PRESENTATION_STYLE_ASSIGNMENT((#3541));
#3541 = SURFACE_STYLE_USAGE(.BOTH.,#3542);
#3542 = SURFACE_SIDE_STYLE('',(#3543));
#3543 = SURFACE_STYLE_FILL_AREA(#3544);
#3544 = FILL_AREA_STYLE('',(#3545));
#3545 = FILL_AREA_STYLE_COLOUR('',#3216);
#3546 = STYLED_ITEM('color',(#3547),#1674);
#3547 = PRESENTATION_STYLE_ASSIGNMENT((#3548));
#3548 = SURFACE_STYLE_USAGE(.BOTH.,#3549);
#3549 = SURFACE_SIDE_STYLE('',(#3550));
#3550 = SURFACE_STYLE_FILL_AREA(#3551);
#3551 = FILL_AREA_STYLE('',(#3552));
#3552 = FILL_AREA_STYLE_COLOUR('',#3216);
#3553 = STYLED_ITEM('color',(#3554),#1698);
#3554 = PRESENTATION_STYLE_ASSIGNMENT((#3555));
#3555 = SURFACE_STYLE_USAGE(.BOTH.,#3556);
#3556 = SURFACE_SIDE_STYLE('',(#3557));
#3557 = SURFACE_STYLE_FILL_AREA(#3558);
#3558 = FILL_AREA_STYLE('',(#3559));
#3559 = FILL_AREA_STYLE_COLOUR('',#3216);
#3560 = STYLED_ITEM('color',(#3561),#1729);
#3561 = PRESENTATION_STYLE_ASSIGNMENT((#3562));
#3562 = SURFACE_STYLE_USAGE(.BOTH.,#3563);
#3563 = SURFACE_SIDE_STYLE('',(#3564));
#3564 = SURFACE_STYLE_FILL_AREA(#3565);
#3565 = FILL_AREA_STYLE('',(#3566));
#3566 = FILL_AREA_STYLE_COLOUR('',#3216);
#3567 = STYLED_ITEM('color',(#3568),#1753);
#3568 = PRESENTATION_STYLE_ASSIGNMENT((#3569));
#3569 = SURFACE_STYLE_USAGE(.BOTH.,#3570);
#3570 = SURFACE_SIDE_STYLE('',(#3571));
#3571 = SURFACE_STYLE_FILL_AREA(#3572);
#3572 = FILL_AREA_STYLE('',(#3573));
#3573 = FILL_AREA_STYLE_COLOUR('',#3216);
#3574 = STYLED_ITEM('color',(#3575),#1784);
#3575 = PRESENTATION_STYLE_ASSIGNMENT((#3576));
#3576 = SURFACE_STYLE_USAGE(.BOTH.,#3577);
#3577 = SURFACE_SIDE_STYLE('',(#3578));
#3578 = SURFACE_STYLE_FILL_AREA(#3579);
#3579 = FILL_AREA_STYLE('',(#3580));
#3580 = FILL_AREA_STYLE_COLOUR('',#3216);
#3581 = STYLED_ITEM('color',(#3582),#1808);
#3582 = PRESENTATION_STYLE_ASSIGNMENT((#3583));
#3583 = SURFACE_STYLE_USAGE(.BOTH.,#3584);
#3584 = SURFACE_SIDE_STYLE('',(#3585));
#3585 = SURFACE_STYLE_FILL_AREA(#3586);
#3586 = FILL_AREA_STYLE('',(#3587));
#3587 = FILL_AREA_STYLE_COLOUR('',#3216);
#3588 = STYLED_ITEM('color',(#3589),#1832);
#3589 = PRESENTATION_STYLE_ASSIGNMENT((#3590));
#3590 = SURFACE_STYLE_USAGE(.BOTH.,#3591);
#3591 = SURFACE_SIDE_STYLE('',(#3592));
#3592 = SURFACE_STYLE_FILL_AREA(#3593);
#3593 = FILL_AREA_STYLE('',(#3594));
#3594 = FILL_AREA_STYLE_COLOUR('',#3216);
#3595 = STYLED_ITEM('color',(#3596),#1856);
#3596 = PRESENTATION_STYLE_ASSIGNMENT((#3597));
#3597 = SURFACE_STYLE_USAGE(.BOTH.,#3598);
#3598 = SURFACE_SIDE_STYLE('',(#3599));
#3599 = SURFACE_STYLE_FILL_AREA(#3600);
#3600 = FILL_AREA_STYLE('',(#3601));
#3601 = FILL_AREA_STYLE_COLOUR('',#3216);
#3602 = STYLED_ITEM('color',(#3603),#1880);
#3603 = PRESENTATION_STYLE_ASSIGNMENT((#3604));
#3604 = SURFACE_STYLE_USAGE(.BOTH.,#3605);
#3605 = SURFACE_SIDE_STYLE('',(#3606));
#3606 = SURFACE_STYLE_FILL_AREA(#3607);
#3607 = FILL_AREA_STYLE('',(#3608));
#3608 = FILL_AREA_STYLE_COLOUR('',#3216);
#3609 = STYLED_ITEM('color',(#3610),#1904);
#3610 = PRESENTATION_STYLE_ASSIGNMENT((#3611));
#3611 = SURFACE_STYLE_USAGE(.BOTH.,#3612);
#3612 = SURFACE_SIDE_STYLE('',(#3613));
#3613 = SURFACE_STYLE_FILL_AREA(#3614);
#3614 = FILL_AREA_STYLE('',(#3615));
#3615 = FILL_AREA_STYLE_COLOUR('',#3216);
#3616 = STYLED_ITEM('color',(#3617),#1928);
#3617 = PRESENTATION_STYLE_ASSIGNMENT((#3618));
#3618 = SURFACE_STYLE_USAGE(.BOTH.,#3619);
#3619 = SURFACE_SIDE_STYLE('',(#3620));
#3620 = SURFACE_STYLE_FILL_AREA(#3621);
#3621 = FILL_AREA_STYLE('',(#3622));
#3622 = FILL_AREA_STYLE_COLOUR('',#3216);
#3623 = STYLED_ITEM('color',(#3624),#1959);
#3624 = PRESENTATION_STYLE_ASSIGNMENT((#3625));
#3625 = SURFACE_STYLE_USAGE(.BOTH.,#3626);
#3626 = SURFACE_SIDE_STYLE('',(#3627));
#3627 = SURFACE_STYLE_FILL_AREA(#3628);
#3628 = FILL_AREA_STYLE('',(#3629));
#3629 = FILL_AREA_STYLE_COLOUR('',#3216);
#3630 = STYLED_ITEM('color',(#3631),#1982);
#3631 = PRESENTATION_STYLE_ASSIGNMENT((#3632));
#3632 = SURFACE_STYLE_USAGE(.BOTH.,#3633);
#3633 = SURFACE_SIDE_STYLE('',(#3634));
#3634 = SURFACE_STYLE_FILL_AREA(#3635);
#3635 = FILL_AREA_STYLE('',(#3636));
#3636 = FILL_AREA_STYLE_COLOUR('',#3216);
#3637 = STYLED_ITEM('color',(#3638),#2013);
#3638 = PRESENTATION_STYLE_ASSIGNMENT((#3639));
#3639 = SURFACE_STYLE_USAGE(.BOTH.,#3640);
#3640 = SURFACE_SIDE_STYLE('',(#3641));
#3641 = SURFACE_STYLE_FILL_AREA(#3642);
#3642 = FILL_AREA_STYLE('',(#3643));
#3643 = FILL_AREA_STYLE_COLOUR('',#3216);
#3644 = STYLED_ITEM('color',(#3645),#2042);
#3645 = PRESENTATION_STYLE_ASSIGNMENT((#3646));
#3646 = SURFACE_STYLE_USAGE(.BOTH.,#3647);
#3647 = SURFACE_SIDE_STYLE('',(#3648));
#3648 = SURFACE_STYLE_FILL_AREA(#3649);
#3649 = FILL_AREA_STYLE('',(#3650));
#3650 = FILL_AREA_STYLE_COLOUR('',#3216);
#3651 = STYLED_ITEM('color',(#3652),#2066);
#3652 = PRESENTATION_STYLE_ASSIGNMENT((#3653));
#3653 = SURFACE_STYLE_USAGE(.BOTH.,#3654);
#3654 = SURFACE_SIDE_STYLE('',(#3655));
#3655 = SURFACE_STYLE_FILL_AREA(#3656);
#3656 = FILL_AREA_STYLE('',(#3657));
#3657 = FILL_AREA_STYLE_COLOUR('',#3216);
#3658 = STYLED_ITEM('color',(#3659),#2096);
#3659 = PRESENTATION_STYLE_ASSIGNMENT((#3660));
#3660 = SURFACE_STYLE_USAGE(.BOTH.,#3661);
#3661 = SURFACE_SIDE_STYLE('',(#3662));
#3662 = SURFACE_STYLE_FILL_AREA(#3663);
#3663 = FILL_AREA_STYLE('',(#3664));
#3664 = FILL_AREA_STYLE_COLOUR('',#3216);
#3665 = STYLED_ITEM('color',(#3666),#2120);
#3666 = PRESENTATION_STYLE_ASSIGNMENT((#3667));
#3667 = SURFACE_STYLE_USAGE(.BOTH.,#3668);
#3668 = SURFACE_SIDE_STYLE('',(#3669));
#3669 = SURFACE_STYLE_FILL_AREA(#3670);
#3670 = FILL_AREA_STYLE('',(#3671));
#3671 = FILL_AREA_STYLE_COLOUR('',#3216);
#3672 = STYLED_ITEM('color',(#3673),#2144);
#3673 = PRESENTATION_STYLE_ASSIGNMENT((#3674));
#3674 = SURFACE_STYLE_USAGE(.BOTH.,#3675);
#3675 = SURFACE_SIDE_STYLE('',(#3676));
#3676 = SURFACE_STYLE_FILL_AREA(#3677);
#3677 = FILL_AREA_STYLE('',(#3678));
#3678 = FILL_AREA_STYLE_COLOUR('',#3216);
#3679 = STYLED_ITEM('color',(#3680),#2168);
#3680 = PRESENTATION_STYLE_ASSIGNMENT((#3681));
#3681 = SURFACE_STYLE_USAGE(.BOTH.,#3682);
#3682 = SURFACE_SIDE_STYLE('',(#3683));
#3683 = SURFACE_STYLE_FILL_AREA(#3684);
#3684 = FILL_AREA_STYLE('',(#3685));
#3685 = FILL_AREA_STYLE_COLOUR('',#3216);
#3686 = STYLED_ITEM('color',(#3687),#2192);
#3687 = PRESENTATION_STYLE_ASSIGNMENT((#3688));
#3688 = SURFACE_STYLE_USAGE(.BOTH.,#3689);
#3689 = SURFACE_SIDE_STYLE('',(#3690));
#3690 = SURFACE_STYLE_FILL_AREA(#3691);
#3691 = FILL_AREA_STYLE('',(#3692));
#3692 = FILL_AREA_STYLE_COLOUR('',#3216);
#3693 = STYLED_ITEM('color',(#3694),#2223);
#3694 = PRESENTATION_STYLE_ASSIGNMENT((#3695));
#3695 = SURFACE_STYLE_USAGE(.BOTH.,#3696);
#3696 = SURFACE_SIDE_STYLE('',(#3697));
#3697 = SURFACE_STYLE_FILL_AREA(#3698);
#3698 = FILL_AREA_STYLE('',(#3699));
#3699 = FILL_AREA_STYLE_COLOUR('',#3216);
#3700 = STYLED_ITEM('color',(#3701),#2247);
#3701 = PRESENTATION_STYLE_ASSIGNMENT((#3702));
#3702 = SURFACE_STYLE_USAGE(.BOTH.,#3703);
#3703 = SURFACE_SIDE_STYLE('',(#3704));
#3704 = SURFACE_STYLE_FILL_AREA(#3705);
#3705 = FILL_AREA_STYLE('',(#3706));
#3706 = FILL_AREA_STYLE_COLOUR('',#3216);
#3707 = STYLED_ITEM('color',(#3708),#2271);
#3708 = PRESENTATION_STYLE_ASSIGNMENT((#3709));
#3709 = SURFACE_STYLE_USAGE(.BOTH.,#3710);
#3710 = SURFACE_SIDE_STYLE('',(#3711));
#3711 = SURFACE_STYLE_FILL_AREA(#3712);
#3712 = FILL_AREA_STYLE('',(#3713));
#3713 = FILL_AREA_STYLE_COLOUR('',#3216);
#3714 = STYLED_ITEM('color',(#3715),#2296);
#3715 = PRESENTATION_STYLE_ASSIGNMENT((#3716));
#3716 = SURFACE_STYLE_USAGE(.BOTH.,#3717);
#3717 = SURFACE_SIDE_STYLE('',(#3718));
#3718 = SURFACE_STYLE_FILL_AREA(#3719);
#3719 = FILL_AREA_STYLE('',(#3720));
#3720 = FILL_AREA_STYLE_COLOUR('',#3216);
#3721 = STYLED_ITEM('color',(#3722),#2323);
#3722 = PRESENTATION_STYLE_ASSIGNMENT((#3723));
#3723 = SURFACE_STYLE_USAGE(.BOTH.,#3724);
#3724 = SURFACE_SIDE_STYLE('',(#3725));
#3725 = SURFACE_STYLE_FILL_AREA(#3726);
#3726 = FILL_AREA_STYLE('',(#3727));
#3727 = FILL_AREA_STYLE_COLOUR('',#3216);
#3728 = STYLED_ITEM('color',(#3729),#2350);
#3729 = PRESENTATION_STYLE_ASSIGNMENT((#3730));
#3730 = SURFACE_STYLE_USAGE(.BOTH.,#3731);
#3731 = SURFACE_SIDE_STYLE('',(#3732));
#3732 = SURFACE_STYLE_FILL_AREA(#3733);
#3733 = FILL_AREA_STYLE('',(#3734));
#3734 = FILL_AREA_STYLE_COLOUR('',#3216);
#3735 = STYLED_ITEM('color',(#3736),#2361);
#3736 = PRESENTATION_STYLE_ASSIGNMENT((#3737));
#3737 = SURFACE_STYLE_USAGE(.BOTH.,#3738);
#3738 = SURFACE_SIDE_STYLE('',(#3739));
#3739 = SURFACE_STYLE_FILL_AREA(#3740);
#3740 = FILL_AREA_STYLE('',(#3741));
#3741 = FILL_AREA_STYLE_COLOUR('',#3216);
#3742 = STYLED_ITEM('color',(#3743),#2378);
#3743 = PRESENTATION_STYLE_ASSIGNMENT((#3744));
#3744 = SURFACE_STYLE_USAGE(.BOTH.,#3745);
#3745 = SURFACE_SIDE_STYLE('',(#3746));
#3746 = SURFACE_STYLE_FILL_AREA(#3747);
#3747 = FILL_AREA_STYLE('',(#3748));
#3748 = FILL_AREA_STYLE_COLOUR('',#3216);
#3749 = STYLED_ITEM('color',(#3750),#2395);
#3750 = PRESENTATION_STYLE_ASSIGNMENT((#3751));
#3751 = SURFACE_STYLE_USAGE(.BOTH.,#3752);
#3752 = SURFACE_SIDE_STYLE('',(#3753));
#3753 = SURFACE_STYLE_FILL_AREA(#3754);
#3754 = FILL_AREA_STYLE('',(#3755));
#3755 = FILL_AREA_STYLE_COLOUR('',#3216);
#3756 = STYLED_ITEM('color',(#3757),#2406);
#3757 = PRESENTATION_STYLE_ASSIGNMENT((#3758));
#3758 = SURFACE_STYLE_USAGE(.BOTH.,#3759);
#3759 = SURFACE_SIDE_STYLE('',(#3760));
#3760 = SURFACE_STYLE_FILL_AREA(#3761);
#3761 = FILL_AREA_STYLE('',(#3762));
#3762 = FILL_AREA_STYLE_COLOUR('',#3216);
#3763 = STYLED_ITEM('color',(#3764),#2423);
#3764 = PRESENTATION_STYLE_ASSIGNMENT((#3765));
#3765 = SURFACE_STYLE_USAGE(.BOTH.,#3766);
#3766 = SURFACE_SIDE_STYLE('',(#3767));
#3767 = SURFACE_STYLE_FILL_AREA(#3768);
#3768 = FILL_AREA_STYLE('',(#3769));
#3769 = FILL_AREA_STYLE_COLOUR('',#3216);
#3770 = STYLED_ITEM('color',(#3771),#2440);
#3771 = PRESENTATION_STYLE_ASSIGNMENT((#3772));
#3772 = SURFACE_STYLE_USAGE(.BOTH.,#3773);
#3773 = SURFACE_SIDE_STYLE('',(#3774));
#3774 = SURFACE_STYLE_FILL_AREA(#3775);
#3775 = FILL_AREA_STYLE('',(#3776));
#3776 = FILL_AREA_STYLE_COLOUR('',#3216);
#3777 = STYLED_ITEM('color',(#3778),#2456);
#3778 = PRESENTATION_STYLE_ASSIGNMENT((#3779));
#3779 = SURFACE_STYLE_USAGE(.BOTH.,#3780);
#3780 = SURFACE_SIDE_STYLE('',(#3781));
#3781 = SURFACE_STYLE_FILL_AREA(#3782);
#3782 = FILL_AREA_STYLE('',(#3783));
#3783 = FILL_AREA_STYLE_COLOUR('',#3216);
#3784 = STYLED_ITEM('color',(#3785),#2473);
#3785 = PRESENTATION_STYLE_ASSIGNMENT((#3786));
#3786 = SURFACE_STYLE_USAGE(.BOTH.,#3787);
#3787 = SURFACE_SIDE_STYLE('',(#3788));
#3788 = SURFACE_STYLE_FILL_AREA(#3789);
#3789 = FILL_AREA_STYLE('',(#3790));
#3790 = FILL_AREA_STYLE_COLOUR('',#3216);
#3791 = STYLED_ITEM('color',(#3792),#2495);
#3792 = PRESENTATION_STYLE_ASSIGNMENT((#3793));
#3793 = SURFACE_STYLE_USAGE(.BOTH.,#3794);
#3794 = SURFACE_SIDE_STYLE('',(#3795));
#3795 = SURFACE_STYLE_FILL_AREA(#3796);
#3796 = FILL_AREA_STYLE('',(#3797));
#3797 = FILL_AREA_STYLE_COLOUR('',#3216);
#3798 = STYLED_ITEM('color',(#3799),#2512);
#3799 = PRESENTATION_STYLE_ASSIGNMENT((#3800));
#3800 = SURFACE_STYLE_USAGE(.BOTH.,#3801);
#3801 = SURFACE_SIDE_STYLE('',(#3802));
#3802 = SURFACE_STYLE_FILL_AREA(#3803);
#3803 = FILL_AREA_STYLE('',(#3804));
#3804 = FILL_AREA_STYLE_COLOUR('',#3216);
#3805 = STYLED_ITEM('color',(#3806),#2529);
#3806 = PRESENTATION_STYLE_ASSIGNMENT((#3807));
#3807 = SURFACE_STYLE_USAGE(.BOTH.,#3808);
#3808 = SURFACE_SIDE_STYLE('',(#3809));
#3809 = SURFACE_STYLE_FILL_AREA(#3810);
#3810 = FILL_AREA_STYLE('',(#3811));
#3811 = FILL_AREA_STYLE_COLOUR('',#3216);
#3812 = STYLED_ITEM('color',(#3813),#2546);
#3813 = PRESENTATION_STYLE_ASSIGNMENT((#3814));
#3814 = SURFACE_STYLE_USAGE(.BOTH.,#3815);
#3815 = SURFACE_SIDE_STYLE('',(#3816));
#3816 = SURFACE_STYLE_FILL_AREA(#3817);
#3817 = FILL_AREA_STYLE('',(#3818));
#3818 = FILL_AREA_STYLE_COLOUR('',#3216);
#3819 = STYLED_ITEM('color',(#3820),#2563);
#3820 = PRESENTATION_STYLE_ASSIGNMENT((#3821));
#3821 = SURFACE_STYLE_USAGE(.BOTH.,#3822);
#3822 = SURFACE_SIDE_STYLE('',(#3823));
#3823 = SURFACE_STYLE_FILL_AREA(#3824);
#3824 = FILL_AREA_STYLE('',(#3825));
#3825 = FILL_AREA_STYLE_COLOUR('',#3216);
#3826 = STYLED_ITEM('color',(#3827),#2580);
#3827 = PRESENTATION_STYLE_ASSIGNMENT((#3828));
#3828 = SURFACE_STYLE_USAGE(.BOTH.,#3829);
#3829 = SURFACE_SIDE_STYLE('',(#3830));
#3830 = SURFACE_STYLE_FILL_AREA(#3831);
#3831 = FILL_AREA_STYLE('',(#3832));
#3832 = FILL_AREA_STYLE_COLOUR('',#3216);
#3833 = STYLED_ITEM('color',(#3834),#2596);
#3834 = PRESENTATION_STYLE_ASSIGNMENT((#3835));
#3835 = SURFACE_STYLE_USAGE(.BOTH.,#3836);
#3836 = SURFACE_SIDE_STYLE('',(#3837));
#3837 = SURFACE_STYLE_FILL_AREA(#3838);
#3838 = FILL_AREA_STYLE('',(#3839));
#3839 = FILL_AREA_STYLE_COLOUR('',#3216);
#3840 = STYLED_ITEM('color',(#3841),#2613);
#3841 = PRESENTATION_STYLE_ASSIGNMENT((#3842));
#3842 = SURFACE_STYLE_USAGE(.BOTH.,#3843);
#3843 = SURFACE_SIDE_STYLE('',(#3844));
#3844 = SURFACE_STYLE_FILL_AREA(#3845);
#3845 = FILL_AREA_STYLE('',(#3846));
#3846 = FILL_AREA_STYLE_COLOUR('',#3216);
#3847 = STYLED_ITEM('color',(#3848),#2629);
#3848 = PRESENTATION_STYLE_ASSIGNMENT((#3849));
#3849 = SURFACE_STYLE_USAGE(.BOTH.,#3850);
#3850 = SURFACE_SIDE_STYLE('',(#3851));
#3851 = SURFACE_STYLE_FILL_AREA(#3852);
#3852 = FILL_AREA_STYLE('',(#3853));
#3853 = FILL_AREA_STYLE_COLOUR('',#3216);
#3854 = STYLED_ITEM('color',(#3855),#2651);
#3855 = PRESENTATION_STYLE_ASSIGNMENT((#3856));
#3856 = SURFACE_STYLE_USAGE(.BOTH.,#3857);
#3857 = SURFACE_SIDE_STYLE('',(#3858));
#3858 = SURFACE_STYLE_FILL_AREA(#3859);
#3859 = FILL_AREA_STYLE('',(#3860));
#3860 = FILL_AREA_STYLE_COLOUR('',#3216);
#3861 = STYLED_ITEM('color',(#3862),#2673);
#3862 = PRESENTATION_STYLE_ASSIGNMENT((#3863));
#3863 = SURFACE_STYLE_USAGE(.BOTH.,#3864);
#3864 = SURFACE_SIDE_STYLE('',(#3865));
#3865 = SURFACE_STYLE_FILL_AREA(#3866);
#3866 = FILL_AREA_STYLE('',(#3867));
#3867 = FILL_AREA_STYLE_COLOUR('',#3216);
#3868 = STYLED_ITEM('color',(#3869),#2698);
#3869 = PRESENTATION_STYLE_ASSIGNMENT((#3870));
#3870 = SURFACE_STYLE_USAGE(.BOTH.,#3871);
#3871 = SURFACE_SIDE_STYLE('',(#3872));
#3872 = SURFACE_STYLE_FILL_AREA(#3873);
#3873 = FILL_AREA_STYLE('',(#3874));
#3874 = FILL_AREA_STYLE_COLOUR('',#3216);
#3875 = STYLED_ITEM('color',(#3876),#2720);
#3876 = PRESENTATION_STYLE_ASSIGNMENT((#3877));
#3877 = SURFACE_STYLE_USAGE(.BOTH.,#3878);
#3878 = SURFACE_SIDE_STYLE('',(#3879));
#3879 = SURFACE_STYLE_FILL_AREA(#3880);
#3880 = FILL_AREA_STYLE('',(#3881));
#3881 = FILL_AREA_STYLE_COLOUR('',#3216);
#3882 = STYLED_ITEM('color',(#3883),#2742);
#3883 = PRESENTATION_STYLE_ASSIGNMENT((#3884));
#3884 = SURFACE_STYLE_USAGE(.BOTH.,#3885);
#3885 = SURFACE_SIDE_STYLE('',(#3886));
#3886 = SURFACE_STYLE_FILL_AREA(#3887);
#3887 = FILL_AREA_STYLE('',(#3888));
#3888 = FILL_AREA_STYLE_COLOUR('',#3216);
#3889 = STYLED_ITEM('color',(#3890),#2764);
#3890 = PRESENTATION_STYLE_ASSIGNMENT((#3891));
#3891 = SURFACE_STYLE_USAGE(.BOTH.,#3892);
#3892 = SURFACE_SIDE_STYLE('',(#3893));
#3893 = SURFACE_STYLE_FILL_AREA(#3894);
#3894 = FILL_AREA_STYLE('',(#3895));
#3895 = FILL_AREA_STYLE_COLOUR('',#3216);
#3896 = STYLED_ITEM('color',(#3897),#2781);
#3897 = PRESENTATION_STYLE_ASSIGNMENT((#3898));
#3898 = SURFACE_STYLE_USAGE(.BOTH.,#3899);
#3899 = SURFACE_SIDE_STYLE('',(#3900));
#3900 = SURFACE_STYLE_FILL_AREA(#3901);
#3901 = FILL_AREA_STYLE('',(#3902));
#3902 = FILL_AREA_STYLE_COLOUR('',#3216);
#3903 = STYLED_ITEM('color',(#3904),#2811);
#3904 = PRESENTATION_STYLE_ASSIGNMENT((#3905));
#3905 = SURFACE_STYLE_USAGE(.BOTH.,#3906);
#3906 = SURFACE_SIDE_STYLE('',(#3907));
#3907 = SURFACE_STYLE_FILL_AREA(#3908);
#3908 = FILL_AREA_STYLE('',(#3909));
#3909 = FILL_AREA_STYLE_COLOUR('',#3216);
#3910 = STYLED_ITEM('color',(#3911),#2828);
#3911 = PRESENTATION_STYLE_ASSIGNMENT((#3912));
#3912 = SURFACE_STYLE_USAGE(.BOTH.,#3913);
#3913 = SURFACE_SIDE_STYLE('',(#3914));
#3914 = SURFACE_STYLE_FILL_AREA(#3915);
#3915 = FILL_AREA_STYLE('',(#3916));
#3916 = FILL_AREA_STYLE_COLOUR('',#3216);
#3917 = STYLED_ITEM('color',(#3918),#2845);
#3918 = PRESENTATION_STYLE_ASSIGNMENT((#3919));
#3919 = SURFACE_STYLE_USAGE(.BOTH.,#3920);
#3920 = SURFACE_SIDE_STYLE('',(#3921));
#3921 = SURFACE_STYLE_FILL_AREA(#3922);
#3922 = FILL_AREA_STYLE('',(#3923));
#3923 = FILL_AREA_STYLE_COLOUR('',#3216);
#3924 = STYLED_ITEM('color',(#3925),#2861);
#3925 = PRESENTATION_STYLE_ASSIGNMENT((#3926));
#3926 = SURFACE_STYLE_USAGE(.BOTH.,#3927);
#3927 = SURFACE_SIDE_STYLE('',(#3928));
#3928 = SURFACE_STYLE_FILL_AREA(#3929);
#3929 = FILL_AREA_STYLE('',(#3930));
#3930 = FILL_AREA_STYLE_COLOUR('',#3216);
#3931 = STYLED_ITEM('color',(#3932),#2878);
#3932 = PRESENTATION_STYLE_ASSIGNMENT((#3933));
#3933 = SURFACE_STYLE_USAGE(.BOTH.,#3934);
#3934 = SURFACE_SIDE_STYLE('',(#3935));
#3935 = SURFACE_STYLE_FILL_AREA(#3936);
#3936 = FILL_AREA_STYLE('',(#3937));
#3937 = FILL_AREA_STYLE_COLOUR('',#3216);
#3938 = STYLED_ITEM('color',(#3939),#2895);
#3939 = PRESENTATION_STYLE_ASSIGNMENT((#3940));
#3940 = SURFACE_STYLE_USAGE(.BOTH.,#3941);
#3941 = SURFACE_SIDE_STYLE('',(#3942));
#3942 = SURFACE_STYLE_FILL_AREA(#3943);
#3943 = FILL_AREA_STYLE('',(#3944));
#3944 = FILL_AREA_STYLE_COLOUR('',#3216);
#3945 = STYLED_ITEM('color',(#3946),#2911);
#3946 = PRESENTATION_STYLE_ASSIGNMENT((#3947));
#3947 = SURFACE_STYLE_USAGE(.BOTH.,#3948);
#3948 = SURFACE_SIDE_STYLE('',(#3949));
#3949 = SURFACE_STYLE_FILL_AREA(#3950);
#3950 = FILL_AREA_STYLE('',(#3951));
#3951 = FILL_AREA_STYLE_COLOUR('',#3216);
#3952 = STYLED_ITEM('color',(#3953),#2933);
#3953 = PRESENTATION_STYLE_ASSIGNMENT((#3954));
#3954 = SURFACE_STYLE_USAGE(.BOTH.,#3955);
#3955 = SURFACE_SIDE_STYLE('',(#3956));
#3956 = SURFACE_STYLE_FILL_AREA(#3957);
#3957 = FILL_AREA_STYLE('',(#3958));
#3958 = FILL_AREA_STYLE_COLOUR('',#3216);
#3959 = STYLED_ITEM('color',(#3960),#2950);
#3960 = PRESENTATION_STYLE_ASSIGNMENT((#3961));
#3961 = SURFACE_STYLE_USAGE(.BOTH.,#3962);
#3962 = SURFACE_SIDE_STYLE('',(#3963));
#3963 = SURFACE_STYLE_FILL_AREA(#3964);
#3964 = FILL_AREA_STYLE('',(#3965));
#3965 = FILL_AREA_STYLE_COLOUR('',#3216);
#3966 = STYLED_ITEM('color',(#3967),#2967);
#3967 = PRESENTATION_STYLE_ASSIGNMENT((#3968));
#3968 = SURFACE_STYLE_USAGE(.BOTH.,#3969);
#3969 = SURFACE_SIDE_STYLE('',(#3970));
#3970 = SURFACE_STYLE_FILL_AREA(#3971);
#3971 = FILL_AREA_STYLE('',(#3972));
#3972 = FILL_AREA_STYLE_COLOUR('',#3216);
#3973 = STYLED_ITEM('color',(#3974),#2984);
#3974 = PRESENTATION_STYLE_ASSIGNMENT((#3975));
#3975 = SURFACE_STYLE_USAGE(.BOTH.,#3976);
#3976 = SURFACE_SIDE_STYLE('',(#3977));
#3977 = SURFACE_STYLE_FILL_AREA(#3978);
#3978 = FILL_AREA_STYLE('',(#3979));
#3979 = FILL_AREA_STYLE_COLOUR('',#3216);
#3980 = STYLED_ITEM('color',(#3981),#2995);
#3981 = PRESENTATION_STYLE_ASSIGNMENT((#3982));
#3982 = SURFACE_STYLE_USAGE(.BOTH.,#3983);
#3983 = SURFACE_SIDE_STYLE('',(#3984));
#3984 = SURFACE_STYLE_FILL_AREA(#3985);
#3985 = FILL_AREA_STYLE('',(#3986));
#3986 = FILL_AREA_STYLE_COLOUR('',#3216);
#3987 = STYLED_ITEM('color',(#3988),#3006);
#3988 = PRESENTATION_STYLE_ASSIGNMENT((#3989));
#3989 = SURFACE_STYLE_USAGE(.BOTH.,#3990);
#3990 = SURFACE_SIDE_STYLE('',(#3991));
#3991 = SURFACE_STYLE_FILL_AREA(#3992);
#3992 = FILL_AREA_STYLE('',(#3993));
#3993 = FILL_AREA_STYLE_COLOUR('',#3216);
#3994 = STYLED_ITEM('color',(#3995),#3022);
#3995 = PRESENTATION_STYLE_ASSIGNMENT((#3996));
#3996 = SURFACE_STYLE_USAGE(.BOTH.,#3997);
#3997 = SURFACE_SIDE_STYLE('',(#3998));
#3998 = SURFACE_STYLE_FILL_AREA(#3999);
#3999 = FILL_AREA_STYLE('',(#4000));
#4000 = FILL_AREA_STYLE_COLOUR('',#3216);
#4001 = STYLED_ITEM('color',(#4002),#3038);
#4002 = PRESENTATION_STYLE_ASSIGNMENT((#4003));
#4003 = SURFACE_STYLE_USAGE(.BOTH.,#4004);
#4004 = SURFACE_SIDE_STYLE('',(#4005));
#4005 = SURFACE_STYLE_FILL_AREA(#4006);
#4006 = FILL_AREA_STYLE('',(#4007));
#4007 = FILL_AREA_STYLE_COLOUR('',#3216);
#4008 = STYLED_ITEM('color',(#4009),#3054);
#4009 = PRESENTATION_STYLE_ASSIGNMENT((#4010));
#4010 = SURFACE_STYLE_USAGE(.BOTH.,#4011);
#4011 = SURFACE_SIDE_STYLE('',(#4012));
#4012 = SURFACE_STYLE_FILL_AREA(#4013);
#4013 = FILL_AREA_STYLE('',(#4014));
#4014 = FILL_AREA_STYLE_COLOUR('',#3216);
#4015 = STYLED_ITEM('color',(#4016),#3070);
#4016 = PRESENTATION_STYLE_ASSIGNMENT((#4017));
#4017 = SURFACE_STYLE_USAGE(.BOTH.,#4018);
#4018 = SURFACE_SIDE_STYLE('',(#4019));
#4019 = SURFACE_STYLE_FILL_AREA(#4020);
#4020 = FILL_AREA_STYLE('',(#4021));
#4021 = FILL_AREA_STYLE_COLOUR('',#3216);
#4022 = STYLED_ITEM('color',(#4023),#3086);
#4023 = PRESENTATION_STYLE_ASSIGNMENT((#4024));
#4024 = SURFACE_STYLE_USAGE(.BOTH.,#4025);
#4025 = SURFACE_SIDE_STYLE('',(#4026));
#4026 = SURFACE_STYLE_FILL_AREA(#4027);
#4027 = FILL_AREA_STYLE('',(#4028));
#4028 = FILL_AREA_STYLE_COLOUR('',#3216);
#4029 = STYLED_ITEM('color',(#4030),#3102);
#4030 = PRESENTATION_STYLE_ASSIGNMENT((#4031));
#4031 = SURFACE_STYLE_USAGE(.BOTH.,#4032);
#4032 = SURFACE_SIDE_STYLE('',(#4033));
#4033 = SURFACE_STYLE_FILL_AREA(#4034);
#4034 = FILL_AREA_STYLE('',(#4035));
#4035 = FILL_AREA_STYLE_COLOUR('',#3216);
#4036 = STYLED_ITEM('color',(#4037),#3118);
#4037 = PRESENTATION_STYLE_ASSIGNMENT((#4038));
#4038 = SURFACE_STYLE_USAGE(.BOTH.,#4039);
#4039 = SURFACE_SIDE_STYLE('',(#4040));
#4040 = SURFACE_STYLE_FILL_AREA(#4041);
#4041 = FILL_AREA_STYLE('',(#4042));
#4042 = FILL_AREA_STYLE_COLOUR('',#3216);
#4043 = STYLED_ITEM('color',(#4044),#3130);
#4044 = PRESENTATION_STYLE_ASSIGNMENT((#4045));
#4045 = SURFACE_STYLE_USAGE(.BOTH.,#4046);
#4046 = SURFACE_SIDE_STYLE('',(#4047));
#4047 = SURFACE_STYLE_FILL_AREA(#4048);
#4048 = FILL_AREA_STYLE('',(#4049));
#4049 = FILL_AREA_STYLE_COLOUR('',#3216);
#4050 = STYLED_ITEM('color',(#4051),#3142);
#4051 = PRESENTATION_STYLE_ASSIGNMENT((#4052));
#4052 = SURFACE_STYLE_USAGE(.BOTH.,#4053);
#4053 = SURFACE_SIDE_STYLE('',(#4054));
#4054 = SURFACE_STYLE_FILL_AREA(#4055);
#4055 = FILL_AREA_STYLE('',(#4056));
#4056 = FILL_AREA_STYLE_COLOUR('',#3216);
#4057 = STYLED_ITEM('color',(#4058),#3154);
#4058 = PRESENTATION_STYLE_ASSIGNMENT((#4059));
#4059 = SURFACE_STYLE_USAGE(.BOTH.,#4060);
#4060 = SURFACE_SIDE_STYLE('',(#4061));
#4061 = SURFACE_STYLE_FILL_AREA(#4062);
#4062 = FILL_AREA_STYLE('',(#4063));
#4063 = FILL_AREA_STYLE_COLOUR('',#3216);
#4064 = STYLED_ITEM('color',(#4065),#3166);
#4065 = PRESENTATION_STYLE_ASSIGNMENT((#4066));
#4066 = SURFACE_STYLE_USAGE(.BOTH.,#4067);
#4067 = SURFACE_SIDE_STYLE('',(#4068));
#4068 = SURFACE_STYLE_FILL_AREA(#4069);
#4069 = FILL_AREA_STYLE('',(#4070));
#4070 = FILL_AREA_STYLE_COLOUR('',#3216);
#4071 = STYLED_ITEM('color',(#4072),#3178);
#4072 = PRESENTATION_STYLE_ASSIGNMENT((#4073));
#4073 = SURFACE_STYLE_USAGE(.BOTH.,#4074);
#4074 = SURFACE_SIDE_STYLE('',(#4075));
#4075 = SURFACE_STYLE_FILL_AREA(#4076);
#4076 = FILL_AREA_STYLE('',(#4077));
#4077 = FILL_AREA_STYLE_COLOUR('',#3216);
#4078 = STYLED_ITEM('color',(#4079),#3190);
#4079 = PRESENTATION_STYLE_ASSIGNMENT((#4080));
#4080 = SURFACE_STYLE_USAGE(.BOTH.,#4081);
#4081 = SURFACE_SIDE_STYLE('',(#4082));
#4082 = SURFACE_STYLE_FILL_AREA(#4083);
#4083 = FILL_AREA_STYLE('',(#4084));
#4084 = FILL_AREA_STYLE_COLOUR('',#3216);
ENDSEC;
END-ISO-10303-21;
