ISO-10303-21;
HEADER;
FILE_DESCRIPTION (( 'STEP AP214' ),
    '1' );
FILE_NAME ('7805VoltageRegulator.STEP',
    '2020-11-16T08:13:55',
    ( '' ),
    ( '' ),
    'SwSTEP 2.0',
    '2016',
    '' );
FILE_SCHEMA (( 'AUTOMOTIVE_DESIGN' ));
ENDSEC;

DATA;
#1 = CARTESIAN_POINT ( 'NONE',  ( -5.022501105750682100, 1.700116937693217000, 2.722021099116556100 ) ) ;
#2 = EDGE_CURVE ( 'NONE', #1081, #7349, #1396, .T. ) ;
#3 = CARTESIAN_POINT ( 'NONE',  ( 0.5314485263249765200, 3.910000000000000100, 2.164299027793492100 ) ) ;
#4 = ORIENTED_EDGE ( 'NONE', *, *, #2009, .F. ) ;
#5 =( GEOMETRIC_REPRESENTATION_CONTEXT ( 3 ) GLOBAL_UNCERTAINTY_ASSIGNED_CONTEXT ( ( #1412 ) ) GLOBAL_UNIT_ASSIGNED_CONTEXT ( ( #379, #4406, #5060 ) ) REPRESENTATION_CONTEXT ( 'NONE', 'WORKASPACE' ) );
#6 = CARTESIAN_POINT ( 'NONE',  ( 0.0000000000000000000, 0.0000000000000000000, -4.800000000000001600 ) ) ;
#7 = CARTESIAN_POINT ( 'NONE',  ( 1.236091817966492800, 3.910000000000000100, 2.088345445958758700 ) ) ;
#8 = MECHANICAL_DESIGN_GEOMETRIC_PRESENTATION_REPRESENTATION (  '', ( #5481 ), #402 ) ;
#9 = CARTESIAN_POINT ( 'NONE',  ( 4.642611770947322500, 6.042271903767194800, 2.391330576710994900 ) ) ;
#10 = UNCERTAINTY_MEASURE_WITH_UNIT (LENGTH_MEASURE( 1.000000000000000100E-005 ), #8524, 'distance_accuracy_value', 'NONE');
#11 =( NAMED_UNIT ( * ) PLANE_ANGLE_UNIT ( ) SI_UNIT ( $, .RADIAN. ) );
#12 = AXIS2_PLACEMENT_3D ( 'NONE', #151, #1998, #6703 ) ;
#13 = FACE_OUTER_BOUND ( 'NONE', #6014, .T. ) ;
#14 = FILL_AREA_STYLE ('',( #4589 ) ) ;
#15 = FILL_AREA_STYLE_COLOUR ( '', #8377 ) ;
#16 = CARTESIAN_POINT ( 'NONE',  ( -1.520877415765496700, 3.910000000000000100, 1.273828602291265900 ) ) ;
#17 = CARTESIAN_POINT ( 'NONE',  ( 0.6225465820550197800, 3.900000000000000400, 1.550418943781660200 ) ) ;
#18 = CARTESIAN_POINT ( 'NONE',  ( -1.737260355253970700, 3.910000000000000100, 2.151141133056650100 ) ) ;
#19 = PLANE ( 'NONE',  #5270 ) ;
#20 = CARTESIAN_POINT ( 'NONE',  ( -1.087017123774129500, 3.899999999999998600, 1.345834253934258900 ) ) ;
#21 = STYLED_ITEM ( 'NONE', ( #1055 ), #7033 ) ;
#22 = LINE ( 'NONE', #3988, #5345 ) ;
#23 = ORIENTED_EDGE ( 'NONE', *, *, #1455, .T. ) ;
#24 = ORIENTED_EDGE ( 'NONE', *, *, #5640, .T. ) ;
#25 = CARTESIAN_POINT ( 'NONE',  ( -0.8641136625365593000, 3.899999999999998600, 1.242579230259875700 ) ) ;
#26 = VERTEX_POINT ( 'NONE', #8306 ) ;
#27 = DIRECTION ( 'NONE',  ( 0.0000000000000000000, 0.0000000000000000000, -1.000000000000000000 ) ) ;
#28 = CARTESIAN_POINT ( 'NONE',  ( -0.7113638498982438600, 3.910000000000001900, 1.226723950869610600 ) ) ;
#29 = CARTESIAN_POINT ( 'NONE',  ( -5.110000000000000300, 3.900000000000000400, 7.549999999999998000 ) ) ;
#30 = VECTOR ( 'NONE', #6749, 1000.000000000000000 ) ;
#31 = DIRECTION ( 'NONE',  ( -0.0000000000000000000, 1.000000000000000000, -0.0000000000000000000 ) ) ;
#32 = VERTEX_POINT ( 'NONE', #4288 ) ;
#33 = CARTESIAN_POINT ( 'NONE',  ( 0.8594140683622445400, 3.910000000000000100, 1.975770080893319400 ) ) ;
#34 = EDGE_LOOP ( 'NONE', ( #5099, #602, #7965, #5150 ) ) ;
#35 = CARTESIAN_POINT ( 'NONE',  ( -4.772387813259412000, 2.943933982822013500, -0.9060660171779854100 ) ) ;
#36 = CARTESIAN_POINT ( 'NONE',  ( 1.732716328008646800, 3.909999999999998400, 1.163839488419106600 ) ) ;
#37 = VERTEX_POINT ( 'NONE', #4904 ) ;
#38 =( NAMED_UNIT ( * ) PLANE_ANGLE_UNIT ( ) SI_UNIT ( $, .RADIAN. ) );
#39 =( NAMED_UNIT ( * ) SI_UNIT ( $, .STERADIAN. ) SOLID_ANGLE_UNIT ( ) );
#40 = DIRECTION ( 'NONE',  ( -1.000000000000000000, 0.0000000000000000000, -0.0000000000000000000 ) ) ;
#41 = CARTESIAN_POINT ( 'NONE',  ( 0.7473407416002723100, 3.909999999999998400, 1.591031006097656900 ) ) ;
#42 = DIRECTION ( 'NONE',  ( 0.08715574274765448800, -0.9961946980917458800, -0.0000000000000000000 ) ) ;
#43 = DIRECTION ( 'NONE',  ( -0.0000000000000000000, -1.000000000000000000, 0.0000000000000000000 ) ) ;
#44 = VERTEX_POINT ( 'NONE', #304 ) ;
#45 =( NAMED_UNIT ( * ) PLANE_ANGLE_UNIT ( ) SI_UNIT ( $, .RADIAN. ) );
#46 = COLOUR_RGB ( '',1.000000000000000000, 1.000000000000000000, 1.000000000000000000 ) ;
#47 = AXIS2_PLACEMENT_3D ( 'NONE', #7893, #491, #4545 ) ;
#48 = CARTESIAN_POINT ( 'NONE',  ( 2.297920378067552800, 3.910000000000000100, 2.025365348602039100 ) ) ;
#49 = COLOUR_RGB ( '',1.000000000000000000, 1.000000000000000000, 1.000000000000000000 ) ;
#50 = CARTESIAN_POINT ( 'NONE',  ( -4.948522762288407200, 1.354317167633843500, 2.779555895019508100 ) ) ;
#51 = EDGE_CURVE ( 'NONE', #1078, #2314, #8277, .T. ) ;
#52 = CARTESIAN_POINT ( 'NONE',  ( -0.6820442844285585800, 3.910000000000000100, 1.266412966853142500 ) ) ;
#53 = AXIS2_PLACEMENT_3D ( 'NONE', #6209, #6821, #2769 ) ;
#54 = CARTESIAN_POINT ( 'NONE',  ( 0.1069447386735843700, 3.899999999999999000, 1.955571255347878800 ) ) ;
#55 = CARTESIAN_POINT ( 'NONE',  ( -5.053978806417140900, 0.6999999999999999600, 6.302544598446624000 ) ) ;
#56 = CARTESIAN_POINT ( 'NONE',  ( 1.868825171061818400, 3.900000000000000400, 1.151141133056649900 ) ) ;
#57 = CARTESIAN_POINT ( 'NONE',  ( 0.3254452368512926700, 3.900000000000000400, 2.006404290951386800 ) ) ;
#58 = CARTESIAN_POINT ( 'NONE',  ( 1.490309400050153600, 3.899999999999999500, 2.163939242289035100 ) ) ;
#59 = ORIENTED_EDGE ( 'NONE', *, *, #7600, .F. ) ;
#60 = AXIS2_PLACEMENT_3D ( 'NONE', #3252, #5237, #2495 ) ;
#61 = DIRECTION ( 'NONE',  ( -1.000000000000000000, 0.0000000000000000000, -0.0000000000000000000 ) ) ;
#62 =( GEOMETRIC_REPRESENTATION_CONTEXT ( 3 ) GLOBAL_UNCERTAINTY_ASSIGNED_CONTEXT ( ( #1027 ) ) GLOBAL_UNIT_ASSIGNED_CONTEXT ( ( #5568, #3498, #6232 ) ) REPRESENTATION_CONTEXT ( 'NONE', 'WORKASPACE' ) );
#63 = DIRECTION ( 'NONE',  ( -0.0000000000000000000, -1.000000000000000000, -0.0000000000000000000 ) ) ;
#64 = EDGE_CURVE ( 'NONE', #5131, #7740, #4531, .T. ) ;
#65 = EDGE_CURVE ( 'NONE', #1671, #3794, #3183, .T. ) ;
#66 = CARTESIAN_POINT ( 'NONE',  ( 1.559411311040111300, 3.909999999999999300, 1.138174056299389200 ) ) ;
#67 = EDGE_LOOP ( 'NONE', ( #5454, #90, #5212, #7156 ) ) ;
#68 = MECHANICAL_DESIGN_GEOMETRIC_PRESENTATION_REPRESENTATION (  '', ( #5903 ), #966 ) ;
#69 = CARTESIAN_POINT ( 'NONE',  ( 0.8828039963106326700, 3.899999999999999900, 1.879334318922876400 ) ) ;
#70 = CARTESIAN_POINT ( 'NONE',  ( -1.188545063384979700, 3.910000000000001000, 1.482124857805218600 ) ) ;
#71 = CARTESIAN_POINT ( 'NONE',  ( -0.8120471937615448800, 3.899999999999999000, 1.685953153342991700 ) ) ;
#72 = CARTESIAN_POINT ( 'NONE',  ( -0.4919889736750234800, 3.900000000000000400, 1.670877975161913200 ) ) ;
#73 = SURFACE_SIDE_STYLE ('',( #1957 ) ) ;
#74 = SURFACE_STYLE_USAGE ( .BOTH. , #2722 ) ;
#75 = CARTESIAN_POINT ( 'NONE',  ( 1.782476486851292600, 3.910000000000000100, 1.993246396214544800 ) ) ;
#76 = B_SPLINE_SURFACE_WITH_KNOTS ( 'NONE', 3, 1, ( 
 ( #1731, #5706 ),
 ( #4441, #2392 ),
 ( #7752, #7778 ),
 ( #3746, #4411 ),
 ( #5148, #1706 ),
 ( #3804, #6483 ),
 ( #444, #418 ),
 ( #503, #8483 ),
 ( #1763, #6392 ),
 ( #2360, #8396 ),
 ( #5114, #5832 ),
 ( #5087, #3044 ),
 ( #7718, #6453 ),
 ( #6510, #4466 ),
 ( #3717, #2428 ),
 ( #4382, #1829 ),
 ( #7115, #473 ),
 ( #5066, #7836 ),
 ( #7151, #1119 ) ),
 .UNSPECIFIED., .F., .F., .F.,
 ( 4, 1, 1, 1, 1, 1, 1, 1, 1, 1, 1, 1, 1, 1, 1, 1, 4 ),
 ( 2, 2 ),
 ( 0.0000000000000000000, 0.05620258726877001100, 0.1097035742981970200, 0.1609442704599318700, 0.2106206916448314600, 0.2601188958313832600, 0.3101061331118709600, 0.3617266631411525900, 0.4153726383847529100, 0.4725515650235970200, 0.5332248534283022800, 0.5982361059046360500, 0.6682165366278084400, 0.7427773449795739300, 0.8229061506894838100, 0.9084820796990642500, 1.000000000000000000 ),
 ( 0.0000000000000000000, 1.000000000000000000 ),
 .UNSPECIFIED. ) ;
#77 = CARTESIAN_POINT ( 'NONE',  ( 1.074969923832544100, 3.900000000000002100, 1.454477837618407800 ) ) ;
#78 = DIRECTION ( 'NONE',  ( 0.0000000000000000000, 0.0000000000000000000, 1.000000000000000000 ) ) ;
#79 = FACE_OUTER_BOUND ( 'NONE', #8223, .T. ) ;
#80 = ORIENTED_EDGE ( 'NONE', *, *, #8332, .F. ) ;
#81 = CARTESIAN_POINT ( 'NONE',  ( 0.1562429342197137700, 3.910000000000000100, 1.646618106740860500 ) ) ;
#82 = VECTOR ( 'NONE', #7813, 1000.000000000000000 ) ;
#83 = LINE ( 'NONE', #2500, #6581 ) ;
#84 = CARTESIAN_POINT ( 'NONE',  ( 1.161999513167082200, 3.899999999999999900, 1.662654290951386600 ) ) ;
#85 = CARTESIAN_POINT ( 'NONE',  ( -2.540000000000000000, 0.0000000000000000000, 12.04999999999999900 ) ) ;
#86 = CARTESIAN_POINT ( 'NONE',  ( 0.5063550457502402600, 3.910000000000000100, 2.071601492564884700 ) ) ;
#87 = VERTEX_POINT ( 'NONE', #8183 ) ;
#88 = CARTESIAN_POINT ( 'NONE',  ( -1.086856968785536900, 3.909999999999999300, 1.989823775481545800 ) ) ;
#89 = CARTESIAN_POINT ( 'NONE',  ( 0.6657983777873967000, 3.899999999999999500, 1.669332695977600900 ) ) ;
#90 = ORIENTED_EDGE ( 'NONE', *, *, #1060, .F. ) ;
#91 = FACE_OUTER_BOUND ( 'NONE', #7621, .T. ) ;
#92 = B_SPLINE_SURFACE_WITH_KNOTS ( 'NONE', 3, 1, ( 
 ( #7131, #5902 ),
 ( #8579, #3205 ),
 ( #551, #7883 ),
 ( #1164, #3147 ),
 ( #519, #5219 ),
 ( #1101, #1863 ),
 ( #2537, #5787 ),
 ( #2561, #3819 ),
 ( #6463, #2440 ),
 ( #5189, #3877 ),
 ( #8553, #7192 ),
 ( #4538, #3109 ),
 ( #7791, #4448 ),
 ( #459, #2505 ),
 ( #1886, #8496 ),
 ( #5126, #7246 ),
 ( #4480, #483 ),
 ( #5164, #5847 ),
 ( #4623, #604 ) ),
 .UNSPECIFIED., .F., .F., .F.,
 ( 4, 1, 1, 1, 1, 1, 1, 1, 1, 1, 1, 1, 1, 1, 1, 1, 4 ),
 ( 2, 2 ),
 ( 0.0000000000000000000, 0.06656900490279811500, 0.1311541519537149400, 0.1935255046504235900, 0.2556207602060359100, 0.3162863553828247900, 0.3758666351356315100, 0.4344602749340934500, 0.4928896054045504600, 0.5513189358750060200, 0.6108064461846529600, 0.6709437387456556000, 0.7327715901135458700, 0.7968894713079736100, 0.8618976352325818900, 0.9295698500587679100, 1.000000000000000000 ),
 ( 0.0000000000000000000, 1.000000000000000000 ),
 .UNSPECIFIED. ) ;
#93 = CARTESIAN_POINT ( 'NONE',  ( -0.7000000000000002900, 2.299999999999999800, 12.04999999999999900 ) ) ;
#94 = CARTESIAN_POINT ( 'NONE',  ( -4.774491059806750900, 3.900000000000000400, 7.481904459192320700 ) ) ;
#95 = UNCERTAINTY_MEASURE_WITH_UNIT (LENGTH_MEASURE( 1.000000000000000100E-005 ), #1924, 'distance_accuracy_value', 'NONE');
#96 = FILL_AREA_STYLE_COLOUR ( '', #5268 ) ;
#97 = ORIENTED_EDGE ( 'NONE', *, *, #6556, .F. ) ;
#98 = CARTESIAN_POINT ( 'NONE',  ( 1.758294505416235800, 3.900000000000000400, 1.173543097049812400 ) ) ;
#99 = COLOUR_RGB ( '',1.000000000000000000, 1.000000000000000000, 1.000000000000000000 ) ;
#100 = CARTESIAN_POINT ( 'NONE',  ( -0.6966731059368948000, 3.910000000000001000, 2.082103198912841800 ) ) ;
#101 = CARTESIAN_POINT ( 'NONE',  ( -4.747671247539717100, 3.763073361412148500, 6.472345833242488100 ) ) ;
#102 = CARTESIAN_POINT ( 'NONE',  ( 5.101586716960993000, 0.6999999999999999600, 2.729093949161388400 ) ) ;
#103 = DIRECTION ( 'NONE',  ( 0.0000000000000000000, 1.172221405504272300E-013, 1.000000000000000000 ) ) ;
#104 = CARTESIAN_POINT ( 'NONE',  ( -1.075579073957363400, 3.899999999999999900, 1.603949730802726000 ) ) ;
#105 = CARTESIAN_POINT ( 'NONE',  ( 1.344641062730253000, 3.910000000000000100, 2.017679013997033500 ) ) ;
#106 = ORIENTED_EDGE ( 'NONE', *, *, #6163, .F. ) ;
#107 = VERTEX_POINT ( 'NONE', #2178 ) ;
#108 = EDGE_CURVE ( 'NONE', #4496, #4309, #8000, .T. ) ;
#109 = UNCERTAINTY_MEASURE_WITH_UNIT (LENGTH_MEASURE( 1.000000000000000100E-005 ), #793, 'distance_accuracy_value', 'NONE');
#110 = B_SPLINE_SURFACE_WITH_KNOTS ( 'NONE', 3, 1, ( 
 ( #7913, #5986 ),
 ( #1965, #6657 ),
 ( #1324, #6718 ),
 ( #3955, #17 ),
 ( #1381, #2661 ),
 ( #7345, #2694 ),
 ( #4677, #7973 ),
 ( #41, #1359 ),
 ( #6012, #746 ),
 ( #7371, #3371 ),
 ( #4038, #3341 ),
 ( #5957, #692 ),
 ( #5379, #4729 ),
 ( #2037, #5353 ),
 ( #6067, #7293 ),
 ( #1938, #4701 ),
 ( #4620, #5292 ),
 ( #4060, #714 ),
 ( #6748, #2721 ) ),
 .UNSPECIFIED., .F., .F., .F.,
 ( 4, 1, 1, 1, 1, 1, 1, 1, 1, 1, 1, 1, 1, 1, 1, 1, 4 ),
 ( 2, 2 ),
 ( 0.0000000000000000000, 0.07560767746224589200, 0.1479480922249864200, 0.2162655927369586100, 0.2821555443803390700, 0.3453469549767202400, 0.4060726426924603500, 0.4649301550499601000, 0.5221728983266263900, 0.5784663242674427100, 0.6348249843553591700, 0.6915864228146049200, 0.7496168433220877800, 0.8090431739049736000, 0.8701081026758743500, 0.9336654250818127200, 1.000000000000000000 ),
 ( 0.0000000000000000000, 1.000000000000000000 ),
 .UNSPECIFIED. ) ;
#111 = CARTESIAN_POINT ( 'NONE',  ( 1.529915227025167200, 3.910000000000000100, 1.138376377057249500 ) ) ;
#112 = EDGE_CURVE ( 'NONE', #6397, #6660, #5906, .T. ) ;
#113 =( NAMED_UNIT ( * ) SI_UNIT ( $, .STERADIAN. ) SOLID_ANGLE_UNIT ( ) );
#114 = ADVANCED_FACE ( 'NONE', ( #2752 ), #2865, .T. ) ;
#115 = PLANE ( 'NONE',  #5335 ) ;
#116 = DIRECTION ( 'NONE',  ( 0.06860987332813538200, 0.0000000000000000000, -0.9976435662509417500 ) ) ;
#117 = CARTESIAN_POINT ( 'NONE',  ( -0.3754182499908129700, 3.910000000000000100, 1.665738172530334200 ) ) ;
#118 = EDGE_LOOP ( 'NONE', ( #2595, #4361, #5330, #3178 ) ) ;
#119 = CARTESIAN_POINT ( 'NONE',  ( 0.4917644771169407700, 3.910000000000001000, 1.638084626339237700 ) ) ;
#120 = PRESENTATION_LAYER_ASSIGNMENT (  '', '', ( #7955 ) ) ;
#121 = CARTESIAN_POINT ( 'NONE',  ( 1.754532683265436200, 3.910000000000000100, 2.009088208297957300 ) ) ;
#122 = EDGE_CURVE ( 'NONE', #1024, #2002, #457, .T. ) ;
#123 = CARTESIAN_POINT ( 'NONE',  ( -1.045712931891316500, 3.900000000000001200, 2.027528821900392900 ) ) ;
#124 = EDGE_CURVE ( 'NONE', #5286, #8550, #3281, .T. ) ;
#125 = B_SPLINE_CURVE_WITH_KNOTS ( 'NONE', 3,
 ( #591, #2602, #7956, #4634, #1230, #1898, #6648, #8623, #8009, #4605, #2675, #617, #3972, #5311, #1975, #564, #1288, #1928, #6022, #1316, #8594, #7359, #2650 ),
 .UNSPECIFIED., .F., .F.,
 ( 4, 1, 1, 1, 1, 1, 1, 1, 1, 1, 1, 1, 1, 1, 1, 1, 1, 1, 1, 1, 4 ),
 ( 0.0000000000000000000, 0.04703142702276246600, 0.09474054418417983400, 0.1432611495992458200, 0.1928093647437366700, 0.2924776409957790500, 0.3912355770159735000, 0.4887465024505026600, 0.5838172037023338100, 0.6298643998844117900, 0.6744670214049288700, 0.7171530676845365700, 0.7582120413206531200, 0.7973652412660359200, 0.8344233127280489300, 0.8690081901814087400, 0.9014113212805551200, 0.9310598904866521600, 0.9574614256845501700, 0.9804480420125327700, 1.000000000000000000 ),
 .UNSPECIFIED. ) ;
#126 = SURFACE_STYLE_USAGE ( .BOTH. , #6707 ) ;
#127 = VECTOR ( 'NONE', #8047, 1000.000000000000000 ) ;
#128 = DIRECTION ( 'NONE',  ( 0.0000000000000000000, 1.000000000000000000, 0.0000000000000000000 ) ) ;
#129 = COLOUR_RGB ( '',1.000000000000000000, 1.000000000000000000, 1.000000000000000000 ) ;
#130 = AXIS2_PLACEMENT_3D ( 'NONE', #2706, #8036, #7449 ) ;
#131 = CARTESIAN_POINT ( 'NONE',  ( 1.243153488889616700, 3.900000000000000400, 1.386990946289460500 ) ) ;
#132 = FILL_AREA_STYLE_COLOUR ( '', #2438 ) ;
#133 = CARTESIAN_POINT ( 'NONE',  ( -0.02353772402664755200, 3.910000000000001900, 1.312374184758465800 ) ) ;
#134 = FACE_OUTER_BOUND ( 'NONE', #2114, .T. ) ;
#135 = CARTESIAN_POINT ( 'NONE',  ( 0.8834857413199410600, 3.899999999999999900, 1.856196672128298100 ) ) ;
#136 = CARTESIAN_POINT ( 'NONE',  ( 4.829676781972099600, 2.782834188699372400, 2.687965476071571200 ) ) ;
#137 = CARTESIAN_POINT ( 'NONE',  ( 5.053978806417139100, 0.6999999999999999600, 2.797455401553372600 ) ) ;
#138 = CARTESIAN_POINT ( 'NONE',  ( -2.102186342096076000, 3.900000000000000400, 2.151141133056650100 ) ) ;
#139 = VECTOR ( 'NONE', #6995, 1000.000000000000000 ) ;
#140 = EDGE_LOOP ( 'NONE', ( #2295, #5089, #3965 ) ) ;
#141 = DIRECTION ( 'NONE',  ( 0.0000000000000000000, 1.000000000000000000, 0.0000000000000000000 ) ) ;
#142 = VERTEX_POINT ( 'NONE', #5431 ) ;
#143 = DIRECTION ( 'NONE',  ( 0.0000000000000000000, 1.000000000000000000, -0.0000000000000000000 ) ) ;
#144 =( GEOMETRIC_REPRESENTATION_CONTEXT ( 3 ) GLOBAL_UNCERTAINTY_ASSIGNED_CONTEXT ( ( #8530 ) ) GLOBAL_UNIT_ASSIGNED_CONTEXT ( ( #6729, #8083, #2701 ) ) REPRESENTATION_CONTEXT ( 'NONE', 'WORKASPACE' ) );
#145 = CARTESIAN_POINT ( 'NONE',  ( -0.9296945657802865300, 3.900000000000000400, 2.164299027793492100 ) ) ;
#146 = DIRECTION ( 'NONE',  ( 0.0000000000000000000, 0.0000000000000000000, -1.000000000000000000 ) ) ;
#147 = CARTESIAN_POINT ( 'NONE',  ( 0.5481014868512924500, 3.910000000000000100, 1.545877975161913200 ) ) ;
#148 = DIRECTION ( 'NONE',  ( 0.0000000000000000000, 0.0000000000000000000, -1.000000000000000000 ) ) ;
#149 = ORIENTED_EDGE ( 'NONE', *, *, #6844, .F. ) ;
#150 = CARTESIAN_POINT ( 'NONE',  ( 1.243153488889616700, 3.910000000000000100, 1.386990946289460500 ) ) ;
#151 = CARTESIAN_POINT ( 'NONE',  ( 4.692586600614428800, 3.750000000000000400, 2.488748555299569200 ) ) ;
#152 = CARTESIAN_POINT ( 'NONE',  ( 1.725095827048638500, 3.910000000000000100, 2.022467561160590700 ) ) ;
#153 = CARTESIAN_POINT ( 'NONE',  ( 2.140000000000000100, 2.299999999999999400, 21.14999999999999900 ) ) ;
#154 = CARTESIAN_POINT ( 'NONE',  ( -4.833818391685759300, 2.734650568734908700, 6.409716557557049800 ) ) ;
#155 = DIRECTION ( 'NONE',  ( 0.0000000000000000000, -0.0000000000000000000, 1.000000000000000000 ) ) ;
#156 = CARTESIAN_POINT ( 'NONE',  ( -0.7990465514772446800, 3.909999999999999300, 2.143079722363424800 ) ) ;
#157 = ADVANCED_FACE ( 'NONE', ( #3800, #6931 ), #6146, .T. ) ;
#158 = LINE ( 'NONE', #3236, #3491 ) ;
#159 = CARTESIAN_POINT ( 'NONE',  ( -0.8442104331868866000, 3.909999999999999300, 1.148141941281181300 ) ) ;
#160 = SURFACE_STYLE_FILL_AREA ( #4282 ) ;
#161 = CARTESIAN_POINT ( 'NONE',  ( -5.109999999999999400, 0.6999999999999999600, 2.679598499466337500 ) ) ;
#162 = PLANE ( 'NONE',  #7453 ) ;
#163 = SURFACE_SIDE_STYLE ('',( #388 ) ) ;
#164 = CARTESIAN_POINT ( 'NONE',  ( 1.622961883483054100, 3.910000000000001000, 2.156529213174469100 ) ) ;
#165 = CARTESIAN_POINT ( 'NONE',  ( -1.252268578938181100, 3.900000000000000400, 1.866807251477702500 ) ) ;
#166 = FACE_OUTER_BOUND ( 'NONE', #5433, .T. ) ;
#167 = ORIENTED_EDGE ( 'NONE', *, *, #6274, .T. ) ;
#168 = STYLED_ITEM ( 'NONE', ( #5241 ), #1262 ) ;
#169 = DIRECTION ( 'NONE',  ( 0.0000000000000000000, 0.0000000000000000000, 1.000000000000000000 ) ) ;
#170 = EDGE_CURVE ( 'NONE', #4718, #4855, #1090, .T. ) ;
#171 = DIRECTION ( 'NONE',  ( 0.0000000000000000000, 0.0000000000000000000, -1.000000000000000000 ) ) ;
#172 = VECTOR ( 'NONE', #2160, 1000.000000000000000 ) ;
#173 = CARTESIAN_POINT ( 'NONE',  ( -0.7000000000000002900, 2.299999999999999800, 12.04999999999999900 ) ) ;
#174 = PRESENTATION_LAYER_ASSIGNMENT (  '', '', ( #8227 ) ) ;
#175 = CARTESIAN_POINT ( 'NONE',  ( -0.1776386447276548700, 3.900000000000000400, 2.164299027793492100 ) ) ;
#176 = CARTESIAN_POINT ( 'NONE',  ( -2.618428118411865800, 3.910000000000000100, 2.151141133056650100 ) ) ;
#177 = ORIENTED_EDGE ( 'NONE', *, *, #4289, .F. ) ;
#178 = SURFACE_SIDE_STYLE ('',( #6011 ) ) ;
#179 = LINE ( 'NONE', #3633, #5494 ) ;
#180 = CARTESIAN_POINT ( 'NONE',  ( -5.509999999999998900, 3.900000000000000400, 4.549999999999998000 ) ) ;
#181 = CARTESIAN_POINT ( 'NONE',  ( 1.089012689413345800, 3.899999999999998600, 1.913696062998571500 ) ) ;
#182 = PRESENTATION_LAYER_ASSIGNMENT (  '', '', ( #8409 ) ) ;
#183 = CARTESIAN_POINT ( 'NONE',  ( -0.1568738420960761300, 3.910000000000000100, 1.137983238319808100 ) ) ;
#184 = AXIS2_PLACEMENT_3D ( 'NONE', #6192, #2872, #4327 ) ;
#185 = CARTESIAN_POINT ( 'NONE',  ( -0.6123793499855250100, 3.910000000000000100, 1.930013136116213800 ) ) ;
#186 = ORIENTED_EDGE ( 'NONE', *, *, #7277, .F. ) ;
#187 = VECTOR ( 'NONE', #5003, 1000.000000000000000 ) ;
#188 = CARTESIAN_POINT ( 'NONE',  ( 0.1559563809540038500, 3.910000000000001000, 1.666772170493999100 ) ) ;
#189 = SURFACE_STYLE_USAGE ( .BOTH. , #2864 ) ;
#190 = ADVANCED_FACE ( 'NONE', ( #252 ), #528, .T. ) ;
#191 =( GEOMETRIC_REPRESENTATION_CONTEXT ( 3 ) GLOBAL_UNCERTAINTY_ASSIGNED_CONTEXT ( ( #5567 ) ) GLOBAL_UNIT_ASSIGNED_CONTEXT ( ( #4963, #1722, #410 ) ) REPRESENTATION_CONTEXT ( 'NONE', 'WORKASPACE' ) );
#192 = CARTESIAN_POINT ( 'NONE',  ( -1.208802642462145200, 3.899999999999999500, 1.398161549961988200 ) ) ;
#193 = CARTESIAN_POINT ( 'NONE',  ( -1.852407406776008800, 3.909999999999999300, 2.106064550763634200 ) ) ;
#194 = CARTESIAN_POINT ( 'NONE',  ( 4.927776414419628100, 2.782825113980310800, 2.547612832178301400 ) ) ;
#195 = FACE_OUTER_BOUND ( 'NONE', #6978, .T. ) ;
#196 = ORIENTED_EDGE ( 'NONE', *, *, #2677, .F. ) ;
#197 = CARTESIAN_POINT ( 'NONE',  ( -0.9288721973592338800, 3.910000000000000100, 1.559035869898755200 ) ) ;
#198 = ORIENTED_EDGE ( 'NONE', *, *, #1800, .T. ) ;
#199 = CARTESIAN_POINT ( 'NONE',  ( -0.9972308168998975700, 3.900000000000000400, 2.159265894435384400 ) ) ;
#200 = ADVANCED_FACE ( 'NONE', ( #4206 ), #1669, .F. ) ;
#201 = ORIENTED_EDGE ( 'NONE', *, *, #3982, .T. ) ;
#202 = ORIENTED_EDGE ( 'NONE', *, *, #1552, .F. ) ;
#203 = CARTESIAN_POINT ( 'NONE',  ( 0.1513905294305701300, 3.900000000000000800, 1.763024859301194800 ) ) ;
#204 = CARTESIAN_POINT ( 'NONE',  ( 0.3503300705971620900, 3.910000000000001000, 2.022084137425465200 ) ) ;
#205 = FACE_OUTER_BOUND ( 'NONE', #7356, .T. ) ;
#206 = DIRECTION ( 'NONE',  ( 1.936075308009828400E-016, -1.000000000000000000, -0.0000000000000000000 ) ) ;
#207 = SURFACE_STYLE_USAGE ( .BOTH. , #6867 ) ;
#208 = ORIENTED_EDGE ( 'NONE', *, *, #4235, .T. ) ;
#209 = CARTESIAN_POINT ( 'NONE',  ( 4.842015805328189900, 3.763073361412149000, 7.549429204713759700 ) ) ;
#210 = CARTESIAN_POINT ( 'NONE',  ( -0.08382159086548622600, 3.910000000000000100, 1.145234742077572100 ) ) ;
#211 = CARTESIAN_POINT ( 'NONE',  ( -0.8615413476701310200, 3.910000000000000100, 2.159269009683194400 ) ) ;
#212 = FILL_AREA_STYLE ('',( #96 ) ) ;
#213 = DIRECTION ( 'NONE',  ( -0.0000000000000000000, -0.0000000000000000000, 1.000000000000000000 ) ) ;
#214 = VERTEX_POINT ( 'NONE', #271 ) ;
#215 = CARTESIAN_POINT ( 'NONE',  ( -0.9288721973592338800, 3.910000000000000100, 1.651141133056649900 ) ) ;
#216 = SURFACE_STYLE_FILL_AREA ( #6595 ) ;
#217 = CARTESIAN_POINT ( 'NONE',  ( 4.692586600614428800, 3.856066017177981900, 0.006066017177978352500 ) ) ;
#218 = FILL_AREA_STYLE ('',( #4844 ) ) ;
#219 = PRODUCT_CONTEXT ( 'NONE', #7488, 'mechanical' ) ;
#220 = SURFACE_STYLE_USAGE ( .BOTH. , #6855 ) ;
#221 = UNCERTAINTY_MEASURE_WITH_UNIT (LENGTH_MEASURE( 1.000000000000000100E-005 ), #5393, 'distance_accuracy_value', 'NONE');
#222 = PRESENTATION_STYLE_ASSIGNMENT (( #6333 ) ) ;
#223 = CARTESIAN_POINT ( 'NONE',  ( 0.5314485263249765200, 3.900000000000000400, 2.164299027793492100 ) ) ;
#224 = ORIENTED_EDGE ( 'NONE', *, *, #1175, .F. ) ;
#225 = ORIENTED_EDGE ( 'NONE', *, *, #3071, .T. ) ;
#226 = EDGE_CURVE ( 'NONE', #1236, #2299, #8509, .T. ) ;
#227 = FILL_AREA_STYLE_COLOUR ( '', #1540 ) ;
#228 = FILL_AREA_STYLE_COLOUR ( '', #6966 ) ;
#229 = CARTESIAN_POINT ( 'NONE',  ( 5.110000000000000300, 0.6999999999999999600, 7.549999999999998000 ) ) ;
#230 = CARTESIAN_POINT ( 'NONE',  ( -1.147452964479560400, 3.900000000000001200, 1.226019535180878900 ) ) ;
#231 =( NAMED_UNIT ( * ) SI_UNIT ( $, .STERADIAN. ) SOLID_ANGLE_UNIT ( ) );
#232 = B_SPLINE_CURVE_WITH_KNOTS ( 'NONE', 3,
 ( #3645, #6438, #2347, #8318, #5074, #369, #1660, #4306, #2409, #317, #4984, #5657, #3031, #1042, #8379, #4365, #6348 ),
 .UNSPECIFIED., .F., .F.,
 ( 4, 1, 1, 1, 1, 1, 1, 1, 1, 1, 1, 1, 1, 1, 4 ),
 ( 0.0000000000000000000, 0.06456253624186476800, 0.1289628980166708500, 0.1913284432258166000, 0.2550610669164861100, 0.3177307371991350300, 0.3791697185100769100, 0.4406293273123876300, 0.5009281852497808900, 0.6225333309010661100, 0.7454783258400595700, 0.8084657470814725600, 0.8710291417535992500, 0.9346423226586254600, 1.000000000000000000 ),
 .UNSPECIFIED. ) ;
#233 = PRESENTATION_LAYER_ASSIGNMENT (  '', '', ( #5777 ) ) ;
#234 = CARTESIAN_POINT ( 'NONE',  ( 0.03475138283164586100, 3.899999999999999000, 1.209208006593465600 ) ) ;
#235 = ORIENTED_EDGE ( 'NONE', *, *, #2278, .T. ) ;
#236 = EDGE_CURVE ( 'NONE', #8659, #7240, #2330, .T. ) ;
#237 = EDGE_CURVE ( 'NONE', #2091, #1960, #678, .T. ) ;
#238 = SURFACE_STYLE_USAGE ( .BOTH. , #3708 ) ;
#239 = CARTESIAN_POINT ( 'NONE',  ( 1.868825171061818400, 3.910000000000000100, 1.151141133056649900 ) ) ;
#240 = LINE ( 'NONE', #7320, #7551 ) ;
#241 = CARTESIAN_POINT ( 'NONE',  ( -0.7423042388991956100, 3.909999999999999300, 1.776094555636466000 ) ) ;
#242 = ADVANCED_FACE ( 'NONE', ( #1494 ), #440, .T. ) ;
#243 = ORIENTED_EDGE ( 'NONE', *, *, #945, .T. ) ;
#244 = VERTEX_POINT ( 'NONE', #1610 ) ;
#245 = CARTESIAN_POINT ( 'NONE',  ( -1.088676608998838700, 3.899999999999999500, 1.178682577229310600 ) ) ;
#246 = CARTESIAN_POINT ( 'NONE',  ( -0.7701536242591993100, 3.909999999999998400, 1.179343350149740100 ) ) ;
#247 = CARTESIAN_POINT ( 'NONE',  ( 0.02042736928623779100, 3.900000000000000400, 1.433279155146212300 ) ) ;
#248 = ORIENTED_EDGE ( 'NONE', *, *, #5145, .T. ) ;
#249 = CARTESIAN_POINT ( 'NONE',  ( -1.833215576098324900, 3.899999999999999500, 2.015071901444522000 ) ) ;
#250 = CIRCLE ( 'NONE', #6685, 0.1500000000000001100 ) ;
#251 = CARTESIAN_POINT ( 'NONE',  ( -0.6710967484884621200, 3.899999999999997700, 1.482080723548723700 ) ) ;
#252 = FACE_OUTER_BOUND ( 'NONE', #3245, .T. ) ;
#253 = CARTESIAN_POINT ( 'NONE',  ( 1.376600495145268600, 3.900000000000000800, 2.032776296360980800 ) ) ;
#254 = PLANE ( 'NONE',  #2489 ) ;
#255 = STYLED_ITEM ( 'NONE', ( #1535 ), #4498 ) ;
#256 = ORIENTED_EDGE ( 'NONE', *, *, #1859, .T. ) ;
#257 = CARTESIAN_POINT ( 'NONE',  ( -1.252268578938181100, 3.900000000000000400, 1.866807251477702500 ) ) ;
#258 = CARTESIAN_POINT ( 'NONE',  ( 0.08936148686771938600, 3.900000000000000800, 1.994507376208873400 ) ) ;
#259 = CARTESIAN_POINT ( 'NONE',  ( 0.7044162606043176100, 3.909999999999999300, 2.010816843805709500 ) ) ;
#260 = CARTESIAN_POINT ( 'NONE',  ( -1.840000000000000500, 2.299999999999999800, 12.04999999999999900 ) ) ;
#261 = ORIENTED_EDGE ( 'NONE', *, *, #3082, .T. ) ;
#262 = CARTESIAN_POINT ( 'NONE',  ( 0.4000000000000000200, 2.860000000000000300, 21.14999999999999900 ) ) ;
#263 = DIRECTION ( 'NONE',  ( -1.000000000000000000, 0.0000000000000000000, 0.0000000000000000000 ) ) ;
#264 = VECTOR ( 'NONE', #6143, 1000.000000000000000 ) ;
#265 = CARTESIAN_POINT ( 'NONE',  ( 0.3780768157986610400, 3.910000000000000100, 1.151141133056649900 ) ) ;
#266 = CARTESIAN_POINT ( 'NONE',  ( -0.7639351675601026000, 3.899999999999999500, 1.400602103218603800 ) ) ;
#267 =( NAMED_UNIT ( * ) PLANE_ANGLE_UNIT ( ) SI_UNIT ( $, .RADIAN. ) );
#268 = DIRECTION ( 'NONE',  ( -1.000000000000000000, 0.0000000000000000000, -0.0000000000000000000 ) ) ;
#269 = DIRECTION ( 'NONE',  ( -1.000000000000000000, 0.0000000000000000000, -0.0000000000000000000 ) ) ;
#270 = PRESENTATION_STYLE_ASSIGNMENT (( #3581 ) ) ;
#271 = CARTESIAN_POINT ( 'NONE',  ( -0.7000000000000002900, 2.299999999999999800, 12.04999999999999900 ) ) ;
#272 = CARTESIAN_POINT ( 'NONE',  ( -0.6952908793786035700, 3.909999999999998400, 1.245536063442694000 ) ) ;
#273 = DIRECTION ( 'NONE',  ( -0.0000000000000000000, -1.000000000000000000, -0.0000000000000000000 ) ) ;
#274 = EDGE_CURVE ( 'NONE', #4153, #5533, #663, .T. ) ;
#275 = EDGE_CURVE ( 'NONE', #2962, #1278, #1707, .T. ) ;
#276 = FILL_AREA_STYLE_COLOUR ( '', #6076 ) ;
#277 = CARTESIAN_POINT ( 'NONE',  ( 1.998553789482871500, 3.910000000000000100, 1.151141133056649900 ) ) ;
#278 = LINE ( 'NONE', #9, #1845 ) ;
#279 =( BOUNDED_CURVE ( )  B_SPLINE_CURVE ( 3, ( #1330, #1253, #5931, #3433 ),
 .UNSPECIFIED., .F., .F. ) 
 B_SPLINE_CURVE_WITH_KNOTS ( ( 4, 4 ),
 ( 4.712388980384689700, 4.799655442984402500 ),
 .UNSPECIFIED. ) 
 CURVE ( )  GEOMETRIC_REPRESENTATION_ITEM ( )  RATIONAL_B_SPLINE_CURVE ( ( 1.000000000000000000, 0.9993654810545719000, 0.9993654810545719000, 1.000000000000000000 ) ) 
 REPRESENTATION_ITEM ( '' )  );
#280 = FILL_AREA_STYLE ('',( #3570 ) ) ;
#281 = ORIENTED_EDGE ( 'NONE', *, *, #3855, .F. ) ;
#282 = PRESENTATION_LAYER_ASSIGNMENT (  '', '', ( #2523 ) ) ;
#283 = SURFACE_SIDE_STYLE ('',( #3113 ) ) ;
#284 = ADVANCED_FACE ( 'NONE', ( #1914 ), #3378, .T. ) ;
#285 =( NAMED_UNIT ( * ) SI_UNIT ( $, .STERADIAN. ) SOLID_ANGLE_UNIT ( ) );
#286 = COLOUR_RGB ( '',1.000000000000000000, 1.000000000000000000, 1.000000000000000000 ) ;
#287 = EDGE_CURVE ( 'NONE', #8129, #8030, #2956, .T. ) ;
#288 = CARTESIAN_POINT ( 'NONE',  ( -5.509999999999998900, 3.750000000000000400, 0.1121320343559608100 ) ) ;
#289 = FILL_AREA_STYLE_COLOUR ( '', #1269 ) ;
#290 = MECHANICAL_DESIGN_GEOMETRIC_PRESENTATION_REPRESENTATION (  '', ( #6288 ), #6116 ) ;
#291 = CARTESIAN_POINT ( 'NONE',  ( 0.02773975983308190800, 3.900000000000000800, 1.471742717909472900 ) ) ;
#292 = CARTESIAN_POINT ( 'NONE',  ( 0.5411103786576866300, 3.899999999999999500, 1.545903487279179700 ) ) ;
#293 = B_SPLINE_SURFACE_WITH_KNOTS ( 'NONE', 3, 1, ( 
 ( #5107, #2449 ),
 ( #4546, #561 ),
 ( #8474, #5188 ),
 ( #1325, #5290 ),
 ( #4725, #1633 ),
 ( #2294, #2978 ),
 ( #4223, #5662 ),
 ( #4258, #2938 ),
 ( #1694, #4934 ),
 ( #7704, #321 ),
 ( #3677, #900 ),
 ( #3589, #2233 ),
 ( #3033, #5631 ),
 ( #3617, #7012 ),
 ( #930, #8358 ),
 ( #4988, #2351 ),
 ( #6264, #8267 ),
 ( #6921, #964 ),
 ( #6982, #6955 ) ),
 .UNSPECIFIED., .F., .F., .F.,
 ( 4, 1, 1, 1, 1, 1, 1, 1, 1, 1, 1, 1, 1, 1, 1, 1, 4 ),
 ( 2, 2 ),
 ( 0.0000000000000000000, 0.04781223780670549500, 0.09385464393737666400, 0.1383078725930739500, 0.1827660176442797200, 0.2283712093456327600, 0.2759037829336881100, 0.3265341866949471000, 0.3807016907420388600, 0.4389945051626486500, 0.5024881594380461400, 0.5710921570743631200, 0.6449087532150266100, 0.7246958130895980700, 0.8101603531974777000, 0.9018868636063989100, 1.000000000000000000 ),
 ( 0.0000000000000000000, 1.000000000000000000 ),
 .UNSPECIFIED. ) ;
#294 = CARTESIAN_POINT ( 'NONE',  ( -0.8500890028703358400, 3.899999999999999500, 1.539396519714496300 ) ) ;
#295 = LINE ( 'NONE', #1193, #3741 ) ;
#296 = CARTESIAN_POINT ( 'NONE',  ( 2.940000000000000400, 2.299999999999999400, 21.14999999999999900 ) ) ;
#297 = EDGE_LOOP ( 'NONE', ( #281, #8039, #208, #4405 ) ) ;
#298 = LINE ( 'NONE', #775, #7929 ) ;
#299 = FILL_AREA_STYLE ('',( #4279 ) ) ;
#300 =( LENGTH_UNIT ( ) NAMED_UNIT ( * ) SI_UNIT ( .MILLI., .METRE. ) );
#301 = CARTESIAN_POINT ( 'NONE',  ( -0.9394365671779882900, 3.900000000000001200, 1.138230213056593100 ) ) ;
#302 = SURFACE_STYLE_USAGE ( .BOTH. , #1611 ) ;
#303 = CARTESIAN_POINT ( 'NONE',  ( -0.1665366710434444400, 3.900000000000000400, 2.072193764635597500 ) ) ;
#304 = CARTESIAN_POINT ( 'NONE',  ( 5.110000000000000300, 0.6999999999999999600, -0.9500000000000029500 ) ) ;
#305 = CARTESIAN_POINT ( 'NONE',  ( 2.297920378067552800, 3.910000000000000100, 2.025365348602039100 ) ) ;
#306 = CARTESIAN_POINT ( 'NONE',  ( -0.9718913498791236200, 3.910000000000001000, 2.055522977423186700 ) ) ;
#307 = ORIENTED_EDGE ( 'NONE', *, *, #4471, .F. ) ;
#308 = CARTESIAN_POINT ( 'NONE',  ( -0.9288721973592338800, 3.900000000000000400, 1.651141133056649900 ) ) ;
#309 = CARTESIAN_POINT ( 'NONE',  ( 1.376600495145268600, 3.910000000000000100, 2.032776296360980800 ) ) ;
#310 = EDGE_LOOP ( 'NONE', ( #8356, #6923, #2799, #8124 ) ) ;
#311 = CARTESIAN_POINT ( 'NONE',  ( -1.215771557945972200, 3.899999999999999900, 2.014354792421852600 ) ) ;
#312 = CARTESIAN_POINT ( 'NONE',  ( 1.286767331915341400, 3.910000000000000100, 1.977074447134680600 ) ) ;
#313 = CARTESIAN_POINT ( 'NONE',  ( 0.7513949598090364800, 3.910000000000001000, 1.940195190858671600 ) ) ;
#314 = DIRECTION ( 'NONE',  ( 0.0000000000000000000, 0.0000000000000000000, -1.000000000000000000 ) ) ;
#315 = CARTESIAN_POINT ( 'NONE',  ( -0.7969686721725350900, 3.910000000000000100, 1.697948571992520700 ) ) ;
#316 = PRESENTATION_STYLE_ASSIGNMENT (( #5820 ) ) ;
#317 = CARTESIAN_POINT ( 'NONE',  ( -0.8082170656781827400, 3.900000000000000800, 1.507543854871697700 ) ) ;
#318 = DIRECTION ( 'NONE',  ( -0.08715574274765473800, -0.9961946980917457700, -0.0000000000000000000 ) ) ;
#319 = CARTESIAN_POINT ( 'NONE',  ( 0.8381919473776084900, 3.910000000000000100, 1.151141133056649900 ) ) ;
#320 = LINE ( 'NONE', #857, #1165 ) ;
#321 = CARTESIAN_POINT ( 'NONE',  ( -0.3229153731559653600, 3.899999999999999500, 1.339509731114002300 ) ) ;
#322 = CARTESIAN_POINT ( 'NONE',  ( -3.240000000000000700, 2.299999999999999800, 7.549999999999998000 ) ) ;
#323 = CARTESIAN_POINT ( 'NONE',  ( -4.970651347020963200, 2.292762391869660900, 6.521947768461383400 ) ) ;
#324 = ORIENTED_EDGE ( 'NONE', *, *, #3460, .F. ) ;
#325 = ADVANCED_FACE ( 'NONE', ( #1194 ), #5052, .T. ) ;
#326 = CARTESIAN_POINT ( 'NONE',  ( -1.129725157407028200, 3.899999999999999500, 1.208554377402427000 ) ) ;
#327 = CARTESIAN_POINT ( 'NONE',  ( 0.3830020537318304400, 3.899999999999999500, 1.642866816224026300 ) ) ;
#328 = VECTOR ( 'NONE', #1080, 1000.000000000000000 ) ;
#329 = CLOSED_SHELL ( 'NONE', ( #6473, #3829, #6299, #8164, #853, #1459, #524, #6249, #6778, #2538 ) ) ;
#330 = SURFACE_SIDE_STYLE ('',( #2713 ) ) ;
#331 = CARTESIAN_POINT ( 'NONE',  ( 1.274940300984805700, 3.900000000000000400, 2.111802903177828500 ) ) ;
#332 = AXIS2_PLACEMENT_3D ( 'NONE', #2255, #314, #4978 ) ;
#333 = CARTESIAN_POINT ( 'NONE',  ( 1.344641062730253000, 3.900000000000000400, 2.017679013997033500 ) ) ;
#334 = CARTESIAN_POINT ( 'NONE',  ( -1.107132062187736500, 3.900000000000000400, 1.957569673759173700 ) ) ;
#335 = B_SPLINE_SURFACE_WITH_KNOTS ( 'NONE', 3, 1, ( 
 ( #3338, #1984 ),
 ( #1302, #4035 ),
 ( #5983, #2691 ),
 ( #3303, #1962 ),
 ( #6653, #710 ),
 ( #2636, #7316 ),
 ( #6126, #5459 ),
 ( #7400, #4058 ),
 ( #3396, #3421 ),
 ( #100, #6096 ),
 ( #6065, #4757 ),
 ( #1463, #2775 ),
 ( #6149, #1406 ),
 ( #4115, #2062 ),
 ( #2036, #2086 ),
 ( #6770, #742 ),
 ( #772, #5437 ),
 ( #2746, #8072 ),
 ( #6744, #1431 ) ),
 .UNSPECIFIED., .F., .F., .F.,
 ( 4, 1, 1, 1, 1, 1, 1, 1, 1, 1, 1, 1, 1, 1, 1, 1, 4 ),
 ( 2, 2 ),
 ( 0.0000000000000000000, 0.06601319087229867700, 0.1292923414249864700, 0.1912471180667967800, 0.2521196505038907900, 0.3116669472146789100, 0.3703789420543912600, 0.4285902874572548600, 0.4870316295789315900, 0.5460322317362409400, 0.6053038721903572000, 0.6667348015106903100, 0.7296010038413096600, 0.7942905844684436900, 0.8604369184128795000, 0.9289826247129325800, 1.000000000000000000 ),
 ( 0.0000000000000000000, 1.000000000000000000 ),
 .UNSPECIFIED. ) ;
#336 = EDGE_CURVE ( 'NONE', #5258, #5251, #6321, .T. ) ;
#337 = CARTESIAN_POINT ( 'NONE',  ( -0.8951128740849579900, 3.900000000000000800, 2.163462993655777200 ) ) ;
#338 = ORIENTED_EDGE ( 'NONE', *, *, #4072, .T. ) ;
#339 = CARTESIAN_POINT ( 'NONE',  ( 0.5328876710618186700, 3.910000000000000100, 2.072193764635597500 ) ) ;
#340 = ORIENTED_EDGE ( 'NONE', *, *, #4733, .F. ) ;
#341 = ORIENTED_EDGE ( 'NONE', *, *, #6722, .F. ) ;
#342 = CARTESIAN_POINT ( 'NONE',  ( 0.6078453161211405700, 3.900000000000000800, 2.063651380491140900 ) ) ;
#343 = CARTESIAN_POINT ( 'NONE',  ( -0.9214578381488148800, 3.910000000000000100, 1.651322998556983700 ) ) ;
#344 = FACE_OUTER_BOUND ( 'NONE', #3363, .T. ) ;
#345 = CARTESIAN_POINT ( 'NONE',  ( -0.8364303048924921500, 3.909999999999998400, 1.531060509340362900 ) ) ;
#346 = ORIENTED_EDGE ( 'NONE', *, *, #3353, .T. ) ;
#347 = CARTESIAN_POINT ( 'NONE',  ( 1.755670184367115900, 3.900000000000001200, 1.293289987746186800 ) ) ;
#348 = ORIENTED_EDGE ( 'NONE', *, *, #1996, .T. ) ;
#349 = B_SPLINE_SURFACE_WITH_KNOTS ( 'NONE', 3, 1, ( 
 ( #2814, #2156 ),
 ( #4064, #5937 ),
 ( #1926, #2600 ),
 ( #3354, #615 ),
 ( #3318, #1997 ),
 ( #6618, #589 ),
 ( #1367, #3970 ) ),
 .UNSPECIFIED., .F., .F., .F.,
 ( 4, 1, 1, 1, 4 ),
 ( 2, 2 ),
 ( 0.0000000000000000000, 0.2491494048076365000, 0.5137230259008200800, 0.7714948216242317700, 0.9999999999999998900 ),
 ( 0.0000000000000000000, 1.000000000000000000 ),
 .UNSPECIFIED. ) ;
#350 = CARTESIAN_POINT ( 'NONE',  ( 0.1555922329846570800, 3.909999999999998400, 1.586258882805175600 ) ) ;
#351 = CARTESIAN_POINT ( 'NONE',  ( 1.546456750009187500, 3.900000000000000400, 1.243246396214544600 ) ) ;
#352 =( GEOMETRIC_REPRESENTATION_CONTEXT ( 3 ) GLOBAL_UNCERTAINTY_ASSIGNED_CONTEXT ( ( #7776 ) ) GLOBAL_UNIT_ASSIGNED_CONTEXT ( ( #2404, #2439, #8464 ) ) REPRESENTATION_CONTEXT ( 'NONE', 'WORKASPACE' ) );
#353 = CARTESIAN_POINT ( 'NONE',  ( 5.111895655835028600, 0.6783325546574628900, 6.418982058999081800 ) ) ;
#354 =( NAMED_UNIT ( * ) SI_UNIT ( $, .STERADIAN. ) SOLID_ANGLE_UNIT ( ) );
#355 =( NAMED_UNIT ( * ) PLANE_ANGLE_UNIT ( ) SI_UNIT ( $, .RADIAN. ) );
#356 = CARTESIAN_POINT ( 'NONE',  ( 0.02716066110438799700, 3.900000000000000800, 1.838314141515549900 ) ) ;
#357 =( NAMED_UNIT ( * ) SI_UNIT ( $, .STERADIAN. ) SOLID_ANGLE_UNIT ( ) );
#358 = CARTESIAN_POINT ( 'NONE',  ( -1.060885795540418100, 3.909999999999999300, 2.016515761875251400 ) ) ;
#359 = CIRCLE ( 'NONE', #6121, 0.1492882710109766900 ) ;
#360 = CARTESIAN_POINT ( 'NONE',  ( -0.9702686164744144200, 3.910000000000001000, 1.654413022565876000 ) ) ;
#361 = CARTESIAN_POINT ( 'NONE',  ( -1.128707723675023400, 3.900000000000000400, 1.854677317267176400 ) ) ;
#362 = VECTOR ( 'NONE', #8144, 1000.000000000000000 ) ;
#363 = CARTESIAN_POINT ( 'NONE',  ( 0.4672283241112190100, 3.900000000000001200, 2.162211178697344600 ) ) ;
#364 = CARTESIAN_POINT ( 'NONE',  ( -1.377062986832918300, 3.900000000000000400, 1.218780935688228700 ) ) ;
#365 = DIRECTION ( 'NONE',  ( 0.0000000000000000000, 0.0000000000000000000, 1.000000000000000000 ) ) ;
#366 = CARTESIAN_POINT ( 'NONE',  ( 0.7187980145059021900, 3.900000000000001200, 1.995300671295387100 ) ) ;
#367 = CARTESIAN_POINT ( 'NONE',  ( -0.7284198947276548900, 3.910000000000000100, 1.854677317267176400 ) ) ;
#368 = UNCERTAINTY_MEASURE_WITH_UNIT (LENGTH_MEASURE( 1.000000000000000100E-005 ), #6637, 'distance_accuracy_value', 'NONE');
#369 = CARTESIAN_POINT ( 'NONE',  ( -0.8647302498310288600, 3.900000000000001200, 1.546304234912876600 ) ) ;
#370 = CARTESIAN_POINT ( 'NONE',  ( 0.4276476921566728700, 3.900000000000000400, 2.056066271669765300 ) ) ;
#371 = CARTESIAN_POINT ( 'NONE',  ( -0.9296945657802865300, 3.900000000000000400, 1.137983238319807900 ) ) ;
#372 = VECTOR ( 'NONE', #2191, 1000.000000000000000 ) ;
#373 = CARTESIAN_POINT ( 'NONE',  ( 1.557086645155343600, 3.910000000000000100, 1.243440320561385500 ) ) ;
#374 = SURFACE_SIDE_STYLE ('',( #160 ) ) ;
#375 = VERTEX_POINT ( 'NONE', #2315 ) ;
#376 = CARTESIAN_POINT ( 'NONE',  ( -1.246789291387010700, 3.899999999999999500, 1.930007885782540200 ) ) ;
#377 = EDGE_LOOP ( 'NONE', ( #24, #2335, #3527, #1490, #3664, #6743, #201 ) ) ;
#378 = CARTESIAN_POINT ( 'NONE',  ( -0.1624248289381811400, 3.910000000000000100, 1.230088501477702800 ) ) ;
#379 =( LENGTH_UNIT ( ) NAMED_UNIT ( * ) SI_UNIT ( .MILLI., .METRE. ) );
#380 = DIRECTION ( 'NONE',  ( -0.0000000000000000000, -1.000000000000000000, -0.0000000000000000000 ) ) ;
#381 = DIRECTION ( 'NONE',  ( -0.0000000000000000000, -1.000000000000000000, -0.0000000000000000000 ) ) ;
#382 = B_SPLINE_CURVE_WITH_KNOTS ( 'NONE', 3,
 ( #6578, #550, #3179, #7191, #3847, #4537, #3876, #518, #5871, #482, #1273, #1811, #5218, #2471, #7814, #7914, #3903, #1885, #4564 ),
 .UNSPECIFIED., .F., .F.,
 ( 4, 1, 1, 1, 1, 1, 1, 1, 1, 1, 1, 1, 1, 1, 1, 1, 4 ),
 ( 0.0000000000000000000, 0.07027108577833221500, 0.1384877423347384300, 0.2043081144259955900, 0.2686796438734483400, 0.3316244802875681400, 0.3923952255208286700, 0.4524373546698944900, 0.5115117557542040400, 0.5703194672694907900, 0.6286036243839796500, 0.6876129459881489300, 0.7474204521315639400, 0.8085136668813347500, 0.8705459375803507000, 0.9339042387389909800, 1.000000000000000000 ),
 .UNSPECIFIED. ) ;
#383 = EDGE_CURVE ( 'NONE', #5434, #667, #7044, .T. ) ;
#384 = EDGE_CURVE ( 'NONE', #3882, #5056, #3057, .T. ) ;
#385 = FILL_AREA_STYLE_COLOUR ( '', #6374 ) ;
#386 = ORIENTED_EDGE ( 'NONE', *, *, #5033, .F. ) ;
#387 = CARTESIAN_POINT ( 'NONE',  ( -1.008452088547230800, 3.900000000000001200, 1.665814047357012200 ) ) ;
#388 = SURFACE_STYLE_FILL_AREA ( #8153 ) ;
#389 = CARTESIAN_POINT ( 'NONE',  ( -0.9718913498791236200, 3.900000000000001200, 2.055522977423186700 ) ) ;
#390 = B_SPLINE_SURFACE_WITH_KNOTS ( 'NONE', 3, 1, ( 
 ( #81, #4101 ),
 ( #5560, #8196 ),
 ( #4185, #4883 ),
 ( #3518, #203 ),
 ( #2252, #6834 ),
 ( #6313, #3492 ),
 ( #6939, #2931 ),
 ( #6193, #6221 ),
 ( #891, #258 ),
 ( #4918, #8165 ),
 ( #4850, #7496 ),
 ( #4828, #7612 ),
 ( #2846, #1596 ),
 ( #2818, #4953 ),
 ( #4241, #1559 ),
 ( #6251, #832 ),
 ( #1623, #954 ),
 ( #4161, #6882 ),
 ( #5528, #7529 ) ),
 .UNSPECIFIED., .F., .F., .F.,
 ( 4, 1, 1, 1, 1, 1, 1, 1, 1, 1, 1, 1, 1, 1, 1, 1, 4 ),
 ( 2, 2 ),
 ( 0.0000000000000000000, 0.08743627912959312000, 0.1700077694689458600, 0.2480077300108582400, 0.3216520361470753300, 0.3909634990383414900, 0.4559429689286111400, 0.5176799716278736000, 0.5760210157402069200, 0.6313908648380881500, 0.6846141173303920100, 0.7365027186354732300, 0.7877191505335768800, 0.8389278149779618700, 0.8908436669125352500, 0.9443220849570865800, 0.9999999999999998900 ),
 ( 0.0000000000000000000, 1.000000000000000000 ),
 .UNSPECIFIED. ) ;
#391 = CARTESIAN_POINT ( 'NONE',  ( -1.465783468861325200, 3.910000000000001000, 1.381038661935420000 ) ) ;
#392 =( GEOMETRIC_REPRESENTATION_CONTEXT ( 3 ) GLOBAL_UNCERTAINTY_ASSIGNED_CONTEXT ( ( #5031 ) ) GLOBAL_UNIT_ASSIGNED_CONTEXT ( ( #5925, #1884, #3816 ) ) REPRESENTATION_CONTEXT ( 'NONE', 'WORKASPACE' ) );
#393 = DIRECTION ( 'NONE',  ( -0.0000000000000000000, -1.000000000000000000, -0.0000000000000000000 ) ) ;
#394 = CARTESIAN_POINT ( 'NONE',  ( 0.7513949598090364800, 3.910000000000001000, 1.940195190858671600 ) ) ;
#395 = EDGE_CURVE ( 'NONE', #5017, #2374, #7527, .T. ) ;
#396 = ORIENTED_EDGE ( 'NONE', *, *, #4694, .T. ) ;
#397 = EDGE_CURVE ( 'NONE', #7283, #3356, #2429, .T. ) ;
#398 = CARTESIAN_POINT ( 'NONE',  ( 1.161999513167082200, 3.910000000000000100, 1.662654290951386600 ) ) ;
#399 = CARTESIAN_POINT ( 'NONE',  ( -0.8120471937615448800, 3.909999999999998400, 1.685953153342991700 ) ) ;
#400 = ORIENTED_EDGE ( 'NONE', *, *, #4905, .F. ) ;
#401 = SPHERICAL_SURFACE ( 'NONE', #184, 0.1499999999999999900 ) ;
#402 =( GEOMETRIC_REPRESENTATION_CONTEXT ( 3 ) GLOBAL_UNCERTAINTY_ASSIGNED_CONTEXT ( ( #221 ) ) GLOBAL_UNIT_ASSIGNED_CONTEXT ( ( #5393, #1422, #812 ) ) REPRESENTATION_CONTEXT ( 'NONE', 'WORKASPACE' ) );
#403 = CARTESIAN_POINT ( 'NONE',  ( -1.146652127513195600, 3.910000000000000100, 1.646522173728578000 ) ) ;
#404 = VERTEX_POINT ( 'NONE', #8435 ) ;
#405 = ORIENTED_EDGE ( 'NONE', *, *, #336, .T. ) ;
#406 = DIRECTION ( 'NONE',  ( 0.0000000000000000000, 1.000000000000000000, 0.0000000000000000000 ) ) ;
#407 = VERTEX_POINT ( 'NONE', #6434 ) ;
#408 = PRESENTATION_STYLE_ASSIGNMENT (( #1663 ) ) ;
#409 = CARTESIAN_POINT ( 'NONE',  ( 1.782476486851292600, 3.900000000000000400, 1.309035869898755000 ) ) ;
#410 =( NAMED_UNIT ( * ) SI_UNIT ( $, .STERADIAN. ) SOLID_ANGLE_UNIT ( ) );
#411 =( NAMED_UNIT ( * ) SI_UNIT ( $, .STERADIAN. ) SOLID_ANGLE_UNIT ( ) );
#412 = FILL_AREA_STYLE ('',( #2270 ) ) ;
#413 = DIRECTION ( 'NONE',  ( 1.000000000000000000, 0.0000000000000000000, 0.0000000000000000000 ) ) ;
#414 = CARTESIAN_POINT ( 'NONE',  ( -1.128502065523205000, 3.900000000000001700, 1.847403293166318700 ) ) ;
#415 = VERTEX_POINT ( 'NONE', #4422 ) ;
#416 = LINE ( 'NONE', #3870, #1555 ) ;
#417 = CARTESIAN_POINT ( 'NONE',  ( 0.7193401334593169100, 3.910000000000001000, 1.577615581733054200 ) ) ;
#418 = CARTESIAN_POINT ( 'NONE',  ( 0.008761499728821467400, 3.900000000000002600, 1.187173393383042000 ) ) ;
#419 = DIRECTION ( 'NONE',  ( 0.0000000000000000000, -1.000000000000000000, 0.0000000000000000000 ) ) ;
#420 = LINE ( 'NONE', #7777, #2615 ) ;
#421 = PLANE ( 'NONE',  #8292 ) ;
#422 = B_SPLINE_SURFACE_WITH_KNOTS ( 'NONE', 3, 1, ( 
 ( #5819, #694 ),
 ( #3289, #6642 ),
 ( #7976, #2665 ),
 ( #2698, #670 ),
 ( #6752, #4626 ),
 ( #6037, #3265 ),
 ( #2021, #4041 ),
 ( #5331, #1943 ),
 ( #4704, #5277 ),
 ( #7374, #1328 ),
 ( #6015, #1276 ),
 ( #4015, #8613 ),
 ( #1990, #7322 ),
 ( #8002, #6072 ),
 ( #7352, #20 ),
 ( #608, #2640 ),
 ( #4681, #3961 ),
 ( #2040, #5358 ),
 ( #6724, #3932 ) ),
 .UNSPECIFIED., .F., .F., .F.,
 ( 4, 1, 1, 1, 1, 1, 1, 1, 1, 1, 1, 1, 1, 1, 1, 1, 4 ),
 ( 2, 2 ),
 ( 0.0000000000000000000, 0.06875818221037963100, 0.1357486240460437600, 0.1998968062332245300, 0.2638406168434157500, 0.3259900743426136800, 0.3869190586592183800, 0.4472362958520612600, 0.5075690314573546600, 0.5668386437292460800, 0.6262185740099753800, 0.6859543265852143800, 0.7474383099765010700, 0.8091044985253869100, 0.8715341353244919800, 0.9351848482391245100, 1.000000000000000000 ),
 ( 0.0000000000000000000, 1.000000000000000000 ),
 .UNSPECIFIED. ) ;
#423 = VERTEX_POINT ( 'NONE', #5098 ) ;
#424 = ORIENTED_EDGE ( 'NONE', *, *, #4253, .T. ) ;
#425 = CARTESIAN_POINT ( 'NONE',  ( -1.417203490018489300, 3.910000000000001000, 1.290093409785066500 ) ) ;
#426 = CARTESIAN_POINT ( 'NONE',  ( 2.296867934219713800, 3.900000000000000400, 2.032514488319807600 ) ) ;
#427 = VERTEX_POINT ( 'NONE', #1742 ) ;
#428 = CARTESIAN_POINT ( 'NONE',  ( -1.068469236832918100, 3.910000000000000100, 1.600976659372439500 ) ) ;
#429 = CARTESIAN_POINT ( 'NONE',  ( -0.6343704865761062800, 3.899999999999999900, 1.747057138348007100 ) ) ;
#430 = SURFACE_STYLE_USAGE ( .BOTH. , #178 ) ;
#431 = CARTESIAN_POINT ( 'NONE',  ( -1.225019581849234400, 3.910000000000001000, 1.747057396793478400 ) ) ;
#432 = CARTESIAN_POINT ( 'NONE',  ( -0.4267610349048702700, 3.909999999999999300, 1.310242977802196000 ) ) ;
#433 = B_SPLINE_SURFACE_WITH_KNOTS ( 'NONE', 3, 1, ( 
 ( #4944, #1792 ),
 ( #7226, #5860 ),
 ( #1150, #5828 ),
 ( #4438, #442 ),
 ( #7146, #3799 ),
 ( #1089, #6451 ),
 ( #8477, #3861 ),
 ( #3217, #5143 ),
 ( #4493, #6535 ),
 ( #4461, #6478 ),
 ( #3831, #8446 ),
 ( #2453, #8424 ),
 ( #7863, #2545 ),
 ( #2426, #1824 ),
 ( #6504, #5768 ),
 ( #2517, #3095 ),
 ( #5111, #3128 ),
 ( #532, #5201 ),
 ( #1846, #7775 ) ),
 .UNSPECIFIED., .F., .F., .F.,
 ( 4, 1, 1, 1, 1, 1, 1, 1, 1, 1, 1, 1, 1, 1, 1, 1, 4 ),
 ( 2, 2 ),
 ( 0.0000000000000000000, 0.09646958039359110300, 0.1870015541390323600, 0.2717354923338827200, 0.3504422395508579600, 0.4236553765059431500, 0.4914042638326917600, 0.5538186960861901700, 0.6123366788293179700, 0.6664000849663614900, 0.7170909988957414600, 0.7650374789256907400, 0.8114493965702289600, 0.8569611961467101800, 0.9029234863607815700, 0.9502545411073344300, 0.9999999999999998900 ),
 ( 0.0000000000000000000, 1.000000000000000000 ),
 .UNSPECIFIED. ) ;
#434 = CARTESIAN_POINT ( 'NONE',  ( -0.4299267098666247300, 3.899999999999999500, 2.001967824744207600 ) ) ;
#435 = CARTESIAN_POINT ( 'NONE',  ( -0.3116194461628074600, 3.900000000000000400, 2.132068948935130300 ) ) ;
#436 = EDGE_CURVE ( 'NONE', #4774, #8030, #3888, .T. ) ;
#437 = DIRECTION ( 'NONE',  ( -0.9424103198920539300, 0.0000000000000000000, -0.3344589495901650300 ) ) ;
#438 = CARTESIAN_POINT ( 'NONE',  ( -0.8673503343869906100, 3.910000000000000100, 2.051127919004307000 ) ) ;
#439 = ORIENTED_EDGE ( 'NONE', *, *, #8064, .T. ) ;
#440 = PLANE ( 'NONE',  #4303 ) ;
#441 = CARTESIAN_POINT ( 'NONE',  ( -0.1914809087413933400, 3.910000000000000100, 2.071256864002639600 ) ) ;
#442 = CARTESIAN_POINT ( 'NONE',  ( -0.3724841143784243800, 3.900000000000001200, 1.759965465283644300 ) ) ;
#443 = FILL_AREA_STYLE_COLOUR ( '', #2396 ) ;
#444 = CARTESIAN_POINT ( 'NONE',  ( 0.008761499728821467400, 3.910000000000001900, 1.187173393383042000 ) ) ;
#445 = SURFACE_STYLE_FILL_AREA ( #1210 ) ;
#446 = VERTEX_POINT ( 'NONE', #2403 ) ;
#447 = EDGE_CURVE ( 'NONE', #5056, #2961, #6536, .T. ) ;
#448 = CARTESIAN_POINT ( 'NONE',  ( -0.7894807499908128600, 3.910000000000000100, 1.600976659372439500 ) ) ;
#449 = AXIS2_PLACEMENT_3D ( 'NONE', #7780, #7838, #5151 ) ;
#450 = ORIENTED_EDGE ( 'NONE', *, *, #3190, .T. ) ;
#451 = CARTESIAN_POINT ( 'NONE',  ( -0.7894807499908128600, 3.910000000000000100, 1.600976659372439500 ) ) ;
#452 = CARTESIAN_POINT ( 'NONE',  ( -0.6123793499855250100, 3.900000000000000800, 1.930013136116213800 ) ) ;
#453 = ADVANCED_FACE ( 'NONE', ( #3901 ), #7788, .T. ) ;
#454 = PRESENTATION_LAYER_ASSIGNMENT (  '', '', ( #2177 ) ) ;
#455 = CARTESIAN_POINT ( 'NONE',  ( 1.507599842114450300, 3.910000000000000100, 2.164299027793492100 ) ) ;
#456 = CARTESIAN_POINT ( 'NONE',  ( -0.9119524414958266600, 3.900000000000000400, 1.230617774833483900 ) ) ;
#457 = LINE ( 'NONE', #2083, #2643 ) ;
#458 = CARTESIAN_POINT ( 'NONE',  ( -0.7486927747892815300, 3.900000000000001700, 1.620685630654511700 ) ) ;
#459 = CARTESIAN_POINT ( 'NONE',  ( -0.7429777148007563600, 3.910000000000000100, 1.938682609743902700 ) ) ;
#460 = AXIS2_PLACEMENT_3D ( 'NONE', #3554, #2140, #155 ) ;
#461 = AXIS2_PLACEMENT_3D ( 'NONE', #2434, #393, #8342 ) ;
#462 = CARTESIAN_POINT ( 'NONE',  ( -1.603919386531124300, 3.910000000000000100, 1.429297165972993400 ) ) ;
#463 = CARTESIAN_POINT ( 'NONE',  ( -1.204320661028250000, 3.899999999999999500, 1.710550252386181100 ) ) ;
#464 = ORIENTED_EDGE ( 'NONE', *, *, #5368, .F. ) ;
#465 = CARTESIAN_POINT ( 'NONE',  ( -0.4874218537311628100, 3.900000000000000400, 1.781635934357980000 ) ) ;
#466 = CARTESIAN_POINT ( 'NONE',  ( -0.05717836370713935700, 3.909999999999999300, 2.031909474401548900 ) ) ;
#467 = PRESENTATION_LAYER_ASSIGNMENT (  '', '', ( #752 ) ) ;
#468 = CARTESIAN_POINT ( 'NONE',  ( -5.509999999999998900, 3.900000000000000400, 7.399999999999997700 ) ) ;
#469 = CARTESIAN_POINT ( 'NONE',  ( -1.080858526177547200, 3.910000000000001000, 1.459568295855521400 ) ) ;
#470 = VECTOR ( 'NONE', #6593, 1000.000000000000000 ) ;
#471 = CARTESIAN_POINT ( 'NONE',  ( -0.1568738420960761300, 3.900000000000000400, 1.137983238319808100 ) ) ;
#472 = CARTESIAN_POINT ( 'NONE',  ( -2.009875486832918100, 3.910000000000000100, 1.151141133056649900 ) ) ;
#473 = CARTESIAN_POINT ( 'NONE',  ( 0.1555922329846570800, 3.899999999999999000, 1.586258882805175600 ) ) ;
#474 = VECTOR ( 'NONE', #8061, 1000.000000000000000 ) ;
#475 = CARTESIAN_POINT ( 'NONE',  ( -1.026091537301878000, 3.899999999999999500, 1.673990436537735400 ) ) ;
#476 = LINE ( 'NONE', #2871, #2983 ) ;
#477 = CARTESIAN_POINT ( 'NONE',  ( -0.1419405278732204000, 3.909999999999999300, 2.071227249809007200 ) ) ;
#478 = CARTESIAN_POINT ( 'NONE',  ( -5.110000000000000300, 0.6999999999999999600, 7.549999999999998000 ) ) ;
#479 = CARTESIAN_POINT ( 'NONE',  ( -1.197886889983963900, 3.910000000000001900, 1.310969706782600500 ) ) ;
#480 = CARTESIAN_POINT ( 'NONE',  ( -0.3749878892586037700, 3.899999999999999500, 1.713876823927808200 ) ) ;
#481 = CARTESIAN_POINT ( 'NONE',  ( -1.645056925712571100, 3.900000000000000400, 1.784923028532688900 ) ) ;
#482 = CARTESIAN_POINT ( 'NONE',  ( -1.161668914274490500, 3.909999999999999300, 2.082010034441768900 ) ) ;
#483 = CARTESIAN_POINT ( 'NONE',  ( -0.7291019453887160900, 3.899999999999999500, 1.877014693781668700 ) ) ;
#484 = ORIENTED_EDGE ( 'NONE', *, *, #3119, .F. ) ;
#485 = VERTEX_POINT ( 'NONE', #5449 ) ;
#486 = CARTESIAN_POINT ( 'NONE',  ( 2.319894250009187300, 3.900000000000000400, 1.942465146214544800 ) ) ;
#487 = CARTESIAN_POINT ( 'NONE',  ( -0.4000000000000000200, 2.299999999999999400, 21.14999999999999900 ) ) ;
#488 = CARTESIAN_POINT ( 'NONE',  ( 0.8381919473776084900, 3.910000000000000100, 1.151141133056649900 ) ) ;
#489 = CARTESIAN_POINT ( 'NONE',  ( -0.4808945923252262400, 3.900000000000000400, 1.832561482806461600 ) ) ;
#490 = B_SPLINE_CURVE_WITH_KNOTS ( 'NONE', 3,
 ( #4949, #7406, #4731, #747, #778, #5410, #2751, #7437, #2216, #3427, #8103, #4095, #105, #309, #3046, #2992, #8369, #2336, #5680 ),
 .UNSPECIFIED., .F., .F.,
 ( 4, 1, 1, 1, 1, 1, 1, 1, 1, 1, 1, 1, 1, 1, 1, 1, 4 ),
 ( 0.0000000000000000000, 0.07322922213345251000, 0.1427279882952142700, 0.2096797059372922700, 0.2738726736699622600, 0.3361920986707582800, 0.3972400440621241000, 0.4575625659684194900, 0.5180078741286698900, 0.5779402354934601900, 0.6363612727659563300, 0.6944482114327743500, 0.7524553191892829900, 0.8115506496700302100, 0.8720649156133133400, 0.9345931227092997300, 1.000000000000000000 ),
 .UNSPECIFIED. ) ;
#491 = DIRECTION ( 'NONE',  ( 1.000000000000000000, 1.936075308009828400E-016, -0.0000000000000000000 ) ) ;
#492 = DIRECTION ( 'NONE',  ( -1.000000000000000000, -0.0000000000000000000, -0.0000000000000000000 ) ) ;
#493 = CARTESIAN_POINT ( 'NONE',  ( -1.092905868871751200, 3.910000000000000100, 1.411917846710915000 ) ) ;
#494 = ADVANCED_FACE ( 'NONE', ( #973 ), #7444, .T. ) ;
#495 =( GEOMETRIC_REPRESENTATION_CONTEXT ( 3 ) GLOBAL_UNCERTAINTY_ASSIGNED_CONTEXT ( ( #95 ) ) GLOBAL_UNIT_ASSIGNED_CONTEXT ( ( #1924, #3270, #6699 ) ) REPRESENTATION_CONTEXT ( 'NONE', 'WORKASPACE' ) );
#496 = SURFACE_STYLE_FILL_AREA ( #8618 ) ;
#497 = CARTESIAN_POINT ( 'NONE',  ( -1.057750476404652600, 3.900000000000000800, 1.695104630356520700 ) ) ;
#498 = EDGE_CURVE ( 'NONE', #44, #5004, #6528, .T. ) ;
#499 = CARTESIAN_POINT ( 'NONE',  ( -0.4587138573963736000, 3.900000000000001200, 1.394203403358762500 ) ) ;
#500 = LINE ( 'NONE', #4728, #606 ) ;
#501 = EDGE_CURVE ( 'NONE', #754, #3207, #2435, .T. ) ;
#502 = CARTESIAN_POINT ( 'NONE',  ( 0.7473407416002723100, 3.909999999999998400, 1.591031006097656900 ) ) ;
#503 = CARTESIAN_POINT ( 'NONE',  ( 0.03475138283164586100, 3.909999999999998400, 1.209208006593465600 ) ) ;
#504 = ORIENTED_EDGE ( 'NONE', *, *, #6274, .F. ) ;
#505 = CARTESIAN_POINT ( 'NONE',  ( -1.057750476404652600, 3.910000000000000100, 1.695104630356520700 ) ) ;
#506 = ORIENTED_EDGE ( 'NONE', *, *, #3697, .T. ) ;
#507 = CARTESIAN_POINT ( 'NONE',  ( -0.1182305292710809600, 3.900000000000000400, 2.066513771976356200 ) ) ;
#508 = FACE_OUTER_BOUND ( 'NONE', #6906, .T. ) ;
#509 = VECTOR ( 'NONE', #7219, 1000.000000000000000 ) ;
#510 = DIRECTION ( 'NONE',  ( -0.0000000000000000000, -1.000000000000000000, -0.0000000000000000000 ) ) ;
#511 = MECHANICAL_DESIGN_GEOMETRIC_PRESENTATION_REPRESENTATION (  '', ( #959 ), #6515 ) ;
#512 = CARTESIAN_POINT ( 'NONE',  ( 1.162907616394565500, 3.909999999999999300, 1.616824743960465700 ) ) ;
#513 = MECHANICAL_DESIGN_GEOMETRIC_PRESENTATION_REPRESENTATION (  '', ( #6634 ), #62 ) ;
#514 = CARTESIAN_POINT ( 'NONE',  ( -0.9978230206928546700, 3.899999999999999900, 1.544960598544940400 ) ) ;
#515 = EDGE_CURVE ( 'NONE', #2849, #2616, #4939, .T. ) ;
#516 = SURFACE_SIDE_STYLE ('',( #718 ) ) ;
#517 = EDGE_CURVE ( 'NONE', #2171, #2849, #5818, .T. ) ;
#518 = CARTESIAN_POINT ( 'NONE',  ( -1.114401914326816000, 3.910000000000000100, 2.116777130934691900 ) ) ;
#519 = CARTESIAN_POINT ( 'NONE',  ( -0.8673503343869906100, 3.910000000000000100, 2.051127919004307000 ) ) ;
#520 = VECTOR ( 'NONE', #7875, 1000.000000000000000 ) ;
#521 = ORIENTED_EDGE ( 'NONE', *, *, #3349, .T. ) ;
#522 = VECTOR ( 'NONE', #622, 1000.000000000000000 ) ;
#523 = CARTESIAN_POINT ( 'NONE',  ( -1.762575582290498300, 3.910000000000000100, 1.787227002494349100 ) ) ;
#524 = ADVANCED_FACE ( 'NONE', ( #762 ), #2100, .T. ) ;
#525 = B_SPLINE_SURFACE_WITH_KNOTS ( 'NONE', 3, 1, ( 
 ( #5914, #1955 ),
 ( #3942, #2604 ),
 ( #7282, #8567 ),
 ( #8625, #650 ),
 ( #1318, #3192 ),
 ( #7866, #3863 ),
 ( #6118, #7388 ),
 ( #3393, #2079 ),
 ( #4747, #4719 ),
 ( #4665, #4110 ),
 ( #6788, #2765 ),
 ( #1456, #89 ),
 ( #4054, #8067 ),
 ( #1398, #681 ),
 ( #1370, #6739 ),
 ( #4003, #5342 ),
 ( #2710, #6142 ),
 ( #3329, #4690 ),
 ( #2736, #2032 ) ),
 .UNSPECIFIED., .F., .F., .F.,
 ( 4, 1, 1, 1, 1, 1, 1, 1, 1, 1, 1, 1, 1, 1, 1, 1, 4 ),
 ( 2, 2 ),
 ( 0.0000000000000000000, 0.06401380869464726200, 0.1252409858030348000, 0.1842413316980119600, 0.2409432472345501300, 0.2964360505006012300, 0.3514828389583271000, 0.4069837184079805900, 0.4634215341598046900, 0.5211470703281393400, 0.5800206698986522000, 0.6416418765252398500, 0.7057746029191758200, 0.7728585332628690200, 0.8443916067200143400, 0.9196159926438419700, 1.000000000000000000 ),
 ( 0.0000000000000000000, 1.000000000000000000 ),
 .UNSPECIFIED. ) ;
#526 = CARTESIAN_POINT ( 'NONE',  ( -0.9288721973592338800, 3.910000000000000100, 1.230088501477702500 ) ) ;
#527 = FILL_AREA_STYLE_COLOUR ( '', #6382 ) ;
#528 = B_SPLINE_SURFACE_WITH_KNOTS ( 'NONE', 3, 1, ( 
 ( #4783, #4141 ),
 ( #6850, #7514 ),
 ( #4868, #3501 ),
 ( #3557, #8240 ),
 ( #6268, #4901 ),
 ( #5701, #1022 ),
 ( #7686, #4264 ),
 ( #904, #2327 ),
 ( #3623, #6895 ),
 ( #4226, #326 ),
 ( #7019, #993 ),
 ( #2886, #245 ),
 ( #6300, #4317 ),
 ( #4965, #6986 ),
 ( #936, #8271 ),
 ( #3593, #4995 ),
 ( #5572, #3684 ),
 ( #4941, #301 ),
 ( #6958, #1579 ) ),
 .UNSPECIFIED., .F., .F., .F.,
 ( 4, 1, 1, 1, 1, 1, 1, 1, 1, 1, 1, 1, 1, 1, 1, 1, 4 ),
 ( 2, 2 ),
 ( 0.0000000000000000000, 0.06302121243441040400, 0.1247942029306974300, 0.1849242747124382500, 0.2447438031171066700, 0.3041392828484988400, 0.3633389662207690600, 0.4220277584773130500, 0.4814964956461120200, 0.5416386340666808900, 0.6027502581724623100, 0.6650088361332504600, 0.7293988109392095500, 0.7953531427241117300, 0.8617169510124527100, 0.9301002113787625300, 1.000000000000000000 ),
 ( 0.0000000000000000000, 1.000000000000000000 ),
 .UNSPECIFIED. ) ;
#529 = CARTESIAN_POINT ( 'NONE',  ( -2.102186342096076000, 3.910000000000000100, 2.045877975161913400 ) ) ;
#530 = CARTESIAN_POINT ( 'NONE',  ( -1.042560088644183700, 3.910000000000000100, 1.683771020536079900 ) ) ;
#531 = CARTESIAN_POINT ( 'NONE',  ( 1.694437695863437300, 3.900000000000001200, 2.033762581037691100 ) ) ;
#532 = CARTESIAN_POINT ( 'NONE',  ( -0.1749881482277788900, 3.910000000000000100, 2.071876328824597400 ) ) ;
#533 = CARTESIAN_POINT ( 'NONE',  ( -1.092766854669598600, 3.909999999999999300, 1.378202681179761600 ) ) ;
#534 = LINE ( 'NONE', #7544, #4069 ) ;
#535 = ORIENTED_EDGE ( 'NONE', *, *, #8052, .T. ) ;
#536 = AXIS2_PLACEMENT_3D ( 'NONE', #7982, #2619, #3291 ) ;
#537 = ORIENTED_EDGE ( 'NONE', *, *, #7127, .F. ) ;
#538 = CARTESIAN_POINT ( 'NONE',  ( 0.5127396447460295100, 3.900000000000000400, 1.637983238319807900 ) ) ;
#539 = VECTOR ( 'NONE', #6165, 1000.000000000000100 ) ;
#540 = EDGE_LOOP ( 'NONE', ( #2368, #4428, #701, #3221 ) ) ;
#541 = CARTESIAN_POINT ( 'NONE',  ( 0.5202763633444105200, 3.910000000000000100, 2.164178803806520600 ) ) ;
#542 = CARTESIAN_POINT ( 'NONE',  ( -0.1182305292710809600, 3.910000000000000100, 2.066513771976356200 ) ) ;
#543 = CARTESIAN_POINT ( 'NONE',  ( -0.6075066634211094800, 3.910000000000000100, 1.853390640739175800 ) ) ;
#544 = EDGE_LOOP ( 'NONE', ( #6331, #4929, #8269, #2407 ) ) ;
#545 = SURFACE_STYLE_USAGE ( .BOTH. , #3924 ) ;
#546 = PRESENTATION_STYLE_ASSIGNMENT (( #4907 ) ) ;
#547 = VERTEX_POINT ( 'NONE', #7472 ) ;
#548 = CARTESIAN_POINT ( 'NONE',  ( -0.9455914357427441800, 3.900000000000000400, 1.558524221780324800 ) ) ;
#549 = CARTESIAN_POINT ( 'NONE',  ( -1.645056925712571100, 3.910000000000000100, 1.784923028532688900 ) ) ;
#550 = CARTESIAN_POINT ( 'NONE',  ( -0.9412201273748439500, 3.909999999999999300, 2.164014981173039600 ) ) ;
#551 = CARTESIAN_POINT ( 'NONE',  ( -0.9076696590374734300, 3.909999999999999300, 2.058692085954873600 ) ) ;
#552 = UNCERTAINTY_MEASURE_WITH_UNIT (LENGTH_MEASURE( 1.000000000000000100E-005 ), #1652, 'distance_accuracy_value', 'NONE');
#553 = LINE ( 'NONE', #7347, #4000 ) ;
#554 = LINE ( 'NONE', #4213, #2312 ) ;
#555 = ORIENTED_EDGE ( 'NONE', *, *, #1285, .F. ) ;
#556 = CARTESIAN_POINT ( 'NONE',  ( -4.917524940242963700, 2.943933982822013500, -0.9060660171779854100 ) ) ;
#557 = DIRECTION ( 'NONE',  ( 1.000000000000000000, 0.0000000000000000000, -0.0000000000000000000 ) ) ;
#558 = EDGE_CURVE ( 'NONE', #5556, #8287, #554, .T. ) ;
#559 = CARTESIAN_POINT ( 'NONE',  ( -1.128502065523205000, 3.910000000000001000, 1.847403293166318700 ) ) ;
#560 = EDGE_CURVE ( 'NONE', #6391, #3049, #3605, .T. ) ;
#561 = CARTESIAN_POINT ( 'NONE',  ( -0.1710188891030609000, 3.900000000000001200, 1.230373098610325200 ) ) ;
#562 = CARTESIAN_POINT ( 'NONE',  ( -1.128707723675023400, 3.910000000000000100, 1.854677317267176400 ) ) ;
#563 = LINE ( 'NONE', #2256, #1602 ) ;
#564 = CARTESIAN_POINT ( 'NONE',  ( -1.587801269056877200, 3.900000000000000400, 1.397503846379900300 ) ) ;
#565 = ORIENTED_EDGE ( 'NONE', *, *, #4574, .T. ) ;
#566 =( LENGTH_UNIT ( ) NAMED_UNIT ( * ) SI_UNIT ( .MILLI., .METRE. ) );
#567 =( LENGTH_UNIT ( ) NAMED_UNIT ( * ) SI_UNIT ( .MILLI., .METRE. ) );
#568 = PLANE ( 'NONE',  #4426 ) ;
#569 = MECHANICAL_DESIGN_GEOMETRIC_PRESENTATION_REPRESENTATION (  '', ( #6733 ), #4580 ) ;
#570 = ADVANCED_FACE ( 'NONE', ( #1594 ), #3391, .T. ) ;
#571 = SURFACE_STYLE_FILL_AREA ( #3243 ) ;
#572 = CARTESIAN_POINT ( 'NONE',  ( 0.5202763633444105200, 3.900000000000000400, 2.164178803806520600 ) ) ;
#573 = EDGE_CURVE ( 'NONE', #3647, #5304, #3894, .T. ) ;
#574 = CARTESIAN_POINT ( 'NONE',  ( -0.1419405278732204000, 3.899999999999999500, 2.071227249809007200 ) ) ;
#575 = EDGE_CURVE ( 'NONE', #1505, #7871, #1902, .T. ) ;
#576 = PRESENTATION_STYLE_ASSIGNMENT (( #3011 ) ) ;
#577 = SURFACE_STYLE_USAGE ( .BOTH. , #5980 ) ;
#578 = CARTESIAN_POINT ( 'NONE',  ( -1.208719386999422800, 3.910000000000000100, 1.360964425508310900 ) ) ;
#579 = AXIS2_PLACEMENT_3D ( 'NONE', #4857, #3549, #6976 ) ;
#580 = CARTESIAN_POINT ( 'NONE',  ( 4.830036276717042800, 3.900000000000000400, 7.549999999999998000 ) ) ;
#581 = CARTESIAN_POINT ( 'NONE',  ( 0.7638637180797687200, 3.900000000000000400, 2.097008273227555000 ) ) ;
#582 = CARTESIAN_POINT ( 'NONE',  ( -1.507333708195010700, 3.910000000000001000, 1.463925571378989600 ) ) ;
#583 = PLANE ( 'NONE',  #3480 ) ;
#584 = CARTESIAN_POINT ( 'NONE',  ( 0.3780768157986610400, 3.910000000000000100, 1.151141133056649900 ) ) ;
#585 = PLANE ( 'NONE',  #8632 ) ;
#586 = CARTESIAN_POINT ( 'NONE',  ( -1.511109039464497000, 3.910000000000000100, 1.256404290951386600 ) ) ;
#587 = FILL_AREA_STYLE ('',( #5996 ) ) ;
#588 = PRESENTATION_LAYER_ASSIGNMENT (  '', '', ( #5617 ) ) ;
#589 = CARTESIAN_POINT ( 'NONE',  ( 0.5411103786576866300, 3.899999999999999500, 1.545903487279179700 ) ) ;
#590 = PRESENTATION_STYLE_ASSIGNMENT (( #1094 ) ) ;
#591 = CARTESIAN_POINT ( 'NONE',  ( -1.859382065780286400, 3.900000000000000400, 2.151141133056650100 ) ) ;
#592 = CARTESIAN_POINT ( 'NONE',  ( -1.093345881569760300, 3.910000000000000100, 1.394973369898755200 ) ) ;
#593 = CARTESIAN_POINT ( 'NONE',  ( 0.8829737021807837500, 3.909999999999999300, 1.811119876406241500 ) ) ;
#594 = CARTESIAN_POINT ( 'NONE',  ( -0.7709204712759448700, 3.910000000000000100, 1.443820634674098000 ) ) ;
#595 = ORIENTED_EDGE ( 'NONE', *, *, #7438, .T. ) ;
#596 = VECTOR ( 'NONE', #7666, 1000.000000000000000 ) ;
#597 = CARTESIAN_POINT ( 'NONE',  ( 0.3254452368512926700, 3.910000000000000100, 2.123797383056650100 ) ) ;
#598 = CARTESIAN_POINT ( 'NONE',  ( 0.8838333947460294000, 3.910000000000000100, 1.844397712004018500 ) ) ;
#599 = B_SPLINE_SURFACE_WITH_KNOTS ( 'NONE', 3, 1, ( 
 ( #4852, #2343 ),
 ( #7697, #5720 ),
 ( #1038, #5045 ),
 ( #8374, #1684 ),
 ( #1713, #6405 ),
 ( #4357, #5012 ),
 ( #6370, #1009 ),
 ( #7038, #3025 ),
 ( #5080, #8386 ),
 ( #8442, #4372 ),
 ( #5698, #3066 ),
 ( #2354, #2297 ),
 ( #1721, #3732 ),
 ( #1020, #3680 ),
 ( #7017, #1697 ),
 ( #6383, #376 ),
 ( #3769, #5762 ),
 ( #3009, #7742 ),
 ( #1635, #7077 ) ),
 .UNSPECIFIED., .F., .F., .F.,
 ( 4, 1, 1, 1, 1, 1, 1, 1, 1, 1, 1, 1, 1, 1, 1, 1, 4 ),
 ( 2, 2 ),
 ( 0.0000000000000000000, 0.07027108577833221500, 0.1384877423347384300, 0.2043081144259955900, 0.2686796438734483400, 0.3316244802875681400, 0.3923952255208286700, 0.4524373546698944900, 0.5115117557542040400, 0.5703194672694907900, 0.6286036243839796500, 0.6876129459881489300, 0.7474204521315639400, 0.8085136668813347500, 0.8705459375803507000, 0.9339042387389909800, 1.000000000000000000 ),
 ( 0.0000000000000000000, 1.000000000000000000 ),
 .UNSPECIFIED. ) ;
#600 = CARTESIAN_POINT ( 'NONE',  ( 1.427108041921989000, 3.910000000000000100, 1.258491787565391400 ) ) ;
#601 = CARTESIAN_POINT ( 'NONE',  ( 0.8594140683622445400, 3.900000000000000400, 1.975770080893319400 ) ) ;
#602 = ORIENTED_EDGE ( 'NONE', *, *, #2041, .F. ) ;
#603 = CARTESIAN_POINT ( 'NONE',  ( -1.432781115264406300, 3.910000000000000100, 1.318243043508941800 ) ) ;
#604 = CARTESIAN_POINT ( 'NONE',  ( -0.7284198947276548900, 3.900000000000000400, 1.854677317267176400 ) ) ;
#605 = FACE_OUTER_BOUND ( 'NONE', #2004, .T. ) ;
#606 = VECTOR ( 'NONE', #7434, 1000.000000000000000 ) ;
#607 = B_SPLINE_CURVE_WITH_KNOTS ( 'NONE', 3,
 ( #4709, #7378, #2670, #3436, #1415, #4045, #3381, #50, #5418, #6108 ),
 .UNSPECIFIED., .F., .F.,
 ( 4, 3, 3, 4 ),
 ( 0.0000000000000000000, 0.001478264885824134500, 0.002092890601348484500, 0.003079873155563870300 ),
 .UNSPECIFIED. ) ;
#608 = CARTESIAN_POINT ( 'NONE',  ( -1.090794820488981700, 3.910000000000001000, 1.361715875541393600 ) ) ;
#609 = ORIENTED_EDGE ( 'NONE', *, *, #3401, .F. ) ;
#610 = LINE ( 'NONE', #2786, #7811 ) ;
#611 = CARTESIAN_POINT ( 'NONE',  ( -2.102186342096076000, 3.910000000000000100, 2.151141133056650100 ) ) ;
#612 = COLOUR_RGB ( '',1.000000000000000000, 1.000000000000000000, 1.000000000000000000 ) ;
#613 = ORIENTED_EDGE ( 'NONE', *, *, #1729, .F. ) ;
#614 = CARTESIAN_POINT ( 'NONE',  ( -0.4000000000000000200, 2.860000000000000300, 21.14999999999999900 ) ) ;
#615 = CARTESIAN_POINT ( 'NONE',  ( 0.5032809901046397800, 3.900000000000000400, 1.546944058618824800 ) ) ;
#616 = ORIENTED_EDGE ( 'NONE', *, *, #5145, .F. ) ;
#617 = CARTESIAN_POINT ( 'NONE',  ( -1.656167650695364000, 3.899999999999999500, 1.535717478932880200 ) ) ;
#618 = EDGE_CURVE ( 'NONE', #724, #4986, #2090, .T. ) ;
#619 = CARTESIAN_POINT ( 'NONE',  ( 4.930371173804819500, 2.753166878494505400, -0.9500000000000032900 ) ) ;
#620 = ORIENTED_EDGE ( 'NONE', *, *, #6953, .F. ) ;
#621 = STYLED_ITEM ( 'NONE', ( #4002 ), #494 ) ;
#622 = DIRECTION ( 'NONE',  ( -0.0000000000000000000, -1.000000000000000000, -0.0000000000000000000 ) ) ;
#623 = ORIENTED_EDGE ( 'NONE', *, *, #2048, .T. ) ;
#624 = ORIENTED_EDGE ( 'NONE', *, *, #6406, .F. ) ;
#625 = CARTESIAN_POINT ( 'NONE',  ( -0.7824325557962129600, 3.910000000000000100, 1.603938348708468400 ) ) ;
#626 =( GEOMETRIC_REPRESENTATION_CONTEXT ( 3 ) GLOBAL_UNCERTAINTY_ASSIGNED_CONTEXT ( ( #3975 ) ) GLOBAL_UNIT_ASSIGNED_CONTEXT ( ( #3118, #8472, #5822 ) ) REPRESENTATION_CONTEXT ( 'NONE', 'WORKASPACE' ) );
#627 = LINE ( 'NONE', #478, #2703 ) ;
#628 = FACE_OUTER_BOUND ( 'NONE', #6818, .T. ) ;
#629 = AXIS2_PLACEMENT_3D ( 'NONE', #4652, #671, #2563 ) ;
#630 = CARTESIAN_POINT ( 'NONE',  ( -5.110000000000000300, 0.0000000000000000000, -7.550000000000000700 ) ) ;
#631 = CARTESIAN_POINT ( 'NONE',  ( -1.587801269056877200, 3.900000000000000400, 1.397503846379900300 ) ) ;
#632 =( NAMED_UNIT ( * ) PLANE_ANGLE_UNIT ( ) SI_UNIT ( $, .RADIAN. ) );
#633 = DIRECTION ( 'NONE',  ( 1.741349837837667500E-014, -0.0000000000000000000, -1.000000000000000000 ) ) ;
#634 = CARTESIAN_POINT ( 'NONE',  ( -0.7684819970168509400, 3.909999999999999300, 1.609800448989436200 ) ) ;
#635 = LINE ( 'NONE', #1118, #6178 ) ;
#636 = ORIENTED_EDGE ( 'NONE', *, *, #1344, .F. ) ;
#637 = ORIENTED_EDGE ( 'NONE', *, *, #2, .F. ) ;
#638 = COLOUR_RGB ( '',1.000000000000000000, 1.000000000000000000, 1.000000000000000000 ) ;
#639 = AXIS2_PLACEMENT_3D ( 'NONE', #2953, #6275, #5705 ) ;
#640 = CARTESIAN_POINT ( 'NONE',  ( -0.7764997297053620700, 3.900000000000001200, 1.329380680444239000 ) ) ;
#641 = CARTESIAN_POINT ( 'NONE',  ( -4.692586600614429700, 3.750000000000000400, 0.1121320343559607500 ) ) ;
#642 = B_SPLINE_CURVE_WITH_KNOTS ( 'NONE', 3,
 ( #6277, #4347, #6361, #3603, #251, #2214, #6903, #7636, #910, #4234, #5642 ),
 .UNSPECIFIED., .F., .F.,
 ( 4, 1, 1, 1, 1, 1, 1, 1, 4 ),
 ( 0.0000000000000000000, 0.1231809017403232400, 0.2435080848451684800, 0.3644021375639719400, 0.4879127519494564400, 0.6132212795269740300, 0.7386238437599362800, 0.8675146942542655300, 1.000000000000000000 ),
 .UNSPECIFIED. ) ;
#643 = FILL_AREA_STYLE_COLOUR ( '', #129 ) ;
#644 = VERTEX_POINT ( 'NONE', #4969 ) ;
#645 = CARTESIAN_POINT ( 'NONE',  ( 1.505107594885069000, 3.899999999999999900, 1.244275694231819200 ) ) ;
#646 = CARTESIAN_POINT ( 'NONE',  ( -1.075288730041826100, 3.899999999999998600, 1.316076527357130000 ) ) ;
#647 = ORIENTED_EDGE ( 'NONE', *, *, #2512, .F. ) ;
#648 = DIRECTION ( 'NONE',  ( -0.4999999999999980000, -0.0000000000000000000, -0.8660254037844397100 ) ) ;
#649 = DIRECTION ( 'NONE',  ( 0.3686337421845059000, 0.0000000000000000000, -0.9295747221837775700 ) ) ;
#650 = CARTESIAN_POINT ( 'NONE',  ( 0.7635678816806204000, 3.900000000000000400, 1.803479706503239500 ) ) ;
#651 = CYLINDRICAL_SURFACE ( 'NONE', #8418, 0.1499999999999999700 ) ;
#652 = CARTESIAN_POINT ( 'NONE',  ( 4.885218250763395900, 2.837867965644031500, -0.9500000000000029500 ) ) ;
#653 = ORIENTED_EDGE ( 'NONE', *, *, #7379, .T. ) ;
#654 = ORIENTED_EDGE ( 'NONE', *, *, #3916, .T. ) ;
#655 = DIRECTION ( 'NONE',  ( -0.0000000000000000000, -1.000000000000000000, -0.0000000000000000000 ) ) ;
#656 = UNCERTAINTY_MEASURE_WITH_UNIT (LENGTH_MEASURE( 1.000000000000000100E-005 ), #1363, 'distance_accuracy_value', 'NONE');
#657 = CARTESIAN_POINT ( 'NONE',  ( -5.110000000000000300, 0.6999999999999999600, 7.549999999999998000 ) ) ;
#658 = LINE ( 'NONE', #8552, #5558 ) ;
#659 = CARTESIAN_POINT ( 'NONE',  ( 1.754030962906439500, 3.899999999999999500, 2.120516927317400900 ) ) ;
#660 =( LENGTH_UNIT ( ) NAMED_UNIT ( * ) SI_UNIT ( .MILLI., .METRE. ) );
#661 = CARTESIAN_POINT ( 'NONE',  ( 0.8290725790402853100, 3.910000000000000100, 2.030454723436396800 ) ) ;
#662 = CARTESIAN_POINT ( 'NONE',  ( -1.377062986832918300, 3.910000000000000100, 1.151141133056649900 ) ) ;
#663 = LINE ( 'NONE', #1725, #5790 ) ;
#664 = ORIENTED_EDGE ( 'NONE', *, *, #395, .T. ) ;
#665 = DIRECTION ( 'NONE',  ( 0.0000000000000000000, -0.0000000000000000000, -1.000000000000000000 ) ) ;
#666 = DIRECTION ( 'NONE',  ( 0.0000000000000000000, 0.0000000000000000000, -1.000000000000000000 ) ) ;
#667 = VERTEX_POINT ( 'NONE', #2990 ) ;
#668 = ORIENTED_EDGE ( 'NONE', *, *, #3018, .T. ) ;
#669 = ORIENTED_EDGE ( 'NONE', *, *, #275, .T. ) ;
#670 = CARTESIAN_POINT ( 'NONE',  ( -0.9638264707711589100, 3.900000000000000400, 1.233117503579911100 ) ) ;
#671 = DIRECTION ( 'NONE',  ( 0.0000000000000000000, -1.000000000000000000, 0.0000000000000000000 ) ) ;
#672 = DIRECTION ( 'NONE',  ( 0.0000000000000000000, -1.000000000000000000, 0.0000000000000000000 ) ) ;
#673 = EDGE_CURVE ( 'NONE', #3345, #6673, #7249, .T. ) ;
#674 = SURFACE_STYLE_USAGE ( .BOTH. , #7380 ) ;
#675 = EDGE_CURVE ( 'NONE', #5079, #7856, #5668, .T. ) ;
#676 = CARTESIAN_POINT ( 'NONE',  ( -1.080858526177547200, 3.910000000000001000, 1.459568295855521400 ) ) ;
#677 =( LENGTH_UNIT ( ) NAMED_UNIT ( * ) SI_UNIT ( .MILLI., .METRE. ) );
#678 = B_SPLINE_CURVE_WITH_KNOTS ( 'NONE', 3,
 ( #2945, #6357, #2301, #7632, #1701, #6329, #8304, #2238, #4285, #3656, #8328, #3737, #1052, #7746, #3773, #7773, #2424, #8421, #1112 ),
 .UNSPECIFIED., .F., .F.,
 ( 4, 1, 1, 1, 1, 1, 1, 1, 1, 1, 1, 1, 1, 1, 1, 1, 4 ),
 ( 0.0000000000000000000, 0.05550970429625305000, 0.1086369036367121300, 0.1605271254963300000, 0.2117900568826277000, 0.2629438590125878800, 0.3149058281113156200, 0.3678777871037534100, 0.4234960062506518100, 0.4818295588931513800, 0.5432200306522475500, 0.6084749934351787500, 0.6778177339877836700, 0.7514476690639854100, 0.8297439080985193900, 0.9123077221441138200, 1.000000000000000000 ),
 .UNSPECIFIED. ) ;
#679 = CARTESIAN_POINT ( 'NONE',  ( 0.7635678816806204000, 3.910000000000000100, 1.803479706503239500 ) ) ;
#680 = ORIENTED_EDGE ( 'NONE', *, *, #5357, .T. ) ;
#681 = CARTESIAN_POINT ( 'NONE',  ( 0.6218422651487591800, 3.900000000000000400, 1.651770624579194100 ) ) ;
#682 = LINE ( 'NONE', #4897, #362 ) ;
#683 = CARTESIAN_POINT ( 'NONE',  ( 1.041030007304795600, 3.909999999999999300, 1.723184091731848400 ) ) ;
#684 = EDGE_CURVE ( 'NONE', #1794, #5251, #2010, .T. ) ;
#685 = EDGE_CURVE ( 'NONE', #2929, #7096, #5149, .T. ) ;
#686 = CARTESIAN_POINT ( 'NONE',  ( 1.615135996508305600, 3.909999999999999300, 1.140509986944731700 ) ) ;
#687 = STYLED_ITEM ( 'NONE', ( #5898 ), #6197 ) ;
#688 = CARTESIAN_POINT ( 'NONE',  ( 1.754030962906439500, 3.910000000000000100, 2.120516927317400900 ) ) ;
#689 = LINE ( 'NONE', #5883, #7582 ) ;
#690 = DIRECTION ( 'NONE',  ( -1.000000000000000000, -0.0000000000000000000, -0.0000000000000000000 ) ) ;
#691 = CARTESIAN_POINT ( 'NONE',  ( 0.8838333947460294000, 3.910000000000000100, 1.844397712004018500 ) ) ;
#692 = CARTESIAN_POINT ( 'NONE',  ( 0.8342515837180390900, 3.899999999999999500, 1.668090404621739100 ) ) ;
#693 = ORIENTED_EDGE ( 'NONE', *, *, #2571, .T. ) ;
#694 = CARTESIAN_POINT ( 'NONE',  ( -0.9288721973592338800, 3.900000000000000400, 1.230088501477702500 ) ) ;
#695 = CARTESIAN_POINT ( 'NONE',  ( -0.7284198947276548900, 3.900000000000000400, 1.854677317267176400 ) ) ;
#696 = CARTESIAN_POINT ( 'NONE',  ( -5.110000000000000300, 0.6999999999999999600, 2.679704016631200900 ) ) ;
#697 =( NAMED_UNIT ( * ) SI_UNIT ( $, .STERADIAN. ) SOLID_ANGLE_UNIT ( ) );
#698 = PRESENTATION_LAYER_ASSIGNMENT (  '', '', ( #7416 ) ) ;
#699 =( NAMED_UNIT ( * ) PLANE_ANGLE_UNIT ( ) SI_UNIT ( $, .RADIAN. ) );
#700 = CARTESIAN_POINT ( 'NONE',  ( -5.110000000000000300, 0.6999999999999999600, -0.9500000000000029500 ) ) ;
#701 = ORIENTED_EDGE ( 'NONE', *, *, #5463, .F. ) ;
#702 = PLANE ( 'NONE',  #130 ) ;
#703 = CARTESIAN_POINT ( 'NONE',  ( 0.6761794897898786300, 3.910000000000000100, 2.142015036109619500 ) ) ;
#704 = CARTESIAN_POINT ( 'NONE',  ( 1.407132928752239400, 3.909999999999999300, 2.156710339767453200 ) ) ;
#705 = CARTESIAN_POINT ( 'NONE',  ( 1.998553789482871500, 3.910000000000000100, 1.151141133056649900 ) ) ;
#706 = COLOUR_RGB ( '',0.07843137254901960700, 0.07843137254901960700, 0.07843137254901960700 ) ;
#707 = ORIENTED_EDGE ( 'NONE', *, *, #274, .F. ) ;
#708 = LINE ( 'NONE', #7241, #4671 ) ;
#709 = DIRECTION ( 'NONE',  ( -0.0000000000000000000, -1.000000000000000000, -0.0000000000000000000 ) ) ;
#710 = CARTESIAN_POINT ( 'NONE',  ( -0.6197062744454552300, 3.899999999999999500, 1.959718573949905500 ) ) ;
#711 = CARTESIAN_POINT ( 'NONE',  ( -1.207819787775421800, 3.900000000000000400, 1.419908058522540100 ) ) ;
#712 = CARTESIAN_POINT ( 'NONE',  ( -0.9214578381488148800, 3.900000000000000400, 1.651322998556983700 ) ) ;
#713 = ORIENTED_EDGE ( 'NONE', *, *, #8296, .F. ) ;
#714 = CARTESIAN_POINT ( 'NONE',  ( 0.8835427747281274800, 3.900000000000000400, 1.833148103052939100 ) ) ;
#715 = CARTESIAN_POINT ( 'NONE',  ( 3.753226867404377800, 0.0000000000000000000, -7.550000000000000700 ) ) ;
#716 = CARTESIAN_POINT ( 'NONE',  ( -0.1665366710434444400, 3.910000000000000100, 2.072193764635597500 ) ) ;
#717 = ORIENTED_EDGE ( 'NONE', *, *, #274, .T. ) ;
#718 = SURFACE_STYLE_FILL_AREA ( #2502 ) ;
#719 = EDGE_CURVE ( 'NONE', #3743, #7961, #4298, .T. ) ;
#720 = LINE ( 'NONE', #1200, #7622 ) ;
#721 = CARTESIAN_POINT ( 'NONE',  ( 3.753226867404377800, 0.6999999999999999600, -7.550000000000000700 ) ) ;
#722 = EDGE_CURVE ( 'NONE', #4855, #107, #3681, .T. ) ;
#723 = CARTESIAN_POINT ( 'NONE',  ( -5.509999999999998900, 3.900000000000000400, 4.549999999999998000 ) ) ;
#724 = VERTEX_POINT ( 'NONE', #1618 ) ;
#725 = CARTESIAN_POINT ( 'NONE',  ( 4.854893818033383800, 2.878182130953735200, -0.9500000000000029500 ) ) ;
#726 = CARTESIAN_POINT ( 'NONE',  ( 0.1441589798641549900, 3.899999999999999900, 1.816555647917334800 ) ) ;
#727 = SURFACE_STYLE_FILL_AREA ( #2005 ) ;
#728 = FILL_AREA_STYLE ('',( #4662 ) ) ;
#729 = EDGE_CURVE ( 'NONE', #1292, #1151, #8286, .T. ) ;
#730 = CARTESIAN_POINT ( 'NONE',  ( 0.7515464129553546300, 3.909999999999997500, 1.761486130818927100 ) ) ;
#731 = PRESENTATION_LAYER_ASSIGNMENT (  '', '', ( #2679 ) ) ;
#732 = DIRECTION ( 'NONE',  ( 0.06174578541844685100, -0.7057575568079529300, -0.7057575568079509400 ) ) ;
#733 = PRESENTATION_STYLE_ASSIGNMENT (( #207 ) ) ;
#734 = CARTESIAN_POINT ( 'NONE',  ( 1.360408753277859000, 3.910000000000000100, 2.146115958734564600 ) ) ;
#735 = PRESENTATION_LAYER_ASSIGNMENT (  '', '', ( #5481 ) ) ;
#736 = CARTESIAN_POINT ( 'NONE',  ( -0.8799301209050811600, 3.909999999999999300, 1.552142879652233200 ) ) ;
#737 = B_SPLINE_CURVE_WITH_KNOTS ( 'NONE', 3,
 ( #3036, #8417, #3653, #323, #4990, #991, #3154, #5824, #1107, #5880 ),
 .UNSPECIFIED., .F., .F.,
 ( 4, 3, 3, 4 ),
 ( 0.0000000000000000000, 0.001478626591243837300, 0.002093419358292414000, 0.003080694219086971800 ),
 .UNSPECIFIED. ) ;
#738 = SURFACE_SIDE_STYLE ('',( #8252 ) ) ;
#739 = ORIENTED_EDGE ( 'NONE', *, *, #1952, .F. ) ;
#740 = LINE ( 'NONE', #4513, #4597 ) ;
#741 = ORIENTED_EDGE ( 'NONE', *, *, #5161, .F. ) ;
#742 = CARTESIAN_POINT ( 'NONE',  ( -0.8615413476701310200, 3.900000000000000400, 2.159269009683194400 ) ) ;
#743 = CARTESIAN_POINT ( 'NONE',  ( 5.109999999999999400, 0.6999999999999999600, 2.795007122521572900 ) ) ;
#744 = CARTESIAN_POINT ( 'NONE',  ( -0.9288721973592338800, 3.900000000000000400, 1.651141133056649900 ) ) ;
#745 = CARTESIAN_POINT ( 'NONE',  ( -0.2682640426263929700, 3.899999999999999000, 1.156494406157290200 ) ) ;
#746 = CARTESIAN_POINT ( 'NONE',  ( 0.7726713304068235600, 3.900000000000002100, 1.607203094833265800 ) ) ;
#747 = CARTESIAN_POINT ( 'NONE',  ( 1.167504176217848900, 3.909999999999999300, 1.748174722623288400 ) ) ;
#748 = COLOUR_RGB ( '',1.000000000000000000, 1.000000000000000000, 1.000000000000000000 ) ;
#749 = B_SPLINE_CURVE_WITH_KNOTS ( 'NONE', 3,
 ( #7988, #2651, #3940, #7331, #2678, #33, #4717, #6736, #8065, #3973, #4688, #7958, #7280, #703, #7360, #1369, #1291, #3357, #3 ),
 .UNSPECIFIED., .F., .F.,
 ( 4, 1, 1, 1, 1, 1, 1, 1, 1, 1, 1, 1, 1, 1, 1, 1, 4 ),
 ( 0.0000000000000000000, 0.06605401043310672700, 0.1295312762030290900, 0.1912178369542039700, 0.2511633297015322700, 0.3096676142633240100, 0.3675726688950614600, 0.4246702570180906400, 0.4827225302790728600, 0.5413210682092898200, 0.6003749124170664200, 0.6618020813789856600, 0.7249888849963990200, 0.7902832552103048500, 0.8575427221927944800, 0.9270627082144848900, 1.000000000000000000 ),
 .UNSPECIFIED. ) ;
#750 = CARTESIAN_POINT ( 'NONE',  ( 1.058967164623789700, 3.910000000000001000, 1.504205225862763200 ) ) ;
#751 = VERTEX_POINT ( 'NONE', #5557 ) ;
#752 = STYLED_ITEM ( 'NONE', ( #222 ), #7427 ) ;
#753 = FACE_OUTER_BOUND ( 'NONE', #3455, .T. ) ;
#754 = VERTEX_POINT ( 'NONE', #7637 ) ;
#755 = CARTESIAN_POINT ( 'NONE',  ( -0.7894807499908128600, 3.900000000000000400, 1.600976659372439500 ) ) ;
#756 = CARTESIAN_POINT ( 'NONE',  ( -1.093345881569760300, 3.910000000000000100, 1.394973369898755200 ) ) ;
#757 = CARTESIAN_POINT ( 'NONE',  ( 4.692586600614427000, 3.750000000000000400, 4.549999999999999800 ) ) ;
#758 = CARTESIAN_POINT ( 'NONE',  ( 0.04681852138494551500, 3.900000000000000800, 2.061048293229351500 ) ) ;
#759 = DIRECTION ( 'NONE',  ( -0.4999999999999980000, -0.0000000000000000000, 0.8660254037844397100 ) ) ;
#760 = LINE ( 'NONE', #2536, #5664 ) ;
#761 = CARTESIAN_POINT ( 'NONE',  ( -1.252268578938181100, 3.910000000000000100, 1.866807251477702500 ) ) ;
#762 = FACE_OUTER_BOUND ( 'NONE', #3505, .T. ) ;
#763 = ORIENTED_EDGE ( 'NONE', *, *, #1908, .T. ) ;
#764 = CARTESIAN_POINT ( 'NONE',  ( -1.121025724862457600, 3.900000000000000400, 1.919742145173487300 ) ) ;
#765 = UNCERTAINTY_MEASURE_WITH_UNIT (LENGTH_MEASURE( 1.000000000000000100E-005 ), #4870, 'distance_accuracy_value', 'NONE');
#766 =( NAMED_UNIT ( * ) PLANE_ANGLE_UNIT ( ) SI_UNIT ( $, .RADIAN. ) );
#767 = ORIENTED_EDGE ( 'NONE', *, *, #7613, .F. ) ;
#768 = CARTESIAN_POINT ( 'NONE',  ( 1.040267554296862700, 3.909999999999999300, 1.687891119244534500 ) ) ;
#769 = LINE ( 'NONE', #7673, #7457 ) ;
#770 = CARTESIAN_POINT ( 'NONE',  ( -0.9288721973592338800, 3.910000000000000100, 1.559035869898755200 ) ) ;
#771 = ADVANCED_FACE ( 'NONE', ( #2943 ), #6301, .T. ) ;
#772 = CARTESIAN_POINT ( 'NONE',  ( -0.8951128740849579900, 3.910000000000000100, 2.163462993655777200 ) ) ;
#773 = DIRECTION ( 'NONE',  ( 0.0000000000000000000, 0.0000000000000000000, 1.000000000000000000 ) ) ;
#774 = CARTESIAN_POINT ( 'NONE',  ( -4.934940317502061200, 2.700941327056179300, -0.9500000000000029500 ) ) ;
#775 = CARTESIAN_POINT ( 'NONE',  ( 0.5127396447460295100, 3.910000000000000100, 1.637983238319807900 ) ) ;
#776 = CARTESIAN_POINT ( 'NONE',  ( 1.658142373802859100, 3.910000000000000100, 2.150054730229650000 ) ) ;
#777 = CARTESIAN_POINT ( 'NONE',  ( 1.465121474973054600, 3.900000000000000800, 1.249806366674734800 ) ) ;
#778 = CARTESIAN_POINT ( 'NONE',  ( 1.175270800272036000, 3.910000000000001900, 1.787869176903695800 ) ) ;
#779 = EDGE_LOOP ( 'NONE', ( #5208, #7630, #6223, #4155 ) ) ;
#780 = CARTESIAN_POINT ( 'NONE',  ( 1.119985859480619800, 3.900000000000001200, 1.363426126197635700 ) ) ;
#781 = LINE ( 'NONE', #7571, #4737 ) ;
#782 = CARTESIAN_POINT ( 'NONE',  ( 0.5411103786576866300, 3.909999999999999300, 1.545903487279179700 ) ) ;
#783 = AXIS2_PLACEMENT_3D ( 'NONE', #4113, #8094, #2805 ) ;
#784 = CARTESIAN_POINT ( 'NONE',  ( 1.176290614910595800, 3.899999999999999000, 1.530557889706127800 ) ) ;
#785 = CARTESIAN_POINT ( 'NONE',  ( 4.772387813259412000, 2.943933982822013500, -0.9060660171779854100 ) ) ;
#786 = CARTESIAN_POINT ( 'NONE',  ( -1.011257968582079100, 3.900000000000001200, 2.044992542928446300 ) ) ;
#787 = DIRECTION ( 'NONE',  ( 0.0000000000000000000, -0.7071067811865461300, 0.7071067811865490200 ) ) ;
#788 =( GEOMETRIC_REPRESENTATION_CONTEXT ( 3 ) GLOBAL_UNCERTAINTY_ASSIGNED_CONTEXT ( ( #4229 ) ) GLOBAL_UNIT_ASSIGNED_CONTEXT ( ( #5174, #4432, #411 ) ) REPRESENTATION_CONTEXT ( 'NONE', 'WORKASPACE' ) );
#789 = AXIS2_PLACEMENT_3D ( 'NONE', #5661, #2293, #2509 ) ;
#790 = CARTESIAN_POINT ( 'NONE',  ( -0.8364303048924921500, 3.909999999999998400, 1.531060509340362900 ) ) ;
#791 = VECTOR ( 'NONE', #6419, 1000.000000000000100 ) ;
#792 = LINE ( 'NONE', #5375, #8110 ) ;
#793 =( LENGTH_UNIT ( ) NAMED_UNIT ( * ) SI_UNIT ( .MILLI., .METRE. ) );
#794 = CARTESIAN_POINT ( 'NONE',  ( -0.1382370441786905400, 3.910000000000000100, 1.230888217922963900 ) ) ;
#795 = ORIENTED_EDGE ( 'NONE', *, *, #5597, .F. ) ;
#796 = ORIENTED_EDGE ( 'NONE', *, *, #7563, .T. ) ;
#797 = AXIS2_PLACEMENT_3D ( 'NONE', #6719, #6034, #4730 ) ;
#798 = CARTESIAN_POINT ( 'NONE',  ( 0.7369131593986076900, 3.900000000000001200, 2.114347808166223700 ) ) ;
#799 = CARTESIAN_POINT ( 'NONE',  ( 0.4000000000000000200, 2.860000000000000300, 21.14999999999999900 ) ) ;
#800 = CARTESIAN_POINT ( 'NONE',  ( -0.9069054326620372700, 3.900000000000001700, 1.651679951926762900 ) ) ;
#801 = CARTESIAN_POINT ( 'NONE',  ( -0.1699936456878599600, 3.899999999999999900, 1.138323917596906400 ) ) ;
#802 = CARTESIAN_POINT ( 'NONE',  ( 0.0000000000000000000, 0.0000000000000000000, 21.14999999999999900 ) ) ;
#803 = CARTESIAN_POINT ( 'NONE',  ( 1.505107594885069000, 3.900000000000000400, 1.244275694231819200 ) ) ;
#804 = SURFACE_SIDE_STYLE ('',( #6991 ) ) ;
#805 = ADVANCED_FACE ( 'NONE', ( #4820, #8171 ), #6246, .T. ) ;
#806 = ORIENTED_EDGE ( 'NONE', *, *, #4695, .T. ) ;
#807 = FILL_AREA_STYLE ('',( #3459 ) ) ;
#808 = UNCERTAINTY_MEASURE_WITH_UNIT (LENGTH_MEASURE( 1.000000000000000100E-005 ), #1472, 'distance_accuracy_value', 'NONE');
#809 = DIRECTION ( 'NONE',  ( 0.0000000000000000000, 0.0000000000000000000, -1.000000000000000000 ) ) ;
#810 = CARTESIAN_POINT ( 'NONE',  ( 1.167855107594425000, 3.899999999999999900, 1.572513345770795400 ) ) ;
#811 = CARTESIAN_POINT ( 'NONE',  ( 2.229639315798661100, 3.900000000000000400, 2.151141133056650100 ) ) ;
#812 =( NAMED_UNIT ( * ) SI_UNIT ( $, .STERADIAN. ) SOLID_ANGLE_UNIT ( ) );
#813 = CARTESIAN_POINT ( 'NONE',  ( -1.074688062141427900, 3.910000000000000100, 2.004034300741170500 ) ) ;
#814 = DIRECTION ( 'NONE',  ( -0.0000000000000000000, -0.0000000000000000000, -1.000000000000000000 ) ) ;
#815 = LINE ( 'NONE', #1592, #1241 ) ;
#816 = DIRECTION ( 'NONE',  ( -1.000000000000000000, 0.0000000000000000000, 0.0000000000000000000 ) ) ;
#817 = CARTESIAN_POINT ( 'NONE',  ( -0.6430140253467751000, 3.909999999999997500, 2.014334209296312100 ) ) ;
#818 = EDGE_LOOP ( 'NONE', ( #6918, #3334, #2020, #6942 ) ) ;
#819 = VERTEX_POINT ( 'NONE', #4383 ) ;
#820 = CARTESIAN_POINT ( 'NONE',  ( -0.7486146682047637400, 3.900000000000002100, 1.193242489434456000 ) ) ;
#821 = CARTESIAN_POINT ( 'NONE',  ( 0.001676714023180393700, 3.910000000000000100, 1.366159764937538500 ) ) ;
#822 = DIRECTION ( 'NONE',  ( 0.0000000000000000000, 0.0000000000000000000, 1.000000000000000000 ) ) ;
#823 = CARTESIAN_POINT ( 'NONE',  ( -2.540000000000000000, 0.0000000000000000000, 21.14999999999999900 ) ) ;
#824 =( LENGTH_UNIT ( ) NAMED_UNIT ( * ) SI_UNIT ( .MILLI., .METRE. ) );
#825 = CARTESIAN_POINT ( 'NONE',  ( 1.507599842114450300, 3.910000000000000100, 2.164299027793492100 ) ) ;
#826 = CARTESIAN_POINT ( 'NONE',  ( -1.242413034622522000, 3.899999999999999500, 1.792687993740372800 ) ) ;
#827 = ORIENTED_EDGE ( 'NONE', *, *, #4586, .F. ) ;
#828 = EDGE_CURVE ( 'NONE', #2735, #1505, #860, .T. ) ;
#829 = CARTESIAN_POINT ( 'NONE',  ( 1.732716328008646800, 3.909999999999998400, 1.163839488419106600 ) ) ;
#830 = EDGE_CURVE ( 'NONE', #3049, #6459, #2421, .T. ) ;
#831 =( NAMED_UNIT ( * ) PLANE_ANGLE_UNIT ( ) SI_UNIT ( $, .RADIAN. ) );
#832 = CARTESIAN_POINT ( 'NONE',  ( -0.1030091852293679900, 3.899999999999999000, 2.156321914213956200 ) ) ;
#833 = CARTESIAN_POINT ( 'NONE',  ( -0.6878134213606585900, 3.910000000000000100, 1.510648474564415300 ) ) ;
#834 = VECTOR ( 'NONE', #7150, 1000.000000000000000 ) ;
#835 = DIRECTION ( 'NONE',  ( -1.000000000000000000, -0.0000000000000000000, -0.0000000000000000000 ) ) ;
#836 = VERTEX_POINT ( 'NONE', #8514 ) ;
#837 = CARTESIAN_POINT ( 'NONE',  ( 1.176290614910595800, 3.909999999999999300, 1.530557889706127800 ) ) ;
#838 = CARTESIAN_POINT ( 'NONE',  ( 0.01200178049263852400, 3.899999999999999900, 1.398048771928862100 ) ) ;
#839 = ADVANCED_FACE ( 'NONE', ( #2629 ), #6484, .F. ) ;
#840 =( GEOMETRIC_REPRESENTATION_CONTEXT ( 3 ) GLOBAL_UNCERTAINTY_ASSIGNED_CONTEXT ( ( #7237 ) ) GLOBAL_UNIT_ASSIGNED_CONTEXT ( ( #4007, #11, #7461 ) ) REPRESENTATION_CONTEXT ( 'NONE', 'WORKASPACE' ) );
#841 = LINE ( 'NONE', #1475, #539 ) ;
#842 = EDGE_CURVE ( 'NONE', #107, #2430, #5140, .T. ) ;
#843 = CARTESIAN_POINT ( 'NONE',  ( -0.9362871228236491200, 3.910000000000000100, 2.058935145802892800 ) ) ;
#844 = EDGE_CURVE ( 'NONE', #5390, #3517, #7758, .T. ) ;
#845 = SURFACE_STYLE_USAGE ( .BOTH. , #1511 ) ;
#846 = SURFACE_STYLE_FILL_AREA ( #1046 ) ;
#847 = ORIENTED_EDGE ( 'NONE', *, *, #3700, .T. ) ;
#848 = CARTESIAN_POINT ( 'NONE',  ( 2.294195236851292600, 3.900000000000000400, 2.032514488319807600 ) ) ;
#849 = COLOUR_RGB ( '',1.000000000000000000, 1.000000000000000000, 1.000000000000000000 ) ;
#850 = AXIS2_PLACEMENT_3D ( 'NONE', #2443, #5018, #1746 ) ;
#851 = ORIENTED_EDGE ( 'NONE', *, *, #6388, .T. ) ;
#852 = CARTESIAN_POINT ( 'NONE',  ( -0.7436664861481699900, 3.910000000000001000, 2.117033797044877400 ) ) ;
#853 = ADVANCED_FACE ( 'NONE', ( #5991 ), #3101, .F. ) ;
#854 = SURFACE_SIDE_STYLE ('',( #6435 ) ) ;
#855 = CARTESIAN_POINT ( 'NONE',  ( -0.7932044492250438500, 3.910000000000001000, 1.166808171407298900 ) ) ;
#856 = CARTESIAN_POINT ( 'NONE',  ( -0.03850858240370196000, 3.899999999999998600, 1.290397767514616800 ) ) ;
#857 = CARTESIAN_POINT ( 'NONE',  ( 0.4000000000000000200, 2.299999999999999400, 21.14999999999999900 ) ) ;
#858 = CARTESIAN_POINT ( 'NONE',  ( -1.728737377505938500, 3.899999999999999500, 1.699802612383732000 ) ) ;
#859 = AXIS2_PLACEMENT_3D ( 'NONE', #4888, #7587, #5592 ) ;
#860 = CIRCLE ( 'NONE', #449, 2.217413399385571800 ) ;
#861 = ORIENTED_EDGE ( 'NONE', *, *, #4586, .T. ) ;
#862 = EDGE_LOOP ( 'NONE', ( #7651, #4 ) ) ;
#863 = PLANE ( 'NONE',  #3414 ) ;
#864 = PRESENTATION_LAYER_ASSIGNMENT (  '', '', ( #6701 ) ) ;
#865 = PRESENTATION_STYLE_ASSIGNMENT (( #74 ) ) ;
#866 = CARTESIAN_POINT ( 'NONE',  ( -1.239525872732949900, 3.900000000000002600, 1.959760749347987400 ) ) ;
#867 = FILL_AREA_STYLE ('',( #2221 ) ) ;
#868 = ORIENTED_EDGE ( 'NONE', *, *, #7834, .T. ) ;
#869 = SURFACE_STYLE_USAGE ( .BOTH. , #2933 ) ;
#870 = CARTESIAN_POINT ( 'NONE',  ( 1.346392155597778300, 3.910000000000001000, 1.173732572752364000 ) ) ;
#871 = CARTESIAN_POINT ( 'NONE',  ( 1.839999999999999600, 2.860000000000000300, 7.549999999999998000 ) ) ;
#872 = UNCERTAINTY_MEASURE_WITH_UNIT (LENGTH_MEASURE( 1.000000000000000100E-005 ), #7342, 'distance_accuracy_value', 'NONE');
#873 = ORIENTED_EDGE ( 'NONE', *, *, #3748, .F. ) ;
#874 = VECTOR ( 'NONE', #143, 1000.000000000000000 ) ;
#875 = CARTESIAN_POINT ( 'NONE',  ( 0.1560212357295255900, 3.899999999999999900, 1.626053294359173900 ) ) ;
#876 = CARTESIAN_POINT ( 'NONE',  ( -4.842015805328189900, 3.763073361412149400, 6.611251444700426900 ) ) ;
#877 = CARTESIAN_POINT ( 'NONE',  ( -0.05041021253392497000, 3.910000000000001000, 1.154942677184284300 ) ) ;
#878 = CARTESIAN_POINT ( 'NONE',  ( -0.7596300106673319300, 3.910000000000001000, 1.741485688695064000 ) ) ;
#879 = CIRCLE ( 'NONE', #579, 0.1500000000000001100 ) ;
#880 = CARTESIAN_POINT ( 'NONE',  ( 0.1219324867809170300, 3.910000000000001000, 1.912898093246453200 ) ) ;
#881 = ORIENTED_EDGE ( 'NONE', *, *, #6043, .F. ) ;
#882 = EDGE_CURVE ( 'NONE', #5479, #1139, #4192, .T. ) ;
#883 = FACE_OUTER_BOUND ( 'NONE', #2831, .T. ) ;
#884 = CARTESIAN_POINT ( 'NONE',  ( 4.870496662869751200, 2.292762391869660900, 2.719123521476424000 ) ) ;
#885 = CARTESIAN_POINT ( 'NONE',  ( -1.728737377505938500, 3.909999999999999300, 1.699802612383732000 ) ) ;
#886 = COLOUR_RGB ( '',0.07843137254901960700, 0.07843137254901960700, 0.07843137254901960700 ) ;
#887 = CARTESIAN_POINT ( 'NONE',  ( 4.830036276717042800, 3.900000000000000400, 4.549999999999999800 ) ) ;
#888 = COLOUR_RGB ( '',1.000000000000000000, 1.000000000000000000, 1.000000000000000000 ) ;
#889 = CARTESIAN_POINT ( 'NONE',  ( -0.7639252761478481100, 3.909999999999999300, 1.389137274601442100 ) ) ;
#890 = ADVANCED_FACE ( 'NONE', ( #1586 ), #6371, .T. ) ;
#891 = CARTESIAN_POINT ( 'NONE',  ( 0.08936148686771938600, 3.910000000000001000, 1.994507376208873400 ) ) ;
#892 = EDGE_CURVE ( 'NONE', #5946, #3931, #22, .T. ) ;
#893 =( NAMED_UNIT ( * ) PLANE_ANGLE_UNIT ( ) SI_UNIT ( $, .RADIAN. ) );
#894 = MECHANICAL_DESIGN_GEOMETRIC_PRESENTATION_REPRESENTATION (  '', ( #7005 ), #1954 ) ;
#895 = CARTESIAN_POINT ( 'NONE',  ( 1.095088095279679800, 3.909999999999998400, 1.407481040668759500 ) ) ;
#896 = CARTESIAN_POINT ( 'NONE',  ( 0.1555922329846570800, 3.899999999999999000, 1.586258882805175600 ) ) ;
#897 = LINE ( 'NONE', #1801, #7800 ) ;
#898 = CARTESIAN_POINT ( 'NONE',  ( -0.9288721973592338800, 3.900000000000000400, 1.559035869898755200 ) ) ;
#899 = CARTESIAN_POINT ( 'NONE',  ( 4.842015805328191600, 3.763073361412148500, 0.1121320343559606000 ) ) ;
#900 = CARTESIAN_POINT ( 'NONE',  ( -0.3355694627721737000, 3.900000000000002100, 1.368513945811112600 ) ) ;
#901 = AXIS2_PLACEMENT_3D ( 'NONE', #4138, #816, #5480 ) ;
#902 = CARTESIAN_POINT ( 'NONE',  ( -2.009875486832918100, 3.900000000000000400, 1.256404290951386600 ) ) ;
#903 = SURFACE_STYLE_FILL_AREA ( #3234 ) ;
#904 = CARTESIAN_POINT ( 'NONE',  ( -1.163193840976594100, 3.909999999999999300, 1.245122117914589700 ) ) ;
#905 = CARTESIAN_POINT ( 'NONE',  ( -0.9198159226569496700, 3.899999999999999500, 1.138231436595838100 ) ) ;
#906 = CARTESIAN_POINT ( 'NONE',  ( -0.09344368223167978700, 3.899999999999999500, 1.244463635455028000 ) ) ;
#907 = DIRECTION ( 'NONE',  ( -0.0000000000000000000, -1.000000000000000000, -0.0000000000000000000 ) ) ;
#908 = CARTESIAN_POINT ( 'NONE',  ( -1.817016428609953900, 3.900000000000000400, 1.953546223279781800 ) ) ;
#909 = ORIENTED_EDGE ( 'NONE', *, *, #3240, .T. ) ;
#910 = CARTESIAN_POINT ( 'NONE',  ( -0.7592575736757893900, 3.899999999999999900, 1.582939564959073400 ) ) ;
#911 = ORIENTED_EDGE ( 'NONE', *, *, #2631, .F. ) ;
#912 = UNCERTAINTY_MEASURE_WITH_UNIT (LENGTH_MEASURE( 1.000000000000000100E-005 ), #3262, 'distance_accuracy_value', 'NONE');
#913 = CARTESIAN_POINT ( 'NONE',  ( -1.859382065780286400, 3.910000000000000100, 2.151141133056650100 ) ) ;
#914 = DIRECTION ( 'NONE',  ( 0.0000000000000000000, -1.000000000000000000, 0.0000000000000000000 ) ) ;
#915 = CARTESIAN_POINT ( 'NONE',  ( -2.140000000000000100, 2.299999999999999400, 21.14999999999999900 ) ) ;
#916 = CARTESIAN_POINT ( 'NONE',  ( 2.300070222628483000, 3.910000000000000100, 2.010761681936940300 ) ) ;
#917 = VERTEX_POINT ( 'NONE', #8247 ) ;
#918 = ORIENTED_EDGE ( 'NONE', *, *, #2910, .F. ) ;
#919 = CARTESIAN_POINT ( 'NONE',  ( -0.7639252761478481100, 3.899999999999999900, 1.389137274601442100 ) ) ;
#920 = LINE ( 'NONE', #529, #6691 ) ;
#921 = VERTEX_POINT ( 'NONE', #1584 ) ;
#922 = DIRECTION ( 'NONE',  ( 1.000000000000000000, 0.0000000000000000000, 0.0000000000000000000 ) ) ;
#923 = CARTESIAN_POINT ( 'NONE',  ( 0.001676714023180393700, 3.900000000000000400, 1.366159764937538500 ) ) ;
#924 = ORIENTED_EDGE ( 'NONE', *, *, #7850, .F. ) ;
#925 = CYLINDRICAL_SURFACE ( 'NONE', #1073, 0.6249999999999996700 ) ;
#926 = CARTESIAN_POINT ( 'NONE',  ( -0.1568738420960761300, 3.900000000000000800, 1.137983238319808100 ) ) ;
#927 = CARTESIAN_POINT ( 'NONE',  ( -4.642611770947323400, 6.042271903767193000, 2.391330576710993100 ) ) ;
#928 = ORIENTED_EDGE ( 'NONE', *, *, #8627, .F. ) ;
#929 = CARTESIAN_POINT ( 'NONE',  ( 1.136892061629376500, 3.910000000000000100, 1.993199533423862600 ) ) ;
#930 = CARTESIAN_POINT ( 'NONE',  ( -0.3685470063898704200, 3.910000000000000100, 1.518676631003809800 ) ) ;
#931 = CARTESIAN_POINT ( 'NONE',  ( -0.8140115099070399700, 3.900000000000001200, 2.027175922654695000 ) ) ;
#932 = EDGE_LOOP ( 'NONE', ( #8336, #5723, #6996 ) ) ;
#933 = VECTOR ( 'NONE', #7231, 1000.000000000000000 ) ;
#934 = CARTESIAN_POINT ( 'NONE',  ( -0.8653660799552022100, 3.910000000000001000, 1.659673132907382800 ) ) ;
#935 = ADVANCED_FACE ( 'NONE', ( #3566 ), #3469, .T. ) ;
#936 = CARTESIAN_POINT ( 'NONE',  ( -1.014458481653567800, 3.910000000000000100, 1.148008398768112700 ) ) ;
#937 = CARTESIAN_POINT ( 'NONE',  ( -0.6503032388578496900, 3.909999999999999300, 1.378442546989780700 ) ) ;
#938 = ORIENTED_EDGE ( 'NONE', *, *, #2468, .T. ) ;
#939 = CARTESIAN_POINT ( 'NONE',  ( 0.03926412148800440700, 3.900000000000000400, 1.707230558691957400 ) ) ;
#940 = VECTOR ( 'NONE', #1075, 1000.000000000000100 ) ;
#941 = CARTESIAN_POINT ( 'NONE',  ( 1.782476486851292600, 3.910000000000000100, 1.309035869898755000 ) ) ;
#942 = CARTESIAN_POINT ( 'NONE',  ( -1.128707723675023400, 3.910000000000000100, 1.854677317267176400 ) ) ;
#943 =( GEOMETRIC_REPRESENTATION_CONTEXT ( 3 ) GLOBAL_UNCERTAINTY_ASSIGNED_CONTEXT ( ( #5939 ) ) GLOBAL_UNIT_ASSIGNED_CONTEXT ( ( #2283, #893, #5562 ) ) REPRESENTATION_CONTEXT ( 'NONE', 'WORKASPACE' ) );
#944 = CARTESIAN_POINT ( 'NONE',  ( 1.186167998627903700, 3.899999999999999500, 1.825328867333498400 ) ) ;
#945 = EDGE_CURVE ( 'NONE', #8159, #1970, #5495, .T. ) ;
#946 = CARTESIAN_POINT ( 'NONE',  ( 1.559411311040111300, 3.899999999999999900, 1.138174056299389200 ) ) ;
#947 = CARTESIAN_POINT ( 'NONE',  ( -5.110000000000000300, 0.6999999999999999600, 7.549999999999998000 ) ) ;
#948 = VERTEX_POINT ( 'NONE', #3397 ) ;
#949 = ORIENTED_EDGE ( 'NONE', *, *, #2395, .F. ) ;
#950 = EDGE_CURVE ( 'NONE', #1520, #1671, #7482, .T. ) ;
#951 = VECTOR ( 'NONE', #835, 1000.000000000000000 ) ;
#952 = ORIENTED_EDGE ( 'NONE', *, *, #6623, .T. ) ;
#953 = FILL_AREA_STYLE_COLOUR ( '', #8131 ) ;
#954 = CARTESIAN_POINT ( 'NONE',  ( -0.1395974306546843600, 3.899999999999999000, 2.163322073163305600 ) ) ;
#955 = CARTESIAN_POINT ( 'NONE',  ( 0.7423504594364278600, 3.910000000000000100, 1.959933446027256800 ) ) ;
#956 = CARTESIAN_POINT ( 'NONE',  ( -0.9870461327630979400, 3.899999999999999500, 1.142295139310554700 ) ) ;
#957 = CARTESIAN_POINT ( 'NONE',  ( -2.618428118411865800, 3.900000000000000400, 2.151141133056650100 ) ) ;
#958 = CARTESIAN_POINT ( 'NONE',  ( -0.7288552030981930700, 3.910000000000000100, 1.834178597729667800 ) ) ;
#959 = STYLED_ITEM ( 'NONE', ( #7296 ), #2577 ) ;
#960 = AXIS2_PLACEMENT_3D ( 'NONE', #4960, #7680, #5758 ) ;
#961 =( NAMED_UNIT ( * ) PLANE_ANGLE_UNIT ( ) SI_UNIT ( $, .RADIAN. ) );
#962 = EDGE_CURVE ( 'NONE', #2647, #7820, #7862, .T. ) ;
#963 = EDGE_CURVE ( 'NONE', #4624, #2441, #7066, .T. ) ;
#964 = CARTESIAN_POINT ( 'NONE',  ( -0.3752736302402334100, 3.899999999999999500, 1.648122369937675900 ) ) ;
#965 = CARTESIAN_POINT ( 'NONE',  ( -0.9217337726044777500, 3.900000000000000400, 2.058920125463912200 ) ) ;
#966 =( GEOMETRIC_REPRESENTATION_CONTEXT ( 3 ) GLOBAL_UNCERTAINTY_ASSIGNED_CONTEXT ( ( #912 ) ) GLOBAL_UNIT_ASSIGNED_CONTEXT ( ( #3262, #6524, #5163 ) ) REPRESENTATION_CONTEXT ( 'NONE', 'WORKASPACE' ) );
#967 = CARTESIAN_POINT ( 'NONE',  ( 0.0000000000000000000, 3.910000000000000100, 0.0000000000000000000 ) ) ;
#968 = CARTESIAN_POINT ( 'NONE',  ( 0.4917644771169407700, 3.900000000000001200, 1.638084626339237700 ) ) ;
#969 = CARTESIAN_POINT ( 'NONE',  ( -0.1582244636513462900, 3.899999999999999900, 2.071867133275934400 ) ) ;
#970 = CARTESIAN_POINT ( 'NONE',  ( 0.8381919473776084900, 3.900000000000000400, 1.151141133056649900 ) ) ;
#971 = CARTESIAN_POINT ( 'NONE',  ( 1.557086645155343600, 3.910000000000000100, 1.243440320561385500 ) ) ;
#972 = VECTOR ( 'NONE', #6913, 1000.000000000000000 ) ;
#973 = FACE_OUTER_BOUND ( 'NONE', #1319, .T. ) ;
#974 = VERTEX_POINT ( 'NONE', #4090 ) ;
#975 = CARTESIAN_POINT ( 'NONE',  ( 1.237866610025677900, 3.899999999999999900, 1.923682846174894300 ) ) ;
#976 = CARTESIAN_POINT ( 'NONE',  ( 0.0000000000000000000, 3.950000000000000200, 6.049999999999998000 ) ) ;
#977 = ORIENTED_EDGE ( 'NONE', *, *, #5320, .F. ) ;
#978 = CARTESIAN_POINT ( 'NONE',  ( -0.7637817368329178300, 3.910000000000000100, 1.394973369898755200 ) ) ;
#979 = ADVANCED_FACE ( 'NONE', ( #753 ), #162, .F. ) ;
#980 = LINE ( 'NONE', #8053, #8404 ) ;
#981 = CARTESIAN_POINT ( 'NONE',  ( 1.344641062730253000, 3.910000000000000100, 2.017679013997033500 ) ) ;
#982 = CARTESIAN_POINT ( 'NONE',  ( -0.7834803228500482100, 3.899999999999999500, 1.314831013041593000 ) ) ;
#983 = DIRECTION ( 'NONE',  ( 0.0000000000000000000, 0.0000000000000000000, 1.000000000000000000 ) ) ;
#984 = ORIENTED_EDGE ( 'NONE', *, *, #6570, .T. ) ;
#985 = DIRECTION ( 'NONE',  ( 0.0000000000000000000, 1.000000000000000000, 0.0000000000000000000 ) ) ;
#986 = CARTESIAN_POINT ( 'NONE',  ( -0.1624248289381811400, 3.900000000000000800, 1.230088501477702800 ) ) ;
#987 = PLANE ( 'NONE',  #789 ) ;
#988 = CARTESIAN_POINT ( 'NONE',  ( 1.578185885068735800, 3.899999999999999500, 1.243825240286630600 ) ) ;
#989 = CARTESIAN_POINT ( 'NONE',  ( -0.7365301716344396800, 3.899999999999999500, 1.919222734824205700 ) ) ;
#990 = ORIENTED_EDGE ( 'NONE', *, *, #8398, .F. ) ;
#991 = CARTESIAN_POINT ( 'NONE',  ( -5.006304347208872400, 1.885246734971480300, 6.496513851135413000 ) ) ;
#992 = CARTESIAN_POINT ( 'NONE',  ( 0.02042736928623779100, 3.910000000000000100, 1.433279155146212300 ) ) ;
#993 = CARTESIAN_POINT ( 'NONE',  ( -1.110154909999724300, 3.900000000000000400, 1.192637757694089600 ) ) ;
#994 = COLOUR_RGB ( '',1.000000000000000000, 1.000000000000000000, 1.000000000000000000 ) ;
#995 = CARTESIAN_POINT ( 'NONE',  ( 0.3630491322219410200, 3.910000000000000100, 1.644418214119111000 ) ) ;
#996 = EDGE_CURVE ( 'NONE', #1577, #1950, #4610, .T. ) ;
#997 = EDGE_CURVE ( 'NONE', #2264, #7045, #4927, .T. ) ;
#998 = CARTESIAN_POINT ( 'NONE',  ( 0.4017739023496890700, 3.909999999999998400, 2.046695227055730400 ) ) ;
#999 = VECTOR ( 'NONE', #655, 1000.000000000000000 ) ;
#1000 =( NAMED_UNIT ( * ) SI_UNIT ( $, .STERADIAN. ) SOLID_ANGLE_UNIT ( ) );
#1001 = CIRCLE ( 'NONE', #4157, 0.6249999999999996700 ) ;
#1002 = CARTESIAN_POINT ( 'NONE',  ( 0.8381919473776084900, 3.910000000000000100, 1.256404290951386600 ) ) ;
#1003 = ORIENTED_EDGE ( 'NONE', *, *, #7563, .F. ) ;
#1004 = STYLED_ITEM ( 'NONE', ( #7346 ), #2143 ) ;
#1005 = SURFACE_SIDE_STYLE ('',( #7937 ) ) ;
#1006 = FACE_OUTER_BOUND ( 'NONE', #1426, .T. ) ;
#1007 = EDGE_CURVE ( 'NONE', #2430, #1445, #1374, .T. ) ;
#1008 = CARTESIAN_POINT ( 'NONE',  ( 0.5588805050762663000, 3.909999999999999300, 2.071652577905761700 ) ) ;
#1009 = CARTESIAN_POINT ( 'NONE',  ( -1.087917964932716000, 3.899999999999999500, 2.131230919400495700 ) ) ;
#1010 = EDGE_CURVE ( 'NONE', #974, #1139, #3844, .T. ) ;
#1011 = CARTESIAN_POINT ( 'NONE',  ( -0.6262344767444689700, 3.900000000000000800, 1.766448311413542100 ) ) ;
#1012 = CARTESIAN_POINT ( 'NONE',  ( -0.9288721973592338800, 3.910000000000000100, 1.651141133056649900 ) ) ;
#1013 = B_SPLINE_CURVE_WITH_KNOTS ( 'NONE', 3,
 ( #2425, #5109, #8402, #6460, #6514, #5093, #2399, #3077, #6488, #6399, #8489 ),
 .UNSPECIFIED., .F., .F.,
 ( 4, 1, 1, 1, 1, 1, 1, 1, 4 ),
 ( 0.0000000000000000000, 0.1338468394077276800, 0.2633658398008436600, 0.3892965228303503800, 0.5145223969603568400, 0.6374885403400341000, 0.7575653701978450900, 0.8773621157954609700, 1.000000000000000000 ),
 .UNSPECIFIED. ) ;
#1014 = CARTESIAN_POINT ( 'NONE',  ( 4.747671247539718000, 3.763073361412149400, 2.627654166757506200 ) ) ;
#1015 = CARTESIAN_POINT ( 'NONE',  ( -0.7637817368329178300, 3.910000000000000100, 1.394973369898755200 ) ) ;
#1016 = ORIENTED_EDGE ( 'NONE', *, *, #2514, .T. ) ;
#1017 = COLOUR_RGB ( '',1.000000000000000000, 1.000000000000000000, 1.000000000000000000 ) ;
#1018 = CARTESIAN_POINT ( 'NONE',  ( 1.670096984931986000, 3.900000000000000400, 1.259355474234801400 ) ) ;
#1019 = DIRECTION ( 'NONE',  ( 0.0000000000000000000, 0.0000000000000000000, -1.000000000000000000 ) ) ;
#1020 = CARTESIAN_POINT ( 'NONE',  ( -1.228981197506169700, 3.909999999999998400, 1.987918722858096300 ) ) ;
#1021 = ADVANCED_FACE ( 'NONE', ( #6726 ), #3639, .T. ) ;
#1022 = CARTESIAN_POINT ( 'NONE',  ( -1.188506495173645300, 3.900000000000000400, 1.287746495369543200 ) ) ;
#1023 = PRESENTATION_STYLE_ASSIGNMENT (( #5225 ) ) ;
#1024 = VERTEX_POINT ( 'NONE', #8226 ) ;
#1025 = CARTESIAN_POINT ( 'NONE',  ( 0.4481736428654256600, 3.910000000000001000, 1.639287185343551100 ) ) ;
#1026 = VECTOR ( 'NONE', #7516, 999.9999999999998900 ) ;
#1027 = UNCERTAINTY_MEASURE_WITH_UNIT (LENGTH_MEASURE( 1.000000000000000100E-005 ), #5568, 'distance_accuracy_value', 'NONE');
#1028 = AXIS2_PLACEMENT_3D ( 'NONE', #6311, #7580, #6934 ) ;
#1029 = CARTESIAN_POINT ( 'NONE',  ( 2.305550740924505100, 3.900000000000000400, 1.988697149356042600 ) ) ;
#1030 = FILL_AREA_STYLE_COLOUR ( '', #2496 ) ;
#1031 = ORIENTED_EDGE ( 'NONE', *, *, #6831, .T. ) ;
#1032 = CARTESIAN_POINT ( 'NONE',  ( -1.042560088644183700, 3.910000000000000100, 1.683771020536079900 ) ) ;
#1033 = EDGE_LOOP ( 'NONE', ( #6961, #1691, #6638, #7797 ) ) ;
#1034 = CARTESIAN_POINT ( 'NONE',  ( -1.011257968582079100, 3.900000000000001700, 2.044992542928446300 ) ) ;
#1035 = CARTESIAN_POINT ( 'NONE',  ( -0.6076307331420622800, 3.900000000000000400, 1.898894977236431000 ) ) ;
#1036 = CARTESIAN_POINT ( 'NONE',  ( 1.410459685737353300, 3.899999999999999500, 2.044502409914685300 ) ) ;
#1037 = CARTESIAN_POINT ( 'NONE',  ( 5.073494888436230500, 0.6999999999999999600, 6.321062683558229100 ) ) ;
#1038 = CARTESIAN_POINT ( 'NONE',  ( -0.9639342919091052900, 3.909999999999999300, 2.163455192253478800 ) ) ;
#1039 = VERTEX_POINT ( 'NONE', #7647 ) ;
#1040 = ORIENTED_EDGE ( 'NONE', *, *, #8016, .F. ) ;
#1041 = CARTESIAN_POINT ( 'NONE',  ( -0.7361868275978017400, 3.910000000000000100, 1.794760381410794600 ) ) ;
#1042 = CARTESIAN_POINT ( 'NONE',  ( -0.7667814173996148100, 3.899999999999999900, 1.428044760200098300 ) ) ;
#1043 = CARTESIAN_POINT ( 'NONE',  ( -0.3724786630610507100, 3.900000000000000400, 1.564663321777841400 ) ) ;
#1044 = CARTESIAN_POINT ( 'NONE',  ( -0.6703827633157696300, 3.900000000000000800, 1.288293455037891100 ) ) ;
#1045 = FACE_BOUND ( 'NONE', #862, .T. ) ;
#1046 = FILL_AREA_STYLE ('',( #8414 ) ) ;
#1047 = ORIENTED_EDGE ( 'NONE', *, *, #4291, .T. ) ;
#1048 = VERTEX_POINT ( 'NONE', #5590 ) ;
#1049 = FILL_AREA_STYLE_COLOUR ( '', #6154 ) ;
#1050 = CARTESIAN_POINT ( 'NONE',  ( -0.3896676594621690200, 3.899999999999999900, 2.065175310939201000 ) ) ;
#1051 = VECTOR ( 'NONE', #7655, 1000.000000000000000 ) ;
#1052 = CARTESIAN_POINT ( 'NONE',  ( -0.4602285931185369800, 3.910000000000000100, 1.924272198604710400 ) ) ;
#1053 = CARTESIAN_POINT ( 'NONE',  ( 0.4481736428654256600, 3.900000000000001200, 1.639287185343551100 ) ) ;
#1054 = CARTESIAN_POINT ( 'NONE',  ( 0.8829737021807837500, 3.899999999999999900, 1.811119876406241500 ) ) ;
#1055 = PRESENTATION_STYLE_ASSIGNMENT (( #7826 ) ) ;
#1056 = VERTEX_POINT ( 'NONE', #7003 ) ;
#1057 = CARTESIAN_POINT ( 'NONE',  ( 2.311665712769228200, 3.900000000000001200, 1.965668810701356700 ) ) ;
#1058 =( GEOMETRIC_REPRESENTATION_CONTEXT ( 3 ) GLOBAL_UNCERTAINTY_ASSIGNED_CONTEXT ( ( #1113 ) ) GLOBAL_UNIT_ASSIGNED_CONTEXT ( ( #5686, #3699, #2371 ) ) REPRESENTATION_CONTEXT ( 'NONE', 'WORKASPACE' ) );
#1059 = CARTESIAN_POINT ( 'NONE',  ( -1.057750476404652600, 3.900000000000000400, 1.695104630356520700 ) ) ;
#1060 = EDGE_CURVE ( 'NONE', #7023, #2002, #4397, .T. ) ;
#1061 = SURFACE_SIDE_STYLE ('',( #8015 ) ) ;
#1062 = STYLED_ITEM ( 'NONE', ( #8500 ), #570 ) ;
#1063 = VECTOR ( 'NONE', #7391, 1000.000000000000000 ) ;
#1064 = CARTESIAN_POINT ( 'NONE',  ( -1.204320661028250000, 3.909999999999999300, 1.710550252386181100 ) ) ;
#1065 = CARTESIAN_POINT ( 'NONE',  ( -2.501857394727655200, 3.910000000000000100, 1.151141133056649900 ) ) ;
#1066 = ADVANCED_FACE ( 'NONE', ( #1798 ), #3578, .T. ) ;
#1067 = EDGE_LOOP ( 'NONE', ( #7515, #5622, #5369, #6058 ) ) ;
#1068 = CARTESIAN_POINT ( 'NONE',  ( 5.047803825984893000, 0.6999999999999999600, 6.299052050301193100 ) ) ;
#1069 = SURFACE_STYLE_USAGE ( .BOTH. , #1775 ) ;
#1070 = CARTESIAN_POINT ( 'NONE',  ( -0.7830402230316069200, 3.900000000000000400, 1.711206062528254800 ) ) ;
#1071 = MECHANICAL_DESIGN_GEOMETRIC_PRESENTATION_REPRESENTATION (  '', ( #2690 ), #626 ) ;
#1072 = LINE ( 'NONE', #6068, #30 ) ;
#1073 = AXIS2_PLACEMENT_3D ( 'NONE', #6414, #6979, #5727 ) ;
#1074 =( NAMED_UNIT ( * ) PLANE_ANGLE_UNIT ( ) SI_UNIT ( $, .RADIAN. ) );
#1075 = DIRECTION ( 'NONE',  ( -0.06174578541844671900, -0.7057575568079539300, -0.7057575568079501600 ) ) ;
#1076 = PRESENTATION_STYLE_ASSIGNMENT (( #7064 ) ) ;
#1077 = ORIENTED_EDGE ( 'NONE', *, *, #5651, .T. ) ;
#1078 = VERTEX_POINT ( 'NONE', #8259 ) ;
#1079 = SURFACE_SIDE_STYLE ('',( #1250 ) ) ;
#1080 = DIRECTION ( 'NONE',  ( -0.0000000000000000000, -0.0000000000000000000, -1.000000000000000000 ) ) ;
#1081 = VERTEX_POINT ( 'NONE', #4244 ) ;
#1082 = DIRECTION ( 'NONE',  ( 0.0000000000000000000, 0.0000000000000000000, 1.000000000000000000 ) ) ;
#1083 = CARTESIAN_POINT ( 'NONE',  ( -0.2482733581678711900, 3.900000000000000800, 2.156816410673561900 ) ) ;
#1084 = CARTESIAN_POINT ( 'NONE',  ( 4.834877361352936600, 3.844666149409612400, 7.542290760738509000 ) ) ;
#1085 = CARTESIAN_POINT ( 'NONE',  ( -1.021179848997892300, 3.900000000000002100, 1.532117000069512100 ) ) ;
#1086 = FACE_OUTER_BOUND ( 'NONE', #3881, .T. ) ;
#1087 = CARTESIAN_POINT ( 'NONE',  ( 0.5328876710618186700, 3.900000000000000400, 2.072193764635597500 ) ) ;
#1088 = CARTESIAN_POINT ( 'NONE',  ( -0.2154086818968119200, 3.910000000000001000, 2.066458696240222300 ) ) ;
#1089 = CARTESIAN_POINT ( 'NONE',  ( -0.3626791518646519900, 3.910000000000000100, 1.842696373210834800 ) ) ;
#1090 = LINE ( 'NONE', #2833, #1298 ) ;
#1091 = DIRECTION ( 'NONE',  ( -0.0000000000000000000, -1.000000000000000000, -0.0000000000000000000 ) ) ;
#1092 = CARTESIAN_POINT ( 'NONE',  ( 5.110000000000000300, 0.6999999999999999600, 6.420401500533657200 ) ) ;
#1093 = CARTESIAN_POINT ( 'NONE',  ( -1.120447029538654600, 3.900000000000000400, 1.791828453429304300 ) ) ;
#1094 = SURFACE_STYLE_USAGE ( .BOTH. , #1061 ) ;
#1095 = CLOSED_SHELL ( 'NONE', ( #3655, #6820, #3850, #5765, #3194, #6542, #2190, #5667, #6362, #979 ) ) ;
#1096 = CARTESIAN_POINT ( 'NONE',  ( -1.537979650881102100, 3.909999999999998400, 1.528767046122729400 ) ) ;
#1097 = FACE_OUTER_BOUND ( 'NONE', #8451, .T. ) ;
#1098 = CARTESIAN_POINT ( 'NONE',  ( -0.7990465514772446800, 3.899999999999999900, 2.143079722363424800 ) ) ;
#1099 = CARTESIAN_POINT ( 'NONE',  ( 1.217206637967704500, 3.909999999999999300, 1.893381040405937900 ) ) ;
#1100 = CARTESIAN_POINT ( 'NONE',  ( 5.018742790452634500, 0.6999999999999992900, 6.281746638146478800 ) ) ;
#1101 = CARTESIAN_POINT ( 'NONE',  ( -0.8484661555105674800, 3.910000000000000100, 2.044883865654965900 ) ) ;
#1102 = DIRECTION ( 'NONE',  ( -0.0000000000000000000, -1.000000000000000000, -0.0000000000000000000 ) ) ;
#1103 = FACE_OUTER_BOUND ( 'NONE', #7604, .T. ) ;
#1104 = CARTESIAN_POINT ( 'NONE',  ( -1.178098609362589100, 3.900000000000000400, 1.677039835935692400 ) ) ;
#1105 = DIRECTION ( 'NONE',  ( -0.9961946980917457700, -0.08715574274765462700, 0.0000000000000000000 ) ) ;
#1106 = PLANE ( 'NONE',  #4195 ) ;
#1107 = CARTESIAN_POINT ( 'NONE',  ( -5.081378602532079300, 1.027144070036338600, 6.441824685044385200 ) ) ;
#1108 = DIRECTION ( 'NONE',  ( 1.000000000000000000, 0.0000000000000000000, 0.0000000000000000000 ) ) ;
#1109 = CARTESIAN_POINT ( 'NONE',  ( -1.056167915246535700, 3.909999999999999300, 1.500280752588890600 ) ) ;
#1110 = ADVANCED_FACE ( 'NONE', ( #13 ), #599, .T. ) ;
#1111 = VECTOR ( 'NONE', #8545, 1000.000000000000100 ) ;
#1112 = CARTESIAN_POINT ( 'NONE',  ( -0.4919889736750234800, 3.910000000000000100, 1.670877975161913200 ) ) ;
#1113 = UNCERTAINTY_MEASURE_WITH_UNIT (LENGTH_MEASURE( 1.000000000000000100E-005 ), #5686, 'distance_accuracy_value', 'NONE');
#1114 = DIRECTION ( 'NONE',  ( -0.0000000000000000000, -1.000000000000000000, -0.0000000000000000000 ) ) ;
#1115 = DIRECTION ( 'NONE',  ( -0.0000000000000000000, -1.000000000000000000, -0.0000000000000000000 ) ) ;
#1116 = EDGE_CURVE ( 'NONE', #7229, #5656, #1647, .T. ) ;
#1117 = EDGE_CURVE ( 'NONE', #6485, #2547, #4366, .T. ) ;
#1118 = CARTESIAN_POINT ( 'NONE',  ( -0.9288721973592338800, 3.910000000000000100, 2.059035869898755400 ) ) ;
#1119 = CARTESIAN_POINT ( 'NONE',  ( 0.1562429342197137500, 3.900000000000000800, 1.646618106740860300 ) ) ;
#1120 = ORIENTED_EDGE ( 'NONE', *, *, #3814, .F. ) ;
#1121 = LINE ( 'NONE', #5048, #4452 ) ;
#1122 = CARTESIAN_POINT ( 'NONE',  ( -1.128707723675023400, 3.910000000000000100, 1.854677317267176400 ) ) ;
#1123 = VERTEX_POINT ( 'NONE', #6983 ) ;
#1124 = CARTESIAN_POINT ( 'NONE',  ( 0.03300400102540516900, 3.909999999999998400, 1.797859275998574800 ) ) ;
#1125 = CARTESIAN_POINT ( 'NONE',  ( -1.575106228161395000, 3.910000000000001000, 1.610241719261201500 ) ) ;
#1126 = PRESENTATION_LAYER_ASSIGNMENT (  '', '', ( #959 ) ) ;
#1127 = CARTESIAN_POINT ( 'NONE',  ( 1.187973024019666000, 3.910000000000001900, 1.491052278804117800 ) ) ;
#1128 = ORIENTED_EDGE ( 'NONE', *, *, #1787, .T. ) ;
#1129 = CARTESIAN_POINT ( 'NONE',  ( -0.3685043043371373800, 3.900000000000000400, 1.802924374241174500 ) ) ;
#1130 = EDGE_CURVE ( 'NONE', #407, #5513, #737, .T. ) ;
#1131 = CARTESIAN_POINT ( 'NONE',  ( -0.9288721973592338800, 3.900000000000000400, 1.230088501477702500 ) ) ;
#1132 = B_SPLINE_CURVE_WITH_KNOTS ( 'NONE', 3,
 ( #5344, #6088, #1980, #3979, #734, #2712, #5397, #7, #7389, #3394, #4692, #4721, #6764, #8649, #4639, #4666, #683, #768, #1352 ),
 .UNSPECIFIED., .F., .F.,
 ( 4, 1, 1, 1, 1, 1, 1, 1, 1, 1, 1, 1, 1, 1, 1, 1, 4 ),
 ( 0.0000000000000000000, 0.06760800320829764300, 0.1322145719265444800, 0.1943824857297349100, 0.2547427744392781200, 0.3138707287455922400, 0.3728106047536226000, 0.4318485510134582000, 0.4919529166493166200, 0.5524333349230929900, 0.6126589372366210200, 0.6728654445584467700, 0.7343989634389270800, 0.7971536513488017800, 0.8619773165616060300, 0.9294453967793907500, 0.9999999999999998900 ),
 .UNSPECIFIED. ) ;
#1133 = ORIENTED_EDGE ( 'NONE', *, *, #729, .T. ) ;
#1134 = EDGE_CURVE ( 'NONE', #7609, #1421, #6320, .T. ) ;
#1135 = CARTESIAN_POINT ( 'NONE',  ( 0.5588805050762663000, 3.899999999999999900, 2.071652577905761700 ) ) ;
#1136 = CARTESIAN_POINT ( 'NONE',  ( 2.290485720357748900, 3.910000000000001900, 2.008596977278488600 ) ) ;
#1137 = CARTESIAN_POINT ( 'NONE',  ( 1.547895894746029500, 3.900000000000000400, 1.137983238319807900 ) ) ;
#1138 = CARTESIAN_POINT ( 'NONE',  ( -1.068469236832918100, 3.900000000000000400, 1.600976659372439500 ) ) ;
#1139 = VERTEX_POINT ( 'NONE', #1843 ) ;
#1140 = EDGE_LOOP ( 'NONE', ( #7889, #5252, #3621, #3315 ) ) ;
#1141 = CARTESIAN_POINT ( 'NONE',  ( -0.9296945657802865300, 3.900000000000000400, 2.164299027793492100 ) ) ;
#1142 = CARTESIAN_POINT ( 'NONE',  ( -0.4913802570029173800, 3.899999999999998600, 1.727341631199588600 ) ) ;
#1143 = PRESENTATION_STYLE_ASSIGNMENT (( #3099 ) ) ;
#1144 = B_SPLINE_CURVE_WITH_KNOTS ( 'NONE', 3,
 ( #1479, #6170, #6139, #6841, #2824, #2909, #4891, #6198, #7623, #2228 ),
 .UNSPECIFIED., .F., .F.,
 ( 4, 3, 3, 4 ),
 ( 0.0000000000000000000, 0.001478264885824134500, 0.002092890601348484900, 0.003079873155563870300 ),
 .UNSPECIFIED. ) ;
#1145 = VERTEX_POINT ( 'NONE', #7858 ) ;
#1146 = CARTESIAN_POINT ( 'NONE',  ( -0.9897979145519502100, 3.909999999999997500, 1.659266255552924700 ) ) ;
#1147 = CARTESIAN_POINT ( 'NONE',  ( 2.319894250009187300, 3.910000000000000100, 1.942465146214544800 ) ) ;
#1148 = CARTESIAN_POINT ( 'NONE',  ( -0.9619334798072822800, 3.910000000000000100, 1.556256375192310600 ) ) ;
#1149 = ORIENTED_EDGE ( 'NONE', *, *, #842, .T. ) ;
#1150 = CARTESIAN_POINT ( 'NONE',  ( -0.3749878892586037700, 3.909999999999999300, 1.713876823927808200 ) ) ;
#1151 = VERTEX_POINT ( 'NONE', #2448 ) ;
#1152 = CARTESIAN_POINT ( 'NONE',  ( -1.087017123774129500, 3.909999999999998400, 1.345834253934258900 ) ) ;
#1153 = VECTOR ( 'NONE', #1114, 1000.000000000000000 ) ;
#1154 = MECHANICAL_DESIGN_GEOMETRIC_PRESENTATION_REPRESENTATION (  '', ( #6858 ), #6079 ) ;
#1155 = DIRECTION ( 'NONE',  ( 0.0000000000000000000, 0.0000000000000000000, -1.000000000000000000 ) ) ;
#1156 = CARTESIAN_POINT ( 'NONE',  ( 4.970651347020962300, 2.292762391869667100, 6.521947768461383400 ) ) ;
#1157 = CARTESIAN_POINT ( 'NONE',  ( -0.05717836370713935700, 3.899999999999999500, 2.031909474401548900 ) ) ;
#1158 = SURFACE_STYLE_FILL_AREA ( #4251 ) ;
#1159 = CARTESIAN_POINT ( 'NONE',  ( 2.140000000000000100, 2.860000000000000300, 12.04999999999999900 ) ) ;
#1160 = ADVANCED_FACE ( 'NONE', ( #3257 ), #1575, .F. ) ;
#1161 = CARTESIAN_POINT ( 'NONE',  ( -1.080858526177547200, 3.900000000000001200, 1.459568295855521400 ) ) ;
#1162 = CARTESIAN_POINT ( 'NONE',  ( -1.465783468861325200, 3.900000000000001200, 1.381038661935420000 ) ) ;
#1163 = DIRECTION ( 'NONE',  ( 1.000000000000000000, 0.0000000000000000000, 0.0000000000000000000 ) ) ;
#1164 = CARTESIAN_POINT ( 'NONE',  ( -0.8871102443141238900, 3.909999999999999300, 2.055634195065361600 ) ) ;
#1165 = VECTOR ( 'NONE', #1491, 1000.000000000000000 ) ;
#1166 = ORIENTED_EDGE ( 'NONE', *, *, #7277, .T. ) ;
#1167 = CARTESIAN_POINT ( 'NONE',  ( -1.843798449921426200, 3.910000000000000100, 2.060772385355516000 ) ) ;
#1168 =( LENGTH_UNIT ( ) NAMED_UNIT ( * ) SI_UNIT ( .MILLI., .METRE. ) );
#1169 = CARTESIAN_POINT ( 'NONE',  ( 4.692586600614428800, 3.750000000000000400, 2.488748555299569200 ) ) ;
#1170 = DIRECTION ( 'NONE',  ( -1.000000000000000000, 0.0000000000000000000, 0.0000000000000000000 ) ) ;
#1171 = EDGE_CURVE ( 'NONE', #2264, #6398, #5130, .T. ) ;
#1172 = COLOUR_RGB ( '',0.07843137254901960700, 0.07843137254901960700, 0.07843137254901960700 ) ;
#1173 = CARTESIAN_POINT ( 'NONE',  ( 0.01128170996172268000, 3.910000000000001000, 1.909701797029163000 ) ) ;
#1174 = ORIENTED_EDGE ( 'NONE', *, *, #8506, .T. ) ;
#1175 = EDGE_CURVE ( 'NONE', #2957, #6712, #4738, .T. ) ;
#1176 = SURFACE_SIDE_STYLE ('',( #4394 ) ) ;
#1177 = CARTESIAN_POINT ( 'NONE',  ( -1.065378616463821000, 3.900000000000001200, 1.487465968837440100 ) ) ;
#1178 = VERTEX_POINT ( 'NONE', #6590 ) ;
#1179 = CARTESIAN_POINT ( 'NONE',  ( -1.120447029538654600, 3.900000000000000800, 1.791828453429304300 ) ) ;
#1180 = CARTESIAN_POINT ( 'NONE',  ( -0.3843869626528593800, 3.900000000000000400, 1.242320515905849900 ) ) ;
#1181 = PLANE ( 'NONE',  #1204 ) ;
#1182 = CARTESIAN_POINT ( 'NONE',  ( 0.6218422651487591800, 3.900000000000000400, 1.651770624579194100 ) ) ;
#1183 = PRESENTATION_LAYER_ASSIGNMENT (  '', '', ( #5039 ) ) ;
#1184 = ADVANCED_FACE ( 'NONE', ( #2830 ), #3908, .F. ) ;
#1185 = SURFACE_STYLE_FILL_AREA ( #5006 ) ;
#1186 = ORIENTED_EDGE ( 'NONE', *, *, #4186, .F. ) ;
#1187 = CARTESIAN_POINT ( 'NONE',  ( 0.3254452368512926700, 3.900000000000000400, 2.123797383056650100 ) ) ;
#1188 = EDGE_CURVE ( 'NONE', #8531, #4496, #4915, .T. ) ;
#1189 = MECHANICAL_DESIGN_GEOMETRIC_PRESENTATION_REPRESENTATION (  '', ( #2679 ), #1627 ) ;
#1190 = ORIENTED_EDGE ( 'NONE', *, *, #729, .F. ) ;
#1191 = CARTESIAN_POINT ( 'NONE',  ( 1.839999999999999600, 2.860000000000000300, 12.04999999999999900 ) ) ;
#1192 = CARTESIAN_POINT ( 'NONE',  ( -1.163193840976594100, 3.909999999999999300, 1.245122117914589700 ) ) ;
#1193 = CARTESIAN_POINT ( 'NONE',  ( 5.110000000000000300, 0.0000000000000000000, 7.549999999999998000 ) ) ;
#1194 = FACE_OUTER_BOUND ( 'NONE', #779, .T. ) ;
#1195 = DIRECTION ( 'NONE',  ( -1.000000000000000000, 0.0000000000000000000, 0.0000000000000000000 ) ) ;
#1196 = B_SPLINE_CURVE_WITH_KNOTS ( 'NONE', 3,
 ( #7656, #2941, #7707, #1699, #4315, #3654, #992, #2356, #3039, #8325, #5666, #5636, #7080, #3620, #4340, #2418, #8302, #4374, #378 ),
 .UNSPECIFIED., .F., .F.,
 ( 4, 1, 1, 1, 1, 1, 1, 1, 1, 1, 1, 1, 1, 1, 1, 1, 4 ),
 ( 0.0000000000000000000, 0.09882383166773400800, 0.1914619423708988900, 0.2780815784855980600, 0.3583298531453780700, 0.4329274324757354000, 0.5019708550484021100, 0.5654585644292790000, 0.6245161701057832000, 0.6783736910484322600, 0.7288400722739270000, 0.7763176158241708000, 0.8211502311720169100, 0.8649278953437881100, 0.9086194296397367400, 0.9532337462823268200, 1.000000000000000000 ),
 .UNSPECIFIED. ) ;
#1197 = ORIENTED_EDGE ( 'NONE', *, *, #6953, .T. ) ;
#1198 = DIRECTION ( 'NONE',  ( 0.0000000000000000000, 0.0000000000000000000, -1.000000000000000000 ) ) ;
#1199 = PRESENTATION_STYLE_ASSIGNMENT (( #4596 ) ) ;
#1200 = CARTESIAN_POINT ( 'NONE',  ( -2.102186342096076000, 3.910000000000000100, 2.151141133056650100 ) ) ;
#1201 = ORIENTED_EDGE ( 'NONE', *, *, #1231, .T. ) ;
#1202 = CARTESIAN_POINT ( 'NONE',  ( -0.1897966761022942000, 3.900000000000000400, 2.163925877867408900 ) ) ;
#1203 = CARTESIAN_POINT ( 'NONE',  ( 0.03667093720568644100, 3.910000000000001000, 1.754127161767315800 ) ) ;
#1204 = AXIS2_PLACEMENT_3D ( 'NONE', #1795, #1155, #3164 ) ;
#1205 =( NAMED_UNIT ( * ) PLANE_ANGLE_UNIT ( ) SI_UNIT ( $, .RADIAN. ) );
#1206 = CARTESIAN_POINT ( 'NONE',  ( -1.071827819776806500, 3.900000000000000400, 1.707831333054794300 ) ) ;
#1207 = CARTESIAN_POINT ( 'NONE',  ( -0.3314691536707478600, 3.910000000000000100, 1.190868614611590300 ) ) ;
#1208 = CARTESIAN_POINT ( 'NONE',  ( 0.7956649967780823300, 3.909999999999997500, 1.625341085292820100 ) ) ;
#1209 = CARTESIAN_POINT ( 'NONE',  ( 0.7420612409602007600, 3.900000000000002600, 1.742736755420176300 ) ) ;
#1210 = FILL_AREA_STYLE ('',( #3250 ) ) ;
#1211 = FACE_OUTER_BOUND ( 'NONE', #7486, .T. ) ;
#1212 = CARTESIAN_POINT ( 'NONE',  ( 4.649859739442384800, 4.344436275107312900, 0.4944362751073068700 ) ) ;
#1213 = CARTESIAN_POINT ( 'NONE',  ( -0.4919889736750234800, 3.910000000000000100, 1.670877975161913200 ) ) ;
#1214 = CARTESIAN_POINT ( 'NONE',  ( 1.465121474973054600, 3.910000000000000100, 1.249806366674734800 ) ) ;
#1215 = CARTESIAN_POINT ( 'NONE',  ( -0.1665366710434444400, 3.900000000000000400, 2.072193764635597500 ) ) ;
#1216 = SURFACE_STYLE_FILL_AREA ( #3068 ) ;
#1217 = DIRECTION ( 'NONE',  ( 1.000000000000000000, 0.0000000000000000000, 0.0000000000000000000 ) ) ;
#1218 = FILL_AREA_STYLE_COLOUR ( '', #2676 ) ;
#1219 = ORIENTED_EDGE ( 'NONE', *, *, #5198, .F. ) ;
#1220 = CARTESIAN_POINT ( 'NONE',  ( 0.3254452368512926700, 3.910000000000000100, 2.123797383056650100 ) ) ;
#1221 = ADVANCED_FACE ( 'NONE', ( #6621 ), #5282, .T. ) ;
#1222 = DIRECTION ( 'NONE',  ( -1.000000000000000000, 0.0000000000000000000, 0.0000000000000000000 ) ) ;
#1223 = DIRECTION ( 'NONE',  ( 0.0000000000000000000, 0.0000000000000000000, -1.000000000000000000 ) ) ;
#1224 = CARTESIAN_POINT ( 'NONE',  ( -0.07579749804865271200, 3.909999999999999300, 2.046736351836811800 ) ) ;
#1225 = FILL_AREA_STYLE ('',( #5795 ) ) ;
#1226 = DIRECTION ( 'NONE',  ( -0.0000000000000000000, -1.000000000000000000, 0.0000000000000000000 ) ) ;
#1227 =( GEOMETRIC_REPRESENTATION_CONTEXT ( 3 ) GLOBAL_UNCERTAINTY_ASSIGNED_CONTEXT ( ( #2558 ) ) GLOBAL_UNIT_ASSIGNED_CONTEXT ( ( #3612, #8290, #4955 ) ) REPRESENTATION_CONTEXT ( 'NONE', 'WORKASPACE' ) );
#1228 = LINE ( 'NONE', #7712, #4767 ) ;
#1229 = ORIENTED_EDGE ( 'NONE', *, *, #383, .F. ) ;
#1230 = CARTESIAN_POINT ( 'NONE',  ( -1.833215576098324900, 3.899999999999999500, 2.015071901444522000 ) ) ;
#1231 = EDGE_CURVE ( 'NONE', #5479, #754, #2386, .T. ) ;
#1232 = CARTESIAN_POINT ( 'NONE',  ( -1.010526874967725400, 3.910000000000001900, 1.249738787091197600 ) ) ;
#1233 = ORIENTED_EDGE ( 'NONE', *, *, #4237, .T. ) ;
#1234 = MECHANICAL_DESIGN_GEOMETRIC_PRESENTATION_REPRESENTATION (  '', ( #7230 ), #4353 ) ;
#1235 = CARTESIAN_POINT ( 'NONE',  ( 1.162907616394565500, 3.899999999999999900, 1.616824743960465700 ) ) ;
#1236 = VERTEX_POINT ( 'NONE', #6667 ) ;
#1237 = CARTESIAN_POINT ( 'NONE',  ( 0.4381000232379503900, 3.899999999999999500, 2.158783930003583200 ) ) ;
#1238 = ORIENTED_EDGE ( 'NONE', *, *, #4471, .T. ) ;
#1239 = CARTESIAN_POINT ( 'NONE',  ( -0.1582244636513462900, 3.909999999999999300, 2.071867133275934400 ) ) ;
#1240 = ORIENTED_EDGE ( 'NONE', *, *, #6059, .T. ) ;
#1241 = VECTOR ( 'NONE', #6282, 1000.000000000000000 ) ;
#1242 = STYLED_ITEM ( 'NONE', ( #590 ), #3133 ) ;
#1243 = CARTESIAN_POINT ( 'NONE',  ( 1.546456750009187500, 3.910000000000000100, 1.243246396214544600 ) ) ;
#1244 = PRESENTATION_LAYER_ASSIGNMENT (  '', '', ( #7969 ) ) ;
#1245 = CARTESIAN_POINT ( 'NONE',  ( 4.842015805328189900, 3.763073361412149000, 6.611251444700425100 ) ) ;
#1246 = CARTESIAN_POINT ( 'NONE',  ( -1.572351552038538000, 3.900000000000000400, 1.367807841745658100 ) ) ;
#1247 = CARTESIAN_POINT ( 'NONE',  ( 1.047137412170090500, 3.900000000000000400, 1.774756962514419100 ) ) ;
#1248 = CARTESIAN_POINT ( 'NONE',  ( 0.7672626710618188900, 3.910000000000000100, 1.850154290951386800 ) ) ;
#1249 = CARTESIAN_POINT ( 'NONE',  ( 0.5127396447460295100, 3.900000000000000400, 1.637983238319807900 ) ) ;
#1250 = SURFACE_STYLE_FILL_AREA ( #2350 ) ;
#1251 = CARTESIAN_POINT ( 'NONE',  ( -2.102186342096076000, 3.910000000000000100, 2.045877975161913400 ) ) ;
#1252 = PRESENTATION_LAYER_ASSIGNMENT (  '', '', ( #5903 ) ) ;
#1253 = CARTESIAN_POINT ( 'NONE',  ( -4.842777713756505300, 3.754364708226594500, 7.549999999999998000 ) ) ;
#1254 = CARTESIAN_POINT ( 'NONE',  ( 2.292939897005607200, 3.910000000000000100, 2.024420548133252700 ) ) ;
#1255 = FILL_AREA_STYLE_COLOUR ( '', #4419 ) ;
#1256 = PLANE ( 'NONE',  #8188 ) ;
#1257 =( NAMED_UNIT ( * ) PLANE_ANGLE_UNIT ( ) SI_UNIT ( $, .RADIAN. ) );
#1258 =( NAMED_UNIT ( * ) SI_UNIT ( $, .STERADIAN. ) SOLID_ANGLE_UNIT ( ) );
#1259 = LINE ( 'NONE', #8123, #4594 ) ;
#1260 = EDGE_LOOP ( 'NONE', ( #6661, #6557, #5401, #8378 ) ) ;
#1261 =( NAMED_UNIT ( * ) PLANE_ANGLE_UNIT ( ) SI_UNIT ( $, .RADIAN. ) );
#1262 = ADVANCED_FACE ( 'NONE', ( #7243 ), #5775, .T. ) ;
#1263 = LINE ( 'NONE', #3968, #1679 ) ;
#1264 = CARTESIAN_POINT ( 'NONE',  ( 0.3639287373872472900, 3.899999999999998600, 2.141946206314529400 ) ) ;
#1265 = DIRECTION ( 'NONE',  ( 0.0000000000000000000, 0.0000000000000000000, -1.000000000000000000 ) ) ;
#1266 = VECTOR ( 'NONE', #4644, 1000.000000000000000 ) ;
#1267 = ORIENTED_EDGE ( 'NONE', *, *, #8463, .T. ) ;
#1268 = CARTESIAN_POINT ( 'NONE',  ( -0.2330625149138065800, 3.900000000000002600, 1.145825320469301900 ) ) ;
#1269 = COLOUR_RGB ( '',1.000000000000000000, 1.000000000000000000, 1.000000000000000000 ) ;
#1270 = ORIENTED_EDGE ( 'NONE', *, *, #517, .T. ) ;
#1271 =( NAMED_UNIT ( * ) SI_UNIT ( $, .STERADIAN. ) SOLID_ANGLE_UNIT ( ) );
#1272 = CARTESIAN_POINT ( 'NONE',  ( -1.713270751476662500, 3.910000000000001000, 2.014287945653671300 ) ) ;
#1273 = CARTESIAN_POINT ( 'NONE',  ( -1.182090524472926500, 3.910000000000000100, 2.061512760230873400 ) ) ;
#1274 = CARTESIAN_POINT ( 'NONE',  ( -0.6343704865761062800, 3.909999999999999300, 1.747057138348007100 ) ) ;
#1275 = FACE_OUTER_BOUND ( 'NONE', #6878, .T. ) ;
#1276 = CARTESIAN_POINT ( 'NONE',  ( -1.058604334488350200, 3.899999999999999500, 1.289754400462821200 ) ) ;
#1277 = SURFACE_STYLE_FILL_AREA ( #3558 ) ;
#1278 = VERTEX_POINT ( 'NONE', #5969 ) ;
#1279 = EDGE_LOOP ( 'NONE', ( #5852, #6610, #8268, #1394 ) ) ;
#1280 = CARTESIAN_POINT ( 'NONE',  ( -0.7642069400478802600, 3.900000000000000400, 1.377685238877304400 ) ) ;
#1281 = PLANE ( 'NONE',  #8480 ) ;
#1282 = EDGE_CURVE ( 'NONE', #8550, #7229, #4075, .T. ) ;
#1283 = B_SPLINE_CURVE_WITH_KNOTS ( 'NONE', 3,
 ( #7398, #2058, #6794, #2035, #2689, #6742, #2745, #7339, #7428, #2771 ),
 .UNSPECIFIED., .F., .F.,
 ( 4, 3, 3, 4 ),
 ( 2.168404344971008900E-019, 0.0009872752494050755000, 0.001602068258447995100, 0.003080695431707897300 ),
 .UNSPECIFIED. ) ;
#1284 = CARTESIAN_POINT ( 'NONE',  ( -0.7486146682047637400, 3.910000000000001900, 1.193242489434456000 ) ) ;
#1285 = EDGE_CURVE ( 'NONE', #7307, #6070, #7964, .T. ) ;
#1286 = DIRECTION ( 'NONE',  ( 0.0000000000000000000, 0.0000000000000000000, -1.000000000000000000 ) ) ;
#1287 = CARTESIAN_POINT ( 'NONE',  ( 0.7868198033123800000, 3.909999999999999300, 1.618559739957330200 ) ) ;
#1288 = CARTESIAN_POINT ( 'NONE',  ( -1.572351552038538000, 3.900000000000000400, 1.367807841745658100 ) ) ;
#1289 = EDGE_LOOP ( 'NONE', ( #3777, #3591, #338, #861 ) ) ;
#1290 = ORIENTED_EDGE ( 'NONE', *, *, #2210, .F. ) ;
#1291 = CARTESIAN_POINT ( 'NONE',  ( 0.5699437120046827500, 3.909999999999999300, 2.163552524498489700 ) ) ;
#1292 = VERTEX_POINT ( 'NONE', #1503 ) ;
#1293 = CARTESIAN_POINT ( 'NONE',  ( -0.2122769250775734800, 3.910000000000000100, 1.236246310228523300 ) ) ;
#1294 =( GEOMETRIC_REPRESENTATION_CONTEXT ( 3 ) GLOBAL_UNCERTAINTY_ASSIGNED_CONTEXT ( ( #7874 ) ) GLOBAL_UNIT_ASSIGNED_CONTEXT ( ( #1168, #3764, #7700 ) ) REPRESENTATION_CONTEXT ( 'NONE', 'WORKASPACE' ) );
#1295 = EDGE_CURVE ( 'NONE', #5131, #3181, #1263, .T. ) ;
#1296 = CARTESIAN_POINT ( 'NONE',  ( 0.6999999999999995100, 2.860000000000000300, 12.04999999999999900 ) ) ;
#1297 = EDGE_CURVE ( 'NONE', #3049, #4784, #3978, .T. ) ;
#1298 = VECTOR ( 'NONE', #1429, 1000.000000000000000 ) ;
#1299 = B_SPLINE_CURVE_WITH_KNOTS ( 'NONE', 3,
 ( #7382, #4740, #5421, #3386, #4189, #7586, #4979, #4923, #4887, #6943, #2934 ),
 .UNSPECIFIED., .F., .F.,
 ( 4, 1, 1, 1, 1, 1, 1, 1, 4 ),
 ( 0.0000000000000000000, 0.1217588295021965500, 0.2508684131790955300, 0.3824120950847659800, 0.5140458985609305300, 0.6444634894700723700, 0.7713728384166754800, 0.8910874254412335400, 1.000000000000000000 ),
 .UNSPECIFIED. ) ;
#1300 = CARTESIAN_POINT ( 'NONE',  ( -0.6550574750655702200, 3.910000000000000100, 1.710541016711141700 ) ) ;
#1301 = STYLED_ITEM ( 'NONE', ( #8622 ), #5692 ) ;
#1302 = CARTESIAN_POINT ( 'NONE',  ( -0.6071568913746683300, 3.910000000000000100, 1.877652889797587500 ) ) ;
#1303 = CARTESIAN_POINT ( 'NONE',  ( 0.8828039963106326700, 3.899999999999999500, 1.879334318922876400 ) ) ;
#1304 = LINE ( 'NONE', #7818, #8195 ) ;
#1305 = CARTESIAN_POINT ( 'NONE',  ( -2.940000000000000400, 2.860000000000000300, 21.14999999999999900 ) ) ;
#1306 = ORIENTED_EDGE ( 'NONE', *, *, #3018, .F. ) ;
#1307 = CARTESIAN_POINT ( 'NONE',  ( 1.040284246703544900, 3.910000000000000100, 1.650433481825076500 ) ) ;
#1308 = STYLED_ITEM ( 'NONE', ( #7684 ), #3785 ) ;
#1309 = CARTESIAN_POINT ( 'NONE',  ( -0.7706045137590549200, 3.910000000000000100, 1.344713350844105100 ) ) ;
#1310 = FILL_AREA_STYLE ('',( #3907 ) ) ;
#1311 = CARTESIAN_POINT ( 'NONE',  ( -0.8442104331868866000, 3.909999999999999300, 1.148141941281181300 ) ) ;
#1312 = PRESENTATION_LAYER_ASSIGNMENT (  '', '', ( #8032 ) ) ;
#1313 = CARTESIAN_POINT ( 'NONE',  ( 0.1562429342197137700, 3.900000000000000800, 1.646618106740860500 ) ) ;
#1314 = CARTESIAN_POINT ( 'NONE',  ( -1.048215396690304700, 3.900000000000002100, 1.278177088924518300 ) ) ;
#1315 = SPHERICAL_SURFACE ( 'NONE', #12, 0.1499999999999999900 ) ;
#1316 = CARTESIAN_POINT ( 'NONE',  ( -1.531904637726565500, 3.900000000000001200, 1.293074726176022500 ) ) ;
#1317 = CARTESIAN_POINT ( 'NONE',  ( -0.3749878892586037700, 3.909999999999999300, 1.713876823927808200 ) ) ;
#1318 = CARTESIAN_POINT ( 'NONE',  ( 0.7584057640405843500, 3.910000000000001900, 1.781885736676398900 ) ) ;
#1319 = EDGE_LOOP ( 'NONE', ( #5300, #7088, #1571, #5891 ) ) ;
#1320 = CARTESIAN_POINT ( 'NONE',  ( 1.522813657903924400, 3.900000000000000400, 2.059035869898755400 ) ) ;
#1321 = CARTESIAN_POINT ( 'NONE',  ( -0.6673336429022610500, 3.910000000000000100, 1.693337139261887900 ) ) ;
#1322 = CARTESIAN_POINT ( 'NONE',  ( 0.0000000000000000000, 0.6999999999999999600, -4.800000000000001600 ) ) ;
#1323 = CARTESIAN_POINT ( 'NONE',  ( 0.8594140683622445400, 3.910000000000000100, 1.975770080893319400 ) ) ;
#1324 = CARTESIAN_POINT ( 'NONE',  ( 0.5860212024127132700, 3.909999999999999300, 1.546514740917553000 ) ) ;
#1325 = CARTESIAN_POINT ( 'NONE',  ( -0.2122769250775734800, 3.910000000000000100, 1.236246310228523300 ) ) ;
#1326 =( NAMED_UNIT ( * ) PLANE_ANGLE_UNIT ( ) SI_UNIT ( $, .RADIAN. ) );
#1327 = VECTOR ( 'NONE', #1686, 1000.000000000000000 ) ;
#1328 = CARTESIAN_POINT ( 'NONE',  ( -1.048215396690304700, 3.900000000000002100, 1.278177088924518300 ) ) ;
#1329 = EDGE_CURVE ( 'NONE', #3687, #427, #5027, .T. ) ;
#1330 = CARTESIAN_POINT ( 'NONE',  ( -4.843159576245931000, 3.750000000000000400, 7.549999999999998000 ) ) ;
#1331 = FACE_OUTER_BOUND ( 'NONE', #2381, .T. ) ;
#1332 = ORIENTED_EDGE ( 'NONE', *, *, #7957, .T. ) ;
#1333 = CARTESIAN_POINT ( 'NONE',  ( -5.110000000000000300, 0.6999999999999999600, 6.420295983408254700 ) ) ;
#1334 = ORIENTED_EDGE ( 'NONE', *, *, #5709, .T. ) ;
#1335 = PRESENTATION_STYLE_ASSIGNMENT (( #4974 ) ) ;
#1336 = DIRECTION ( 'NONE',  ( 1.000000000000000000, 0.0000000000000000000, -0.0000000000000000000 ) ) ;
#1337 = CARTESIAN_POINT ( 'NONE',  ( 1.427108041921989000, 3.910000000000000100, 1.258491787565391400 ) ) ;
#1338 = CARTESIAN_POINT ( 'NONE',  ( -1.377062986832918300, 3.900000000000000400, 1.151141133056649900 ) ) ;
#1339 = PRESENTATION_LAYER_ASSIGNMENT (  '', '', ( #1004 ) ) ;
#1340 = ORIENTED_EDGE ( 'NONE', *, *, #2169, .F. ) ;
#1341 = DIRECTION ( 'NONE',  ( -0.0000000000000000000, -1.000000000000000000, -0.0000000000000000000 ) ) ;
#1342 = ORIENTED_EDGE ( 'NONE', *, *, #618, .F. ) ;
#1343 = UNCERTAINTY_MEASURE_WITH_UNIT (LENGTH_MEASURE( 1.000000000000000100E-005 ), #3227, 'distance_accuracy_value', 'NONE');
#1344 = EDGE_CURVE ( 'NONE', #8570, #2674, #6083, .T. ) ;
#1345 = CARTESIAN_POINT ( 'NONE',  ( 0.7420612409602007600, 3.910000000000001900, 1.742736755420176300 ) ) ;
#1346 = FACE_OUTER_BOUND ( 'NONE', #3845, .T. ) ;
#1347 = ORIENTED_EDGE ( 'NONE', *, *, #4300, .T. ) ;
#1348 = STYLED_ITEM ( 'NONE', ( #1382 ), #771 ) ;
#1349 = CARTESIAN_POINT ( 'NONE',  ( 4.692586600614429700, 3.750000000000000400, 0.1121320343559605600 ) ) ;
#1350 = ORIENTED_EDGE ( 'NONE', *, *, #5770, .F. ) ;
#1351 = LINE ( 'NONE', #556, #8244 ) ;
#1352 = CARTESIAN_POINT ( 'NONE',  ( 1.039877802640766200, 3.910000000000000100, 1.669850014635597200 ) ) ;
#1353 = CARTESIAN_POINT ( 'NONE',  ( 1.782476486851292600, 3.910000000000000100, 1.184858238319807900 ) ) ;
#1354 = PRESENTATION_LAYER_ASSIGNMENT (  '', '', ( #5332 ) ) ;
#1355 = COLOUR_RGB ( '',1.000000000000000000, 1.000000000000000000, 1.000000000000000000 ) ;
#1356 = CARTESIAN_POINT ( 'NONE',  ( 1.723651645759877400, 3.909999999999999300, 2.131977151381705400 ) ) ;
#1357 = CARTESIAN_POINT ( 'NONE',  ( -1.200649605422383000, 3.900000000000000400, 1.451798500760977100 ) ) ;
#1358 = CARTESIAN_POINT ( 'NONE',  ( 0.7638637180797687200, 3.910000000000000100, 2.097008273227555000 ) ) ;
#1359 = CARTESIAN_POINT ( 'NONE',  ( 0.7473407416002723100, 3.899999999999998600, 1.591031006097656900 ) ) ;
#1360 = DIRECTION ( 'NONE',  ( -1.000000000000000000, 0.0000000000000000000, -0.0000000000000000000 ) ) ;
#1361 = CARTESIAN_POINT ( 'NONE',  ( -1.381135549158646100, 3.900000000000000800, 1.225754464599981200 ) ) ;
#1362 = ORIENTED_EDGE ( 'NONE', *, *, #8331, .F. ) ;
#1363 =( LENGTH_UNIT ( ) NAMED_UNIT ( * ) SI_UNIT ( .MILLI., .METRE. ) );
#1364 = CARTESIAN_POINT ( 'NONE',  ( -0.8794492810403987700, 3.900000000000002100, 1.237072793217373300 ) ) ;
#1365 = CARTESIAN_POINT ( 'NONE',  ( 2.276159578296244500, 3.910000000000000100, 1.950534581343006600 ) ) ;
#1366 = VERTEX_POINT ( 'NONE', #7473 ) ;
#1367 = CARTESIAN_POINT ( 'NONE',  ( 0.5481014868512924500, 3.910000000000000100, 1.545877975161913200 ) ) ;
#1368 = CARTESIAN_POINT ( 'NONE',  ( -5.096052272829132900, 0.6999999999999999600, 6.355110517584005700 ) ) ;
#1369 = CARTESIAN_POINT ( 'NONE',  ( 0.6071802932980918700, 3.910000000000001000, 2.159002413848384500 ) ) ;
#1370 = CARTESIAN_POINT ( 'NONE',  ( 0.5971759169463135600, 3.910000000000000100, 1.645542522493724300 ) ) ;
#1371 = PRESENTATION_STYLE_ASSIGNMENT (( #4518 ) ) ;
#1372 = ORIENTED_EDGE ( 'NONE', *, *, #8350, .F. ) ;
#1373 = PLANE ( 'NONE',  #5491 ) ;
#1374 = LINE ( 'NONE', #260, #3993 ) ;
#1375 = B_SPLINE_CURVE_WITH_KNOTS ( 'NONE', 3,
 ( #526, #2539, #5851, #1866, #7886, #8565, #1232, #6538, #2548, #7205, #3219, #8537, #4525, #2487, #1152, #5913, #533, #5941, #592 ),
 .UNSPECIFIED., .F., .F.,
 ( 4, 1, 1, 1, 1, 1, 1, 1, 1, 1, 1, 1, 1, 1, 1, 1, 4 ),
 ( 0.0000000000000000000, 0.06875818221037963100, 0.1357486240460437600, 0.1998968062332245300, 0.2638406168434157500, 0.3259900743426136800, 0.3869190586592183800, 0.4472362958520612600, 0.5075690314573546600, 0.5668386437292460800, 0.6262185740099753800, 0.6859543265852143800, 0.7474383099765010700, 0.8091044985253869100, 0.8715341353244919800, 0.9351848482391245100, 1.000000000000000000 ),
 .UNSPECIFIED. ) ;
#1376 = CARTESIAN_POINT ( 'NONE',  ( 1.559411311040111300, 3.899999999999999500, 1.138174056299389200 ) ) ;
#1377 = VECTOR ( 'NONE', #4822, 1000.000000000000000 ) ;
#1378 = CARTESIAN_POINT ( 'NONE',  ( 1.658142373802859100, 3.910000000000000100, 2.150054730229650000 ) ) ;
#1379 = CARTESIAN_POINT ( 'NONE',  ( 1.754030962906439500, 3.900000000000000400, 2.120516927317400900 ) ) ;
#1380 = CARTESIAN_POINT ( 'NONE',  ( -4.930371173804818600, 2.753166878494506700, -0.9500000000000029500 ) ) ;
#1381 = CARTESIAN_POINT ( 'NONE',  ( 0.6569676468652899700, 3.909999999999999300, 1.557069048524879900 ) ) ;
#1382 = PRESENTATION_STYLE_ASSIGNMENT (( #6335 ) ) ;
#1383 = DIRECTION ( 'NONE',  ( 0.0000000000000000000, 0.0000000000000000000, -1.000000000000000000 ) ) ;
#1384 = DIRECTION ( 'NONE',  ( 0.0000000000000000000, 1.000000000000000000, 0.0000000000000000000 ) ) ;
#1385 = ORIENTED_EDGE ( 'NONE', *, *, #7834, .F. ) ;
#1386 = FILL_AREA_STYLE_COLOUR ( '', #4316 ) ;
#1387 =( GEOMETRIC_REPRESENTATION_CONTEXT ( 3 ) GLOBAL_UNCERTAINTY_ASSIGNED_CONTEXT ( ( #5124 ) ) GLOBAL_UNIT_ASSIGNED_CONTEXT ( ( #566, #2518, #1258 ) ) REPRESENTATION_CONTEXT ( 'NONE', 'WORKASPACE' ) );
#1388 = PRESENTATION_STYLE_ASSIGNMENT (( #3712 ) ) ;
#1389 = CARTESIAN_POINT ( 'NONE',  ( -5.110000000000000300, 0.6999999999999999600, 7.549999999999998000 ) ) ;
#1390 = DIRECTION ( 'NONE',  ( -1.000000000000000000, 0.0000000000000000000, 0.0000000000000000000 ) ) ;
#1391 = EDGE_CURVE ( 'NONE', #5356, #3794, #3204, .T. ) ;
#1392 = CARTESIAN_POINT ( 'NONE',  ( 1.162907616394565500, 3.909999999999999300, 1.616824743960465700 ) ) ;
#1393 = CARTESIAN_POINT ( 'NONE',  ( 1.039877802640766200, 3.900000000000000400, 1.669850014635597200 ) ) ;
#1394 = ORIENTED_EDGE ( 'NONE', *, *, #65, .F. ) ;
#1395 = CARTESIAN_POINT ( 'NONE',  ( 0.5416703088339140900, 3.909999999999999300, 2.072010904736111900 ) ) ;
#1396 = LINE ( 'NONE', #970, #2970 ) ;
#1397 = UNCERTAINTY_MEASURE_WITH_UNIT (LENGTH_MEASURE( 1.000000000000000100E-005 ), #6284, 'distance_accuracy_value', 'NONE');
#1398 = CARTESIAN_POINT ( 'NONE',  ( 0.6218422651487591800, 3.910000000000000100, 1.651770624579194100 ) ) ;
#1399 =( GEOMETRIC_REPRESENTATION_CONTEXT ( 3 ) GLOBAL_UNCERTAINTY_ASSIGNED_CONTEXT ( ( #3311 ) ) GLOBAL_UNIT_ASSIGNED_CONTEXT ( ( #6974, #3000, #5722 ) ) REPRESENTATION_CONTEXT ( 'NONE', 'WORKASPACE' ) );
#1400 = CARTESIAN_POINT ( 'NONE',  ( 0.5328876710618186700, 3.910000000000000100, 2.072193764635597500 ) ) ;
#1401 = DIRECTION ( 'NONE',  ( -0.0000000000000000000, -0.0000000000000000000, -1.000000000000000000 ) ) ;
#1402 = EDGE_CURVE ( 'NONE', #407, #3160, #7855, .T. ) ;
#1403 = EDGE_CURVE ( 'NONE', #3931, #6673, #1979, .T. ) ;
#1404 = FILL_AREA_STYLE_COLOUR ( '', #3048 ) ;
#1405 =( GEOMETRIC_REPRESENTATION_CONTEXT ( 3 ) GLOBAL_UNCERTAINTY_ASSIGNED_CONTEXT ( ( #4278 ) ) GLOBAL_UNIT_ASSIGNED_CONTEXT ( ( #1939, #2662, #3342 ) ) REPRESENTATION_CONTEXT ( 'NONE', 'WORKASPACE' ) );
#1406 = CARTESIAN_POINT ( 'NONE',  ( -0.7703836869116869000, 3.900000000000000400, 2.131090679568931300 ) ) ;
#1407 = CARTESIAN_POINT ( 'NONE',  ( -1.171769989302602100, 3.910000000000000100, 1.510696780504523700 ) ) ;
#1408 = CARTESIAN_POINT ( 'NONE',  ( -4.885218250763395000, 2.837867965644031500, -0.9500000000000029500 ) ) ;
#1409 = CARTESIAN_POINT ( 'NONE',  ( 4.842015805328190800, 3.763073361412148500, 2.488748555299569600 ) ) ;
#1410 = CARTESIAN_POINT ( 'NONE',  ( -0.4919889736750234800, 3.910000000000000100, 1.670877975161913200 ) ) ;
#1411 = CARTESIAN_POINT ( 'NONE',  ( -1.722789065521965300, 3.900000000000001200, 2.060286814980153600 ) ) ;
#1412 = UNCERTAINTY_MEASURE_WITH_UNIT (LENGTH_MEASURE( 1.000000000000000100E-005 ), #379, 'distance_accuracy_value', 'NONE');
#1413 = VECTOR ( 'NONE', #1677, 1000.000000000000000 ) ;
#1414 = ADVANCED_FACE ( 'NONE', ( #7234 ), #3437, .F. ) ;
#1415 = CARTESIAN_POINT ( 'NONE',  ( -4.887468565522752300, 2.089002590374170700, 2.732078270531053600 ) ) ;
#1416 = CARTESIAN_POINT ( 'NONE',  ( 0.4796926875134639400, 3.910000000000000100, 1.547780432168919300 ) ) ;
#1417 = PRESENTATION_STYLE_ASSIGNMENT (( #8576 ) ) ;
#1418 = CARTESIAN_POINT ( 'NONE',  ( 0.5127396447460295100, 3.910000000000000100, 1.637983238319807900 ) ) ;
#1419 = CARTESIAN_POINT ( 'NONE',  ( 0.5314485263249765200, 3.900000000000000400, 2.164299027793492100 ) ) ;
#1420 = CARTESIAN_POINT ( 'NONE',  ( 1.041079630601460900, 3.900000000000001200, 1.612436623302257100 ) ) ;
#1421 = VERTEX_POINT ( 'NONE', #4800 ) ;
#1422 =( NAMED_UNIT ( * ) PLANE_ANGLE_UNIT ( ) SI_UNIT ( $, .RADIAN. ) );
#1423 = CARTESIAN_POINT ( 'NONE',  ( -1.097794138337810000, 3.900000000000000400, 1.974478812076164900 ) ) ;
#1424 = CARTESIAN_POINT ( 'NONE',  ( 1.200150568772855300, 3.910000000000001000, 2.060251412385745200 ) ) ;
#1425 = DIRECTION ( 'NONE',  ( -0.0000000000000000000, -0.0000000000000000000, 1.000000000000000000 ) ) ;
#1426 = EDGE_LOOP ( 'NONE', ( #1903, #7361, #2361, #5220 ) ) ;
#1427 = CARTESIAN_POINT ( 'NONE',  ( -0.9122034220396312300, 3.909999999999999300, 1.558571728626339000 ) ) ;
#1428 = VERTEX_POINT ( 'NONE', #1418 ) ;
#1429 = DIRECTION ( 'NONE',  ( 1.000000000000000000, 0.0000000000000000000, 0.0000000000000000000 ) ) ;
#1430 = DIRECTION ( 'NONE',  ( 0.0000000000000000000, 0.0000000000000000000, -1.000000000000000000 ) ) ;
#1431 = CARTESIAN_POINT ( 'NONE',  ( -0.9296945657802865300, 3.900000000000000400, 2.164299027793492100 ) ) ;
#1432 = CARTESIAN_POINT ( 'NONE',  ( 4.887468565522752300, 2.089002590374164000, 2.732078270531054000 ) ) ;
#1433 = CARTESIAN_POINT ( 'NONE',  ( 2.140000000000000100, 2.299999999999999400, 21.14999999999999900 ) ) ;
#1434 = ORIENTED_EDGE ( 'NONE', *, *, #7127, .T. ) ;
#1435 = CARTESIAN_POINT ( 'NONE',  ( 0.5481014868512924500, 3.900000000000000400, 1.545877975161913200 ) ) ;
#1436 = CARTESIAN_POINT ( 'NONE',  ( 1.391168172025137700, 3.899999999999999500, 1.271159134101756100 ) ) ;
#1437 = EDGE_CURVE ( 'NONE', #836, #3417, #841, .T. ) ;
#1438 = ORIENTED_EDGE ( 'NONE', *, *, #1391, .F. ) ;
#1439 = FACE_OUTER_BOUND ( 'NONE', #4641, .T. ) ;
#1440 = CARTESIAN_POINT ( 'NONE',  ( 1.442840669498248300, 3.900000000000000400, 1.146461441858375200 ) ) ;
#1441 = EDGE_CURVE ( 'NONE', #244, #4986, #4283, .T. ) ;
#1442 = CARTESIAN_POINT ( 'NONE',  ( -0.7894807499908128600, 3.910000000000000100, 1.600976659372439500 ) ) ;
#1443 = DIRECTION ( 'NONE',  ( -1.000000000000000000, 0.0000000000000000000, -0.0000000000000000000 ) ) ;
#1444 = B_SPLINE_CURVE_WITH_KNOTS ( 'NONE', 3,
 ( #770, #7426, #1427, #2575, #736, #3918, #3415, #790, #8118, #2056, #1900, #7901, #594, #3892, #2082, #8568, #4057 ),
 .UNSPECIFIED., .F., .F.,
 ( 4, 1, 1, 1, 1, 1, 1, 1, 1, 1, 1, 1, 1, 1, 4 ),
 ( 0.0000000000000000000, 0.06456253624186476800, 0.1289628980166708500, 0.1913284432258166000, 0.2550610669164861100, 0.3177307371991350300, 0.3791697185100769100, 0.4406293273123876300, 0.5009281852497808900, 0.6225333309010661100, 0.7454783258400595700, 0.8084657470814725600, 0.8710291417535992500, 0.9346423226586254600, 1.000000000000000000 ),
 .UNSPECIFIED. ) ;
#1445 = VERTEX_POINT ( 'NONE', #3493 ) ;
#1446 = CARTESIAN_POINT ( 'NONE',  ( 0.6999999999999995100, 2.299999999999999800, 7.549999999999998000 ) ) ;
#1447 = CARTESIAN_POINT ( 'NONE',  ( 1.202816250877112100, 3.899999999999999000, 1.453866898743363200 ) ) ;
#1448 = CARTESIAN_POINT ( 'NONE',  ( 1.219982390591733100, 3.900000000000001700, 1.250075881753932800 ) ) ;
#1449 = ORIENTED_EDGE ( 'NONE', *, *, #1007, .F. ) ;
#1450 =( GEOMETRIC_REPRESENTATION_CONTEXT ( 3 ) GLOBAL_UNCERTAINTY_ASSIGNED_CONTEXT ( ( #2565 ) ) GLOBAL_UNIT_ASSIGNED_CONTEXT ( ( #5736, #355, #1726 ) ) REPRESENTATION_CONTEXT ( 'NONE', 'WORKASPACE' ) );
#1451 = CARTESIAN_POINT ( 'NONE',  ( 1.522813657903924400, 3.910000000000000100, 2.059035869898755400 ) ) ;
#1452 = EDGE_CURVE ( 'NONE', #5929, #1950, #6613, .T. ) ;
#1453 = CARTESIAN_POINT ( 'NONE',  ( 6.084166049839539300, -0.0000000000000000000, -3.512694906669221700 ) ) ;
#1454 = ORIENTED_EDGE ( 'NONE', *, *, #5474, .T. ) ;
#1455 = EDGE_CURVE ( 'NONE', #7672, #7301, #7743, .T. ) ;
#1456 = CARTESIAN_POINT ( 'NONE',  ( 0.6657983777873967000, 3.909999999999999300, 1.669332695977600900 ) ) ;
#1457 = MECHANICAL_DESIGN_GEOMETRIC_PRESENTATION_REPRESENTATION (  '', ( #7289 ), #6847 ) ;
#1458 = CARTESIAN_POINT ( 'NONE',  ( -0.6069149605171285700, 3.910000000000000100, 1.866807251477702500 ) ) ;
#1459 = ADVANCED_FACE ( 'NONE', ( #8151 ), #8084, .F. ) ;
#1460 = VERTEX_POINT ( 'NONE', #4163 ) ;
#1461 = CARTESIAN_POINT ( 'NONE',  ( 0.3441541184302398000, 3.910000000000000100, 1.646412514635597700 ) ) ;
#1462 = ORIENTED_EDGE ( 'NONE', *, *, #2209, .T. ) ;
#1463 = CARTESIAN_POINT ( 'NONE',  ( -0.7436664861481699900, 3.910000000000001000, 2.117033797044877400 ) ) ;
#1464 = DIRECTION ( 'NONE',  ( 1.000000000000000000, 0.0000000000000000000, 0.0000000000000000000 ) ) ;
#1465 = CARTESIAN_POINT ( 'NONE',  ( 0.5314485263249765200, 3.910000000000000100, 2.164299027793492100 ) ) ;
#1466 =( NAMED_UNIT ( * ) SI_UNIT ( $, .STERADIAN. ) SOLID_ANGLE_UNIT ( ) );
#1467 = FILL_AREA_STYLE_COLOUR ( '', #1017 ) ;
#1468 = CARTESIAN_POINT ( 'NONE',  ( 1.839999999999999900, 2.299999999999999800, 7.549999999999998000 ) ) ;
#1469 = CARTESIAN_POINT ( 'NONE',  ( 1.259645581231233500, 3.900000000000001200, 1.220000882338975000 ) ) ;
#1470 = STYLED_ITEM ( 'NONE', ( #7795 ), #4917 ) ;
#1471 = VECTOR ( 'NONE', #5171, 1000.000000000000000 ) ;
#1472 =( LENGTH_UNIT ( ) NAMED_UNIT ( * ) SI_UNIT ( .MILLI., .METRE. ) );
#1473 = CARTESIAN_POINT ( 'NONE',  ( -1.377062986832918300, 3.910000000000000100, 1.218780935688228700 ) ) ;
#1474 = CARTESIAN_POINT ( 'NONE',  ( 0.4640122358174305600, 3.910000000000000100, 1.548852904799822700 ) ) ;
#1475 = CARTESIAN_POINT ( 'NONE',  ( 0.4765554342197135800, 3.900000000000000400, 1.256404290951386600 ) ) ;
#1476 = CARTESIAN_POINT ( 'NONE',  ( 1.162306653748395900, 3.899999999999999900, 1.647153725290866100 ) ) ;
#1477 = CARTESIAN_POINT ( 'NONE',  ( -5.509999999999998900, 0.6999999999999999600, 4.549999999999998000 ) ) ;
#1478 = LINE ( 'NONE', #7931, #1063 ) ;
#1479 = CARTESIAN_POINT ( 'NONE',  ( 4.747671247539718000, 3.763073361412148500, 6.472345833242488100 ) ) ;
#1480 = ORIENTED_EDGE ( 'NONE', *, *, #2222, .T. ) ;
#1481 = ORIENTED_EDGE ( 'NONE', *, *, #5320, .T. ) ;
#1482 = CARTESIAN_POINT ( 'NONE',  ( -0.9507658467698252300, 3.909999999999999300, 2.058738467308183200 ) ) ;
#1483 = CARTESIAN_POINT ( 'NONE',  ( 1.056858161054490000, 3.899999999999998600, 1.823720189471336400 ) ) ;
#1484 = CARTESIAN_POINT ( 'NONE',  ( 0.8381919473776084900, 3.910000000000000100, 1.256404290951386600 ) ) ;
#1485 = CARTESIAN_POINT ( 'NONE',  ( -0.8294747474061564500, 3.910000000000000100, 2.152505954734089700 ) ) ;
#1486 = VERTEX_POINT ( 'NONE', #117 ) ;
#1487 = CARTESIAN_POINT ( 'NONE',  ( 1.782476486851292600, 3.910000000000000100, 1.184858238319807900 ) ) ;
#1488 = CARTESIAN_POINT ( 'NONE',  ( -0.6547731177838360700, 3.910000000000000100, 1.335947807604843000 ) ) ;
#1489 = CARTESIAN_POINT ( 'NONE',  ( 0.02773975983308190800, 3.900000000000000400, 1.471742717909472900 ) ) ;
#1490 = ORIENTED_EDGE ( 'NONE', *, *, #6219, .T. ) ;
#1491 = DIRECTION ( 'NONE',  ( -0.0000000000000000000, -0.0000000000000000000, -1.000000000000000000 ) ) ;
#1492 = CARTESIAN_POINT ( 'NONE',  ( 0.5699437120046827500, 3.899999999999999500, 2.163552524498489700 ) ) ;
#1493 =( NAMED_UNIT ( * ) SI_UNIT ( $, .STERADIAN. ) SOLID_ANGLE_UNIT ( ) );
#1494 = FACE_OUTER_BOUND ( 'NONE', #5781, .T. ) ;
#1495 = CARTESIAN_POINT ( 'NONE',  ( 1.219982390591733100, 3.910000000000001000, 1.250075881753932800 ) ) ;
#1496 = AXIS2_PLACEMENT_3D ( 'NONE', #6002, #3390, #8010 ) ;
#1497 = CARTESIAN_POINT ( 'NONE',  ( -0.9288721973592338800, 3.910000000000000100, 1.230088501477702500 ) ) ;
#1498 = ADVANCED_FACE ( 'NONE', ( #6400 ), #2524, .T. ) ;
#1499 = COLOUR_RGB ( '',1.000000000000000000, 1.000000000000000000, 1.000000000000000000 ) ;
#1500 =( NAMED_UNIT ( * ) SI_UNIT ( $, .STERADIAN. ) SOLID_ANGLE_UNIT ( ) );
#1501 = EDGE_CURVE ( 'NONE', #917, #5656, #5435, .T. ) ;
#1502 = CARTESIAN_POINT ( 'NONE',  ( 0.4111334274871026900, 3.909999999999999300, 2.154688638912246400 ) ) ;
#1503 = CARTESIAN_POINT ( 'NONE',  ( -0.6069149605171285700, 3.910000000000000100, 1.866807251477702500 ) ) ;
#1504 = AXIS2_PLACEMENT_3D ( 'NONE', #5799, #2451, #6475 ) ;
#1505 = VERTEX_POINT ( 'NONE', #8349 ) ;
#1506 = CARTESIAN_POINT ( 'NONE',  ( 1.295436927272325800, 3.899999999999999000, 1.330423816254555400 ) ) ;
#1507 = CARTESIAN_POINT ( 'NONE',  ( 0.3338015204694452200, 3.909999999999999300, 2.011669555954342000 ) ) ;
#1508 = B_SPLINE_CURVE_WITH_KNOTS ( 'NONE', 3,
 ( #2267, #965, #2352, #4313, #7627, #5632, #3618, #931, #7047, #2323, #1634, #6325, #2296, #7015, #989, #4989, #1720, #5602, #1607 ),
 .UNSPECIFIED., .F., .F.,
 ( 4, 1, 1, 1, 1, 1, 1, 1, 1, 1, 1, 1, 1, 1, 1, 1, 4 ),
 ( 0.0000000000000000000, 0.06656900490279811500, 0.1311541519537149400, 0.1935255046504235900, 0.2556207602060359100, 0.3162863553828247900, 0.3758666351356315100, 0.4344602749340934500, 0.4928896054045504600, 0.5513189358750060200, 0.6108064461846529600, 0.6709437387456556000, 0.7327715901135458700, 0.7968894713079736100, 0.8618976352325818900, 0.9295698500587679100, 1.000000000000000000 ),
 .UNSPECIFIED. ) ;
#1509 = CARTESIAN_POINT ( 'NONE',  ( 7.654042494670961600E-017, 3.950000000000000200, 6.674999999999998000 ) ) ;
#1510 = LINE ( 'NONE', #7713, #3815 ) ;
#1511 = SURFACE_SIDE_STYLE ('',( #8254 ) ) ;
#1512 = MECHANICAL_DESIGN_GEOMETRIC_PRESENTATION_REPRESENTATION (  '', ( #1308 ), #6631 ) ;
#1513 = CARTESIAN_POINT ( 'NONE',  ( -0.1195755337181142000, 3.909999999999999300, 1.139126015344834200 ) ) ;
#1514 = AXIS2_PLACEMENT_3D ( 'NONE', #6074, #4067, #78 ) ;
#1515 = CARTESIAN_POINT ( 'NONE',  ( -0.8856561960719483400, 3.910000000000000100, 1.654948376713941200 ) ) ;
#1516 = CARTESIAN_POINT ( 'NONE',  ( 4.917524940242964600, 2.837867965644031500, -0.9500000000000029500 ) ) ;
#1517 = CARTESIAN_POINT ( 'NONE',  ( -0.6507249342669952900, 3.910000000000000100, 1.361257628603722800 ) ) ;
#1518 = CARTESIAN_POINT ( 'NONE',  ( 0.03915238891503592500, 3.910000000000000100, 1.607399048611615000 ) ) ;
#1519 = ORIENTED_EDGE ( 'NONE', *, *, #996, .F. ) ;
#1520 = VERTEX_POINT ( 'NONE', #774 ) ;
#1521 = AXIS2_PLACEMENT_3D ( 'NONE', #1322, #7971, #6745 ) ;
#1522 = CARTESIAN_POINT ( 'NONE',  ( 0.3999999999999999700, 2.299999999999999800, 12.04999999999999900 ) ) ;
#1523 = CARTESIAN_POINT ( 'NONE',  ( -0.9296945657802865300, 3.910000000000000100, 1.137983238319807900 ) ) ;
#1524 = PLANE ( 'NONE',  #1688 ) ;
#1525 = PRESENTATION_STYLE_ASSIGNMENT (( #5246 ) ) ;
#1526 = CARTESIAN_POINT ( 'NONE',  ( -3.240000000000000700, 2.860000000000000300, 7.549999999999998000 ) ) ;
#1527 =( NAMED_UNIT ( * ) SI_UNIT ( $, .STERADIAN. ) SOLID_ANGLE_UNIT ( ) );
#1528 = ORIENTED_EDGE ( 'NONE', *, *, #3082, .F. ) ;
#1529 =( NAMED_UNIT ( * ) PLANE_ANGLE_UNIT ( ) SI_UNIT ( $, .RADIAN. ) );
#1530 = CARTESIAN_POINT ( 'NONE',  ( 0.4564074079039239800, 3.910000000000000100, 1.549373040951386800 ) ) ;
#1531 = SURFACE_SIDE_STYLE ('',( #1705 ) ) ;
#1532 = CARTESIAN_POINT ( 'NONE',  ( -0.03850858240370196000, 3.899999999999999000, 1.290397767514616800 ) ) ;
#1533 = CARTESIAN_POINT ( 'NONE',  ( -0.6500893026223919500, 3.910000000000000100, 1.387160869898755200 ) ) ;
#1534 = CARTESIAN_POINT ( 'NONE',  ( -1.060885795540418100, 3.909999999999999300, 2.016515761875251400 ) ) ;
#1535 = PRESENTATION_STYLE_ASSIGNMENT (( #2025 ) ) ;
#1536 = VECTOR ( 'NONE', #6826, 1000.000000000000000 ) ;
#1537 = CARTESIAN_POINT ( 'NONE',  ( 1.136892061629376500, 3.899999999999999500, 1.993199533423862600 ) ) ;
#1538 = B_SPLINE_CURVE_WITH_KNOTS ( 'NONE', 3,
 ( #1092, #4497, #3837, #8452, #7054, #5772, #1156, #8427, #5741, #6427 ),
 .UNSPECIFIED., .F., .F.,
 ( 4, 3, 3, 4 ),
 ( 2.168404344971008900E-019, 0.0009872752494050750700, 0.001602068258447995800, 0.003080695431707898200 ),
 .UNSPECIFIED. ) ;
#1539 = ORIENTED_EDGE ( 'NONE', *, *, #2512, .T. ) ;
#1540 = COLOUR_RGB ( '',1.000000000000000000, 1.000000000000000000, 1.000000000000000000 ) ;
#1541 = CARTESIAN_POINT ( 'NONE',  ( 2.276159578296244500, 3.900000000000000400, 1.950534581343006600 ) ) ;
#1542 = DIRECTION ( 'NONE',  ( 0.0000000000000000000, 0.0000000000000000000, -1.000000000000000000 ) ) ;
#1543 = ADVANCED_FACE ( 'NONE', ( #2400 ), #4103, .T. ) ;
#1544 = ORIENTED_EDGE ( 'NONE', *, *, #51, .T. ) ;
#1545 = CARTESIAN_POINT ( 'NONE',  ( 0.1553992177029787100, 3.910000000000000100, 1.705958964105465500 ) ) ;
#1546 = CARTESIAN_POINT ( 'NONE',  ( 0.03706541763754463800, 3.909999999999998400, 1.558821861531088000 ) ) ;
#1547 = VECTOR ( 'NONE', #3470, 1000.000000000000100 ) ;
#1548 = CARTESIAN_POINT ( 'NONE',  ( 1.839999999999999900, 2.299999999999999800, 12.04999999999999900 ) ) ;
#1549 = CARTESIAN_POINT ( 'NONE',  ( -1.817016428609953900, 3.910000000000000100, 1.953546223279781800 ) ) ;
#1550 = APPLICATION_PROTOCOL_DEFINITION ( 'draft international standard', 'automotive_design', 1998, #3602 ) ;
#1551 = B_SPLINE_CURVE_WITH_KNOTS ( 'NONE', 3,
 ( #6927, #7602, #2359, #8366, #5610, #8246, #8333, #7025, #1704, #2921, #5576 ),
 .UNSPECIFIED., .F., .F.,
 ( 4, 1, 1, 1, 1, 1, 1, 1, 4 ),
 ( 0.0000000000000000000, 0.1341969422512411200, 0.2654386792434347800, 0.3926515731194141800, 0.5164069476880062100, 0.6391202124764553400, 0.7596934631369024500, 0.8797438203539548200, 1.000000000000000000 ),
 .UNSPECIFIED. ) ;
#1552 = EDGE_CURVE ( 'NONE', #7455, #5533, #740, .T. ) ;
#1553 = PLANE ( 'NONE',  #3643 ) ;
#1554 = SURFACE_STYLE_USAGE ( .BOTH. , #3403 ) ;
#1555 = VECTOR ( 'NONE', #8572, 1000.000000000000000 ) ;
#1556 = EDGE_CURVE ( 'NONE', #5807, #3160, #6297, .T. ) ;
#1557 = ORIENTED_EDGE ( 'NONE', *, *, #5641, .F. ) ;
#1558 = LINE ( 'NONE', #3803, #2176 ) ;
#1559 = CARTESIAN_POINT ( 'NONE',  ( -0.06829533501776372000, 3.900000000000000800, 2.146111917725651800 ) ) ;
#1560 = DIRECTION ( 'NONE',  ( -0.0000000000000000000, -1.000000000000000000, -0.0000000000000000000 ) ) ;
#1561 = ORIENTED_EDGE ( 'NONE', *, *, #1130, .T. ) ;
#1562 = SURFACE_STYLE_USAGE ( .BOTH. , #1531 ) ;
#1563 =( NAMED_UNIT ( * ) SI_UNIT ( $, .STERADIAN. ) SOLID_ANGLE_UNIT ( ) );
#1564 = AXIS2_PLACEMENT_3D ( 'NONE', #1617, #2308, #2955 ) ;
#1565 = CIRCLE ( 'NONE', #5525, 1.800000000000000500 ) ;
#1566 = CARTESIAN_POINT ( 'NONE',  ( 0.4796926875134639400, 3.900000000000000800, 1.547780432168919300 ) ) ;
#1567 = EDGE_CURVE ( 'NONE', #6459, #1689, #4176, .T. ) ;
#1568 = CARTESIAN_POINT ( 'NONE',  ( -0.8799301209050811600, 3.909999999999999300, 1.552142879652233200 ) ) ;
#1569 = EDGE_CURVE ( 'NONE', #26, #7502, #1375, .T. ) ;
#1570 =( LENGTH_UNIT ( ) NAMED_UNIT ( * ) SI_UNIT ( .MILLI., .METRE. ) );
#1571 = ORIENTED_EDGE ( 'NONE', *, *, #4186, .T. ) ;
#1572 = VERTEX_POINT ( 'NONE', #1899 ) ;
#1573 = CARTESIAN_POINT ( 'NONE',  ( -1.200649605422383000, 3.900000000000000400, 1.451798500760977100 ) ) ;
#1574 = UNCERTAINTY_MEASURE_WITH_UNIT (LENGTH_MEASURE( 1.000000000000000100E-005 ), #3094, 'distance_accuracy_value', 'NONE');
#1575 = CONICAL_SURFACE ( 'NONE', #3628, 2.079963723282957800, 0.08726646259971317100 ) ;
#1576 = MECHANICAL_DESIGN_GEOMETRIC_PRESENTATION_REPRESENTATION (  '', ( #7248 ), #1405 ) ;
#1577 = VERTEX_POINT ( 'NONE', #5193 ) ;
#1578 = CARTESIAN_POINT ( 'NONE',  ( -0.7285655902593656300, 3.910000000000000100, 1.847816498490099800 ) ) ;
#1579 = CARTESIAN_POINT ( 'NONE',  ( -0.9296945657802865300, 3.900000000000000400, 1.137983238319807900 ) ) ;
#1580 = CARTESIAN_POINT ( 'NONE',  ( -0.8181235169800279400, 3.910000000000000100, 1.156773752829048700 ) ) ;
#1581 = CARTESIAN_POINT ( 'NONE',  ( -0.05517998672457518500, 3.910000000000000100, 1.271715082657333100 ) ) ;
#1582 = LINE ( 'NONE', #4722, #8385 ) ;
#1583 = CARTESIAN_POINT ( 'NONE',  ( 2.296867934219713800, 3.910000000000000100, 2.032514488319807600 ) ) ;
#1584 = CARTESIAN_POINT ( 'NONE',  ( 1.782476486851292600, 3.910000000000000100, 1.309035869898755000 ) ) ;
#1585 = CARTESIAN_POINT ( 'NONE',  ( -1.128569220437213100, 3.910000000000000100, 1.862291809820914200 ) ) ;
#1586 = FACE_OUTER_BOUND ( 'NONE', #8134, .T. ) ;
#1587 = EDGE_LOOP ( 'NONE', ( #5785, #3312, #3457 ) ) ;
#1588 = CARTESIAN_POINT ( 'NONE',  ( -2.940000000000000400, 2.860000000000000300, 21.14999999999999900 ) ) ;
#1589 =( NAMED_UNIT ( * ) PLANE_ANGLE_UNIT ( ) SI_UNIT ( $, .RADIAN. ) );
#1590 = STYLED_ITEM ( 'NONE', ( #3944 ), #4433 ) ;
#1591 = FACE_OUTER_BOUND ( 'NONE', #6532, .T. ) ;
#1592 = CARTESIAN_POINT ( 'NONE',  ( -5.109999999999999400, 0.6999999999999999600, 2.795007122521572900 ) ) ;
#1593 = ADVANCED_FACE ( 'NONE', ( #2717 ), #2866, .T. ) ;
#1594 = FACE_OUTER_BOUND ( 'NONE', #310, .T. ) ;
#1595 = ORIENTED_EDGE ( 'NONE', *, *, #5782, .F. ) ;
#1596 = CARTESIAN_POINT ( 'NONE',  ( -0.005949408346254834500, 3.899999999999999900, 2.111643970565081600 ) ) ;
#1597 = CARTESIAN_POINT ( 'NONE',  ( 0.5588805050762663000, 3.899999999999999500, 2.071652577905761700 ) ) ;
#1598 = ORIENTED_EDGE ( 'NONE', *, *, #4970, .F. ) ;
#1599 = DIRECTION ( 'NONE',  ( -0.0000000000000000000, -0.0000000000000000000, -1.000000000000000000 ) ) ;
#1600 = CARTESIAN_POINT ( 'NONE',  ( 1.494566787039994100, 3.910000000000000100, 1.139149253864833300 ) ) ;
#1601 = EDGE_LOOP ( 'NONE', ( #2474, #97, #439, #4367 ) ) ;
#1602 = VECTOR ( 'NONE', #2971, 1000.000000000000000 ) ;
#1603 = CARTESIAN_POINT ( 'NONE',  ( -0.7785246681016396700, 3.899999999999999500, 1.463854606903506800 ) ) ;
#1604 = ORIENTED_EDGE ( 'NONE', *, *, #4919, .F. ) ;
#1605 = CARTESIAN_POINT ( 'NONE',  ( 1.110941551413664200, 3.899999999999998600, 1.954806222716752000 ) ) ;
#1606 = CARTESIAN_POINT ( 'NONE',  ( 2.140000000000000100, 2.860000000000000300, 21.14999999999999900 ) ) ;
#1607 = CARTESIAN_POINT ( 'NONE',  ( -0.7284198947276548900, 3.900000000000000400, 1.854677317267176400 ) ) ;
#1608 = CARTESIAN_POINT ( 'NONE',  ( -0.7315376400043432900, 3.909999999999999300, 1.814125251715867900 ) ) ;
#1609 = VECTOR ( 'NONE', #1102, 1000.000000000000000 ) ;
#1610 = CARTESIAN_POINT ( 'NONE',  ( -1.511109039464497000, 3.900000000000000400, 1.256404290951386600 ) ) ;
#1611 = SURFACE_SIDE_STYLE ('',( #5000 ) ) ;
#1612 = CARTESIAN_POINT ( 'NONE',  ( 0.7473407416002723100, 3.899999999999999000, 1.591031006097656900 ) ) ;
#1613 = EDGE_LOOP ( 'NONE', ( #873, #1875, #6649, #6199 ) ) ;
#1614 = EDGE_CURVE ( 'NONE', #7493, #1428, #1659, .T. ) ;
#1615 = EDGE_CURVE ( 'NONE', #3379, #6391, #749, .T. ) ;
#1616 = CARTESIAN_POINT ( 'NONE',  ( 1.670096984931986000, 3.910000000000000100, 1.259355474234801400 ) ) ;
#1617 = CARTESIAN_POINT ( 'NONE',  ( 1.868825171061818400, 3.910000000000000100, 1.151141133056649900 ) ) ;
#1618 = CARTESIAN_POINT ( 'NONE',  ( -2.009875486832918100, 3.910000000000000100, 1.256404290951386600 ) ) ;
#1619 = CARTESIAN_POINT ( 'NONE',  ( 1.758294505416235800, 3.900000000000000800, 1.173543097049812400 ) ) ;
#1620 = DIRECTION ( 'NONE',  ( -0.0000000000000000000, -0.0000000000000000000, -1.000000000000000000 ) ) ;
#1621 = MECHANICAL_DESIGN_GEOMETRIC_PRESENTATION_REPRESENTATION (  '', ( #6281 ), #7448 ) ;
#1622 = CARTESIAN_POINT ( 'NONE',  ( -0.7834803228500482100, 3.909999999999999300, 1.314831013041593000 ) ) ;
#1623 = CARTESIAN_POINT ( 'NONE',  ( -0.1395974306546843600, 3.909999999999999300, 2.163322073163305600 ) ) ;
#1624 = EDGE_CURVE ( 'NONE', #3794, #2273, #3856, .T. ) ;
#1625 = CARTESIAN_POINT ( 'NONE',  ( -0.7764997297053620700, 3.900000000000001200, 1.329380680444239000 ) ) ;
#1626 = FILL_AREA_STYLE_COLOUR ( '', #6519 ) ;
#1627 =( GEOMETRIC_REPRESENTATION_CONTEXT ( 3 ) GLOBAL_UNCERTAINTY_ASSIGNED_CONTEXT ( ( #5396 ) ) GLOBAL_UNIT_ASSIGNED_CONTEXT ( ( #4619, #4009, #5985 ) ) REPRESENTATION_CONTEXT ( 'NONE', 'WORKASPACE' ) );
#1628 = CARTESIAN_POINT ( 'NONE',  ( 1.259645581231233500, 3.910000000000001000, 1.220000882338975000 ) ) ;
#1629 = CARTESIAN_POINT ( 'NONE',  ( -0.8464332936173133400, 3.899999999999999500, 1.667026505420230700 ) ) ;
#1630 = DIRECTION ( 'NONE',  ( -0.3393973368153482300, 0.0000000000000000000, -0.9406431032876650900 ) ) ;
#1631 = FACE_OUTER_BOUND ( 'NONE', #7628, .T. ) ;
#1632 = CARTESIAN_POINT ( 'NONE',  ( -0.7709204712759448700, 3.910000000000000100, 1.443820634674098000 ) ) ;
#1633 = CARTESIAN_POINT ( 'NONE',  ( -0.2350743631227813200, 3.900000000000001200, 1.244690770825275500 ) ) ;
#1634 = CARTESIAN_POINT ( 'NONE',  ( -0.7721475842367933100, 3.900000000000001700, 1.989211366430743600 ) ) ;
#1635 = CARTESIAN_POINT ( 'NONE',  ( -1.252268578938181100, 3.910000000000000100, 1.866807251477702500 ) ) ;
#1636 = ORIENTED_EDGE ( 'NONE', *, *, #3137, .F. ) ;
#1637 = CARTESIAN_POINT ( 'NONE',  ( 5.022501105751966400, 1.700116937693287600, 6.377978900884361500 ) ) ;
#1638 = ADVANCED_FACE ( 'NONE', ( #3548 ), #3325, .F. ) ;
#1639 = VECTOR ( 'NONE', #2397, 1000.000000000000000 ) ;
#1640 = CARTESIAN_POINT ( 'NONE',  ( -2.618428118411865800, 3.910000000000000100, 1.151141133056649900 ) ) ;
#1641 = PLANE ( 'NONE',  #4914 ) ;
#1642 = DIRECTION ( 'NONE',  ( 1.000000000000000000, 0.0000000000000000000, 0.0000000000000000000 ) ) ;
#1643 = PRESENTATION_LAYER_ASSIGNMENT (  '', '', ( #8019 ) ) ;
#1644 = CARTESIAN_POINT ( 'NONE',  ( 0.4765554342197135800, 3.910000000000000100, 1.256404290951386600 ) ) ;
#1645 = CARTESIAN_POINT ( 'NONE',  ( 0.4276476921566728700, 3.910000000000000100, 2.056066271669765300 ) ) ;
#1646 = EDGE_LOOP ( 'NONE', ( #741, #1917, #2092, #5841 ) ) ;
#1647 = B_SPLINE_CURVE_WITH_KNOTS ( 'NONE', 3,
 ( #409, #7048, #5665, #8360, #1667, #5635, #6417, #5058, #4338, #6354, #351 ),
 .UNSPECIFIED., .F., .F.,
 ( 4, 1, 1, 1, 1, 1, 1, 1, 4 ),
 ( 0.0000000000000000000, 0.1257576598797565700, 0.2498704606219636900, 0.3729255926523495900, 0.4963148267466287500, 0.6198735497186613800, 0.7450213757684729400, 0.8715405838685327300, 1.000000000000000000 ),
 .UNSPECIFIED. ) ;
#1648 = VERTEX_POINT ( 'NONE', #2707 ) ;
#1649 = CARTESIAN_POINT ( 'NONE',  ( 1.162990883198760800, 3.900000000000000800, 1.706138365768524500 ) ) ;
#1650 = ORIENTED_EDGE ( 'NONE', *, *, #108, .T. ) ;
#1651 =( NAMED_UNIT ( * ) SI_UNIT ( $, .STERADIAN. ) SOLID_ANGLE_UNIT ( ) );
#1652 =( LENGTH_UNIT ( ) NAMED_UNIT ( * ) SI_UNIT ( .MILLI., .METRE. ) );
#1653 = ORIENTED_EDGE ( 'NONE', *, *, #8504, .T. ) ;
#1654 = CARTESIAN_POINT ( 'NONE',  ( 1.314736595492344900, 3.899999999999999500, 1.999082456940864100 ) ) ;
#1655 = CARTESIAN_POINT ( 'NONE',  ( 0.5839641295698134700, 3.900000000000000400, 2.068424268302525800 ) ) ;
#1656 = CARTESIAN_POINT ( 'NONE',  ( -2.009875486832918100, 3.910000000000000100, 1.256404290951386600 ) ) ;
#1657 = CARTESIAN_POINT ( 'NONE',  ( 4.692586600614427900, 3.750000000000000900, 6.611251444700425100 ) ) ;
#1658 = FILL_AREA_STYLE_COLOUR ( '', #6036 ) ;
#1659 = B_SPLINE_CURVE_WITH_KNOTS ( 'NONE', 3,
 ( #5394, #4664, #6050, #679, #5341, #730, #1345, #8624, #6672, #4028, #6023, #1953, #5284, #6705, #6624, #8037, #2003, #4606, #1976 ),
 .UNSPECIFIED., .F., .F.,
 ( 4, 1, 1, 1, 1, 1, 1, 1, 1, 1, 1, 1, 1, 1, 1, 1, 4 ),
 ( 0.0000000000000000000, 0.06401380869464726200, 0.1252409858030348000, 0.1842413316980119600, 0.2409432472345501300, 0.2964360505006012300, 0.3514828389583271000, 0.4069837184079805900, 0.4634215341598046900, 0.5211470703281393400, 0.5800206698986522000, 0.6416418765252398500, 0.7057746029191758200, 0.7728585332628690200, 0.8443916067200143400, 0.9196159926438419700, 1.000000000000000000 ),
 .UNSPECIFIED. ) ;
#1660 = CARTESIAN_POINT ( 'NONE',  ( -0.8500890028703358400, 3.899999999999999900, 1.539396519714496300 ) ) ;
#1661 = CARTESIAN_POINT ( 'NONE',  ( -0.2561015655086623700, 3.899999999999999900, 1.256811049401049400 ) ) ;
#1662 = ORIENTED_EDGE ( 'NONE', *, *, #1784, .F. ) ;
#1663 = SURFACE_STYLE_USAGE ( .BOTH. , #1079 ) ;
#1664 = LINE ( 'NONE', #3447, #6117 ) ;
#1665 = CARTESIAN_POINT ( 'NONE',  ( 0.1518774156887216200, 3.910000000000001000, 1.528550286021487200 ) ) ;
#1666 = ORIENTED_EDGE ( 'NONE', *, *, #4250, .T. ) ;
#1667 = CARTESIAN_POINT ( 'NONE',  ( 1.699316436933737700, 3.900000000000000800, 1.268573229746119200 ) ) ;
#1668 = CARTESIAN_POINT ( 'NONE',  ( 5.021954075435897600, 1.706369522812588600, 6.486354676059589200 ) ) ;
#1669 = PLANE ( 'NONE',  #7499 ) ;
#1670 = CARTESIAN_POINT ( 'NONE',  ( -2.102186342096076000, 3.910000000000000100, 2.045877975161913400 ) ) ;
#1671 = VERTEX_POINT ( 'NONE', #7387 ) ;
#1672 = UNCERTAINTY_MEASURE_WITH_UNIT (LENGTH_MEASURE( 1.000000000000000100E-005 ), #7944, 'distance_accuracy_value', 'NONE');
#1673 = CARTESIAN_POINT ( 'NONE',  ( 1.236091817966492800, 3.900000000000000400, 2.088345445958758700 ) ) ;
#1674 = PRESENTATION_LAYER_ASSIGNMENT (  '', '', ( #168 ) ) ;
#1675 = DIRECTION ( 'NONE',  ( -1.000000000000000000, 0.0000000000000000000, 0.0000000000000000000 ) ) ;
#1676 = EDGE_CURVE ( 'NONE', #2735, #8548, #1786, .T. ) ;
#1677 = DIRECTION ( 'NONE',  ( 1.000000000000000000, 0.0000000000000000000, 0.0000000000000000000 ) ) ;
#1678 = EDGE_CURVE ( 'NONE', #3345, #3356, #7424, .T. ) ;
#1679 = VECTOR ( 'NONE', #6757, 1000.000000000000000 ) ;
#1680 =( NAMED_UNIT ( * ) PLANE_ANGLE_UNIT ( ) SI_UNIT ( $, .RADIAN. ) );
#1681 = ADVANCED_FACE ( 'NONE', ( #3659 ), #8541, .T. ) ;
#1682 = CARTESIAN_POINT ( 'NONE',  ( 1.237866610025677900, 3.909999999999999300, 1.923682846174894300 ) ) ;
#1683 = CARTESIAN_POINT ( 'NONE',  ( 0.3780768157986610400, 3.910000000000000100, 1.151141133056649900 ) ) ;
#1684 = CARTESIAN_POINT ( 'NONE',  ( -0.9972308168998975700, 3.900000000000000400, 2.159265894435384400 ) ) ;
#1685 = CARTESIAN_POINT ( 'NONE',  ( -0.6170052491270225900, 3.899999999999999900, 1.792710520532924800 ) ) ;
#1686 = DIRECTION ( 'NONE',  ( -1.000000000000000000, -0.0000000000000000000, -0.0000000000000000000 ) ) ;
#1687 = VECTOR ( 'NONE', #690, 1000.000000000000000 ) ;
#1688 = AXIS2_PLACEMENT_3D ( 'NONE', #6215, #3453, #103 ) ;
#1689 = VERTEX_POINT ( 'NONE', #57 ) ;
#1690 = CARTESIAN_POINT ( 'NONE',  ( 5.111261443849143000, 0.6855816308271569500, 2.792475933766086300 ) ) ;
#1691 = ORIENTED_EDGE ( 'NONE', *, *, #8504, .F. ) ;
#1692 = CARTESIAN_POINT ( 'NONE',  ( -1.225019581849234400, 3.900000000000001200, 1.747057396793478400 ) ) ;
#1693 = CARTESIAN_POINT ( 'NONE',  ( -0.7290286605075013700, 3.899999999999999500, 1.209159682273929000 ) ) ;
#1694 = CARTESIAN_POINT ( 'NONE',  ( -0.3087639489479946900, 3.909999999999998400, 1.313827399236080500 ) ) ;
#1695 = CARTESIAN_POINT ( 'NONE',  ( 0.07900755899172833000, 3.910000000000000100, 1.265303835875168000 ) ) ;
#1696 = SURFACE_STYLE_FILL_AREA ( #1752 ) ;
#1697 = CARTESIAN_POINT ( 'NONE',  ( -1.239525872732949900, 3.900000000000002100, 1.959760749347987400 ) ) ;
#1698 = PRESENTATION_LAYER_ASSIGNMENT (  '', '', ( #7248 ) ) ;
#1699 = CARTESIAN_POINT ( 'NONE',  ( 0.03706541763754463800, 3.909999999999998400, 1.558821861531088000 ) ) ;
#1700 = VERTEX_POINT ( 'NONE', #5424 ) ;
#1701 = CARTESIAN_POINT ( 'NONE',  ( -0.2810016057758080700, 3.910000000000001000, 2.146582693392264900 ) ) ;
#1702 = CARTESIAN_POINT ( 'NONE',  ( 0.4041719890133336200, 3.910000000000000100, 1.641346401975208000 ) ) ;
#1703 = CARTESIAN_POINT ( 'NONE',  ( 1.998553789482871500, 3.900000000000000400, 1.151141133056649900 ) ) ;
#1704 = CARTESIAN_POINT ( 'NONE',  ( 0.5063550457502402600, 3.900000000000000800, 2.071601492564884700 ) ) ;
#1705 = SURFACE_STYLE_FILL_AREA ( #5654 ) ;
#1706 = CARTESIAN_POINT ( 'NONE',  ( -0.05041021253392497000, 3.900000000000001700, 1.154942677184284300 ) ) ;
#1707 = CIRCLE ( 'NONE', #1504, 0.6249999999999996700 ) ;
#1708 = VERTEX_POINT ( 'NONE', #1509 ) ;
#1709 = CARTESIAN_POINT ( 'NONE',  ( -1.128096876370059800, 3.910000000000000100, 1.833071959157343900 ) ) ;
#1710 = CARTESIAN_POINT ( 'NONE',  ( 0.3639287373872472900, 3.899999999999999000, 2.141946206314529400 ) ) ;
#1711 = CARTESIAN_POINT ( 'NONE',  ( 0.5839641295698134700, 3.910000000000000100, 2.068424268302525800 ) ) ;
#1712 = CARTESIAN_POINT ( 'NONE',  ( 1.998553789482871500, 3.900000000000000400, 1.151141133056649900 ) ) ;
#1713 = CARTESIAN_POINT ( 'NONE',  ( -1.029100782353641800, 3.909999999999999300, 2.152518915096310400 ) ) ;
#1714 = DIRECTION ( 'NONE',  ( 1.000000000000000000, -0.0000000000000000000, -0.0000000000000000000 ) ) ;
#1715 = CARTESIAN_POINT ( 'NONE',  ( 2.726349842114450500, 3.910000000000000100, 1.151141133056649900 ) ) ;
#1716 = CARTESIAN_POINT ( 'NONE',  ( -1.128934680387726000, 3.899999999999999500, 1.632787889620886700 ) ) ;
#1717 = B_SPLINE_CURVE_WITH_KNOTS ( 'NONE', 3,
 ( #4371, #5054, #1379, #5291, #6655, #5325, #8635, #6030, #2718, #1963, #4726 ),
 .UNSPECIFIED., .F., .F.,
 ( 4, 1, 1, 1, 1, 1, 1, 1, 4 ),
 ( 0.0000000000000000000, 0.1108890911034687600, 0.2251806054128327500, 0.3430216572823192600, 0.4645161983063916800, 0.5904953694681990300, 0.7212296700324456500, 0.8578891006234438100, 0.9999999999999998900 ),
 .UNSPECIFIED. ) ;
#1718 = CARTESIAN_POINT ( 'NONE',  ( -5.509999999999998900, 3.900000000000000400, 4.549999999999998000 ) ) ;
#1719 = SURFACE_SIDE_STYLE ('',( #846 ) ) ;
#1720 = CARTESIAN_POINT ( 'NONE',  ( -0.7291019453887160900, 3.899999999999999500, 1.877014693781668700 ) ) ;
#1721 = CARTESIAN_POINT ( 'NONE',  ( -1.215771557945972200, 3.909999999999999300, 2.014354792421852600 ) ) ;
#1722 =( NAMED_UNIT ( * ) PLANE_ANGLE_UNIT ( ) SI_UNIT ( $, .RADIAN. ) );
#1723 = CARTESIAN_POINT ( 'NONE',  ( -0.7987768350996865600, 3.910000000000000100, 2.015879866625088100 ) ) ;
#1724 = ADVANCED_FACE ( 'NONE', ( #6603 ), #4795, .F. ) ;
#1725 = CARTESIAN_POINT ( 'NONE',  ( 1.782476486851292600, 3.900000000000000400, 1.993246396214544800 ) ) ;
#1726 =( NAMED_UNIT ( * ) SI_UNIT ( $, .STERADIAN. ) SOLID_ANGLE_UNIT ( ) );
#1727 = FILL_AREA_STYLE ('',( #5609 ) ) ;
#1728 = EDGE_CURVE ( 'NONE', #6409, #1460, #4065, .T. ) ;
#1729 = EDGE_CURVE ( 'NONE', #5169, #1577, #3871, .T. ) ;
#1730 = CARTESIAN_POINT ( 'NONE',  ( 0.5609261239771388100, 3.910000000000000100, 1.546093332519671500 ) ) ;
#1731 = CARTESIAN_POINT ( 'NONE',  ( -0.1568738420960761000, 3.910000000000000100, 1.137983238319807900 ) ) ;
#1732 = CARTESIAN_POINT ( 'NONE',  ( -1.113884668045848300, 3.899999999999999500, 1.772576268388230700 ) ) ;
#1733 = VECTOR ( 'NONE', #3228, 1000.000000000000100 ) ;
#1734 = DIRECTION ( 'NONE',  ( -0.0000000000000000000, -1.000000000000000000, -0.0000000000000000000 ) ) ;
#1735 = ORIENTED_EDGE ( 'NONE', *, *, #1188, .T. ) ;
#1736 = CARTESIAN_POINT ( 'NONE',  ( -1.675343797452026400, 3.909999999999999300, 1.875903867194956200 ) ) ;
#1737 = AXIS2_PLACEMENT_3D ( 'NONE', #3047, #7807, #4443 ) ;
#1738 = CARTESIAN_POINT ( 'NONE',  ( -0.6197062744454552300, 3.899999999999999900, 1.959718573949905500 ) ) ;
#1739 = CARTESIAN_POINT ( 'NONE',  ( 1.186167998627903700, 3.909999999999999300, 1.825328867333498400 ) ) ;
#1740 = FACE_BOUND ( 'NONE', #1777, .T. ) ;
#1741 = EDGE_CURVE ( 'NONE', #4774, #2441, #7223, .T. ) ;
#1742 = CARTESIAN_POINT ( 'NONE',  ( 2.357928789482871800, 3.900000000000000400, 2.151141133056650600 ) ) ;
#1743 = EDGE_CURVE ( 'NONE', #8653, #2197, #1565, .T. ) ;
#1744 = FILL_AREA_STYLE ('',( #5786 ) ) ;
#1745 = CARTESIAN_POINT ( 'NONE',  ( -0.8464332936173133400, 3.909999999999999300, 1.667026505420230700 ) ) ;
#1746 = DIRECTION ( 'NONE',  ( 1.000000000000000000, 0.0000000000000000000, -0.0000000000000000000 ) ) ;
#1747 = MECHANICAL_DESIGN_GEOMETRIC_PRESENTATION_REPRESENTATION (  '', ( #1301 ), #1805 ) ;
#1748 = CARTESIAN_POINT ( 'NONE',  ( -1.128934680387726000, 3.909999999999999300, 1.632787889620886700 ) ) ;
#1749 = CARTESIAN_POINT ( 'NONE',  ( -2.501857394727655200, 3.900000000000000400, 2.045877975161913400 ) ) ;
#1750 = CARTESIAN_POINT ( 'NONE',  ( -0.2482733581678711900, 3.910000000000000100, 2.156816410673561900 ) ) ;
#1751 = CARTESIAN_POINT ( 'NONE',  ( -0.4299267098666247300, 3.899999999999999900, 2.001967824744207600 ) ) ;
#1752 = FILL_AREA_STYLE ('',( #5734 ) ) ;
#1753 = CARTESIAN_POINT ( 'NONE',  ( -0.9344986268769774900, 3.910000000000000100, 1.558863687888414800 ) ) ;
#1754 =( GEOMETRIC_REPRESENTATION_CONTEXT ( 3 ) GLOBAL_UNCERTAINTY_ASSIGNED_CONTEXT ( ( #7620 ) ) GLOBAL_UNIT_ASSIGNED_CONTEXT ( ( #8529, #6469, #1870 ) ) REPRESENTATION_CONTEXT ( 'NONE', 'WORKASPACE' ) );
#1755 =( NAMED_UNIT ( * ) PLANE_ANGLE_UNIT ( ) SI_UNIT ( $, .RADIAN. ) );
#1756 = CARTESIAN_POINT ( 'NONE',  ( -0.2376452185246475100, 3.910000000000001000, 2.058378348507226900 ) ) ;
#1757 = VECTOR ( 'NONE', #2559, 1000.000000000000000 ) ;
#1758 = ORIENTED_EDGE ( 'NONE', *, *, #2895, .F. ) ;
#1759 = COLOUR_RGB ( '',1.000000000000000000, 1.000000000000000000, 1.000000000000000000 ) ;
#1760 = MECHANICAL_DESIGN_GEOMETRIC_PRESENTATION_REPRESENTATION (  '', ( #8032 ), #3097 ) ;
#1761 = FILL_AREA_STYLE ('',( #443 ) ) ;
#1762 = ORIENTED_EDGE ( 'NONE', *, *, #1743, .T. ) ;
#1763 = CARTESIAN_POINT ( 'NONE',  ( 0.05795191970768268800, 3.909999999999999300, 1.235379416592985700 ) ) ;
#1764 = ORIENTED_EDGE ( 'NONE', *, *, #2620, .T. ) ;
#1765 = CARTESIAN_POINT ( 'NONE',  ( 0.3254452368512926700, 3.910000000000000100, 2.123797383056650100 ) ) ;
#1766 = CARTESIAN_POINT ( 'NONE',  ( 0.3441541184302397400, 3.910000000000000100, 1.646412514635597500 ) ) ;
#1767 = ORIENTED_EDGE ( 'NONE', *, *, #3071, .F. ) ;
#1768 = CARTESIAN_POINT ( 'NONE',  ( -1.722789065521965300, 3.910000000000001000, 2.060286814980153600 ) ) ;
#1769 = DIRECTION ( 'NONE',  ( 0.08700343829513149100, 0.9944538502334667700, 0.05909265166379897700 ) ) ;
#1770 = ADVANCED_FACE ( 'NONE', ( #5016 ), #8597, .T. ) ;
#1771 = CARTESIAN_POINT ( 'NONE',  ( 0.7044162606043176100, 3.909999999999999300, 2.010816843805709500 ) ) ;
#1772 = CARTESIAN_POINT ( 'NONE',  ( -0.8494814943379325200, 3.900000000000001200, 1.249320635554564300 ) ) ;
#1773 = B_SPLINE_CURVE_WITH_KNOTS ( 'NONE', 3,
 ( #183, #5512, #1513, #210, #877, #2201, #6893, #2883, #2979, #1695, #3008, #8300, #7653, #2380, #3678, #1665, #350, #5731, #7705 ),
 .UNSPECIFIED., .F., .F.,
 ( 4, 1, 1, 1, 1, 1, 1, 1, 1, 1, 1, 1, 1, 1, 1, 1, 4 ),
 ( 0.0000000000000000000, 0.05620258726877001100, 0.1097035742981970200, 0.1609442704599318700, 0.2106206916448314600, 0.2601188958313832600, 0.3101061331118709600, 0.3617266631411525900, 0.4153726383847529100, 0.4725515650235970200, 0.5332248534283022800, 0.5982361059046360500, 0.6682165366278084400, 0.7427773449795739300, 0.8229061506894838100, 0.9084820796990642500, 1.000000000000000000 ),
 .UNSPECIFIED. ) ;
#1774 = ORIENTED_EDGE ( 'NONE', *, *, #3514, .F. ) ;
#1775 = SURFACE_SIDE_STYLE ('',( #4005 ) ) ;
#1776 = DIRECTION ( 'NONE',  ( -0.0000000000000000000, -1.000000000000000000, -0.0000000000000000000 ) ) ;
#1777 = EDGE_LOOP ( 'NONE', ( #6422, #717, #6537, #6994, #3475, #2181, #5339, #3199, #984, #4104 ) ) ;
#1778 = FACE_OUTER_BOUND ( 'NONE', #3984, .T. ) ;
#1779 = CARTESIAN_POINT ( 'NONE',  ( -0.3754182499908129700, 3.910000000000000100, 1.665738172530334200 ) ) ;
#1780 = CARTESIAN_POINT ( 'NONE',  ( -1.075579073957363400, 3.909999999999999300, 1.603949730802726000 ) ) ;
#1781 = EDGE_LOOP ( 'NONE', ( #6429, #767, #5646, #5412 ) ) ;
#1782 = CARTESIAN_POINT ( 'NONE',  ( -0.4720238021178053100, 3.909999999999999300, 1.880212352050526100 ) ) ;
#1783 =( BOUNDED_SURFACE ( )  B_SPLINE_SURFACE ( 3, 2, ( 
 ( #6410, #1690, #2375 ),
 ( #4396, #3726, #7042 ),
 ( #4333, #7008, #5103 ),
 ( #7070, #3763, #1014 ) ),
 .UNSPECIFIED., .F., .F., .T. ) 
 B_SPLINE_SURFACE_WITH_KNOTS ( ( 4, 4 ),
 ( 3, 3 ),
 ( 0.002218824928417784400, 0.005321303921084395700 ),
 ( 0.0000000000000000000, 1.000000000000000000 ),
 .UNSPECIFIED. ) 
 GEOMETRIC_REPRESENTATION_ITEM ( )  RATIONAL_B_SPLINE_SURFACE ( (
 ( 1.000000000000000000, 0.8020606508228480500, 1.000000000000000000),
 ( 1.000000000000000000, 0.8123234415079752000, 1.000000000000000000),
 ( 1.000000000000000000, 0.8210067754515698600, 1.000000000000000000),
 ( 1.000000000000000000, 0.8286825925071529300, 1.000000000000000000) ) ) 
 REPRESENTATION_ITEM ( '' )  SURFACE ( )  );
#1784 = EDGE_CURVE ( 'NONE', #5400, #819, #6291, .T. ) ;
#1785 = CARTESIAN_POINT ( 'NONE',  ( -1.071827819776806500, 3.910000000000000100, 1.707831333054794300 ) ) ;
#1786 = CIRCLE ( 'NONE', #2726, 0.1500000000000001100 ) ;
#1787 = EDGE_CURVE ( 'NONE', #7220, #8275, #3742, .T. ) ;
#1788 =( NAMED_UNIT ( * ) SI_UNIT ( $, .STERADIAN. ) SOLID_ANGLE_UNIT ( ) );
#1789 = CARTESIAN_POINT ( 'NONE',  ( -0.9076696590374734300, 3.909999999999999300, 2.058692085954873600 ) ) ;
#1790 = CARTESIAN_POINT ( 'NONE',  ( 0.3639287373872472900, 3.909999999999998400, 2.141946206314529400 ) ) ;
#1791 = CARTESIAN_POINT ( 'NONE',  ( -0.2944498371675710600, 3.910000000000000100, 2.014977960415515100 ) ) ;
#1792 = CARTESIAN_POINT ( 'NONE',  ( -0.3754182499908129700, 3.900000000000000400, 1.665738172530334200 ) ) ;
#1793 = FACE_OUTER_BOUND ( 'NONE', #5221, .T. ) ;
#1794 = VERTEX_POINT ( 'NONE', #5132 ) ;
#1795 = CARTESIAN_POINT ( 'NONE',  ( 2.540000000000000000, 0.0000000000000000000, 12.04999999999999900 ) ) ;
#1796 = CARTESIAN_POINT ( 'NONE',  ( 0.7672626710618188900, 3.900000000000000400, 1.850154290951386800 ) ) ;
#1797 = MECHANICAL_DESIGN_GEOMETRIC_PRESENTATION_REPRESENTATION (  '', ( #1004 ), #7284 ) ;
#1798 = FACE_OUTER_BOUND ( 'NONE', #4193, .T. ) ;
#1799 = CARTESIAN_POINT ( 'NONE',  ( -1.105334198985121800, 3.900000000000001200, 1.754616079202461700 ) ) ;
#1800 = EDGE_CURVE ( 'NONE', #7715, #1520, #2711, .T. ) ;
#1801 = CARTESIAN_POINT ( 'NONE',  ( 5.110000000000000300, 0.6999999999999999600, 7.549999999999998000 ) ) ;
#1802 = AXIS2_PLACEMENT_3D ( 'NONE', #3839, #4500, #7056 ) ;
#1803 = CARTESIAN_POINT ( 'NONE',  ( -1.735262844574371600, 3.909999999999999300, 2.136113034064066600 ) ) ;
#1804 = CARTESIAN_POINT ( 'NONE',  ( 1.161999513167082200, 3.910000000000000100, 1.662654290951386600 ) ) ;
#1805 =( GEOMETRIC_REPRESENTATION_CONTEXT ( 3 ) GLOBAL_UNCERTAINTY_ASSIGNED_CONTEXT ( ( #656 ) ) GLOBAL_UNIT_ASSIGNED_CONTEXT ( ( #1363, #45, #3346 ) ) REPRESENTATION_CONTEXT ( 'NONE', 'WORKASPACE' ) );
#1806 = EDGE_LOOP ( 'NONE', ( #5266, #7336, #7206, #3120 ) ) ;
#1807 = CARTESIAN_POINT ( 'NONE',  ( 1.782476486851292600, 3.910000000000000100, 2.106322054109281500 ) ) ;
#1808 = ORIENTED_EDGE ( 'NONE', *, *, #963, .F. ) ;
#1809 = CARTESIAN_POINT ( 'NONE',  ( -1.389756748468415500, 3.900000000000000400, 1.240516714464361400 ) ) ;
#1810 = VERTEX_POINT ( 'NONE', #487 ) ;
#1811 = CARTESIAN_POINT ( 'NONE',  ( -1.200115285621258900, 3.909999999999999300, 2.038876282791472600 ) ) ;
#1812 = STYLED_ITEM ( 'NONE', ( #270 ), #3694 ) ;
#1813 = VECTOR ( 'NONE', #4151, 1000.000000000000000 ) ;
#1814 = CARTESIAN_POINT ( 'NONE',  ( 2.317111514797229900, 3.900000000000000400, 1.950312185406437400 ) ) ;
#1815 = CARTESIAN_POINT ( 'NONE',  ( -1.204320661028250000, 3.909999999999999300, 1.710550252386181100 ) ) ;
#1816 = EDGE_LOOP ( 'NONE', ( #1238, #341, #186, #2046, #177, #6908, #7572, #1334 ) ) ;
#1817 = DIRECTION ( 'NONE',  ( -1.377074301567058800E-016, 1.535953077687798300E-015, -1.000000000000000000 ) ) ;
#1818 = ORIENTED_EDGE ( 'NONE', *, *, #4635, .F. ) ;
#1819 = EDGE_LOOP ( 'NONE', ( #149, #8664, #5008, #3090, #4034, #7419 ) ) ;
#1820 = CARTESIAN_POINT ( 'NONE',  ( -0.2810016057758080700, 3.910000000000001000, 2.146582693392264900 ) ) ;
#1821 = CARTESIAN_POINT ( 'NONE',  ( -1.026091537301878000, 3.909999999999999300, 1.673990436537735400 ) ) ;
#1822 = CARTESIAN_POINT ( 'NONE',  ( -0.8140115099070399700, 3.910000000000001000, 2.027175922654695000 ) ) ;
#1823 = ADVANCED_FACE ( 'NONE', ( #8054 ), #2854, .T. ) ;
#1824 = CARTESIAN_POINT ( 'NONE',  ( -0.2582332747462331400, 3.899999999999998600, 2.047068854742370100 ) ) ;
#1825 = ORIENTED_EDGE ( 'NONE', *, *, #1569, .F. ) ;
#1826 = CARTESIAN_POINT ( 'NONE',  ( -0.3591457065718108300, 3.910000000000001000, 1.214582801693945900 ) ) ;
#1827 = ORIENTED_EDGE ( 'NONE', *, *, #6521, .F. ) ;
#1828 = PLANE ( 'NONE',  #5227 ) ;
#1829 = CARTESIAN_POINT ( 'NONE',  ( 0.1518774156887216200, 3.900000000000001700, 1.528550286021487200 ) ) ;
#1830 = FACE_OUTER_BOUND ( 'NONE', #5613, .T. ) ;
#1831 = CARTESIAN_POINT ( 'NONE',  ( -0.9897979145519502100, 3.899999999999997700, 1.659266255552924700 ) ) ;
#1832 = EDGE_LOOP ( 'NONE', ( #7709, #324, #1764, #796 ) ) ;
#1833 = CARTESIAN_POINT ( 'NONE',  ( -1.432781115264406300, 3.910000000000000100, 1.318243043508941800 ) ) ;
#1834 = CARTESIAN_POINT ( 'NONE',  ( 5.110000000000000300, 0.6999999999999999600, -5.199999999999986000 ) ) ;
#1835 = CARTESIAN_POINT ( 'NONE',  ( -0.9619334798072822800, 3.900000000000000400, 1.556256375192310600 ) ) ;
#1836 = LINE ( 'NONE', #2485, #7577 ) ;
#1837 = B_SPLINE_CURVE_WITH_KNOTS ( 'NONE', 3,
 ( #2741, #2268, #4198, #7568, #3555, #5569, #4140, #5605, #2142, #5482, #2832, #7511, #6957 ),
 .UNSPECIFIED., .F., .F.,
 ( 4, 3, 3, 3, 4 ),
 ( 1.939479807224432100E-018, 5.020539786463864600E-005, 0.0001004199931491204900, 0.0001505120938163736900, 0.0001910120725533648500 ),
 .UNSPECIFIED. ) ;
#1838 = CARTESIAN_POINT ( 'NONE',  ( -1.656167650695364000, 3.909999999999999300, 1.535717478932880200 ) ) ;
#1839 = ADVANCED_FACE ( 'NONE', ( #3336 ), #7734, .T. ) ;
#1840 = CARTESIAN_POINT ( 'NONE',  ( 2.234980408443919200E-016, 0.0000000000000000000, -2.975000000000001000 ) ) ;
#1841 = LINE ( 'NONE', #5583, #2764 ) ;
#1842 = FILL_AREA_STYLE ('',( #1049 ) ) ;
#1843 = CARTESIAN_POINT ( 'NONE',  ( -0.9296945657802865300, 3.900000000000000400, 1.137983238319807900 ) ) ;
#1844 = CARTESIAN_POINT ( 'NONE',  ( -0.8871102443141238900, 3.909999999999999300, 2.055634195065361600 ) ) ;
#1845 = VECTOR ( 'NONE', #4669, 1000.000000000000100 ) ;
#1846 = CARTESIAN_POINT ( 'NONE',  ( -0.1665366710434444400, 3.910000000000000100, 2.072193764635597500 ) ) ;
#1847 = EDGE_CURVE ( 'NONE', #1486, #2957, #4379, .T. ) ;
#1848 = CARTESIAN_POINT ( 'NONE',  ( -0.2682640426263929700, 3.909999999999998400, 1.156494406157290200 ) ) ;
#1849 = EDGE_CURVE ( 'NONE', #8344, #5704, #2914, .T. ) ;
#1850 = CARTESIAN_POINT ( 'NONE',  ( 2.317111514797229900, 3.910000000000000100, 1.950312185406437400 ) ) ;
#1851 = ORIENTED_EDGE ( 'NONE', *, *, #3867, .T. ) ;
#1852 = CARTESIAN_POINT ( 'NONE',  ( 0.6448154754210335700, 3.900000000000000400, 1.659424992064287000 ) ) ;
#1853 = ORIENTED_EDGE ( 'NONE', *, *, #6992, .T. ) ;
#1854 = LINE ( 'NONE', #6310, #3511 ) ;
#1855 = CARTESIAN_POINT ( 'NONE',  ( -0.6550574750655702200, 3.900000000000000400, 1.710541016711141700 ) ) ;
#1856 = PRESENTATION_LAYER_ASSIGNMENT (  '', '', ( #7239 ) ) ;
#1857 =( GEOMETRIC_REPRESENTATION_CONTEXT ( 3 ) GLOBAL_UNCERTAINTY_ASSIGNED_CONTEXT ( ( #808 ) ) GLOBAL_UNIT_ASSIGNED_CONTEXT ( ( #1472, #831, #113 ) ) REPRESENTATION_CONTEXT ( 'NONE', 'WORKASPACE' ) );
#1858 = CARTESIAN_POINT ( 'NONE',  ( -0.9344986268769774900, 3.900000000000000800, 1.558863687888414800 ) ) ;
#1859 = EDGE_CURVE ( 'NONE', #5319, #4667, #7764, .T. ) ;
#1860 = SURFACE_STYLE_FILL_AREA ( #807 ) ;
#1861 = SURFACE_STYLE_USAGE ( .BOTH. , #516 ) ;
#1862 = DIRECTION ( 'NONE',  ( 0.0000000000000000000, 0.0000000000000000000, 1.000000000000000000 ) ) ;
#1863 = CARTESIAN_POINT ( 'NONE',  ( -0.8484661555105674800, 3.900000000000000400, 2.044883865654965900 ) ) ;
#1864 = SURFACE_STYLE_USAGE ( .BOTH. , #5129 ) ;
#1865 = AXIS2_PLACEMENT_3D ( 'NONE', #6639, #633, #7998 ) ;
#1866 = CARTESIAN_POINT ( 'NONE',  ( -0.9638264707711589100, 3.910000000000000100, 1.233117503579911100 ) ) ;
#1867 = DIRECTION ( 'NONE',  ( -0.08700343829513165800, 0.9944538502334666600, -0.05909265166379889400 ) ) ;
#1868 = VECTOR ( 'NONE', #7221, 1000.000000000000000 ) ;
#1869 = ORIENTED_EDGE ( 'NONE', *, *, #4120, .T. ) ;
#1870 =( NAMED_UNIT ( * ) SI_UNIT ( $, .STERADIAN. ) SOLID_ANGLE_UNIT ( ) );
#1871 = EDGE_LOOP ( 'NONE', ( #2605, #4281, #5873, #4705 ) ) ;
#1872 = CARTESIAN_POINT ( 'NONE',  ( -0.9359373399043943200, 3.909999999999999300, 1.651372276107489600 ) ) ;
#1873 = CARTESIAN_POINT ( 'NONE',  ( -0.9466349231778292700, 3.899999999999999900, 1.230532160052763400 ) ) ;
#1874 = DIRECTION ( 'NONE',  ( -0.0000000000000000000, -1.000000000000000000, -0.0000000000000000000 ) ) ;
#1875 = ORIENTED_EDGE ( 'NONE', *, *, #2782, .F. ) ;
#1876 = CARTESIAN_POINT ( 'NONE',  ( -0.4870320144072295400, 3.900000000000002100, 1.549504502689441000 ) ) ;
#1877 = ORIENTED_EDGE ( 'NONE', *, *, #4409, .T. ) ;
#1878 = CARTESIAN_POINT ( 'NONE',  ( 0.7310546390770447100, 3.899999999999999500, 1.725006868921884300 ) ) ;
#1879 = ADVANCED_FACE ( 'NONE', ( #2390 ), #5970, .T. ) ;
#1880 = CARTESIAN_POINT ( 'NONE',  ( 5.509999999999998900, 3.763073361412149000, 4.549999999999998000 ) ) ;
#1881 = ORIENTED_EDGE ( 'NONE', *, *, #2950, .F. ) ;
#1882 = CARTESIAN_POINT ( 'NONE',  ( -0.7486927747892815300, 3.900000000000001200, 1.620685630654511700 ) ) ;
#1883 = DIRECTION ( 'NONE',  ( -0.0000000000000000000, -1.000000000000000000, -0.0000000000000000000 ) ) ;
#1884 =( NAMED_UNIT ( * ) PLANE_ANGLE_UNIT ( ) SI_UNIT ( $, .RADIAN. ) );
#1885 = CARTESIAN_POINT ( 'NONE',  ( -1.252027982200463600, 3.910000000000000100, 1.877653359963737500 ) ) ;
#1886 = CARTESIAN_POINT ( 'NONE',  ( -0.7365301716344396800, 3.909999999999999300, 1.919222734824205700 ) ) ;
#1887 = ORIENTED_EDGE ( 'NONE', *, *, #1010, .T. ) ;
#1888 = CARTESIAN_POINT ( 'NONE',  ( -1.833215576098324900, 3.909999999999999300, 2.015071901444522000 ) ) ;
#1889 = DIRECTION ( 'NONE',  ( 0.0000000000000000000, -0.0000000000000000000, 1.000000000000000000 ) ) ;
#1890 = EDGE_CURVE ( 'NONE', #1236, #4468, #627, .T. ) ;
#1891 = FACE_OUTER_BOUND ( 'NONE', #7536, .T. ) ;
#1892 = CARTESIAN_POINT ( 'NONE',  ( 0.03926412148800440700, 3.910000000000000100, 1.707230558691957400 ) ) ;
#1893 = ORIENTED_EDGE ( 'NONE', *, *, #5420, .T. ) ;
#1894 = EDGE_CURVE ( 'NONE', #4667, #4882, #1013, .T. ) ;
#1895 = CARTESIAN_POINT ( 'NONE',  ( 1.773161567428957600, 3.900000000000001200, 1.998527180650614600 ) ) ;
#1896 = CARTESIAN_POINT ( 'NONE',  ( -1.067737297305218200, 3.900000000000000800, 1.302308556093678900 ) ) ;
#1897 = ORIENTED_EDGE ( 'NONE', *, *, #1741, .F. ) ;
#1898 = CARTESIAN_POINT ( 'NONE',  ( -1.817016428609953900, 3.900000000000000400, 1.953546223279781800 ) ) ;
#1899 = CARTESIAN_POINT ( 'NONE',  ( 0.4000000000000000200, 2.299999999999999400, 21.14999999999999900 ) ) ;
#1900 = CARTESIAN_POINT ( 'NONE',  ( -0.7915347307138745900, 3.910000000000001000, 1.487088337467782100 ) ) ;
#1901 = PRESENTATION_LAYER_ASSIGNMENT (  '', '', ( #3572 ) ) ;
#1902 = CIRCLE ( 'NONE', #3140, 0.1499999999999999700 ) ;
#1903 = ORIENTED_EDGE ( 'NONE', *, *, #3689, .F. ) ;
#1904 = VERTEX_POINT ( 'NONE', #4475 ) ;
#1905 = CARTESIAN_POINT ( 'NONE',  ( 0.3639287373872472900, 3.909999999999998400, 2.141946206314529400 ) ) ;
#1906 = EDGE_CURVE ( 'NONE', #2461, #5961, #5755, .T. ) ;
#1907 = CARTESIAN_POINT ( 'NONE',  ( -0.01132928713117153600, 3.909999999999999300, 1.968145484051233800 ) ) ;
#1908 = EDGE_CURVE ( 'NONE', #5975, #6397, #6332, .T. ) ;
#1909 = DIRECTION ( 'NONE',  ( -0.0000000000000000000, -0.0000000000000000000, 1.000000000000000000 ) ) ;
#1910 = CARTESIAN_POINT ( 'NONE',  ( 1.391168172025137700, 3.909999999999999300, 1.271159134101756100 ) ) ;
#1911 = CARTESIAN_POINT ( 'NONE',  ( 1.622961883483054100, 3.900000000000000400, 2.156529213174469100 ) ) ;
#1912 = DIRECTION ( 'NONE',  ( -0.0000000000000000000, -0.0000000000000000000, -1.000000000000000000 ) ) ;
#1913 = CARTESIAN_POINT ( 'NONE',  ( -1.731228162214270400, 3.899999999999999500, 2.105758449965722700 ) ) ;
#1914 = FACE_OUTER_BOUND ( 'NONE', #6793, .T. ) ;
#1915 = SURFACE_STYLE_USAGE ( .BOTH. , #6549 ) ;
#1916 = CARTESIAN_POINT ( 'NONE',  ( -1.483050440661611400, 3.899999999999999500, 1.415272974210672400 ) ) ;
#1917 = ORIENTED_EDGE ( 'NONE', *, *, #8566, .F. ) ;
#1918 = ADVANCED_FACE ( 'NONE', ( #6493 ), #5858, .T. ) ;
#1919 = FACE_OUTER_BOUND ( 'NONE', #6363, .T. ) ;
#1920 = CARTESIAN_POINT ( 'NONE',  ( -0.8953688156990530200, 3.910000000000000100, 1.232803288742701600 ) ) ;
#1921 = PRESENTATION_STYLE_ASSIGNMENT (( #5485 ) ) ;
#1922 = CARTESIAN_POINT ( 'NONE',  ( 0.0000000000000000000, 0.6999999999999999600, 0.0000000000000000000 ) ) ;
#1923 = UNCERTAINTY_MEASURE_WITH_UNIT (LENGTH_MEASURE( 1.000000000000000100E-005 ), #8049, 'distance_accuracy_value', 'NONE');
#1924 =( LENGTH_UNIT ( ) NAMED_UNIT ( * ) SI_UNIT ( .MILLI., .METRE. ) );
#1925 = AXIS2_PLACEMENT_3D ( 'NONE', #3313, #7443, #7413 ) ;
#1926 = CARTESIAN_POINT ( 'NONE',  ( 0.4796926875134639400, 3.910000000000000100, 1.547780432168919300 ) ) ;
#1927 = COLOUR_RGB ( '',1.000000000000000000, 1.000000000000000000, 1.000000000000000000 ) ;
#1928 = CARTESIAN_POINT ( 'NONE',  ( -1.557659568017615300, 3.899999999999999500, 1.340406770688171300 ) ) ;
#1929 = CARTESIAN_POINT ( 'NONE',  ( -0.1699936456878599600, 3.899999999999999500, 1.138323917596906400 ) ) ;
#1930 = DIRECTION ( 'NONE',  ( 2.316048300074779300E-016, 0.0000000000000000000, 1.000000000000000000 ) ) ;
#1931 = CIRCLE ( 'NONE', #901, 0.1499999999999999700 ) ;
#1932 = CARTESIAN_POINT ( 'NONE',  ( -1.377062986832918300, 3.910000000000000100, 1.151141133056649900 ) ) ;
#1933 = B_SPLINE_CURVE_WITH_KNOTS ( 'NONE', 3,
 ( #3673, #5050, #8354, #5725, #4450, #1814, #486 ),
 .UNSPECIFIED., .F., .F.,
 ( 4, 1, 1, 1, 4 ),
 ( 0.0000000000000000000, 0.2326757221944789900, 0.4752905695134564400, 0.7318801894094765200, 1.000000000000000000 ),
 .UNSPECIFIED. ) ;
#1934 = CARTESIAN_POINT ( 'NONE',  ( -0.6960505955168393400, 3.899999999999999500, 1.661307443658489100 ) ) ;
#1935 = DIRECTION ( 'NONE',  ( -0.0000000000000000000, -1.000000000000000000, -0.0000000000000000000 ) ) ;
#1936 = CARTESIAN_POINT ( 'NONE',  ( 5.002686081600999500, 0.6999999999999999600, 6.277029990532487800 ) ) ;
#1937 = CARTESIAN_POINT ( 'NONE',  ( -1.514185045998168900, 3.900000000000000400, 1.261891108194567000 ) ) ;
#1938 = CARTESIAN_POINT ( 'NONE',  ( 0.8789393915247615300, 3.909999999999999300, 1.778914524612798400 ) ) ;
#1939 =( LENGTH_UNIT ( ) NAMED_UNIT ( * ) SI_UNIT ( .MILLI., .METRE. ) );
#1940 = CARTESIAN_POINT ( 'NONE',  ( -1.645056925712571100, 3.900000000000000800, 1.784923028532688900 ) ) ;
#1941 = SURFACE_STYLE_FILL_AREA ( #14 ) ;
#1942 = ORIENTED_EDGE ( 'NONE', *, *, #4695, .F. ) ;
#1943 = CARTESIAN_POINT ( 'NONE',  ( -1.024165167550078700, 3.899999999999998600, 1.258006657645721800 ) ) ;
#1944 = FACE_BOUND ( 'NONE', #2026, .T. ) ;
#1945 = FILL_AREA_STYLE_COLOUR ( '', #1759 ) ;
#1946 = PLANE ( 'NONE',  #536 ) ;
#1947 = CARTESIAN_POINT ( 'NONE',  ( -1.737260355253970700, 3.910000000000000100, 2.151141133056650100 ) ) ;
#1948 = CARTESIAN_POINT ( 'NONE',  ( 1.546456750009187500, 3.899999999999999900, 1.243246396214544600 ) ) ;
#1949 = DIRECTION ( 'NONE',  ( 0.0000000000000000000, -1.000000000000000000, 0.0000000000000000000 ) ) ;
#1950 = VERTEX_POINT ( 'NONE', #5269 ) ;
#1951 = FACE_OUTER_BOUND ( 'NONE', #7829, .T. ) ;
#1952 = EDGE_CURVE ( 'NONE', #6398, #3852, #416, .T. ) ;
#1953 = CARTESIAN_POINT ( 'NONE',  ( 0.6657983777873967000, 3.909999999999999300, 1.669332695977600900 ) ) ;
#1954 =( GEOMETRIC_REPRESENTATION_CONTEXT ( 3 ) GLOBAL_UNCERTAINTY_ASSIGNED_CONTEXT ( ( #8161 ) ) GLOBAL_UNIT_ASSIGNED_CONTEXT ( ( #4187, #6884, #4851 ) ) REPRESENTATION_CONTEXT ( 'NONE', 'WORKASPACE' ) );
#1955 = CARTESIAN_POINT ( 'NONE',  ( 0.7672626710618188900, 3.900000000000000400, 1.850154290951386800 ) ) ;
#1956 = CARTESIAN_POINT ( 'NONE',  ( 1.773161567428957600, 3.900000000000001700, 1.998527180650614600 ) ) ;
#1957 = SURFACE_STYLE_FILL_AREA ( #8076 ) ;
#1958 = CARTESIAN_POINT ( 'NONE',  ( -0.6810732108207676600, 3.909999999999999300, 1.676973832692825200 ) ) ;
#1959 = PRESENTATION_LAYER_ASSIGNMENT (  '', '', ( #7575 ) ) ;
#1960 = VERTEX_POINT ( 'NONE', #1213 ) ;
#1961 = PRESENTATION_LAYER_ASSIGNMENT (  '', '', ( #7069 ) ) ;
#1962 = CARTESIAN_POINT ( 'NONE',  ( -0.6123793499855250100, 3.900000000000000400, 1.930013136116213800 ) ) ;
#1963 = CARTESIAN_POINT ( 'NONE',  ( 1.521038310878801900, 3.899999999999999500, 2.164187207660412500 ) ) ;
#1964 = CARTESIAN_POINT ( 'NONE',  ( -1.531904637726565500, 3.900000000000001200, 1.293074726176022500 ) ) ;
#1965 = CARTESIAN_POINT ( 'NONE',  ( 0.5609261239771388100, 3.910000000000000100, 1.546093332519671500 ) ) ;
#1966 = VECTOR ( 'NONE', #3853, 1000.000000000000000 ) ;
#1967 = CARTESIAN_POINT ( 'NONE',  ( 1.048117236072085800, 3.909999999999998400, 1.556947249668818800 ) ) ;
#1968 = PRESENTATION_LAYER_ASSIGNMENT (  '', '', ( #3308 ) ) ;
#1969 =( LENGTH_UNIT ( ) NAMED_UNIT ( * ) SI_UNIT ( .MILLI., .METRE. ) );
#1970 = VERTEX_POINT ( 'NONE', #3949 ) ;
#1971 = SURFACE_STYLE_USAGE ( .BOTH. , #8004 ) ;
#1972 = PRESENTATION_STYLE_ASSIGNMENT (( #6027 ) ) ;
#1973 =( NAMED_UNIT ( * ) SI_UNIT ( $, .STERADIAN. ) SOLID_ANGLE_UNIT ( ) );
#1974 = PRESENTATION_STYLE_ASSIGNMENT (( #126 ) ) ;
#1975 = CARTESIAN_POINT ( 'NONE',  ( -1.603919386531124300, 3.900000000000000800, 1.429297165972993400 ) ) ;
#1976 = CARTESIAN_POINT ( 'NONE',  ( 0.5127396447460295100, 3.910000000000000100, 1.637983238319807900 ) ) ;
#1977 = ORIENTED_EDGE ( 'NONE', *, *, #5651, .F. ) ;
#1978 = ORIENTED_EDGE ( 'NONE', *, *, #124, .T. ) ;
#1979 = LINE ( 'NONE', #1446, #7122 ) ;
#1980 = CARTESIAN_POINT ( 'NONE',  ( 1.456496119262840700, 3.910000000000000100, 2.163235643836190800 ) ) ;
#1981 = CARTESIAN_POINT ( 'NONE',  ( 1.629306405728981000, 3.899999999999999900, 2.050209158316580500 ) ) ;
#1982 =( NAMED_UNIT ( * ) PLANE_ANGLE_UNIT ( ) SI_UNIT ( $, .RADIAN. ) );
#1983 = ORIENTED_EDGE ( 'NONE', *, *, #436, .F. ) ;
#1984 = CARTESIAN_POINT ( 'NONE',  ( -0.6069149605171285700, 3.900000000000000400, 1.866807251477702500 ) ) ;
#1985 = SURFACE_STYLE_USAGE ( .BOTH. , #6716 ) ;
#1986 = FILL_AREA_STYLE_COLOUR ( '', #6421 ) ;
#1987 = SURFACE_STYLE_USAGE ( .BOTH. , #8023 ) ;
#1988 = CARTESIAN_POINT ( 'NONE',  ( -0.7000000000000002900, 2.299999999999999800, 7.549999999999998000 ) ) ;
#1989 = DIRECTION ( 'NONE',  ( 0.0000000000000000000, 0.0000000000000000000, -1.000000000000000000 ) ) ;
#1990 = CARTESIAN_POINT ( 'NONE',  ( -1.075288730041826100, 3.909999999999998400, 1.316076527357130000 ) ) ;
#1991 = ORIENTED_EDGE ( 'NONE', *, *, #8620, .F. ) ;
#1992 = ORIENTED_EDGE ( 'NONE', *, *, #6001, .F. ) ;
#1993 = CARTESIAN_POINT ( 'NONE',  ( -0.8115100228532468000, 3.900000000000000400, 1.277208340471333200 ) ) ;
#1994 = CARTESIAN_POINT ( 'NONE',  ( 2.140000000000000100, 2.299999999999999400, 21.14999999999999900 ) ) ;
#1995 = CARTESIAN_POINT ( 'NONE',  ( -0.8181235169800279400, 3.910000000000000100, 1.156773752829048700 ) ) ;
#1996 = EDGE_CURVE ( 'NONE', #142, #4055, #7111, .T. ) ;
#1997 = CARTESIAN_POINT ( 'NONE',  ( 0.5262327511038986700, 3.900000000000000400, 1.545957779069306000 ) ) ;
#1998 = DIRECTION ( 'NONE',  ( 0.0000000000000000000, 1.000000000000000000, 0.0000000000000000000 ) ) ;
#1999 = CIRCLE ( 'NONE', #1865, 0.1499999999999999700 ) ;
#2000 = CARTESIAN_POINT ( 'NONE',  ( -4.931991162772794400, 2.734650319860642200, 2.549859731522301100 ) ) ;
#2001 = ORIENTED_EDGE ( 'NONE', *, *, #8331, .T. ) ;
#2002 = VERTEX_POINT ( 'NONE', #7238 ) ;
#2003 = CARTESIAN_POINT ( 'NONE',  ( 0.5423341003550030700, 3.910000000000000100, 1.638365378109065500 ) ) ;
#2004 = EDGE_LOOP ( 'NONE', ( #4243, #2841, #8172, #6078 ) ) ;
#2005 = FILL_AREA_STYLE ('',( #3359 ) ) ;
#2006 = STYLED_ITEM ( 'NONE', ( #3519 ), #2768 ) ;
#2007 = CARTESIAN_POINT ( 'NONE',  ( 0.7078145572778672400, 3.900000000000000800, 2.129627484780230800 ) ) ;
#2008 = PRESENTATION_STYLE_ASSIGNMENT (( #1562 ) ) ;
#2009 = EDGE_CURVE ( 'NONE', #3743, #3553, #4380, .T. ) ;
#2010 = B_SPLINE_CURVE_WITH_KNOTS ( 'NONE', 3,
 ( #2215, #5643, #1649, #3662, #6904, #944, #3604, #7691, #975, #5580, #8338, #3017, #333, #253, #2892, #7578, #6309, #4909, #3568 ),
 .UNSPECIFIED., .F., .F.,
 ( 4, 1, 1, 1, 1, 1, 1, 1, 1, 1, 1, 1, 1, 1, 1, 1, 4 ),
 ( 0.0000000000000000000, 0.07322922213345251000, 0.1427279882952142700, 0.2096797059372922700, 0.2738726736699622600, 0.3361920986707582800, 0.3972400440621241000, 0.4575625659684194900, 0.5180078741286698900, 0.5779402354934601900, 0.6363612727659563300, 0.6944482114327743500, 0.7524553191892829900, 0.8115506496700302100, 0.8720649156133133400, 0.9345931227092997300, 1.000000000000000000 ),
 .UNSPECIFIED. ) ;
#2011 = EDGE_CURVE ( 'NONE', #3895, #5304, #5524, .T. ) ;
#2012 = CARTESIAN_POINT ( 'NONE',  ( 1.646764713780497000, 3.900000000000001200, 1.144233208708766300 ) ) ;
#2013 = MECHANICAL_DESIGN_GEOMETRIC_PRESENTATION_REPRESENTATION (  '', ( #8121 ), #4991 ) ;
#2014 = CARTESIAN_POINT ( 'NONE',  ( 1.586014430195768800, 3.910000000000000100, 2.160893326586983900 ) ) ;
#2015 = FILL_AREA_STYLE ('',( #15 ) ) ;
#2016 = CARTESIAN_POINT ( 'NONE',  ( -1.572351552038538000, 3.910000000000000100, 1.367807841745658100 ) ) ;
#2017 =( NAMED_UNIT ( * ) SI_UNIT ( $, .STERADIAN. ) SOLID_ANGLE_UNIT ( ) );
#2018 = PLANE ( 'NONE',  #797 ) ;
#2019 = CARTESIAN_POINT ( 'NONE',  ( -0.6673336429022610500, 3.910000000000000100, 1.693337139261887900 ) ) ;
#2020 = ORIENTED_EDGE ( 'NONE', *, *, #8630, .T. ) ;
#2021 = CARTESIAN_POINT ( 'NONE',  ( -1.010526874967725400, 3.910000000000001900, 1.249738787091197600 ) ) ;
#2022 = LINE ( 'NONE', #902, #264 ) ;
#2023 = CARTESIAN_POINT ( 'NONE',  ( -0.7323572038368511000, 3.900000000000000400, 1.561121554976336400 ) ) ;
#2024 = B_SPLINE_CURVE_WITH_KNOTS ( 'NONE', 3,
 ( #5287, #3981, #1789, #1844, #438, #6447, #7107, #1822, #1723, #3158, #4459, #3735, #5796, #4492, #5827, #2419, #6472, #5200, #6502 ),
 .UNSPECIFIED., .F., .F.,
 ( 4, 1, 1, 1, 1, 1, 1, 1, 1, 1, 1, 1, 1, 1, 1, 1, 4 ),
 ( 0.0000000000000000000, 0.06656900490279811500, 0.1311541519537149400, 0.1935255046504235900, 0.2556207602060359100, 0.3162863553828247900, 0.3758666351356315100, 0.4344602749340934500, 0.4928896054045504600, 0.5513189358750060200, 0.6108064461846529600, 0.6709437387456556000, 0.7327715901135458700, 0.7968894713079736100, 0.8618976352325818900, 0.9295698500587679100, 1.000000000000000000 ),
 .UNSPECIFIED. ) ;
#2025 = SURFACE_STYLE_USAGE ( .BOTH. , #6756 ) ;
#2026 = EDGE_LOOP ( 'NONE', ( #5648, #1454, #8040, #8394 ) ) ;
#2027 = CARTESIAN_POINT ( 'NONE',  ( -0.9777091520105586400, 3.909999999999999300, 1.552307250630343500 ) ) ;
#2028 = CARTESIAN_POINT ( 'NONE',  ( -5.077247712300452200, 0.6999999999999999600, 6.326988248799488600 ) ) ;
#2029 = COLOUR_RGB ( '',1.000000000000000000, 1.000000000000000000, 1.000000000000000000 ) ;
#2030 = SURFACE_STYLE_USAGE ( .BOTH. , #2762 ) ;
#2031 = B_SPLINE_CURVE_WITH_KNOTS ( 'NONE', 3,
 ( #5101, #5872, #3848, #6492, #1136, #7163, #4510 ),
 .UNSPECIFIED., .F., .F.,
 ( 4, 1, 1, 1, 4 ),
 ( 0.0000000000000000000, 0.2293805487812669300, 0.4721227502139387400, 0.7299846586571563400, 1.000000000000000000 ),
 .UNSPECIFIED. ) ;
#2032 = CARTESIAN_POINT ( 'NONE',  ( 0.5127396447460295100, 3.900000000000000400, 1.637983238319807900 ) ) ;
#2033 = ORIENTED_EDGE ( 'NONE', *, *, #2571, .F. ) ;
#2034 = CARTESIAN_POINT ( 'NONE',  ( 0.8838333947460294000, 3.900000000000000400, 1.844397712004018500 ) ) ;
#2035 = CARTESIAN_POINT ( 'NONE',  ( -5.024129811261212300, 1.681500748532234400, 2.616392412698660400 ) ) ;
#2036 = CARTESIAN_POINT ( 'NONE',  ( -0.8294747474061564500, 3.910000000000000100, 2.152505954734089700 ) ) ;
#2037 = CARTESIAN_POINT ( 'NONE',  ( 0.8618212349087043300, 3.910000000000000100, 1.719819996178816100 ) ) ;
#2038 = FACE_OUTER_BOUND ( 'NONE', #6269, .T. ) ;
#2039 = EDGE_CURVE ( 'NONE', #5513, #819, #4896, .T. ) ;
#2040 = CARTESIAN_POINT ( 'NONE',  ( -1.093151709803181300, 3.909999999999999300, 1.389349461485516200 ) ) ;
#2041 = EDGE_CURVE ( 'NONE', #5773, #1700, #3761, .T. ) ;
#2042 = CARTESIAN_POINT ( 'NONE',  ( -4.692586600614427900, 3.750000000000000400, 4.549999999999998000 ) ) ;
#2043 = ORIENTED_EDGE ( 'NONE', *, *, #5836, .F. ) ;
#2044 = CARTESIAN_POINT ( 'NONE',  ( 2.600733065798660700, 3.910000000000000100, 1.151141133056649900 ) ) ;
#2045 = CARTESIAN_POINT ( 'NONE',  ( 0.5127396447460295100, 3.910000000000000100, 1.637983238319807900 ) ) ;
#2046 = ORIENTED_EDGE ( 'NONE', *, *, #962, .F. ) ;
#2047 = CARTESIAN_POINT ( 'NONE',  ( 0.3503300705971620900, 3.910000000000001000, 2.022084137425465200 ) ) ;
#2048 = EDGE_CURVE ( 'NONE', #4309, #1236, #2059, .T. ) ;
#2049 = CARTESIAN_POINT ( 'NONE',  ( -0.9921607838806190100, 3.909999999999998400, 2.051490080775399100 ) ) ;
#2050 = EDGE_LOOP ( 'NONE', ( #918, #5360, #763, #8609 ) ) ;
#2051 = CARTESIAN_POINT ( 'NONE',  ( 1.316393669210319300, 3.910000000000000100, 2.131024860114059100 ) ) ;
#2052 = ORIENTED_EDGE ( 'NONE', *, *, #7170, .T. ) ;
#2053 = PRESENTATION_STYLE_ASSIGNMENT (( #5649 ) ) ;
#2054 = CARTESIAN_POINT ( 'NONE',  ( 0.4537130142721137500, 3.910000000000001000, 2.063227017920994800 ) ) ;
#2055 = MECHANICAL_DESIGN_GEOMETRIC_PRESENTATION_REPRESENTATION (  '', ( #2177 ), #2532 ) ;
#2056 = CARTESIAN_POINT ( 'NONE',  ( -0.8082170656781827400, 3.910000000000000100, 1.507543854871697700 ) ) ;
#2057 = ADVANCED_FACE ( 'NONE', ( #7315 ), #7366, .T. ) ;
#2058 = CARTESIAN_POINT ( 'NONE',  ( -5.081378602532078400, 1.027144070036340800, 2.658175314955610900 ) ) ;
#2059 = LINE ( 'NONE', #657, #8043 ) ;
#2060 = ORIENTED_EDGE ( 'NONE', *, *, #6677, .F. ) ;
#2061 = ORIENTED_EDGE ( 'NONE', *, *, #3242, .F. ) ;
#2062 = CARTESIAN_POINT ( 'NONE',  ( -0.7990465514772446800, 3.899999999999999500, 2.143079722363424800 ) ) ;
#2063 = CARTESIAN_POINT ( 'NONE',  ( 5.077247712300452200, 0.6999999999999999600, 2.773011751200508400 ) ) ;
#2064 = CARTESIAN_POINT ( 'NONE',  ( 4.970651347020963200, 2.292762391869660900, 2.578052231538611800 ) ) ;
#2065 = CARTESIAN_POINT ( 'NONE',  ( 2.600733065798660700, 3.900000000000000400, 1.151141133056649900 ) ) ;
#2066 = CARTESIAN_POINT ( 'NONE',  ( -1.251654134455147900, 3.900000000000000800, 1.853395934175526600 ) ) ;
#2067 = CARTESIAN_POINT ( 'NONE',  ( 1.705527240366599800, 3.900000000000002100, 1.155929217631408400 ) ) ;
#2068 = ORIENTED_EDGE ( 'NONE', *, *, #1615, .T. ) ;
#2069 = CARTESIAN_POINT ( 'NONE',  ( 1.182951804449895700, 3.899999999999999500, 1.284238236682931000 ) ) ;
#2070 = AXIS2_PLACEMENT_3D ( 'NONE', #1147, #437, #7895 ) ;
#2071 = CARTESIAN_POINT ( 'NONE',  ( 2.296867934219713800, 3.910000000000000100, 2.032514488319807600 ) ) ;
#2072 = UNCERTAINTY_MEASURE_WITH_UNIT (LENGTH_MEASURE( 1.000000000000000100E-005 ), #4881, 'distance_accuracy_value', 'NONE');
#2073 = DIRECTION ( 'NONE',  ( 0.9976435662509417500, -0.0000000000000000000, 0.06860987332813538200 ) ) ;
#2074 = VECTOR ( 'NONE', #7053, 1000.000000000000100 ) ;
#2075 = CARTESIAN_POINT ( 'NONE',  ( 0.6999999999999995100, 2.299999999999999800, 12.04999999999999900 ) ) ;
#2076 = CARTESIAN_POINT ( 'NONE',  ( -5.028310758223121900, 0.6999999999999999600, 6.286510649627108400 ) ) ;
#2077 = CARTESIAN_POINT ( 'NONE',  ( 1.535087307113200100, 3.910000000000000100, 2.058844812211908100 ) ) ;
#2078 = CARTESIAN_POINT ( 'NONE',  ( -1.060885795540418100, 3.899999999999999500, 2.016515761875251400 ) ) ;
#2079 = CARTESIAN_POINT ( 'NONE',  ( 0.7310546390770447100, 3.899999999999999500, 1.725006868921884300 ) ) ;
#2080 = LINE ( 'NONE', #1606, #2305 ) ;
#2081 = DIRECTION ( 'NONE',  ( 0.0000000000000000000, 0.0000000000000000000, -1.000000000000000000 ) ) ;
#2082 = CARTESIAN_POINT ( 'NONE',  ( -0.7642379337135423200, 3.909999999999998400, 1.411709330351375000 ) ) ;
#2083 = CARTESIAN_POINT ( 'NONE',  ( -3.240000000000000700, 2.860000000000000300, 12.04999999999999900 ) ) ;
#2084 = CARTESIAN_POINT ( 'NONE',  ( 1.774501998497679300, 3.910000000000000100, 1.181126845897752000 ) ) ;
#2085 = VECTOR ( 'NONE', #63, 1000.000000000000000 ) ;
#2086 = CARTESIAN_POINT ( 'NONE',  ( -0.8294747474061564500, 3.900000000000000400, 2.152505954734089700 ) ) ;
#2087 = CARTESIAN_POINT ( 'NONE',  ( 2.940000000000000400, 2.299999999999999400, 21.14999999999999900 ) ) ;
#2088 =( LENGTH_UNIT ( ) NAMED_UNIT ( * ) SI_UNIT ( .MILLI., .METRE. ) );
#2089 = CARTESIAN_POINT ( 'NONE',  ( 1.782476486851292600, 3.910000000000000100, 2.106322054109281500 ) ) ;
#2090 = LINE ( 'NONE', #6932, #139 ) ;
#2091 = VERTEX_POINT ( 'NONE', #5374 ) ;
#2092 = ORIENTED_EDGE ( 'NONE', *, *, #1728, .F. ) ;
#2093 = VERTEX_POINT ( 'NONE', #6683 ) ;
#2094 = DIRECTION ( 'NONE',  ( 0.0000000000000000000, -1.000000000000000000, 0.0000000000000000000 ) ) ;
#2095 = VECTOR ( 'NONE', #922, 1000.000000000000000 ) ;
#2096 = PRESENTATION_LAYER_ASSIGNMENT (  '', '', ( #4066 ) ) ;
#2097 = ADVANCED_FACE ( 'NONE', ( #7833 ), #2880, .T. ) ;
#2098 = FACE_OUTER_BOUND ( 'NONE', #6969, .T. ) ;
#2099 = EDGE_CURVE ( 'NONE', #7325, #37, #1283, .T. ) ;
#2100 = PLANE ( 'NONE',  #6166 ) ;
#2101 = DIRECTION ( 'NONE',  ( 1.000000000000000000, 0.0000000000000000000, 0.0000000000000000000 ) ) ;
#2102 = EDGE_CURVE ( 'NONE', #3588, #8640, #1664, .T. ) ;
#2103 = CARTESIAN_POINT ( 'NONE',  ( 1.325364980046111400, 3.909999999999999300, 1.307180839397398300 ) ) ;
#2104 = DIRECTION ( 'NONE',  ( 0.0000000000000000000, 0.0000000000000000000, 1.000000000000000000 ) ) ;
#2105 = PRESENTATION_STYLE_ASSIGNMENT (( #1554 ) ) ;
#2106 = CARTESIAN_POINT ( 'NONE',  ( 0.5240384140259224400, 3.910000000000000100, 2.071996227915149800 ) ) ;
#2107 = CARTESIAN_POINT ( 'NONE',  ( -0.9507658467698252300, 3.899999999999999500, 2.058738467308183200 ) ) ;
#2108 = MECHANICAL_DESIGN_GEOMETRIC_PRESENTATION_REPRESENTATION (  '', ( #8116 ), #4981 ) ;
#2109 = DIRECTION ( 'NONE',  ( 0.0000000000000000000, 0.0000000000000000000, 1.000000000000000000 ) ) ;
#2110 =( GEOMETRIC_REPRESENTATION_CONTEXT ( 3 ) GLOBAL_UNCERTAINTY_ASSIGNED_CONTEXT ( ( #4932 ) ) GLOBAL_UNIT_ASSIGNED_CONTEXT ( ( #5695, #2263, #4335 ) ) REPRESENTATION_CONTEXT ( 'NONE', 'WORKASPACE' ) );
#2111 = CARTESIAN_POINT ( 'NONE',  ( -4.692586600614427900, 3.900000000000000400, 7.399999999999997700 ) ) ;
#2112 = PRESENTATION_STYLE_ASSIGNMENT (( #1864 ) ) ;
#2113 =( NAMED_UNIT ( * ) PLANE_ANGLE_UNIT ( ) SI_UNIT ( $, .RADIAN. ) );
#2114 = EDGE_LOOP ( 'NONE', ( #693, #7101, #6641, #4247 ) ) ;
#2115 = CARTESIAN_POINT ( 'NONE',  ( -0.9296945657802865300, 3.910000000000000100, 1.137983238319807900 ) ) ;
#2116 = CARTESIAN_POINT ( 'NONE',  ( -0.07351858622342867500, 3.900000000000000400, 1.256441762767118700 ) ) ;
#2117 = AXIS2_PLACEMENT_3D ( 'NONE', #6092, #3248, #1930 ) ;
#2118 = CARTESIAN_POINT ( 'NONE',  ( 0.8838333947460294000, 3.900000000000000400, 1.844397712004018500 ) ) ;
#2119 = VECTOR ( 'NONE', #7333, 1000.000000000000000 ) ;
#2120 = CARTESIAN_POINT ( 'NONE',  ( 4.904418119201889900, 1.885248538307099400, 2.745153375524910900 ) ) ;
#2121 = CARTESIAN_POINT ( 'NONE',  ( -0.7596300106673319300, 3.900000000000001200, 1.741485688695064000 ) ) ;
#2122 = DIRECTION ( 'NONE',  ( -0.0000000000000000000, -1.000000000000000000, -0.0000000000000000000 ) ) ;
#2123 = CARTESIAN_POINT ( 'NONE',  ( 0.3254452368512926700, 3.900000000000000400, 2.123797383056650100 ) ) ;
#2124 = COLOUR_RGB ( '',1.000000000000000000, 1.000000000000000000, 1.000000000000000000 ) ;
#2125 = ORIENTED_EDGE ( 'NONE', *, *, #384, .T. ) ;
#2126 = CARTESIAN_POINT ( 'NONE',  ( 3.239999999999999800, 2.299999999999999800, 12.04999999999999900 ) ) ;
#2127 = ORIENTED_EDGE ( 'NONE', *, *, #7287, .F. ) ;
#2128 = COLOUR_RGB ( '',1.000000000000000000, 1.000000000000000000, 1.000000000000000000 ) ;
#2129 = CARTESIAN_POINT ( 'NONE',  ( -0.6515849515221188200, 3.900000000000000400, 1.419901928366185100 ) ) ;
#2130 = SURFACE_STYLE_USAGE ( .BOTH. , #7355 ) ;
#2131 = CARTESIAN_POINT ( 'NONE',  ( 0.5314485263249765200, 3.910000000000000100, 2.164299027793492100 ) ) ;
#2132 = VECTOR ( 'NONE', #3144, 999.9999999999998900 ) ;
#2133 = DIRECTION ( 'NONE',  ( 0.0000000000000000000, 0.0000000000000000000, -1.000000000000000000 ) ) ;
#2134 = CARTESIAN_POINT ( 'NONE',  ( 1.167855107594425000, 3.910000000000000100, 1.572513345770795400 ) ) ;
#2135 = ORIENTED_EDGE ( 'NONE', *, *, #882, .F. ) ;
#2136 = CARTESIAN_POINT ( 'NONE',  ( 1.782476486851292600, 3.910000000000000100, 1.993246396214544800 ) ) ;
#2137 = FACE_OUTER_BOUND ( 'NONE', #6879, .T. ) ;
#2138 = CARTESIAN_POINT ( 'NONE',  ( -0.3724841143784243800, 3.910000000000001000, 1.759965465283644300 ) ) ;
#2139 = CARTESIAN_POINT ( 'NONE',  ( 1.039877802640766200, 3.910000000000000100, 1.669850014635597200 ) ) ;
#2140 = DIRECTION ( 'NONE',  ( 0.0000000000000000000, 1.000000000000000000, 0.0000000000000000000 ) ) ;
#2141 = ORIENTED_EDGE ( 'NONE', *, *, #2172, .T. ) ;
#2142 = CARTESIAN_POINT ( 'NONE',  ( -5.099976105589234100, 0.6999999999999999600, 2.736002966844528000 ) ) ;
#2143 = ADVANCED_FACE ( 'NONE', ( #2098 ), #5809, .T. ) ;
#2144 = FILL_AREA_STYLE ('',( #132 ) ) ;
#2145 = EDGE_LOOP ( 'NONE', ( #2708, #1120, #1306, #3868 ) ) ;
#2146 = CARTESIAN_POINT ( 'NONE',  ( -0.6703827633157696300, 3.910000000000000100, 1.288293455037891100 ) ) ;
#2147 = CARTESIAN_POINT ( 'NONE',  ( -0.1151468915772477000, 3.910000000000000100, 1.236368768048215800 ) ) ;
#2148 = CARTESIAN_POINT ( 'NONE',  ( -4.921343514919777300, 1.681500748532274200, 6.341644471246088900 ) ) ;
#2149 = CARTESIAN_POINT ( 'NONE',  ( -0.7830402230316069200, 3.900000000000000400, 1.711206062528254800 ) ) ;
#2150 = CARTESIAN_POINT ( 'NONE',  ( 4.884897671125799000, 3.272931392505475000, 2.517873877331970400 ) ) ;
#2151 = ORIENTED_EDGE ( 'NONE', *, *, #1784, .T. ) ;
#2152 = EDGE_LOOP ( 'NONE', ( #2033, #851, #7132, #3767 ) ) ;
#2153 = SURFACE_STYLE_FILL_AREA ( #3510 ) ;
#2154 = EDGE_CURVE ( 'NONE', #4768, #667, #8335, .T. ) ;
#2155 = LINE ( 'NONE', #2700, #8448 ) ;
#2156 = CARTESIAN_POINT ( 'NONE',  ( 0.4564074079039240300, 3.900000000000000400, 1.549373040951387100 ) ) ;
#2157 = EDGE_CURVE ( 'NONE', #4150, #8531, #3002, .T. ) ;
#2158 = CARTESIAN_POINT ( 'NONE',  ( -1.059355713866767500, 3.900000000000002100, 2.143013535498963200 ) ) ;
#2159 = ORIENTED_EDGE ( 'NONE', *, *, #4235, .F. ) ;
#2160 = DIRECTION ( 'NONE',  ( -0.0000000000000000000, -1.000000000000000000, -0.0000000000000000000 ) ) ;
#2161 =( LENGTH_UNIT ( ) NAMED_UNIT ( * ) SI_UNIT ( .MILLI., .METRE. ) );
#2162 = CARTESIAN_POINT ( 'NONE',  ( 4.772387813259412000, 2.943933982822013500, -0.9060660171779854100 ) ) ;
#2163 = DIRECTION ( 'NONE',  ( -0.9961946980917457700, -0.08715574274765462700, 0.0000000000000000000 ) ) ;
#2164 = SURFACE_STYLE_USAGE ( .BOTH. , #8201 ) ;
#2165 = ORIENTED_EDGE ( 'NONE', *, *, #6679, .T. ) ;
#2166 = VECTOR ( 'NONE', #3616, 1000.000000000000000 ) ;
#2167 = PRESENTATION_LAYER_ASSIGNMENT (  '', '', ( #6733 ) ) ;
#2168 = PLANE ( 'NONE',  #4139 ) ;
#2169 = EDGE_CURVE ( 'NONE', #1048, #2091, #4111, .T. ) ;
#2170 = CARTESIAN_POINT ( 'NONE',  ( -1.128569220437213100, 3.900000000000000400, 1.862291809820914200 ) ) ;
#2171 = VERTEX_POINT ( 'NONE', #4785 ) ;
#2172 = EDGE_CURVE ( 'NONE', #3112, #8159, #6272, .T. ) ;
#2173 = DIRECTION ( 'NONE',  ( 2.316048300074779300E-016, -0.0000000000000000000, -1.000000000000000000 ) ) ;
#2174 = UNCERTAINTY_MEASURE_WITH_UNIT (LENGTH_MEASURE( 1.000000000000000100E-005 ), #3626, 'distance_accuracy_value', 'NONE');
#2175 = DIRECTION ( 'NONE',  ( 1.936075308009828400E-016, -1.000000000000000000, -0.0000000000000000000 ) ) ;
#2176 = VECTOR ( 'NONE', #4381, 1000.000000000000000 ) ;
#2177 = STYLED_ITEM ( 'NONE', ( #1199 ), #5716 ) ;
#2178 = CARTESIAN_POINT ( 'NONE',  ( -2.140000000000000600, 2.299999999999999800, 12.04999999999999900 ) ) ;
#2179 = LINE ( 'NONE', #2521, #7959 ) ;
#2180 = CARTESIAN_POINT ( 'NONE',  ( -0.01006679661893525100, 3.899999999999999500, 1.337609843061248000 ) ) ;
#2181 = ORIENTED_EDGE ( 'NONE', *, *, #3080, .T. ) ;
#2182 = PLANE ( 'NONE',  #7469 ) ;
#2183 =( NAMED_UNIT ( * ) PLANE_ANGLE_UNIT ( ) SI_UNIT ( $, .RADIAN. ) );
#2184 = CARTESIAN_POINT ( 'NONE',  ( 1.754030962906439500, 3.910000000000000100, 2.120516927317400900 ) ) ;
#2185 = UNCERTAINTY_MEASURE_WITH_UNIT (LENGTH_MEASURE( 1.000000000000000100E-005 ), #3124, 'distance_accuracy_value', 'NONE');
#2186 = DIRECTION ( 'NONE',  ( -1.000000000000000000, -0.0000000000000000000, -0.0000000000000000000 ) ) ;
#2187 = AXIS2_PLACEMENT_3D ( 'NONE', #887, #6280, #8218 ) ;
#2188 = COLOUR_RGB ( '',1.000000000000000000, 1.000000000000000000, 1.000000000000000000 ) ;
#2189 = ORIENTED_EDGE ( 'NONE', *, *, #675, .F. ) ;
#2190 = ADVANCED_FACE ( 'NONE', ( #4360 ), #1641, .T. ) ;
#2191 = DIRECTION ( 'NONE',  ( -0.0000000000000000000, -0.0000000000000000000, -1.000000000000000000 ) ) ;
#2192 = CARTESIAN_POINT ( 'NONE',  ( -1.129725157407028200, 3.899999999999999500, 1.208554377402427000 ) ) ;
#2193 = DIRECTION ( 'NONE',  ( -0.0000000000000000000, -1.000000000000000000, -0.0000000000000000000 ) ) ;
#2194 = CARTESIAN_POINT ( 'NONE',  ( 0.3760473379879878400, 3.910000000000000100, 2.035311645391739300 ) ) ;
#2195 = FACE_OUTER_BOUND ( 'NONE', #5446, .T. ) ;
#2196 = CARTESIAN_POINT ( 'NONE',  ( -4.830036276717042800, 3.900000000000000400, 4.549999999999998000 ) ) ;
#2197 = VERTEX_POINT ( 'NONE', #8363 ) ;
#2198 = EDGE_LOOP ( 'NONE', ( #2261, #881, #4215, #4810 ) ) ;
#2199 = CARTESIAN_POINT ( 'NONE',  ( -0.9233112827703966500, 3.900000000000000400, 1.558881026491032000 ) ) ;
#2200 = VERTEX_POINT ( 'NONE', #4407 ) ;
#2201 = CARTESIAN_POINT ( 'NONE',  ( -0.01963041662163735700, 3.909999999999998400, 1.169190127424122100 ) ) ;
#2202 = LINE ( 'NONE', #7943, #4295 ) ;
#2203 = CARTESIAN_POINT ( 'NONE',  ( 2.296867934219713800, 3.910000000000000100, 2.032514488319807600 ) ) ;
#2204 = ORIENTED_EDGE ( 'NONE', *, *, #7275, .T. ) ;
#2205 = CARTESIAN_POINT ( 'NONE',  ( 4.692586600614427900, 3.750000000000000400, 6.611251444700426000 ) ) ;
#2206 = ORIENTED_EDGE ( 'NONE', *, *, #8111, .T. ) ;
#2207 = CARTESIAN_POINT ( 'NONE',  ( 0.08936148686771938600, 3.910000000000001000, 1.994507376208873400 ) ) ;
#2208 = CARTESIAN_POINT ( 'NONE',  ( 0.02042736928623779100, 3.910000000000000100, 1.433279155146212300 ) ) ;
#2209 = EDGE_CURVE ( 'NONE', #2377, #3588, #5211, .T. ) ;
#2210 = EDGE_CURVE ( 'NONE', #5347, #3409, #1228, .T. ) ;
#2211 = CARTESIAN_POINT ( 'NONE',  ( -4.904418119201889900, 1.885248538307100000, 6.354846624475085200 ) ) ;
#2212 = CARTESIAN_POINT ( 'NONE',  ( -1.857068292732090300, 3.900000000000001200, 2.136187429778765500 ) ) ;
#2213 = FACE_OUTER_BOUND ( 'NONE', #7693, .T. ) ;
#2214 = CARTESIAN_POINT ( 'NONE',  ( -0.6878134213606585900, 3.900000000000000400, 1.510648474564415300 ) ) ;
#2215 = CARTESIAN_POINT ( 'NONE',  ( 1.161999513167082200, 3.900000000000000400, 1.662654290951386600 ) ) ;
#2216 = CARTESIAN_POINT ( 'NONE',  ( 1.237866610025677900, 3.909999999999999300, 1.923682846174894300 ) ) ;
#2217 = SURFACE_STYLE_USAGE ( .BOTH. , #6905 ) ;
#2218 = ORIENTED_EDGE ( 'NONE', *, *, #1728, .T. ) ;
#2219 = STYLED_ITEM ( 'NONE', ( #1143 ), #2280 ) ;
#2220 = CARTESIAN_POINT ( 'NONE',  ( -0.7764997297053620700, 3.910000000000001000, 1.329380680444239000 ) ) ;
#2221 = FILL_AREA_STYLE_COLOUR ( '', #7505 ) ;
#2222 = EDGE_CURVE ( 'NONE', #1810, #1572, #5413, .T. ) ;
#2223 = CARTESIAN_POINT ( 'NONE',  ( -0.9296945657802865300, 3.900000000000000400, 1.137983238319807900 ) ) ;
#2224 = VERTEX_POINT ( 'NONE', #2947 ) ;
#2225 = CARTESIAN_POINT ( 'NONE',  ( 1.039877802640766200, 3.910000000000000100, 1.669850014635597200 ) ) ;
#2226 = CARTESIAN_POINT ( 'NONE',  ( -0.09344368223167978700, 3.899999999999999900, 1.244463635455028000 ) ) ;
#2227 = LINE ( 'NONE', #6888, #2338 ) ;
#2228 = CARTESIAN_POINT ( 'NONE',  ( 5.002686081600999500, 0.6999999999999999600, 6.277029990532487800 ) ) ;
#2229 = STYLED_ITEM ( 'NONE', ( #2112 ), #5619 ) ;
#2230 = SURFACE_STYLE_USAGE ( .BOTH. , #8295 ) ;
#2231 = FACE_OUTER_BOUND ( 'NONE', #540, .T. ) ;
#2232 = DIRECTION ( 'NONE',  ( 1.000000000000000000, 0.0000000000000000000, -0.0000000000000000000 ) ) ;
#2233 = CARTESIAN_POINT ( 'NONE',  ( -0.3459562851932614400, 3.899999999999999500, 1.401116371270223900 ) ) ;
#2234 = CARTESIAN_POINT ( 'NONE',  ( 0.6999999999999995100, 2.299999999999999800, 7.549999999999998000 ) ) ;
#2235 = CARTESIAN_POINT ( 'NONE',  ( -0.8464332936173133400, 3.909999999999999300, 1.667026505420230700 ) ) ;
#2236 = ADVANCED_FACE ( 'NONE', ( #508 ), #5935, .T. ) ;
#2237 = UNCERTAINTY_MEASURE_WITH_UNIT (LENGTH_MEASURE( 1.000000000000000100E-005 ), #2088, 'distance_accuracy_value', 'NONE');
#2238 = CARTESIAN_POINT ( 'NONE',  ( -0.3659979244030027700, 3.910000000000001000, 2.091250884246925500 ) ) ;
#2239 = FACE_OUTER_BOUND ( 'NONE', #6379, .T. ) ;
#2240 = CARTESIAN_POINT ( 'NONE',  ( -0.7701536242591993100, 3.899999999999998600, 1.179343350149740100 ) ) ;
#2241 = DIRECTION ( 'NONE',  ( -1.000000000000000000, -0.0000000000000000000, -0.0000000000000000000 ) ) ;
#2242 = MECHANICAL_DESIGN_GEOMETRIC_PRESENTATION_REPRESENTATION (  '', ( #8533 ), #4490 ) ;
#2243 =( LENGTH_UNIT ( ) NAMED_UNIT ( * ) SI_UNIT ( .MILLI., .METRE. ) );
#2244 = CARTESIAN_POINT ( 'NONE',  ( -1.698869437260167600, 3.910000000000000100, 1.629062245633781800 ) ) ;
#2245 = CARTESIAN_POINT ( 'NONE',  ( 2.940000000000000400, 2.860000000000000300, 21.14999999999999900 ) ) ;
#2246 = CYLINDRICAL_SURFACE ( 'NONE', #4856, 0.6249999999999996700 ) ;
#2247 = DIRECTION ( 'NONE',  ( -0.0000000000000000000, -0.0000000000000000000, -1.000000000000000000 ) ) ;
#2248 = CARTESIAN_POINT ( 'NONE',  ( 1.676900978506909600, 3.899999999999999500, 1.149344296245509200 ) ) ;
#2249 = ORIENTED_EDGE ( 'NONE', *, *, #882, .T. ) ;
#2250 = CARTESIAN_POINT ( 'NONE',  ( -0.8230439223616944400, 3.909999999999999300, 1.266603749959042600 ) ) ;
#2251 = ORIENTED_EDGE ( 'NONE', *, *, #8017, .F. ) ;
#2252 = CARTESIAN_POINT ( 'NONE',  ( 0.1441589798641549900, 3.909999999999999300, 1.816555647917334800 ) ) ;
#2253 = LINE ( 'NONE', #75, #1639 ) ;
#2254 = CARTESIAN_POINT ( 'NONE',  ( 5.110000000000000300, 0.6999999999999999600, 7.549999999999998000 ) ) ;
#2255 = CARTESIAN_POINT ( 'NONE',  ( 2.600733065798660700, 3.910000000000000100, 1.151141133056649900 ) ) ;
#2256 = CARTESIAN_POINT ( 'NONE',  ( 1.782476486851292600, 3.910000000000000100, 1.993246396214544800 ) ) ;
#2257 = CARTESIAN_POINT ( 'NONE',  ( 0.03706541763754463800, 3.899999999999998600, 1.558821861531088000 ) ) ;
#2258 = CARTESIAN_POINT ( 'NONE',  ( 0.1132721796530012600, 3.899999999999999900, 1.337244975563917500 ) ) ;
#2259 = CARTESIAN_POINT ( 'NONE',  ( -0.9233112827703966500, 3.910000000000000100, 1.558881026491032000 ) ) ;
#2260 = PRESENTATION_STYLE_ASSIGNMENT (( #4599 ) ) ;
#2261 = ORIENTED_EDGE ( 'NONE', *, *, #3562, .F. ) ;
#2262 = LINE ( 'NONE', #7245, #8554 ) ;
#2263 =( NAMED_UNIT ( * ) PLANE_ANGLE_UNIT ( ) SI_UNIT ( $, .RADIAN. ) );
#2264 = VERTEX_POINT ( 'NONE', #8392 ) ;
#2265 = SURFACE_STYLE_FILL_AREA ( #2531 ) ;
#2266 = CARTESIAN_POINT ( 'NONE',  ( 1.699316436933737700, 3.910000000000000100, 1.268573229746119200 ) ) ;
#2267 = CARTESIAN_POINT ( 'NONE',  ( -0.9288721973592338800, 3.900000000000000400, 2.059035869898755400 ) ) ;
#2268 = CARTESIAN_POINT ( 'NONE',  ( -5.018742790452633600, 0.6999999999999991800, 2.818253361853516400 ) ) ;
#2269 = ORIENTED_EDGE ( 'NONE', *, *, #6556, .T. ) ;
#2270 = FILL_AREA_STYLE_COLOUR ( '', #5064 ) ;
#2271 = SURFACE_STYLE_FILL_AREA ( #1842 ) ;
#2272 = CARTESIAN_POINT ( 'NONE',  ( 0.6225465820550197800, 3.900000000000000400, 1.550418943781660200 ) ) ;
#2273 = VERTEX_POINT ( 'NONE', #3685 ) ;
#2274 = CARTESIAN_POINT ( 'NONE',  ( 1.546456750009187500, 3.910000000000000100, 1.243246396214544600 ) ) ;
#2275 = CARTESIAN_POINT ( 'NONE',  ( -1.121025724862457600, 3.910000000000000100, 1.919742145173487300 ) ) ;
#2276 = STYLED_ITEM ( 'NONE', ( #5876 ), #1593 ) ;
#2277 = EDGE_CURVE ( 'NONE', #1056, #2603, #6487, .T. ) ;
#2278 = EDGE_CURVE ( 'NONE', #8030, #4748, #1538, .T. ) ;
#2279 = LINE ( 'NONE', #5113, #522 ) ;
#2280 = ADVANCED_FACE ( 'NONE', ( #5949 ), #76, .T. ) ;
#2281 = CARTESIAN_POINT ( 'NONE',  ( 1.162335678169964700, 3.910000000000000100, 1.677399364606168200 ) ) ;
#2282 = CARTESIAN_POINT ( 'NONE',  ( -0.7913875730598417500, 3.900000000000000800, 1.301070224401710900 ) ) ;
#2283 =( LENGTH_UNIT ( ) NAMED_UNIT ( * ) SI_UNIT ( .MILLI., .METRE. ) );
#2284 = ORIENTED_EDGE ( 'NONE', *, *, #1116, .F. ) ;
#2285 = ORIENTED_EDGE ( 'NONE', *, *, #8515, .F. ) ;
#2286 = CARTESIAN_POINT ( 'NONE',  ( 1.219982390591733100, 3.910000000000001000, 1.250075881753932800 ) ) ;
#2287 = CARTESIAN_POINT ( 'NONE',  ( -0.9069054326620372700, 3.900000000000001200, 1.651679951926762900 ) ) ;
#2288 =( GEOMETRIC_REPRESENTATION_CONTEXT ( 3 ) GLOBAL_UNCERTAINTY_ASSIGNED_CONTEXT ( ( #7350 ) ) GLOBAL_UNIT_ASSIGNED_CONTEXT ( ( #6430, #4325, #1651 ) ) REPRESENTATION_CONTEXT ( 'NONE', 'WORKASPACE' ) );
#2289 = PRESENTATION_LAYER_ASSIGNMENT (  '', '', ( #2860 ) ) ;
#2290 = CARTESIAN_POINT ( 'NONE',  ( 0.05795191970768268800, 3.899999999999999900, 1.235379416592985700 ) ) ;
#2291 = EDGE_CURVE ( 'NONE', #7305, #2902, #6601, .T. ) ;
#2292 = CARTESIAN_POINT ( 'NONE',  ( -0.8082170656781827400, 3.910000000000000100, 1.507543854871697700 ) ) ;
#2293 = DIRECTION ( 'NONE',  ( -1.000000000000000000, 0.0000000000000000000, 0.0000000000000000000 ) ) ;
#2294 = CARTESIAN_POINT ( 'NONE',  ( -0.2561015655086623700, 3.909999999999999300, 1.256811049401049400 ) ) ;
#2295 = ORIENTED_EDGE ( 'NONE', *, *, #8447, .T. ) ;
#2296 = CARTESIAN_POINT ( 'NONE',  ( -0.7513876340053785600, 3.900000000000001200, 1.956782462294852900 ) ) ;
#2297 = CARTESIAN_POINT ( 'NONE',  ( -1.200115285621258900, 3.899999999999999500, 2.038876282791472600 ) ) ;
#2298 = AXIS2_PLACEMENT_3D ( 'NONE', #29, #1286, #5971 ) ;
#2299 = VERTEX_POINT ( 'NONE', #2522 ) ;
#2300 = CARTESIAN_POINT ( 'NONE',  ( 4.842015805328189900, 3.763073361412150300, 6.611251444700426900 ) ) ;
#2301 = CARTESIAN_POINT ( 'NONE',  ( -0.2135909099142724000, 3.909999999999999300, 2.163195593801299200 ) ) ;
#2302 = CARTESIAN_POINT ( 'NONE',  ( 0.02142306236143133200, 3.910000000000000100, 2.088066757721329200 ) ) ;
#2303 = CARTESIAN_POINT ( 'NONE',  ( 0.8618212349087043300, 3.900000000000000400, 1.719819996178816100 ) ) ;
#2304 = B_SPLINE_CURVE_WITH_KNOTS ( 'NONE', 3,
 ( #361, #8429, #7117, #3102, #5644, #2310, #334, #8400, #6997, #2364, #3781, #4385, #5038, #1034, #7058, #389, #8455, #3840, #6512 ),
 .UNSPECIFIED., .F., .F.,
 ( 4, 1, 1, 1, 1, 1, 1, 1, 1, 1, 1, 1, 1, 1, 1, 1, 4 ),
 ( 0.0000000000000000000, 0.07079570527834713700, 0.1388647686969372000, 0.2041275587501510900, 0.2676266321517518600, 0.3293082876095158000, 0.3883688492131451800, 0.4469042947911828200, 0.5042866857190101400, 0.5620395740266847000, 0.6195386642338772700, 0.6783579784434101700, 0.7391272557922703400, 0.8016105364760481900, 0.8654923300083337000, 0.9311151762345898400, 0.9999999999999998900 ),
 .UNSPECIFIED. ) ;
#2305 = VECTOR ( 'NONE', #8299, 1000.000000000000000 ) ;
#2306 = ORIENTED_EDGE ( 'NONE', *, *, #2782, .T. ) ;
#2307 = SURFACE_STYLE_USAGE ( .BOTH. , #330 ) ;
#2308 = DIRECTION ( 'NONE',  ( 0.0000000000000000000, 0.0000000000000000000, -1.000000000000000000 ) ) ;
#2309 = CARTESIAN_POINT ( 'NONE',  ( -0.9498434917317273300, 3.909999999999998400, 1.651827229470181000 ) ) ;
#2310 = CARTESIAN_POINT ( 'NONE',  ( -1.114903468992906900, 3.899999999999999500, 1.939312735260871900 ) ) ;
#2311 = CARTESIAN_POINT ( 'NONE',  ( -0.6584209387155964800, 3.900000000000001200, 2.038944409398149900 ) ) ;
#2312 = VECTOR ( 'NONE', #809, 1000.000000000000000 ) ;
#2313 = CARTESIAN_POINT ( 'NONE',  ( 1.260927809620414000, 3.900000000000000400, 1.951895792831960200 ) ) ;
#2314 = VERTEX_POINT ( 'NONE', #7208 ) ;
#2315 = CARTESIAN_POINT ( 'NONE',  ( 1.782476486851292600, 3.910000000000000100, 1.993246396214544800 ) ) ;
#2316 = SURFACE_SIDE_STYLE ('',( #7334 ) ) ;
#2317 = DIRECTION ( 'NONE',  ( -1.000000000000000000, 0.0000000000000000000, -0.0000000000000000000 ) ) ;
#2318 = CARTESIAN_POINT ( 'NONE',  ( 1.839999999999999600, 2.860000000000000300, 12.04999999999999900 ) ) ;
#2319 = COLOUR_RGB ( '',0.8941176470588234600, 0.9137254901960784000, 0.9294117647058823800 ) ;
#2320 =( NAMED_UNIT ( * ) SI_UNIT ( $, .STERADIAN. ) SOLID_ANGLE_UNIT ( ) );
#2321 = CARTESIAN_POINT ( 'NONE',  ( -0.3087639489479946900, 3.899999999999999000, 1.313827399236080500 ) ) ;
#2322 = CARTESIAN_POINT ( 'NONE',  ( 1.755670184367115900, 3.910000000000001000, 1.293289987746186800 ) ) ;
#2323 = CARTESIAN_POINT ( 'NONE',  ( -0.7846899633353748800, 3.900000000000000400, 2.003381087235853300 ) ) ;
#2324 = CARTESIAN_POINT ( 'NONE',  ( -0.1897966761022942000, 3.900000000000000800, 2.163925877867408900 ) ) ;
#2325 = CARTESIAN_POINT ( 'NONE',  ( 0.0000000000000000000, 0.6999999999999999600, -4.800000000000001600 ) ) ;
#2326 = ADVANCED_FACE ( 'NONE', ( #3215 ), #5713, .T. ) ;
#2327 = CARTESIAN_POINT ( 'NONE',  ( -1.163193840976594100, 3.899999999999999500, 1.245122117914589700 ) ) ;
#2328 = CARTESIAN_POINT ( 'NONE',  ( 0.3630491322219410200, 3.900000000000000400, 1.644418214119111000 ) ) ;
#2329 = SURFACE_SIDE_STYLE ('',( #6856 ) ) ;
#2330 = LINE ( 'NONE', #1640, #5687 ) ;
#2331 = EDGE_CURVE ( 'NONE', #8287, #1460, #295, .T. ) ;
#2332 = EDGE_CURVE ( 'NONE', #7034, #8241, #6479, .T. ) ;
#2333 = CARTESIAN_POINT ( 'NONE',  ( 2.300070222628483000, 3.900000000000000400, 2.010761681936940300 ) ) ;
#2334 = CARTESIAN_POINT ( 'NONE',  ( -1.125597160922957400, 3.910000000000000100, 1.899053954828271000 ) ) ;
#2335 = ORIENTED_EDGE ( 'NONE', *, *, #3577, .T. ) ;
#2336 = CARTESIAN_POINT ( 'NONE',  ( 1.509637249302213200, 3.910000000000000100, 2.058755791794875600 ) ) ;
#2337 = MECHANICAL_DESIGN_GEOMETRIC_PRESENTATION_REPRESENTATION (  '', ( #4296 ), #2793 ) ;
#2338 = VECTOR ( 'NONE', #3547, 1000.000000000000000 ) ;
#2339 = CARTESIAN_POINT ( 'NONE',  ( -0.8294747474061564500, 3.900000000000000400, 2.152505954734089700 ) ) ;
#2340 = CARTESIAN_POINT ( 'NONE',  ( 1.446213678798884600, 3.910000000000001000, 2.052867178905379800 ) ) ;
#2341 = EDGE_CURVE ( 'NONE', #2093, #1039, #2262, .T. ) ;
#2342 = CARTESIAN_POINT ( 'NONE',  ( 0.7670852199908819700, 3.900000000000000400, 1.858185034836737700 ) ) ;
#2343 = CARTESIAN_POINT ( 'NONE',  ( -0.9296945657802865300, 3.900000000000000400, 2.164299027793492100 ) ) ;
#2344 = EDGE_CURVE ( 'NONE', #7349, #836, #4462, .T. ) ;
#2345 = CARTESIAN_POINT ( 'NONE',  ( 0.6705113586557562800, 3.899999999999999000, 2.036789528350025700 ) ) ;
#2346 = CARTESIAN_POINT ( 'NONE',  ( -0.7288552030981930700, 3.900000000000000400, 1.834178597729667800 ) ) ;
#2347 = CARTESIAN_POINT ( 'NONE',  ( -0.9122034220396312300, 3.899999999999999900, 1.558571728626339000 ) ) ;
#2348 = CARTESIAN_POINT ( 'NONE',  ( -1.163132261720062600, 3.910000000000000100, 1.661313807678422000 ) ) ;
#2349 = UNCERTAINTY_MEASURE_WITH_UNIT (LENGTH_MEASURE( 1.000000000000000100E-005 ), #1969, 'distance_accuracy_value', 'NONE');
#2350 = FILL_AREA_STYLE ('',( #3004 ) ) ;
#2351 = CARTESIAN_POINT ( 'NONE',  ( -0.3724786630610507100, 3.900000000000000400, 1.564663321777841400 ) ) ;
#2352 = CARTESIAN_POINT ( 'NONE',  ( -0.9076696590374734300, 3.899999999999999900, 2.058692085954873600 ) ) ;
#2353 =( GEOMETRIC_REPRESENTATION_CONTEXT ( 3 ) GLOBAL_UNCERTAINTY_ASSIGNED_CONTEXT ( ( #3534 ) ) GLOBAL_UNIT_ASSIGNED_CONTEXT ( ( #824, #5492, #1493 ) ) REPRESENTATION_CONTEXT ( 'NONE', 'WORKASPACE' ) );
#2354 = CARTESIAN_POINT ( 'NONE',  ( -1.200115285621258900, 3.909999999999999300, 2.038876282791472600 ) ) ;
#2355 = ORIENTED_EDGE ( 'NONE', *, *, #3404, .F. ) ;
#2356 = CARTESIAN_POINT ( 'NONE',  ( 0.01200178049263852400, 3.909999999999999300, 1.398048771928862100 ) ) ;
#2357 = DIRECTION ( 'NONE',  ( 1.000000000000000000, 0.0000000000000000000, -0.0000000000000000000 ) ) ;
#2358 = MECHANICAL_DESIGN_GEOMETRIC_PRESENTATION_REPRESENTATION (  '', ( #1590 ), #5803 ) ;
#2359 = CARTESIAN_POINT ( 'NONE',  ( 0.3503300705971620900, 3.900000000000001200, 2.022084137425465200 ) ) ;
#2360 = CARTESIAN_POINT ( 'NONE',  ( 0.07900755899172833000, 3.910000000000000100, 1.265303835875168000 ) ) ;
#2361 = ORIENTED_EDGE ( 'NONE', *, *, #7831, .F. ) ;
#2362 = CARTESIAN_POINT ( 'NONE',  ( -1.042560088644183700, 3.900000000000000400, 1.683771020536079900 ) ) ;
#2363 = LINE ( 'NONE', #1834, #4987 ) ;
#2364 = CARTESIAN_POINT ( 'NONE',  ( -1.074688062141427900, 3.900000000000000400, 2.004034300741170500 ) ) ;
#2365 = CARTESIAN_POINT ( 'NONE',  ( -1.252268578938181100, 3.910000000000000100, 1.866807251477702500 ) ) ;
#2366 = CARTESIAN_POINT ( 'NONE',  ( 0.3254452368512926700, 3.900000000000000400, 2.123797383056650100 ) ) ;
#2367 = ADVANCED_FACE ( 'NONE', ( #2686 ), #110, .T. ) ;
#2368 = ORIENTED_EDGE ( 'NONE', *, *, #6783, .F. ) ;
#2369 = CARTESIAN_POINT ( 'NONE',  ( 0.6882647245613420200, 3.910000000000001000, 2.024661558839084800 ) ) ;
#2370 = CARTESIAN_POINT ( 'NONE',  ( 0.3864094140632616200, 3.910000000000000100, 2.148907785106605800 ) ) ;
#2371 =( NAMED_UNIT ( * ) SI_UNIT ( $, .STERADIAN. ) SOLID_ANGLE_UNIT ( ) );
#2372 = CARTESIAN_POINT ( 'NONE',  ( 0.6302489608750112500, 3.899999999999999500, 2.056365984854363400 ) ) ;
#2373 = SURFACE_SIDE_STYLE ('',( #2591 ) ) ;
#2374 = VERTEX_POINT ( 'NONE', #7403 ) ;
#2375 = CARTESIAN_POINT ( 'NONE',  ( 5.004477270690804500, 0.6783326927753095000, 2.824420084113052000 ) ) ;
#2376 = CARTESIAN_POINT ( 'NONE',  ( -1.192071970853660200, 3.900000000000001200, 1.693266042696734800 ) ) ;
#2377 = VERTEX_POINT ( 'NONE', #1305 ) ;
#2378 = EDGE_LOOP ( 'NONE', ( #5853, #7078, #6476, #4854 ) ) ;
#2379 = CARTESIAN_POINT ( 'NONE',  ( 1.557086645155343600, 3.900000000000000400, 1.243440320561385500 ) ) ;
#2380 = CARTESIAN_POINT ( 'NONE',  ( 0.1375158661093489100, 3.910000000000000100, 1.425053101743081900 ) ) ;
#2381 = EDGE_LOOP ( 'NONE', ( #106, #1290, #7460, #3576, #6751, #8026, #4395 ) ) ;
#2382 = LINE ( 'NONE', #6814, #1547 ) ;
#2383 = CARTESIAN_POINT ( 'NONE',  ( -0.4464296271250656200, 3.900000000000000800, 1.964933953235267000 ) ) ;
#2384 = CARTESIAN_POINT ( 'NONE',  ( 4.833818395543747900, 2.734650522678457700, 6.409716554752290700 ) ) ;
#2385 = CARTESIAN_POINT ( 'NONE',  ( -1.086469832027814800, 3.899999999999998600, 1.444372197287717700 ) ) ;
#2386 = B_SPLINE_CURVE_WITH_KNOTS ( 'NONE', 3,
 ( #2671, #4021, #5306, #5334, #1311, #1995, #2645, #7324, #1284, #3937, #28, #3317, #52, #3384, #7983, #5997, #8031, #3350, #4685 ),
 .UNSPECIFIED., .F., .F.,
 ( 4, 1, 1, 1, 1, 1, 1, 1, 1, 1, 1, 1, 1, 1, 1, 1, 4 ),
 ( 0.0000000000000000000, 0.07088122456531613400, 0.1397513464861760100, 0.2066981375000645500, 0.2723314033248935800, 0.3367201738396918800, 0.3992083183904052700, 0.4603187995202969700, 0.5204598130973493400, 0.5799274380173117200, 0.6389295717607930100, 0.6975863482601698500, 0.7569807171128661900, 0.8166189229218459000, 0.8767478700857536100, 0.9374712265911598900, 0.9999999999999998900 ),
 .UNSPECIFIED. ) ;
#2387 = CARTESIAN_POINT ( 'NONE',  ( -0.1030091852293679900, 3.909999999999999300, 2.156321914213956200 ) ) ;
#2388 =( NAMED_UNIT ( * ) PLANE_ANGLE_UNIT ( ) SI_UNIT ( $, .RADIAN. ) );
#2389 = EDGE_LOOP ( 'NONE', ( #5508, #8616, #4230, #2993, #6322, #4515 ) ) ;
#2390 = FACE_OUTER_BOUND ( 'NONE', #1279, .T. ) ;
#2391 = CARTESIAN_POINT ( 'NONE',  ( 2.311665712769228200, 3.910000000000001000, 1.965668810701356700 ) ) ;
#2392 = CARTESIAN_POINT ( 'NONE',  ( -0.1442386185950866600, 3.900000000000000800, 1.138370366952471000 ) ) ;
#2393 = AXIS2_PLACEMENT_3D ( 'NONE', #2777, #3461, #6395 ) ;
#2394 = CARTESIAN_POINT ( 'NONE',  ( -1.084314272602862900, 3.900000000000000400, 1.722175675452908500 ) ) ;
#2395 = EDGE_CURVE ( 'NONE', #7672, #2603, #7098, .T. ) ;
#2396 = COLOUR_RGB ( '',1.000000000000000000, 1.000000000000000000, 1.000000000000000000 ) ;
#2397 = DIRECTION ( 'NONE',  ( 0.0000000000000000000, 0.0000000000000000000, 1.000000000000000000 ) ) ;
#2398 = ORIENTED_EDGE ( 'NONE', *, *, #5207, .F. ) ;
#2399 = CARTESIAN_POINT ( 'NONE',  ( -1.188545063384979700, 3.910000000000001000, 1.482124857805218600 ) ) ;
#2400 = FACE_OUTER_BOUND ( 'NONE', #5728, .T. ) ;
#2401 = CARTESIAN_POINT ( 'NONE',  ( -4.692586600614427900, 3.750000000000000400, 6.611251444700426000 ) ) ;
#2402 = CARTESIAN_POINT ( 'NONE',  ( 1.509637249302213200, 3.900000000000000400, 2.058755791794875600 ) ) ;
#2403 = CARTESIAN_POINT ( 'NONE',  ( 3.239999999999999800, 2.860000000000000300, 7.549999999999998000 ) ) ;
#2404 =( LENGTH_UNIT ( ) NAMED_UNIT ( * ) SI_UNIT ( .MILLI., .METRE. ) );
#2405 = CARTESIAN_POINT ( 'NONE',  ( 3.239999999999999800, 2.299999999999999800, 12.04999999999999900 ) ) ;
#2406 = AXIS2_PLACEMENT_3D ( 'NONE', #641, #2564, #2644 ) ;
#2407 = ORIENTED_EDGE ( 'NONE', *, *, #892, .T. ) ;
#2408 = MECHANICAL_DESIGN_GEOMETRIC_PRESENTATION_REPRESENTATION (  '', ( #7069 ), #3362 ) ;
#2409 = CARTESIAN_POINT ( 'NONE',  ( -0.8237186330725897500, 3.900000000000000800, 1.521687686171195900 ) ) ;
#2410 = SURFACE_STYLE_FILL_AREA ( #2998 ) ;
#2411 = VERTEX_POINT ( 'NONE', #3145 ) ;
#2412 = CARTESIAN_POINT ( 'NONE',  ( -1.192071970853660200, 3.910000000000001000, 1.693266042696734800 ) ) ;
#2413 = CARTESIAN_POINT ( 'NONE',  ( -0.7637817368329178300, 3.910000000000000100, 1.394973369898755200 ) ) ;
#2414 = CARTESIAN_POINT ( 'NONE',  ( -0.2135909099142724000, 3.899999999999999500, 2.163195593801299200 ) ) ;
#2415 = UNCERTAINTY_MEASURE_WITH_UNIT (LENGTH_MEASURE( 1.000000000000000100E-005 ), #6863, 'distance_accuracy_value', 'NONE');
#2416 = CARTESIAN_POINT ( 'NONE',  ( -0.4913802570029173800, 3.899999999999999000, 1.727341631199588600 ) ) ;
#2417 = AXIS2_PLACEMENT_3D ( 'NONE', #6097, #7317, #5984 ) ;
#2418 = CARTESIAN_POINT ( 'NONE',  ( -0.1151468915772477000, 3.910000000000000100, 1.236368768048215800 ) ) ;
#2419 = CARTESIAN_POINT ( 'NONE',  ( -0.7316713006405116700, 3.910000000000001000, 1.898671382226820600 ) ) ;
#2420 = ADVANCED_FACE ( 'NONE', ( #3110 ), #4646, .T. ) ;
#2421 = LINE ( 'NONE', #1765, #7978 ) ;
#2422 = ORIENTED_EDGE ( 'NONE', *, *, #844, .F. ) ;
#2423 = ORIENTED_EDGE ( 'NONE', *, *, #8175, .T. ) ;
#2424 = CARTESIAN_POINT ( 'NONE',  ( -0.4913802570029173800, 3.909999999999998400, 1.727341631199588600 ) ) ;
#2425 = CARTESIAN_POINT ( 'NONE',  ( -1.068469236832918100, 3.910000000000000100, 1.600976659372439500 ) ) ;
#2426 = CARTESIAN_POINT ( 'NONE',  ( -0.2582332747462331400, 3.909999999999998400, 2.047068854742370100 ) ) ;
#2427 = CARTESIAN_POINT ( 'NONE',  ( 2.319894250009187300, 3.910000000000000100, 1.942465146214544800 ) ) ;
#2428 = CARTESIAN_POINT ( 'NONE',  ( 0.1457434522989239400, 3.899999999999999900, 1.474898734633023800 ) ) ;
#2429 = LINE ( 'NONE', #8258, #8181 ) ;
#2430 = VERTEX_POINT ( 'NONE', #8154 ) ;
#2431 = CARTESIAN_POINT ( 'NONE',  ( -1.128096876370059800, 3.900000000000000400, 1.833071959157343900 ) ) ;
#2432 = ORIENTED_EDGE ( 'NONE', *, *, #7112, .F. ) ;
#2433 = CARTESIAN_POINT ( 'NONE',  ( -1.251654134455147900, 3.910000000000000100, 1.853395934175526600 ) ) ;
#2434 = CARTESIAN_POINT ( 'NONE',  ( 0.0000000000000000000, 0.6999999999999999600, -4.800000000000001600 ) ) ;
#2435 = B_SPLINE_CURVE_WITH_KNOTS ( 'NONE', 3,
 ( #5467, #2874, #4126, #5530, #6135, #833, #4798, #6784, #7556, #6805, #4884 ),
 .UNSPECIFIED., .F., .F.,
 ( 4, 1, 1, 1, 1, 1, 1, 1, 4 ),
 ( 0.0000000000000000000, 0.1231809017403232400, 0.2435080848451684800, 0.3644021375639719400, 0.4879127519494564400, 0.6132212795269740300, 0.7386238437599362800, 0.8675146942542655300, 1.000000000000000000 ),
 .UNSPECIFIED. ) ;
#2436 = CARTESIAN_POINT ( 'NONE',  ( -1.041806511305071600, 3.899999999999999000, 1.515545610938371100 ) ) ;
#2437 = CARTESIAN_POINT ( 'NONE',  ( 5.034210018913200600, 0.6999999999999999600, 6.289291257651087500 ) ) ;
#2438 = COLOUR_RGB ( '',1.000000000000000000, 1.000000000000000000, 1.000000000000000000 ) ;
#2439 =( NAMED_UNIT ( * ) PLANE_ANGLE_UNIT ( ) SI_UNIT ( $, .RADIAN. ) );
#2440 = CARTESIAN_POINT ( 'NONE',  ( -0.7987768350996865600, 3.900000000000000400, 2.015879866625088100 ) ) ;
#2441 = VERTEX_POINT ( 'NONE', #7997 ) ;
#2442 = EDGE_LOOP ( 'NONE', ( #637, #5833, #8297, #3766 ) ) ;
#2443 = CARTESIAN_POINT ( 'NONE',  ( -5.110000000000000300, 0.6999999999999999600, -7.550000000000000700 ) ) ;
#2444 = CARTESIAN_POINT ( 'NONE',  ( -1.068469236832918100, 3.910000000000000100, 1.600976659372439500 ) ) ;
#2445 = LINE ( 'NONE', #5504, #7166 ) ;
#2446 = ORIENTED_EDGE ( 'NONE', *, *, #7600, .T. ) ;
#2447 = CARTESIAN_POINT ( 'NONE',  ( -0.3400398995950447100, 3.910000000000000100, 2.113611229231065800 ) ) ;
#2448 = CARTESIAN_POINT ( 'NONE',  ( -0.6069149605171285700, 3.900000000000000400, 1.866807251477702500 ) ) ;
#2449 = CARTESIAN_POINT ( 'NONE',  ( -0.1624248289381811400, 3.900000000000000400, 1.230088501477702800 ) ) ;
#2450 = CARTESIAN_POINT ( 'NONE',  ( -1.093197903960340300, 3.910000000000000100, 1.400671849017370200 ) ) ;
#2451 = DIRECTION ( 'NONE',  ( 0.0000000000000000000, 1.000000000000000000, -0.0000000000000000000 ) ) ;
#2452 = CARTESIAN_POINT ( 'NONE',  ( -0.1665366710434444400, 3.910000000000000100, 2.072193764635597500 ) ) ;
#2453 = CARTESIAN_POINT ( 'NONE',  ( -0.2944498371675710600, 3.910000000000000100, 2.014977960415515100 ) ) ;
#2454 = CARTESIAN_POINT ( 'NONE',  ( -0.4068207136803536600, 3.909999999999999300, 1.274332714198231900 ) ) ;
#2455 = EDGE_CURVE ( 'NONE', #8570, #1950, #4154, .T. ) ;
#2456 = CARTESIAN_POINT ( 'NONE',  ( -2.940000000000000400, 2.299999999999999400, 21.14999999999999900 ) ) ;
#2457 = CARTESIAN_POINT ( 'NONE',  ( 0.7670733431467429100, 3.900000000000000400, 1.842126439684549100 ) ) ;
#2458 = FACE_OUTER_BOUND ( 'NONE', #3836, .T. ) ;
#2459 = COLOUR_RGB ( '',1.000000000000000000, 1.000000000000000000, 1.000000000000000000 ) ;
#2460 = CARTESIAN_POINT ( 'NONE',  ( -0.1665366710434444400, 3.900000000000000400, 2.072193764635597500 ) ) ;
#2461 = VERTEX_POINT ( 'NONE', #138 ) ;
#2462 = CARTESIAN_POINT ( 'NONE',  ( -1.713270751476662500, 3.910000000000001000, 2.014287945653671300 ) ) ;
#2463 = PRESENTATION_LAYER_ASSIGNMENT (  '', '', ( #8116 ) ) ;
#2464 = CARTESIAN_POINT ( 'NONE',  ( -1.209105062418845300, 3.910000000000001000, 1.378370687880165100 ) ) ;
#2465 = ADVANCED_FACE ( 'NONE', ( #3314 ), #8126, .F. ) ;
#2466 = AXIS2_PLACEMENT_3D ( 'NONE', #1718, #7625, #4399 ) ;
#2467 = CARTESIAN_POINT ( 'NONE',  ( 0.7667380426004228900, 3.909999999999999300, 1.873896930464300300 ) ) ;
#2468 = EDGE_CURVE ( 'NONE', #7740, #7871, #2486, .T. ) ;
#2469 = DIRECTION ( 'NONE',  ( 0.0000000000000000000, 0.0000000000000000000, 1.000000000000000000 ) ) ;
#2470 = EDGE_CURVE ( 'NONE', #2507, #2962, #6680, .T. ) ;
#2471 = CARTESIAN_POINT ( 'NONE',  ( -1.228981197506169700, 3.909999999999998400, 1.987918722858096300 ) ) ;
#2472 = DIRECTION ( 'NONE',  ( -0.0000000000000000000, -0.0000000000000000000, 1.000000000000000000 ) ) ;
#2473 = UNCERTAINTY_MEASURE_WITH_UNIT (LENGTH_MEASURE( 1.000000000000000100E-005 ), #3731, 'distance_accuracy_value', 'NONE');
#2474 = ORIENTED_EDGE ( 'NONE', *, *, #8619, .F. ) ;
#2475 = CARTESIAN_POINT ( 'NONE',  ( -1.587801269056877200, 3.910000000000000100, 1.397503846379900300 ) ) ;
#2476 = AXIS2_PLACEMENT_3D ( 'NONE', #2325, #3010, #7049 ) ;
#2477 = CARTESIAN_POINT ( 'NONE',  ( -0.3553299171083736900, 3.900000000000000800, 1.436899906670292800 ) ) ;
#2478 = ORIENTED_EDGE ( 'NONE', *, *, #7112, .T. ) ;
#2479 = LINE ( 'NONE', #6525, #6467 ) ;
#2480 = CARTESIAN_POINT ( 'NONE',  ( 2.294195236851292600, 3.900000000000000400, 2.032514488319807600 ) ) ;
#2481 = CARTESIAN_POINT ( 'NONE',  ( -0.4299267098666247300, 3.909999999999999300, 2.001967824744207600 ) ) ;
#2482 = CARTESIAN_POINT ( 'NONE',  ( -1.128096876370059800, 3.910000000000000100, 1.833071959157343900 ) ) ;
#2483 = DIRECTION ( 'NONE',  ( -0.0000000000000000000, -1.000000000000000000, -0.0000000000000000000 ) ) ;
#2484 = SURFACE_STYLE_USAGE ( .BOTH. , #7202 ) ;
#2485 = CARTESIAN_POINT ( 'NONE',  ( -2.009875486832918100, 3.910000000000000100, 1.151141133056649900 ) ) ;
#2486 = LINE ( 'NONE', #5461, #1536 ) ;
#2487 = CARTESIAN_POINT ( 'NONE',  ( -1.081895450179053900, 3.910000000000000100, 1.330532897697733800 ) ) ;
#2488 = ORIENTED_EDGE ( 'NONE', *, *, #3123, .F. ) ;
#2489 = AXIS2_PLACEMENT_3D ( 'NONE', #2894, #8284, #4911 ) ;
#2490 =( NAMED_UNIT ( * ) SI_UNIT ( $, .STERADIAN. ) SOLID_ANGLE_UNIT ( ) );
#2491 = ADVANCED_FACE ( 'NONE', ( #4254 ), #1524, .T. ) ;
#2492 = ORIENTED_EDGE ( 'NONE', *, *, #675, .T. ) ;
#2493 = DIRECTION ( 'NONE',  ( 0.0000000000000000000, -0.0000000000000000000, -1.000000000000000000 ) ) ;
#2494 = ORIENTED_EDGE ( 'NONE', *, *, #5529, .F. ) ;
#2495 = DIRECTION ( 'NONE',  ( -1.936075308009828400E-016, 1.000000000000000000, 0.0000000000000000000 ) ) ;
#2496 = COLOUR_RGB ( '',1.000000000000000000, 1.000000000000000000, 1.000000000000000000 ) ;
#2497 = EDGE_LOOP ( 'NONE', ( #6040, #2899, #3435, #6763 ) ) ;
#2498 = LINE ( 'NONE', #488, #1966 ) ;
#2499 = CARTESIAN_POINT ( 'NONE',  ( -2.102186342096076000, 3.900000000000000400, 2.151141133056650100 ) ) ;
#2500 = CARTESIAN_POINT ( 'NONE',  ( 0.0000000000000000000, 0.6999999999999999600, -6.625000000000001800 ) ) ;
#2501 =( NAMED_UNIT ( * ) SI_UNIT ( $, .STERADIAN. ) SOLID_ANGLE_UNIT ( ) );
#2502 = FILL_AREA_STYLE ('',( #1030 ) ) ;
#2503 = ORIENTED_EDGE ( 'NONE', *, *, #7904, .F. ) ;
#2504 = PLANE ( 'NONE',  #4260 ) ;
#2505 = CARTESIAN_POINT ( 'NONE',  ( -0.7429777148007563600, 3.900000000000000400, 1.938682609743902700 ) ) ;
#2506 = VECTOR ( 'NONE', #8457, 1000.000000000000000 ) ;
#2507 = VERTEX_POINT ( 'NONE', #6100 ) ;
#2508 = COLOUR_RGB ( '',1.000000000000000000, 1.000000000000000000, 1.000000000000000000 ) ;
#2509 = DIRECTION ( 'NONE',  ( 0.0000000000000000000, 0.0000000000000000000, 1.000000000000000000 ) ) ;
#2510 = ORIENTED_EDGE ( 'NONE', *, *, #5597, .T. ) ;
#2511 = SURFACE_STYLE_USAGE ( .BOTH. , #3854 ) ;
#2512 = EDGE_CURVE ( 'NONE', #7455, #4696, #7491, .T. ) ;
#2513 = CARTESIAN_POINT ( 'NONE',  ( -0.01132928713117153600, 3.909999999999999300, 1.968145484051233800 ) ) ;
#2514 = EDGE_CURVE ( 'NONE', #7045, #3852, #8438, .T. ) ;
#2515 = CARTESIAN_POINT ( 'NONE',  ( 1.754532683265436200, 3.910000000000000100, 2.009088208297957300 ) ) ;
#2516 = CARTESIAN_POINT ( 'NONE',  ( -4.691873952469071800, 3.864211622752887500, 0.01421162275288400000 ) ) ;
#2517 = CARTESIAN_POINT ( 'NONE',  ( -0.2154086818968119200, 3.910000000000001000, 2.066458696240222300 ) ) ;
#2518 =( NAMED_UNIT ( * ) PLANE_ANGLE_UNIT ( ) SI_UNIT ( $, .RADIAN. ) );
#2519 = ORIENTED_EDGE ( 'NONE', *, *, #4134, .F. ) ;
#2520 = EDGE_LOOP ( 'NONE', ( #990, #1190, #1031, #346 ) ) ;
#2521 = CARTESIAN_POINT ( 'NONE',  ( 0.0000000000000000000, 0.6999999999999999600, -0.9500000000000029500 ) ) ;
#2522 = CARTESIAN_POINT ( 'NONE',  ( 5.110000000000000300, 0.6999999999999999600, 7.549999999999998000 ) ) ;
#2523 = STYLED_ITEM ( 'NONE', ( #6061 ), #2097 ) ;
#2524 = CYLINDRICAL_SURFACE ( 'NONE', #7328, 0.1499999999999999700 ) ;
#2525 =( NAMED_UNIT ( * ) SI_UNIT ( $, .STERADIAN. ) SOLID_ANGLE_UNIT ( ) );
#2526 = EDGE_CURVE ( 'NONE', #4252, #7672, #2885, .T. ) ;
#2527 = CARTESIAN_POINT ( 'NONE',  ( -0.09625178356323778300, 3.900000000000000400, 2.058128637103567200 ) ) ;
#2528 = STYLED_ITEM ( 'NONE', ( #1388 ), #284 ) ;
#2529 = CARTESIAN_POINT ( 'NONE',  ( -0.6087074640789441600, 3.910000000000000100, 1.826162998467451400 ) ) ;
#2530 = ORIENTED_EDGE ( 'NONE', *, *, #2470, .F. ) ;
#2531 = FILL_AREA_STYLE ('',( #3842 ) ) ;
#2532 =( GEOMETRIC_REPRESENTATION_CONTEXT ( 3 ) GLOBAL_UNCERTAINTY_ASSIGNED_CONTEXT ( ( #4119 ) ) GLOBAL_UNIT_ASSIGNED_CONTEXT ( ( #5297, #2617, #7299 ) ) REPRESENTATION_CONTEXT ( 'NONE', 'WORKASPACE' ) );
#2533 = ORIENTED_EDGE ( 'NONE', *, *, #5307, .T. ) ;
#2534 = CARTESIAN_POINT ( 'NONE',  ( -0.2773838231186910300, 3.900000000000001200, 2.032850870514823600 ) ) ;
#2535 = CARTESIAN_POINT ( 'NONE',  ( -1.465783468861325200, 3.910000000000001000, 1.381038661935420000 ) ) ;
#2536 = CARTESIAN_POINT ( 'NONE',  ( -2.501857394727655200, 3.910000000000000100, 2.045877975161913400 ) ) ;
#2537 = CARTESIAN_POINT ( 'NONE',  ( -0.8308266442118046300, 3.909999999999999300, 2.036430294566037500 ) ) ;
#2538 = ADVANCED_FACE ( 'NONE', ( #1951 ), #4792, .F. ) ;
#2539 = CARTESIAN_POINT ( 'NONE',  ( -0.9348442858229137900, 3.910000000000000100, 1.230237665985728800 ) ) ;
#2540 = VECTOR ( 'NONE', #8197, 1000.000000000000000 ) ;
#2541 = ORIENTED_EDGE ( 'NONE', *, *, #4457, .T. ) ;
#2542 = CARTESIAN_POINT ( 'NONE',  ( -3.240000000000000700, 2.860000000000000300, 12.04999999999999900 ) ) ;
#2543 = PRESENTATION_LAYER_ASSIGNMENT (  '', '', ( #21 ) ) ;
#2544 = DIRECTION ( 'NONE',  ( 0.0000000000000000000, -7.649851230572784500E-013, 1.000000000000000000 ) ) ;
#2545 = CARTESIAN_POINT ( 'NONE',  ( -0.2773838231186910300, 3.900000000000001200, 2.032850870514823600 ) ) ;
#2546 = SURFACE_STYLE_FILL_AREA ( #5751 ) ;
#2547 = VERTEX_POINT ( 'NONE', #3540 ) ;
#2548 = CARTESIAN_POINT ( 'NONE',  ( -1.036782838000014400, 3.910000000000000100, 1.267499593698333100 ) ) ;
#2549 = CARTESIAN_POINT ( 'NONE',  ( -0.1710188891030609000, 3.910000000000001000, 1.230373098610325200 ) ) ;
#2550 = CARTESIAN_POINT ( 'NONE',  ( 0.5971759169463135600, 3.900000000000000800, 1.645542522493724300 ) ) ;
#2551 = SURFACE_STYLE_FILL_AREA ( #7948 ) ;
#2552 = CARTESIAN_POINT ( 'NONE',  ( 0.4672283241112190100, 3.910000000000001000, 2.162211178697344600 ) ) ;
#2553 = CARTESIAN_POINT ( 'NONE',  ( -0.05717836370713935700, 3.909999999999999300, 2.031909474401548900 ) ) ;
#2554 = CARTESIAN_POINT ( 'NONE',  ( -0.6960505955168393400, 3.909999999999999300, 1.661307443658489100 ) ) ;
#2555 = CARTESIAN_POINT ( 'NONE',  ( -1.088676608998838700, 3.909999999999999300, 1.178682577229310600 ) ) ;
#2556 = CARTESIAN_POINT ( 'NONE',  ( -1.086469832027814800, 3.899999999999999000, 1.444372197287717700 ) ) ;
#2557 = PRESENTATION_STYLE_ASSIGNMENT (( #2948 ) ) ;
#2558 = UNCERTAINTY_MEASURE_WITH_UNIT (LENGTH_MEASURE( 1.000000000000000100E-005 ), #3612, 'distance_accuracy_value', 'NONE');
#2559 = DIRECTION ( 'NONE',  ( -0.0000000000000000000, -0.0000000000000000000, 1.000000000000000000 ) ) ;
#2560 = DIRECTION ( 'NONE',  ( 0.0000000000000000000, -1.000000000000000000, 0.0000000000000000000 ) ) ;
#2561 = CARTESIAN_POINT ( 'NONE',  ( -0.8140115099070399700, 3.910000000000001000, 2.027175922654695000 ) ) ;
#2562 = CARTESIAN_POINT ( 'NONE',  ( -1.621050197186800500, 3.909999999999999300, 1.462912541205397600 ) ) ;
#2563 = DIRECTION ( 'NONE',  ( 0.0000000000000000000, -0.0000000000000000000, -1.000000000000000000 ) ) ;
#2564 = DIRECTION ( 'NONE',  ( -0.06174578541844615700, -0.7057575568079538200, -0.7057575568079501600 ) ) ;
#2565 = UNCERTAINTY_MEASURE_WITH_UNIT (LENGTH_MEASURE( 1.000000000000000100E-005 ), #5736, 'distance_accuracy_value', 'NONE');
#2566 = CARTESIAN_POINT ( 'NONE',  ( -1.084314272602862900, 3.910000000000000100, 1.722175675452908500 ) ) ;
#2567 = CARTESIAN_POINT ( 'NONE',  ( -0.9344986268769774900, 3.910000000000000100, 1.558863687888414800 ) ) ;
#2568 = CARTESIAN_POINT ( 'NONE',  ( -0.9348442858229137900, 3.900000000000000400, 1.230237665985728800 ) ) ;
#2569 =( GEOMETRIC_REPRESENTATION_CONTEXT ( 3 ) GLOBAL_UNCERTAINTY_ASSIGNED_CONTEXT ( ( #8233 ) ) GLOBAL_UNIT_ASSIGNED_CONTEXT ( ( #6018, #2621, #697 ) ) REPRESENTATION_CONTEXT ( 'NONE', 'WORKASPACE' ) );
#2570 = DIRECTION ( 'NONE',  ( 0.0000000000000000000, 0.0000000000000000000, -1.000000000000000000 ) ) ;
#2571 = EDGE_CURVE ( 'NONE', #7110, #3392, #6579, .T. ) ;
#2572 = CARTESIAN_POINT ( 'NONE',  ( -0.4439962342204196200, 3.900000000000000400, 1.350236713813091700 ) ) ;
#2573 = FACE_OUTER_BOUND ( 'NONE', #7783, .T. ) ;
#2574 = CARTESIAN_POINT ( 'NONE',  ( -0.3459562851932614400, 3.909999999999999300, 1.401116371270223900 ) ) ;
#2575 = CARTESIAN_POINT ( 'NONE',  ( -0.8959001795672870700, 3.909999999999999300, 1.555994642403131500 ) ) ;
#2576 = EDGE_LOOP ( 'NONE', ( #7408, #5606, #2068, #1267 ) ) ;
#2577 = ADVANCED_FACE ( 'NONE', ( #4350 ), #5441, .T. ) ;
#2578 = FACE_BOUND ( 'NONE', #5563, .T. ) ;
#2579 = CARTESIAN_POINT ( 'NONE',  ( 0.3313456764201587700, 3.910000000000001000, 2.127076062527145400 ) ) ;
#2580 = CARTESIAN_POINT ( 'NONE',  ( 0.02716066110438799700, 3.900000000000000400, 1.838314141515549900 ) ) ;
#2581 = B_SPLINE_CURVE_WITH_KNOTS ( 'NONE', 3,
 ( #941, #8276, #4231, #3660, #2987, #1616, #4267, #6306, #4321, #971, #2274 ),
 .UNSPECIFIED., .F., .F.,
 ( 4, 1, 1, 1, 1, 1, 1, 1, 4 ),
 ( 0.0000000000000000000, 0.1257576598797565700, 0.2498704606219636900, 0.3729255926523495900, 0.4963148267466287500, 0.6198735497186613800, 0.7450213757684729400, 0.8715405838685327300, 1.000000000000000000 ),
 .UNSPECIFIED. ) ;
#2582 = AXIS2_PLACEMENT_3D ( 'NONE', #1880, #7312, #4640 ) ;
#2583 = CARTESIAN_POINT ( 'NONE',  ( 1.357165876052278900, 3.910000000000002800, 1.287198416390129800 ) ) ;
#2584 = AXIS2_PLACEMENT_3D ( 'NONE', #1349, #732, #787 ) ;
#2585 = PLANE ( 'NONE',  #4602 ) ;
#2586 = CARTESIAN_POINT ( 'NONE',  ( 0.7078145572778672400, 3.900000000000000400, 2.129627484780230800 ) ) ;
#2587 = ORIENTED_EDGE ( 'NONE', *, *, #4423, .T. ) ;
#2588 = CARTESIAN_POINT ( 'NONE',  ( -1.432781115264406300, 3.900000000000000400, 1.318243043508941800 ) ) ;
#2589 = DIRECTION ( 'NONE',  ( -1.000000000000000000, 0.0000000000000000000, 0.0000000000000000000 ) ) ;
#2590 = CARTESIAN_POINT ( 'NONE',  ( -1.575106228161395000, 3.900000000000001700, 1.610241719261201500 ) ) ;
#2591 = SURFACE_STYLE_FILL_AREA ( #7699 ) ;
#2592 = DIRECTION ( 'NONE',  ( 1.000000000000000000, 0.0000000000000000000, 0.0000000000000000000 ) ) ;
#2593 = AXIS2_PLACEMENT_3D ( 'NONE', #6658, #4647, #665 ) ;
#2594 = CARTESIAN_POINT ( 'NONE',  ( -0.8494814943379325200, 3.900000000000001200, 1.249320635554564300 ) ) ;
#2595 = ORIENTED_EDGE ( 'NONE', *, *, #1282, .F. ) ;
#2596 = CARTESIAN_POINT ( 'NONE',  ( -5.002686081600999500, 0.6999999999999999600, 6.277029990532487800 ) ) ;
#2597 = PRESENTATION_STYLE_ASSIGNMENT (( #302 ) ) ;
#2598 = ORIENTED_EDGE ( 'NONE', *, *, #2039, .F. ) ;
#2599 = CARTESIAN_POINT ( 'NONE',  ( 2.280507361410212900, 3.900000000000000400, 1.964181383354076400 ) ) ;
#2600 = CARTESIAN_POINT ( 'NONE',  ( 0.4796926875134639400, 3.900000000000000400, 1.547780432168919300 ) ) ;
#2601 = PLANE ( 'NONE',  #4418 ) ;
#2602 = CARTESIAN_POINT ( 'NONE',  ( -1.857068292732090300, 3.900000000000001200, 2.136187429778765500 ) ) ;
#2603 = VERTEX_POINT ( 'NONE', #2065 ) ;
#2604 = CARTESIAN_POINT ( 'NONE',  ( 0.7670733431467429100, 3.900000000000000400, 1.842126439684549100 ) ) ;
#2605 = ORIENTED_EDGE ( 'NONE', *, *, #575, .T. ) ;
#2606 = FACE_OUTER_BOUND ( 'NONE', #1067, .T. ) ;
#2607 = CARTESIAN_POINT ( 'NONE',  ( 1.535087307113200100, 3.900000000000000400, 2.058844812211908100 ) ) ;
#2608 = ORIENTED_EDGE ( 'NONE', *, *, #3577, .F. ) ;
#2609 = CARTESIAN_POINT ( 'NONE',  ( -0.7684819970168509400, 3.899999999999999500, 1.609800448989436200 ) ) ;
#2610 = COLOUR_RGB ( '',1.000000000000000000, 1.000000000000000000, 1.000000000000000000 ) ;
#2611 = CARTESIAN_POINT ( 'NONE',  ( 0.6071802932980918700, 3.910000000000001000, 2.159002413848384500 ) ) ;
#2612 = SURFACE_STYLE_USAGE ( .BOTH. , #73 ) ;
#2613 = DIRECTION ( 'NONE',  ( -0.3686337421845238300, 0.0000000000000000000, -0.9295747221837703500 ) ) ;
#2614 = CARTESIAN_POINT ( 'NONE',  ( -1.507333708195010700, 3.900000000000001200, 1.463925571378989600 ) ) ;
#2615 = VECTOR ( 'NONE', #5771, 1000.000000000000000 ) ;
#2616 = VERTEX_POINT ( 'NONE', #1435 ) ;
#2617 =( NAMED_UNIT ( * ) PLANE_ANGLE_UNIT ( ) SI_UNIT ( $, .RADIAN. ) );
#2618 = CARTESIAN_POINT ( 'NONE',  ( -0.9119524414958266600, 3.910000000000000100, 1.230617774833483900 ) ) ;
#2619 = DIRECTION ( 'NONE',  ( -4.990917054568621700E-012, -1.000000000000000000, -2.852521320267450900E-012 ) ) ;
#2620 = EDGE_CURVE ( 'NONE', #1421, #6267, #5950, .T. ) ;
#2621 =( NAMED_UNIT ( * ) PLANE_ANGLE_UNIT ( ) SI_UNIT ( $, .RADIAN. ) );
#2622 = EDGE_CURVE ( 'NONE', #4956, #2411, #642, .T. ) ;
#2623 = CARTESIAN_POINT ( 'NONE',  ( 1.505107594885069000, 3.910000000000000100, 1.244275694231819200 ) ) ;
#2624 = DIRECTION ( 'NONE',  ( -4.666222037691087200E-014, 1.000000000000000000, 7.649851230572784500E-013 ) ) ;
#2625 = SURFACE_STYLE_FILL_AREA ( #5531 ) ;
#2626 = CARTESIAN_POINT ( 'NONE',  ( -0.7894807499908128600, 3.910000000000000100, 1.600976659372439500 ) ) ;
#2627 = CARTESIAN_POINT ( 'NONE',  ( -0.7000000000000004000, 2.860000000000000300, 12.04999999999999900 ) ) ;
#2628 = CARTESIAN_POINT ( 'NONE',  ( 0.8161895126739070500, 3.910000000000001000, 1.645643487964091300 ) ) ;
#2629 = FACE_OUTER_BOUND ( 'NONE', #8590, .T. ) ;
#2630 = ORIENTED_EDGE ( 'NONE', *, *, #236, .F. ) ;
#2631 = EDGE_CURVE ( 'NONE', #3882, #5633, #5499, .T. ) ;
#2632 = CARTESIAN_POINT ( 'NONE',  ( 0.4000000000000000800, 2.860000000000000300, 12.04999999999999900 ) ) ;
#2633 = EDGE_CURVE ( 'NONE', #2200, #4055, #5295, .T. ) ;
#2634 = CARTESIAN_POINT ( 'NONE',  ( -0.6170052491270225900, 3.899999999999999500, 1.792710520532924800 ) ) ;
#2635 = SURFACE_STYLE_FILL_AREA ( #7974 ) ;
#2636 = CARTESIAN_POINT ( 'NONE',  ( -0.6299767819684721800, 3.910000000000001900, 1.987915415908439300 ) ) ;
#2637 =( NAMED_UNIT ( * ) SI_UNIT ( $, .STERADIAN. ) SOLID_ANGLE_UNIT ( ) );
#2638 = CARTESIAN_POINT ( 'NONE',  ( -1.587801269056877200, 3.910000000000000100, 1.397503846379900300 ) ) ;
#2639 = CARTESIAN_POINT ( 'NONE',  ( -0.7824325557962129600, 3.910000000000000100, 1.603938348708468400 ) ) ;
#2640 = CARTESIAN_POINT ( 'NONE',  ( -1.090794820488981700, 3.900000000000001200, 1.361715875541393600 ) ) ;
#2641 =( GEOMETRIC_REPRESENTATION_CONTEXT ( 3 ) GLOBAL_UNCERTAINTY_ASSIGNED_CONTEXT ( ( #3585 ) ) GLOBAL_UNIT_ASSIGNED_CONTEXT ( ( #7501, #4217, #231 ) ) REPRESENTATION_CONTEXT ( 'NONE', 'WORKASPACE' ) );
#2642 = CARTESIAN_POINT ( 'NONE',  ( -0.7834803228500482100, 3.899999999999999500, 1.314831013041593000 ) ) ;
#2643 = VECTOR ( 'NONE', #8210, 1000.000000000000000 ) ;
#2644 = DIRECTION ( 'NONE',  ( 0.0000000000000000000, -0.7071067811865456900, 0.7071067811865494600 ) ) ;
#2645 = CARTESIAN_POINT ( 'NONE',  ( -0.7932044492250438500, 3.910000000000001000, 1.166808171407298900 ) ) ;
#2646 = PRESENTATION_LAYER_ASSIGNMENT (  '', '', ( #6858 ) ) ;
#2647 = VERTEX_POINT ( 'NONE', #5611 ) ;
#2648 = CARTESIAN_POINT ( 'NONE',  ( -1.090285881716937200, 3.910000000000000100, 1.428421817870622300 ) ) ;
#2649 = CARTESIAN_POINT ( 'NONE',  ( -5.110000000000000300, 0.6999999999999999600, 6.420401500533658100 ) ) ;
#2650 = CARTESIAN_POINT ( 'NONE',  ( -1.511109039464497000, 3.900000000000000400, 1.256404290951386600 ) ) ;
#2651 = CARTESIAN_POINT ( 'NONE',  ( 0.8834857413199410600, 3.909999999999999300, 1.856196672128298100 ) ) ;
#2652 = ORIENTED_EDGE ( 'NONE', *, *, #2332, .F. ) ;
#2653 = VECTOR ( 'NONE', #1425, 1000.000000000000000 ) ;
#2654 = CARTESIAN_POINT ( 'NONE',  ( 0.5063550457502402600, 3.900000000000000400, 2.071601492564884700 ) ) ;
#2655 = PRESENTATION_STYLE_ASSIGNMENT (( #3295 ) ) ;
#2656 = CARTESIAN_POINT ( 'NONE',  ( 1.694437695863437300, 3.900000000000001200, 2.033762581037691100 ) ) ;
#2657 = CARTESIAN_POINT ( 'NONE',  ( 1.581980468423654500, 3.909999999999999300, 1.138548041998455700 ) ) ;
#2658 = FILL_AREA_STYLE ('',( #6686 ) ) ;
#2659 = CARTESIAN_POINT ( 'NONE',  ( -1.099265424936660500, 3.910000000000000100, 1.583005077371607800 ) ) ;
#2660 = CARTESIAN_POINT ( 'NONE',  ( 0.7881117752025889000, 3.909999999999999300, 2.076969090235448100 ) ) ;
#2661 = CARTESIAN_POINT ( 'NONE',  ( 0.6569676468652899700, 3.899999999999999500, 1.557069048524879900 ) ) ;
#2662 =( NAMED_UNIT ( * ) PLANE_ANGLE_UNIT ( ) SI_UNIT ( $, .RADIAN. ) );
#2663 = EDGE_CURVE ( 'NONE', #7251, #751, #8408, .T. ) ;
#2664 = ORIENTED_EDGE ( 'NONE', *, *, #397, .T. ) ;
#2665 = CARTESIAN_POINT ( 'NONE',  ( -0.9466349231778292700, 3.899999999999999500, 1.230532160052763400 ) ) ;
#2666 = EDGE_CURVE ( 'NONE', #7209, #5131, #7926, .T. ) ;
#2667 = LINE ( 'NONE', #3280, #999 ) ;
#2668 = CARTESIAN_POINT ( 'NONE',  ( -0.7639252761478481100, 3.899999999999999500, 1.389137274601442100 ) ) ;
#2669 = UNCERTAINTY_MEASURE_WITH_UNIT (LENGTH_MEASURE( 1.000000000000000100E-005 ), #677, 'distance_accuracy_value', 'NONE');
#2670 = CARTESIAN_POINT ( 'NONE',  ( -4.829676781972099600, 2.782834188699375900, 2.687965476071571200 ) ) ;
#2671 = CARTESIAN_POINT ( 'NONE',  ( -0.9296945657802865300, 3.910000000000000100, 1.137983238319807900 ) ) ;
#2672 = CARTESIAN_POINT ( 'NONE',  ( -5.015703029680703500, 0.6999999999999999600, 6.280853710428572400 ) ) ;
#2673 = PRESENTATION_LAYER_ASSIGNMENT (  '', '', ( #2219 ) ) ;
#2674 = VERTEX_POINT ( 'NONE', #2318 ) ;
#2675 = CARTESIAN_POINT ( 'NONE',  ( -1.674180493807334400, 3.900000000000001200, 1.574649632401552900 ) ) ;
#2676 = COLOUR_RGB ( '',1.000000000000000000, 1.000000000000000000, 1.000000000000000000 ) ;
#2677 = EDGE_CURVE ( 'NONE', #6897, #8491, #3218, .T. ) ;
#2678 = CARTESIAN_POINT ( 'NONE',  ( 0.8702224940921206000, 3.910000000000000100, 1.945398609595769800 ) ) ;
#2679 = STYLED_ITEM ( 'NONE', ( #6916 ), #935 ) ;
#2680 = B_SPLINE_CURVE_WITH_KNOTS ( 'NONE', 3,
 ( #1451, #2077, #7420, #6786, #5473, #4107, #4132, #152, #121, #4805, #2136 ),
 .UNSPECIFIED., .F., .F.,
 ( 4, 1, 1, 1, 1, 1, 1, 1, 4 ),
 ( 0.0000000000000000000, 0.1357697446369216200, 0.2674295086385849500, 0.3954588996377332900, 0.5203793465897467200, 0.6427520264582974300, 0.7631737400076839000, 0.8815808016434340000, 1.000000000000000000 ),
 .UNSPECIFIED. ) ;
#2681 =( NAMED_UNIT ( * ) SI_UNIT ( $, .STERADIAN. ) SOLID_ANGLE_UNIT ( ) );
#2682 = PLANE ( 'NONE',  #3092 ) ;
#2683 = ORIENTED_EDGE ( 'NONE', *, *, #6403, .T. ) ;
#2684 = AXIS2_PLACEMENT_3D ( 'NONE', #1220, #5930, #3792 ) ;
#2685 = VECTOR ( 'NONE', #4125, 1000.000000000000000 ) ;
#2686 = FACE_OUTER_BOUND ( 'NONE', #8389, .T. ) ;
#2687 = ORIENTED_EDGE ( 'NONE', *, *, #1614, .F. ) ;
#2688 = LINE ( 'NONE', #7757, #4257 ) ;
#2689 = CARTESIAN_POINT ( 'NONE',  ( -5.006304347208871500, 1.885246734971486500, 2.603486148864582600 ) ) ;
#2690 = STYLED_ITEM ( 'NONE', ( #3599 ), #4166 ) ;
#2691 = CARTESIAN_POINT ( 'NONE',  ( -0.6076307331420622800, 3.900000000000000400, 1.898894977236431000 ) ) ;
#2692 = CARTESIAN_POINT ( 'NONE',  ( -1.078846479703676100, 3.910000000000000100, 1.594920862123568200 ) ) ;
#2693 = CARTESIAN_POINT ( 'NONE',  ( -1.603919386531124300, 3.910000000000000100, 1.429297165972993400 ) ) ;
#2694 = CARTESIAN_POINT ( 'NONE',  ( 0.6892890289514700400, 3.899999999999999500, 1.565976141233017100 ) ) ;
#2695 = PLANE ( 'NONE',  #7567 ) ;
#2696 = CARTESIAN_POINT ( 'NONE',  ( -4.493182566233561400, 6.029198542355045400, 2.391330576710994000 ) ) ;
#2697 = VECTOR ( 'NONE', #2173, 1000.000000000000000 ) ;
#2698 = CARTESIAN_POINT ( 'NONE',  ( -0.9638264707711589100, 3.910000000000000100, 1.233117503579911100 ) ) ;
#2699 = STYLED_ITEM ( 'NONE', ( #5238 ), #7081 ) ;
#2700 = CARTESIAN_POINT ( 'NONE',  ( 1.782476486851292600, 3.910000000000000100, 1.184858238319807900 ) ) ;
#2701 =( NAMED_UNIT ( * ) SI_UNIT ( $, .STERADIAN. ) SOLID_ANGLE_UNIT ( ) );
#2702 = CARTESIAN_POINT ( 'NONE',  ( 2.286120583362959200, 3.900000000000000400, 1.985619484039658400 ) ) ;
#2703 = VECTOR ( 'NONE', #510, 1000.000000000000000 ) ;
#2704 = CARTESIAN_POINT ( 'NONE',  ( 0.1559563809540038500, 3.900000000000001200, 1.666772170493999100 ) ) ;
#2705 = CARTESIAN_POINT ( 'NONE',  ( 0.5328876710618186700, 3.910000000000000100, 2.072193764635597500 ) ) ;
#2706 = CARTESIAN_POINT ( 'NONE',  ( 1.998553789482871500, 3.910000000000000100, 1.151141133056649900 ) ) ;
#2707 = CARTESIAN_POINT ( 'NONE',  ( 0.0000000000000000000, 0.0000000000000000000, -6.625000000000001800 ) ) ;
#2708 = ORIENTED_EDGE ( 'NONE', *, *, #6844, .T. ) ;
#2709 = ORIENTED_EDGE ( 'NONE', *, *, #4013, .F. ) ;
#2710 = CARTESIAN_POINT ( 'NONE',  ( 0.5423341003550030700, 3.910000000000000100, 1.638365378109065500 ) ) ;
#2711 = LINE ( 'NONE', #927, #940 ) ;
#2712 = CARTESIAN_POINT ( 'NONE',  ( 1.316393669210319300, 3.910000000000000100, 2.131024860114059100 ) ) ;
#2713 = SURFACE_STYLE_FILL_AREA ( #7635 ) ;
#2714 = CARTESIAN_POINT ( 'NONE',  ( 1.758294505416235800, 3.910000000000000100, 1.173543097049812400 ) ) ;
#2715 = ORIENTED_EDGE ( 'NONE', *, *, #5948, .F. ) ;
#2716 = ORIENTED_EDGE ( 'NONE', *, *, #1890, .T. ) ;
#2717 = FACE_OUTER_BOUND ( 'NONE', #1601, .T. ) ;
#2718 = CARTESIAN_POINT ( 'NONE',  ( 1.547399739791939700, 3.900000000000000800, 2.163967856889062800 ) ) ;
#2719 = CARTESIAN_POINT ( 'NONE',  ( 0.5314485263249765200, 3.900000000000000400, 2.164299027793492100 ) ) ;
#2720 = CARTESIAN_POINT ( 'NONE',  ( -0.3314691536707478600, 3.900000000000000400, 1.190868614611590300 ) ) ;
#2721 = CARTESIAN_POINT ( 'NONE',  ( 0.8838333947460294000, 3.900000000000000400, 1.844397712004018500 ) ) ;
#2722 = SURFACE_SIDE_STYLE ('',( #2635 ) ) ;
#2723 = CARTESIAN_POINT ( 'NONE',  ( 1.774501998497679300, 3.900000000000000400, 1.181126845897752000 ) ) ;
#2724 = CARTESIAN_POINT ( 'NONE',  ( 1.494566787039994100, 3.910000000000000100, 1.139149253864833300 ) ) ;
#2725 = ORIENTED_EDGE ( 'NONE', *, *, #8564, .F. ) ;
#2726 = AXIS2_PLACEMENT_3D ( 'NONE', #3297, #4636, #649 ) ;
#2727 = PLANE ( 'NONE',  #2740 ) ;
#2728 = B_SPLINE_CURVE_WITH_KNOTS ( 'NONE', 3,
 ( #2225, #6289, #2904, #4957, #3613, #3640, #895, #6316, #5591, #5624, #2286, #1628, #8200, #870, #4216, #2852, #1600, #6973, #4853 ),
 .UNSPECIFIED., .F., .F.,
 ( 4, 1, 1, 1, 1, 1, 1, 1, 1, 1, 1, 1, 1, 1, 1, 1, 4 ),
 ( 0.0000000000000000000, 0.07051335168162369000, 0.1379899219887873500, 0.2028866898409043600, 0.2658780540109378400, 0.3274375356822436500, 0.3883063854445388800, 0.4493760383183943400, 0.5109294778354235300, 0.5722452924862500000, 0.6321491960886902500, 0.6914582368923339900, 0.7508257792212185100, 0.8105867089308199700, 0.8716472256436542700, 0.9347108786775254500, 1.000000000000000000 ),
 .UNSPECIFIED. ) ;
#2729 = EDGE_CURVE ( 'NONE', #5747, #7209, #3306, .T. ) ;
#2730 = PRESENTATION_LAYER_ASSIGNMENT (  '', '', ( #4972 ) ) ;
#2731 = CARTESIAN_POINT ( 'NONE',  ( 1.243153488889616700, 3.899999999999999900, 1.386990946289460500 ) ) ;
#2732 = CARTESIAN_POINT ( 'NONE',  ( -5.107120527070664600, 0.6999999999999999600, 6.386699774567567500 ) ) ;
#2733 = CARTESIAN_POINT ( 'NONE',  ( -0.7000000000000002900, 2.299999999999999800, 7.549999999999998000 ) ) ;
#2734 = CARTESIAN_POINT ( 'NONE',  ( -1.125597160922957400, 3.910000000000000100, 1.899053954828271000 ) ) ;
#2735 = VERTEX_POINT ( 'NONE', #5073 ) ;
#2736 = CARTESIAN_POINT ( 'NONE',  ( 0.5127396447460295100, 3.910000000000000100, 1.637983238319807900 ) ) ;
#2737 = STYLED_ITEM ( 'NONE', ( #4548 ), #3237 ) ;
#2738 = DIRECTION ( 'NONE',  ( 0.0000000000000000000, 0.0000000000000000000, 1.000000000000000000 ) ) ;
#2739 = LINE ( 'NONE', #8316, #3898 ) ;
#2740 = AXIS2_PLACEMENT_3D ( 'NONE', #723, #3490, #7411 ) ;
#2741 = CARTESIAN_POINT ( 'NONE',  ( -5.002686081600998600, 0.6999999999999999600, 2.822970009467507900 ) ) ;
#2742 = EDGE_CURVE ( 'NONE', #2200, #5169, #4663, .T. ) ;
#2743 = EDGE_LOOP ( 'NONE', ( #1808, #1991, #5191, #7384 ) ) ;
#2744 = DIRECTION ( 'NONE',  ( 0.0000000000000000000, 1.000000000000000000, 0.0000000000000000000 ) ) ;
#2745 = CARTESIAN_POINT ( 'NONE',  ( -4.970651347020962300, 2.292762391869667100, 2.578052231538611400 ) ) ;
#2746 = CARTESIAN_POINT ( 'NONE',  ( -0.9180320353933566500, 3.910000000000000100, 2.164017078789334000 ) ) ;
#2747 = CARTESIAN_POINT ( 'NONE',  ( 5.028310758223120100, 0.6999999999999999600, 2.813489350372887700 ) ) ;
#2748 = CARTESIAN_POINT ( 'NONE',  ( 5.006304347208872400, 1.885246734971479700, 2.603486148864583100 ) ) ;
#2749 = DIRECTION ( 'NONE',  ( 0.0000000000000000000, 0.0000000000000000000, -1.000000000000000000 ) ) ;
#2750 = PLANE ( 'NONE',  #7683 ) ;
#2751 = CARTESIAN_POINT ( 'NONE',  ( 1.200202813077158500, 3.910000000000000100, 1.860445415353429600 ) ) ;
#2752 = FACE_OUTER_BOUND ( 'NONE', #5489, .T. ) ;
#2753 = CARTESIAN_POINT ( 'NONE',  ( 1.119985859480619800, 3.910000000000001000, 1.363426126197635700 ) ) ;
#2754 = CARTESIAN_POINT ( 'NONE',  ( -0.6878134213606585900, 3.900000000000000400, 1.510648474564415300 ) ) ;
#2755 = PRESENTATION_STYLE_ASSIGNMENT (( #2030 ) ) ;
#2756 =( NAMED_UNIT ( * ) PLANE_ANGLE_UNIT ( ) SI_UNIT ( $, .RADIAN. ) );
#2757 = CARTESIAN_POINT ( 'NONE',  ( 0.5202763633444105200, 3.910000000000000100, 2.164178803806520600 ) ) ;
#2758 = FILL_AREA_STYLE_COLOUR ( '', #2319 ) ;
#2759 = CARTESIAN_POINT ( 'NONE',  ( 1.149212106640353300, 3.900000000000001200, 1.322118166689648000 ) ) ;
#2760 = B_SPLINE_SURFACE_WITH_KNOTS ( 'NONE', 3, 1, ( 
 ( #7183, #2460 ),
 ( #1239, #7935 ),
 ( #477, #574 ),
 ( #542, #507 ),
 ( #5919, #2527 ),
 ( #3170, #7211 ),
 ( #2553, #1157 ),
 ( #4501, #5893 ),
 ( #7236, #3198 ),
 ( #1907, #5209 ),
 ( #6543, #8516 ),
 ( #5183, #3224 ),
 ( #6600, #7839 ),
 ( #5152, #2580 ),
 ( #1124, #7872 ),
 ( #7264, #3896 ),
 ( #7806, #7154 ),
 ( #3138, #3921 ),
 ( #5838, #4442 ) ),
 .UNSPECIFIED., .F., .F., .F.,
 ( 4, 1, 1, 1, 1, 1, 1, 1, 1, 1, 1, 1, 1, 1, 1, 1, 4 ),
 ( 2, 2 ),
 ( 0.0000000000000000000, 0.04846002508828542400, 0.09493506346992376700, 0.1402108469583504000, 0.1851200762343128100, 0.2309306074514619600, 0.2784169223974175500, 0.3290115419617173400, 0.3833911951500226200, 0.4415360846121133000, 0.5048496297884519400, 0.5729898469418285300, 0.6466616241752301000, 0.7261786861426278200, 0.8112384529176143200, 0.9024787417738853200, 1.000000000000000000 ),
 ( 0.0000000000000000000, 1.000000000000000000 ),
 .UNSPECIFIED. ) ;
#2761 = LINE ( 'NONE', #322, #4326 ) ;
#2762 = SURFACE_SIDE_STYLE ('',( #5579 ) ) ;
#2763 = CARTESIAN_POINT ( 'NONE',  ( -0.9718913498791236200, 3.900000000000001200, 2.055522977423186700 ) ) ;
#2764 = VECTOR ( 'NONE', #3607, 1000.000000000000000 ) ;
#2765 = CARTESIAN_POINT ( 'NONE',  ( 0.6848944206929769000, 3.900000000000001200, 1.680988359934537200 ) ) ;
#2766 = CARTESIAN_POINT ( 'NONE',  ( 0.4564074079039239800, 3.910000000000000100, 1.549373040951386800 ) ) ;
#2767 = COLOUR_RGB ( '',1.000000000000000000, 1.000000000000000000, 1.000000000000000000 ) ;
#2768 = ADVANCED_FACE ( 'NONE', ( #605 ), #2951, .T. ) ;
#2769 = DIRECTION ( 'NONE',  ( -1.000000000000000000, 0.0000000000000000000, 1.445602896647339500E-015 ) ) ;
#2770 = CYLINDRICAL_SURFACE ( 'NONE', #3541, 0.1499999999999999700 ) ;
#2771 = CARTESIAN_POINT ( 'NONE',  ( -4.842015805328190800, 3.763073361412148500, 2.488748555299569600 ) ) ;
#2772 = EDGE_LOOP ( 'NONE', ( #340, #2494, #2879, #1077 ) ) ;
#2773 = B_SPLINE_SURFACE_WITH_KNOTS ( 'NONE', 3, 1, ( 
 ( #2823, #3495 ),
 ( #1507, #2853 ),
 ( #204, #5536 ),
 ( #2194, #3719 ),
 ( #998, #6993 ),
 ( #1645, #370 ),
 ( #2054, #5317 ),
 ( #6676, #7991 ),
 ( #3413, #2654 ),
 ( #7364, #6120 ),
 ( #1400, #8091 ) ),
 .UNSPECIFIED., .F., .F., .F.,
 ( 4, 1, 1, 1, 1, 1, 1, 1, 4 ),
 ( 2, 2 ),
 ( 0.0000000000000000000, 0.1341969422512411200, 0.2654386792434347800, 0.3926515731194141800, 0.5164069476880062100, 0.6391202124764553400, 0.7596934631369024500, 0.8797438203539548200, 1.000000000000000000 ),
 ( 0.0000000000000000000, 1.000000000000000000 ),
 .UNSPECIFIED. ) ;
#2774 = VERTEX_POINT ( 'NONE', #2405 ) ;
#2775 = CARTESIAN_POINT ( 'NONE',  ( -0.7436664861481699900, 3.900000000000001200, 2.117033797044877400 ) ) ;
#2776 = CARTESIAN_POINT ( 'NONE',  ( -4.948522762288408000, 1.354317167633839500, 6.320444104980487600 ) ) ;
#2777 = CARTESIAN_POINT ( 'NONE',  ( 2.540000000000000000, 0.0000000000000000000, 7.549999999999998000 ) ) ;
#2778 = CARTESIAN_POINT ( 'NONE',  ( -0.4911775860447786800, 3.899999999999998600, 1.608932059312018200 ) ) ;
#2779 = DIRECTION ( 'NONE',  ( -0.0000000000000000000, -1.000000000000000000, -0.0000000000000000000 ) ) ;
#2780 = CARTESIAN_POINT ( 'NONE',  ( -1.163132261720062600, 3.900000000000000400, 1.661313807678422000 ) ) ;
#2781 = VECTOR ( 'NONE', #7579, 1000.000000000000000 ) ;
#2782 = EDGE_CURVE ( 'NONE', #6712, #32, #1121, .T. ) ;
#2783 = CARTESIAN_POINT ( 'NONE',  ( 1.782476486851292600, 3.910000000000000100, 1.184858238319807900 ) ) ;
#2784 = EDGE_CURVE ( 'NONE', #8241, #4468, #4566, .T. ) ;
#2785 = CARTESIAN_POINT ( 'NONE',  ( 4.692586600614427000, 3.750000000000000400, 4.549999999999998000 ) ) ;
#2786 = CARTESIAN_POINT ( 'NONE',  ( 1.839999999999999900, 2.299999999999999800, 7.549999999999998000 ) ) ;
#2787 = CARTESIAN_POINT ( 'NONE',  ( 0.5262327511038986700, 3.910000000000000100, 1.545957779069306000 ) ) ;
#2788 = ORIENTED_EDGE ( 'NONE', *, *, #7904, .T. ) ;
#2789 = CYLINDRICAL_SURFACE ( 'NONE', #461, 1.825000000000000200 ) ;
#2790 = CARTESIAN_POINT ( 'NONE',  ( 1.839999999999999600, 2.860000000000000300, 12.04999999999999900 ) ) ;
#2791 = CARTESIAN_POINT ( 'NONE',  ( -0.06829533501776372000, 3.900000000000001200, 2.146111917725651800 ) ) ;
#2792 = CARTESIAN_POINT ( 'NONE',  ( 1.259645581231233500, 3.900000000000001700, 1.220000882338975000 ) ) ;
#2793 =( GEOMETRIC_REPRESENTATION_CONTEXT ( 3 ) GLOBAL_UNCERTAINTY_ASSIGNED_CONTEXT ( ( #2827 ) ) GLOBAL_UNIT_ASSIGNED_CONTEXT ( ( #3485, #7489, #4874 ) ) REPRESENTATION_CONTEXT ( 'NONE', 'WORKASPACE' ) );
#2794 = ORIENTED_EDGE ( 'NONE', *, *, #6059, .F. ) ;
#2795 = CARTESIAN_POINT ( 'NONE',  ( 0.4640122358174305600, 3.900000000000000800, 1.548852904799822700 ) ) ;
#2796 = EDGE_LOOP ( 'NONE', ( #6180, #1519, #613, #7987 ) ) ;
#2797 = EDGE_CURVE ( 'NONE', #3957, #6468, #2479, .T. ) ;
#2798 =( NAMED_UNIT ( * ) PLANE_ANGLE_UNIT ( ) SI_UNIT ( $, .RADIAN. ) );
#2799 = ORIENTED_EDGE ( 'NONE', *, *, #560, .T. ) ;
#2800 = EDGE_CURVE ( 'NONE', #5633, #2224, #2031, .T. ) ;
#2801 = CARTESIAN_POINT ( 'NONE',  ( -4.932279398504714000, 2.731355770375953500, 6.445425801826251800 ) ) ;
#2802 = CARTESIAN_POINT ( 'NONE',  ( -1.150996861508605300, 3.900000000000000400, 1.537165121249110900 ) ) ;
#2803 = CARTESIAN_POINT ( 'NONE',  ( 1.325364980046111400, 3.899999999999999900, 1.307180839397398300 ) ) ;
#2804 = ORIENTED_EDGE ( 'NONE', *, *, #5357, .F. ) ;
#2805 = DIRECTION ( 'NONE',  ( 0.0000000000000000000, -0.0000000000000000000, 1.000000000000000000 ) ) ;
#2806 = ORIENTED_EDGE ( 'NONE', *, *, #2102, .T. ) ;
#2807 = SURFACE_SIDE_STYLE ('',( #1277 ) ) ;
#2808 = CARTESIAN_POINT ( 'NONE',  ( 0.03949524435626650100, 3.910000000000000100, 1.640860173783525300 ) ) ;
#2809 = FACE_OUTER_BOUND ( 'NONE', #5121, .T. ) ;
#2810 = CARTESIAN_POINT ( 'NONE',  ( 5.002686081600998600, 0.6999999999999999600, 2.822970009467507900 ) ) ;
#2811 = FILL_AREA_STYLE_COLOUR ( '', #5729 ) ;
#2812 = CARTESIAN_POINT ( 'NONE',  ( 1.723651645759877400, 3.909999999999999300, 2.131977151381705400 ) ) ;
#2813 = CARTESIAN_POINT ( 'NONE',  ( -1.128934680387726000, 3.899999999999999900, 1.632787889620886700 ) ) ;
#2814 = CARTESIAN_POINT ( 'NONE',  ( 0.4564074079039240300, 3.910000000000000100, 1.549373040951387100 ) ) ;
#2815 = PRESENTATION_LAYER_ASSIGNMENT (  '', '', ( #255 ) ) ;
#2816 = CARTESIAN_POINT ( 'NONE',  ( -0.6586842828150809600, 3.910000000000001000, 1.451847415759757600 ) ) ;
#2817 = ADVANCED_FACE ( 'NONE', ( #8337 ), #92, .T. ) ;
#2818 = CARTESIAN_POINT ( 'NONE',  ( -0.03603556172192361200, 3.909999999999999300, 2.130812269496761100 ) ) ;
#2819 = CARTESIAN_POINT ( 'NONE',  ( 0.4986010974126853200, 3.909999999999999300, 2.163945555607983600 ) ) ;
#2820 = COLOUR_RGB ( '',1.000000000000000000, 1.000000000000000000, 1.000000000000000000 ) ;
#2821 = ORIENTED_EDGE ( 'NONE', *, *, #226, .T. ) ;
#2822 = CARTESIAN_POINT ( 'NONE',  ( -0.1030091852293679900, 3.899999999999999500, 2.156321914213956200 ) ) ;
#2823 = CARTESIAN_POINT ( 'NONE',  ( 0.3254452368512926700, 3.910000000000000100, 2.006404290951386800 ) ) ;
#2824 = CARTESIAN_POINT ( 'NONE',  ( 4.887468565522752300, 2.089002590374170700, 6.367921729468941200 ) ) ;
#2825 = CARTESIAN_POINT ( 'NONE',  ( -0.9921607838806190100, 3.899999999999998600, 2.051490080775399100 ) ) ;
#2826 = FACE_OUTER_BOUND ( 'NONE', #5261, .T. ) ;
#2827 = UNCERTAINTY_MEASURE_WITH_UNIT (LENGTH_MEASURE( 1.000000000000000100E-005 ), #3485, 'distance_accuracy_value', 'NONE');
#2828 = ORIENTED_EDGE ( 'NONE', *, *, #5207, .T. ) ;
#2829 = CARTESIAN_POINT ( 'NONE',  ( -1.188545063384979700, 3.900000000000001200, 1.482124857805218600 ) ) ;
#2830 = FACE_OUTER_BOUND ( 'NONE', #6499, .T. ) ;
#2831 = EDGE_LOOP ( 'NONE', ( #6412, #5629, #3377, #5951 ) ) ;
#2832 = CARTESIAN_POINT ( 'NONE',  ( -5.108125756672734500, 0.6999999999999999600, 2.706856444993701600 ) ) ;
#2833 = CARTESIAN_POINT ( 'NONE',  ( -2.940000000000000400, 2.299999999999999400, 21.14999999999999900 ) ) ;
#2834 = CARTESIAN_POINT ( 'NONE',  ( -0.6547731177838360700, 3.900000000000000400, 1.335947807604843000 ) ) ;
#2835 = CARTESIAN_POINT ( 'NONE',  ( -3.240000000000000700, 2.299999999999999800, 12.04999999999999900 ) ) ;
#2836 = DIRECTION ( 'NONE',  ( 0.0000000000000000000, 0.0000000000000000000, -1.000000000000000000 ) ) ;
#2837 = DIRECTION ( 'NONE',  ( 1.000000000000000000, 0.0000000000000000000, 0.0000000000000000000 ) ) ;
#2838 = DIRECTION ( 'NONE',  ( -1.000000000000000000, 0.0000000000000000000, -0.0000000000000000000 ) ) ;
#2839 = SURFACE_STYLE_FILL_AREA ( #3304 ) ;
#2840 = VERTEX_POINT ( 'NONE', #4648 ) ;
#2841 = ORIENTED_EDGE ( 'NONE', *, *, #2172, .F. ) ;
#2842 = B_SPLINE_CURVE_WITH_KNOTS ( 'NONE', 3,
 ( #3426, #3486, #803, #777, #5462, #1436, #8155, #2803, #8070, #6792, #131, #5430, #5398, #6598, #5234, #4781, #1235, #7459, #3445 ),
 .UNSPECIFIED., .F., .F.,
 ( 4, 1, 1, 1, 1, 1, 1, 1, 1, 1, 1, 1, 1, 1, 1, 1, 4 ),
 ( 0.0000000000000000000, 0.06552673525819242800, 0.1280193822677647400, 0.1886553962601248700, 0.2478233327650256900, 0.3060995631381507300, 0.3643333696543751800, 0.4233243923912397600, 0.4832351621000282600, 0.5438380511706949500, 0.6043610261773835200, 0.6653695111604600600, 0.7272827436347302200, 0.7915528024819300500, 0.8580103252777948600, 0.9274317771450689700, 1.000000000000000000 ),
 .UNSPECIFIED. ) ;
#2843 = FILL_AREA_STYLE ('',( #4846 ) ) ;
#2844 = AXIS2_PLACEMENT_3D ( 'NONE', #180, #8088, #6115 ) ;
#2845 = CARTESIAN_POINT ( 'NONE',  ( -0.9639342919091052900, 3.899999999999999500, 2.163455192253478800 ) ) ;
#2846 = CARTESIAN_POINT ( 'NONE',  ( -0.005949408346254834500, 3.910000000000000100, 2.111643970565081600 ) ) ;
#2847 = EDGE_CURVE ( 'NONE', #5310, #485, #5718, .T. ) ;
#2848 = SURFACE_SIDE_STYLE ('',( #7554 ) ) ;
#2849 = VERTEX_POINT ( 'NONE', #3287 ) ;
#2850 = DIRECTION ( 'NONE',  ( 2.316048300074779300E-016, 0.0000000000000000000, -1.000000000000000000 ) ) ;
#2851 =( GEOMETRIC_REPRESENTATION_CONTEXT ( 3 ) GLOBAL_UNCERTAINTY_ASSIGNED_CONTEXT ( ( #4099 ) ) GLOBAL_UNIT_ASSIGNED_CONTEXT ( ( #6569, #5236, #2525 ) ) REPRESENTATION_CONTEXT ( 'NONE', 'WORKASPACE' ) );
#2852 = CARTESIAN_POINT ( 'NONE',  ( 1.442840669498248300, 3.910000000000000100, 1.146461441858375200 ) ) ;
#2853 = CARTESIAN_POINT ( 'NONE',  ( 0.3338015204694452200, 3.899999999999999500, 2.011669555954342000 ) ) ;
#2854 = B_SPLINE_SURFACE_WITH_KNOTS ( 'NONE', 3, 1, ( 
 ( #3116, #8499 ),
 ( #7819, #3727 ),
 ( #5051, #6376 ),
 ( #7165, #8411 ),
 ( #8469, #8437 ),
 ( #431, #1692 ),
 ( #5726, #4451 ),
 ( #1815, #463 ),
 ( #2412, #2376 ),
 ( #5104, #1104 ),
 ( #2348, #5757 ),
 ( #403, #3056 ),
 ( #1748, #1716 ),
 ( #6413, #7043 ),
 ( #5789, #5076 ),
 ( #1780, #6466 ),
 ( #2444, #1138 ) ),
 .UNSPECIFIED., .F., .F., .F.,
 ( 4, 1, 1, 1, 1, 1, 1, 1, 1, 1, 1, 1, 1, 1, 4 ),
 ( 2, 2 ),
 ( 0.0000000000000000000, 0.1173016550657912400, 0.2379161112571015800, 0.2995647044836553000, 0.3608357731646882300, 0.4217328841644785700, 0.4828334529715652100, 0.5447469772660769000, 0.6068751071409689300, 0.6700795636961021100, 0.7346327516175870100, 0.8004934087845776400, 0.8660447371875079600, 0.9325846402551653000, 1.000000000000000000 ),
 ( 0.0000000000000000000, 1.000000000000000000 ),
 .UNSPECIFIED. ) ;
#2855 = VECTOR ( 'NONE', #6702, 1000.000000000000000 ) ;
#2856 = CARTESIAN_POINT ( 'NONE',  ( -0.05041021253392497000, 3.900000000000001200, 1.154942677184284300 ) ) ;
#2857 = CARTESIAN_POINT ( 'NONE',  ( -1.107132062187736500, 3.900000000000000400, 1.957569673759173700 ) ) ;
#2858 = AXIS2_PLACEMENT_3D ( 'NONE', #176, #263, #2878 ) ;
#2859 = CARTESIAN_POINT ( 'NONE',  ( 2.274047210535503600, 3.900000000000000400, 1.943904290951386800 ) ) ;
#2860 = STYLED_ITEM ( 'NONE', ( #408 ), #7885 ) ;
#2861 = CARTESIAN_POINT ( 'NONE',  ( -0.6299767819684721800, 3.910000000000001900, 1.987915415908439300 ) ) ;
#2862 = ADVANCED_FACE ( 'NONE', ( #7919 ), #5328, .T. ) ;
#2863 = CARTESIAN_POINT ( 'NONE',  ( -0.6820442844285585800, 3.910000000000000100, 1.266412966853142500 ) ) ;
#2864 = SURFACE_SIDE_STYLE ('',( #5589 ) ) ;
#2865 = SPHERICAL_SURFACE ( 'NONE', #4526, 0.1499999999999999900 ) ;
#2866 = B_SPLINE_SURFACE_WITH_KNOTS ( 'NONE', 3, 1, ( 
 ( #5877, #7802 ),
 ( #3915, #8510 ),
 ( #3801, #5203 ),
 ( #8595, #1876 ),
 ( #8478, #7864 ),
 ( #7176, #7832 ),
 ( #7899, #499 ),
 ( #3832, #2572 ),
 ( #3162, #4494 ),
 ( #2454, #3890 ),
 ( #5177, #1180 ),
 ( #1826, #3862 ),
 ( #1207, #4577 ),
 ( #7260, #5863 ),
 ( #1848, #3130 ),
 ( #5886, #5231 ),
 ( #6563, #3244 ),
 ( #7927, #1929 ),
 ( #7148, #471 ) ),
 .UNSPECIFIED., .F., .F., .F.,
 ( 4, 1, 1, 1, 1, 1, 1, 1, 1, 1, 1, 1, 1, 1, 1, 1, 4 ),
 ( 2, 2 ),
 ( 0.0000000000000000000, 0.08914116729673149400, 0.1732346620230154100, 0.2521953011200849800, 0.3262707459219996700, 0.3961141019992258100, 0.4613821377327029800, 0.5224838592400427000, 0.5803121383243748900, 0.6350810076532301700, 0.6876862045175919900, 0.7387568602766092500, 0.7890066463271251400, 0.8397943691546566600, 0.8911225996455838200, 0.9444793089914891300, 1.000000000000000000 ),
 ( 0.0000000000000000000, 1.000000000000000000 ),
 .UNSPECIFIED. ) ;
#2867 =( GEOMETRIC_REPRESENTATION_CONTEXT ( 3 ) GLOBAL_UNCERTAINTY_ASSIGNED_CONTEXT ( ( #6505 ) ) GLOBAL_UNIT_ASSIGNED_CONTEXT ( ( #4292, #5002, #357 ) ) REPRESENTATION_CONTEXT ( 'NONE', 'WORKASPACE' ) );
#2868 = VECTOR ( 'NONE', #7456, 1000.000000000000000 ) ;
#2869 = CARTESIAN_POINT ( 'NONE',  ( 0.8381919473776084900, 3.900000000000000400, 1.256404290951386600 ) ) ;
#2870 = CARTESIAN_POINT ( 'NONE',  ( -1.852407406776008800, 3.899999999999999500, 2.106064550763634200 ) ) ;
#2871 = CARTESIAN_POINT ( 'NONE',  ( -1.840000000000000500, 2.860000000000000300, 12.04999999999999900 ) ) ;
#2872 = DIRECTION ( 'NONE',  ( 0.0000000000000000000, 1.000000000000000000, 0.0000000000000000000 ) ) ;
#2873 = SURFACE_SIDE_STYLE ('',( #6236 ) ) ;
#2874 = CARTESIAN_POINT ( 'NONE',  ( -0.6505917321659425700, 3.909999999999999300, 1.398159490674103500 ) ) ;
#2875 = SURFACE_STYLE_FILL_AREA ( #7244 ) ;
#2876 = CARTESIAN_POINT ( 'NONE',  ( -1.188506495173645300, 3.900000000000000400, 1.287746495369543200 ) ) ;
#2877 = CARTESIAN_POINT ( 'NONE',  ( 0.5328876710618186700, 3.900000000000000400, 2.072193764635597500 ) ) ;
#2878 = DIRECTION ( 'NONE',  ( 0.0000000000000000000, 0.0000000000000000000, 1.000000000000000000 ) ) ;
#2879 = ORIENTED_EDGE ( 'NONE', *, *, #1847, .T. ) ;
#2880 = B_SPLINE_SURFACE_WITH_KNOTS ( 'NONE', 3, 1, ( 
 ( #3420, #4672 ),
 ( #66, #1376 ),
 ( #2657, #4114 ),
 ( #686, #8042 ),
 ( #6060, #2012 ),
 ( #6711, #3335 ),
 ( #5403, #4033 ),
 ( #36, #6094 ),
 ( #2714, #98 ),
 ( #2084, #8018 ),
 ( #1353, #4754 ) ),
 .UNSPECIFIED., .F., .F., .F.,
 ( 4, 1, 1, 1, 1, 1, 1, 1, 4 ),
 ( 2, 2 ),
 ( 0.0000000000000000000, 0.1431580258023320000, 0.2805765707932493200, 0.4126606844312306100, 0.5388467975875644900, 0.6603568481537153100, 0.7776116560006640600, 0.8905794221049208000, 1.000000000000000000 ),
 ( 0.0000000000000000000, 1.000000000000000000 ),
 .UNSPECIFIED. ) ;
#2881 = LINE ( 'NONE', #1212, #1111 ) ;
#2882 = CARTESIAN_POINT ( 'NONE',  ( -0.7642379337135423200, 3.909999999999998400, 1.411709330351375000 ) ) ;
#2883 = CARTESIAN_POINT ( 'NONE',  ( 0.03475138283164586100, 3.909999999999998400, 1.209208006593465600 ) ) ;
#2884 = CARTESIAN_POINT ( 'NONE',  ( -0.7284198947276548900, 3.910000000000000100, 1.854677317267176400 ) ) ;
#2885 = LINE ( 'NONE', #4180, #4770 ) ;
#2886 = CARTESIAN_POINT ( 'NONE',  ( -1.088676608998838700, 3.909999999999999300, 1.178682577229310600 ) ) ;
#2887 = CARTESIAN_POINT ( 'NONE',  ( 0.04681852138494551500, 3.910000000000000100, 2.061048293229351500 ) ) ;
#2888 = CARTESIAN_POINT ( 'NONE',  ( -0.1542366415767934300, 3.900000000000000400, 1.230359226066783300 ) ) ;
#2889 = CARTESIAN_POINT ( 'NONE',  ( 4.747671247539718000, 3.763073361412148500, 2.627654166757507100 ) ) ;
#2890 = CARTESIAN_POINT ( 'NONE',  ( -1.638474734836133000, 3.910000000000001000, 1.498406925767418200 ) ) ;
#2891 = CARTESIAN_POINT ( 'NONE',  ( -1.011257968582079100, 3.910000000000001000, 2.044992542928446300 ) ) ;
#2892 = CARTESIAN_POINT ( 'NONE',  ( 1.410459685737353300, 3.899999999999999500, 2.044502409914685300 ) ) ;
#2893 = CARTESIAN_POINT ( 'NONE',  ( -0.1568738420960761300, 3.910000000000000100, 1.137983238319808100 ) ) ;
#2894 = CARTESIAN_POINT ( 'NONE',  ( -1.157180454012710600, 3.910000000000000100, 2.085437912743085300 ) ) ;
#2895 = EDGE_CURVE ( 'NONE', #3207, #1292, #4607, .T. ) ;
#2896 = EDGE_LOOP ( 'NONE', ( #1557, #2533, #3756, #5362 ) ) ;
#2897 = CARTESIAN_POINT ( 'NONE',  ( -1.246789291387010700, 3.899999999999999900, 1.930007885782540200 ) ) ;
#2898 = ADVANCED_FACE ( 'NONE', ( #1006 ), #19, .F. ) ;
#2899 = ORIENTED_EDGE ( 'NONE', *, *, #112, .F. ) ;
#2900 = CARTESIAN_POINT ( 'NONE',  ( -0.4000000000000000200, 2.299999999999999400, 21.14999999999999900 ) ) ;
#2901 = CARTESIAN_POINT ( 'NONE',  ( 0.6705113586557562800, 3.899999999999998600, 2.036789528350025700 ) ) ;
#2902 = VERTEX_POINT ( 'NONE', #1249 ) ;
#2903 = CARTESIAN_POINT ( 'NONE',  ( -0.9394365671779882900, 3.900000000000001200, 1.138230213056593100 ) ) ;
#2904 = CARTESIAN_POINT ( 'NONE',  ( 1.041079630601460900, 3.910000000000001000, 1.612436623302257100 ) ) ;
#2905 = CARTESIAN_POINT ( 'NONE',  ( -0.1542366415767934300, 3.900000000000000800, 1.230359226066783300 ) ) ;
#2906 = VECTOR ( 'NONE', #213, 1000.000000000000000 ) ;
#2907 = MECHANICAL_DESIGN_GEOMETRIC_PRESENTATION_REPRESENTATION (  '', ( #2737 ), #6790 ) ;
#2908 = PRESENTATION_LAYER_ASSIGNMENT (  '', '', ( #5272 ) ) ;
#2909 = CARTESIAN_POINT ( 'NONE',  ( 4.904418119201889900, 1.885248538307105800, 6.354846624475085200 ) ) ;
#2910 = EDGE_CURVE ( 'NONE', #4604, #6660, #5153, .T. ) ;
#2911 = CARTESIAN_POINT ( 'NONE',  ( -0.7642379337135423200, 3.899999999999998600, 1.411709330351375000 ) ) ;
#2912 = EDGE_CURVE ( 'NONE', #7023, #2377, #6664, .T. ) ;
#2913 = CARTESIAN_POINT ( 'NONE',  ( -3.240000000000000700, 2.299999999999999800, 12.04999999999999900 ) ) ;
#2914 = LINE ( 'NONE', #3774, #1153 ) ;
#2915 = CARTESIAN_POINT ( 'NONE',  ( -0.7000000000000004000, 2.860000000000000300, 12.04999999999999900 ) ) ;
#2916 = PRESENTATION_STYLE_ASSIGNMENT (( #845 ) ) ;
#2917 = AXIS2_PLACEMENT_3D ( 'NONE', #5354, #5380, #2613 ) ;
#2918 = CARTESIAN_POINT ( 'NONE',  ( -0.9069054326620372700, 3.910000000000001000, 1.651679951926762900 ) ) ;
#2919 = CARTESIAN_POINT ( 'NONE',  ( -5.110000000000000300, 0.6999999999999999600, 7.549999999999998000 ) ) ;
#2920 = CARTESIAN_POINT ( 'NONE',  ( -0.7113638498982438600, 3.900000000000002100, 1.226723950869610600 ) ) ;
#2921 = CARTESIAN_POINT ( 'NONE',  ( 0.5240384140259224400, 3.900000000000000400, 2.071996227915149800 ) ) ;
#2922 = DIRECTION ( 'NONE',  ( -0.0000000000000000000, -1.000000000000000000, -0.0000000000000000000 ) ) ;
#2923 = CARTESIAN_POINT ( 'NONE',  ( -1.128297548306725700, 3.910000000000000100, 1.877227528634111100 ) ) ;
#2924 = DIRECTION ( 'NONE',  ( -2.023581846669996900E-015, 2.312964634635739700E-014, -1.000000000000000000 ) ) ;
#2925 = VECTOR ( 'NONE', #773, 1000.000000000000000 ) ;
#2926 = CARTESIAN_POINT ( 'NONE',  ( -1.731228162214270400, 3.899999999999999900, 2.105758449965722700 ) ) ;
#2927 =( NAMED_UNIT ( * ) SI_UNIT ( $, .STERADIAN. ) SOLID_ANGLE_UNIT ( ) );
#2928 = ORIENTED_EDGE ( 'NONE', *, *, #3967, .T. ) ;
#2929 = VERTEX_POINT ( 'NONE', #4269 ) ;
#2930 = CARTESIAN_POINT ( 'NONE',  ( -0.8794492810403987700, 3.910000000000001900, 1.237072793217373300 ) ) ;
#2931 = CARTESIAN_POINT ( 'NONE',  ( 0.1219324867809170300, 3.900000000000000800, 1.912898093246453200 ) ) ;
#2932 = DIRECTION ( 'NONE',  ( -0.0000000000000000000, -1.000000000000000000, -0.0000000000000000000 ) ) ;
#2933 = SURFACE_SIDE_STYLE ('',( #2410 ) ) ;
#2934 = CARTESIAN_POINT ( 'NONE',  ( 0.3441541184302398000, 3.900000000000000800, 1.646412514635597700 ) ) ;
#2935 = CARTESIAN_POINT ( 'NONE',  ( -0.07351858622342867500, 3.900000000000000400, 1.256441762767118700 ) ) ;
#2936 = CARTESIAN_POINT ( 'NONE',  ( -3.753226867404377800, 0.0000000000000000000, -7.550000000000000700 ) ) ;
#2937 = CARTESIAN_POINT ( 'NONE',  ( -0.8647302498310288600, 3.910000000000001000, 1.546304234912876600 ) ) ;
#2938 = CARTESIAN_POINT ( 'NONE',  ( -0.2929727316544045200, 3.900000000000001200, 1.291409143732949800 ) ) ;
#2939 = DIRECTION ( 'NONE',  ( 0.0000000000000000000, 1.000000000000000000, 0.0000000000000000000 ) ) ;
#2940 = SURFACE_STYLE_FILL_AREA ( #5753 ) ;
#2941 = CARTESIAN_POINT ( 'NONE',  ( 0.03949524435626650100, 3.910000000000000100, 1.640860173783525300 ) ) ;
#2942 = ADVANCED_FACE ( 'NONE', ( #2038 ), #7386, .T. ) ;
#2943 = FACE_OUTER_BOUND ( 'NONE', #4339, .T. ) ;
#2944 = ORIENTED_EDGE ( 'NONE', *, *, #4027, .F. ) ;
#2945 = CARTESIAN_POINT ( 'NONE',  ( -0.1776386447276548700, 3.910000000000000100, 2.164299027793492100 ) ) ;
#2946 = ORIENTED_EDGE ( 'NONE', *, *, #6273, .T. ) ;
#2947 = CARTESIAN_POINT ( 'NONE',  ( 2.294195236851292600, 3.910000000000000100, 2.032514488319807600 ) ) ;
#2948 = SURFACE_STYLE_USAGE ( .BOTH. , #2329 ) ;
#2949 = B_SPLINE_CURVE_WITH_KNOTS ( 'NONE', 3,
 ( #7559, #3522, #8168, #2257, #6944, #291, #8262, #838, #923, #4245, #6257, #1532, #6196, #2935, #2226, #7619, #7535, #2905, #3614 ),
 .UNSPECIFIED., .F., .F.,
 ( 4, 1, 1, 1, 1, 1, 1, 1, 1, 1, 1, 1, 1, 1, 1, 1, 4 ),
 ( 0.0000000000000000000, 0.09882383166773400800, 0.1914619423708988900, 0.2780815784855980600, 0.3583298531453780700, 0.4329274324757354000, 0.5019708550484021100, 0.5654585644292790000, 0.6245161701057832000, 0.6783736910484322600, 0.7288400722739270000, 0.7763176158241708000, 0.8211502311720169100, 0.8649278953437881100, 0.9086194296397367400, 0.9532337462823268200, 1.000000000000000000 ),
 .UNSPECIFIED. ) ;
#2950 = EDGE_CURVE ( 'NONE', #7283, #5946, #3622, .T. ) ;
#2951 = B_SPLINE_SURFACE_WITH_KNOTS ( 'NONE', 3, 1, ( 
 ( #367, #3028 ),
 ( #7674, #8317 ),
 ( #958, #2346 ),
 ( #7068, #3054 ),
 ( #1041, #5689 ),
 ( #7041, #7733 ),
 ( #4304, #4392 ),
 ( #4425, #7763 ),
 ( #8407, #3671 ),
 ( #7097, #1070 ),
 ( #315, #4980 ),
 ( #399, #5625 ),
 ( #5754, #3083 ),
 ( #1745, #1629 ),
 ( #5655, #8352 ),
 ( #3758, #4332 ),
 ( #6317, #2287 ),
 ( #343, #5015 ),
 ( #1012, #3180 ) ),
 .UNSPECIFIED., .F., .F., .F.,
 ( 4, 1, 1, 1, 1, 1, 1, 1, 1, 1, 1, 1, 1, 1, 1, 1, 4 ),
 ( 2, 2 ),
 ( 0.0000000000000000000, 0.06444951720551464500, 0.1281124233514761800, 0.1896555050531398800, 0.2513600997674602100, 0.3124975322171102400, 0.3724845551628222000, 0.4321527171657494300, 0.4924328408678524400, 0.5521010028707803400, 0.6126488412447663700, 0.6730629705743499400, 0.7349822606237337300, 0.7983709815272818100, 0.8633459981751202500, 0.9303756442196796600, 1.000000000000000000 ),
 ( 0.0000000000000000000, 1.000000000000000000 ),
 .UNSPECIFIED. ) ;
#2952 = EDGE_CURVE ( 'NONE', #7812, #2840, #4133, .T. ) ;
#2953 = CARTESIAN_POINT ( 'NONE',  ( 1.782476486851292600, 3.910000000000000100, 1.993246396214544800 ) ) ;
#2954 = LINE ( 'NONE', #262, #972 ) ;
#2955 = DIRECTION ( 'NONE',  ( -1.000000000000000000, 0.0000000000000000000, -0.0000000000000000000 ) ) ;
#2956 = LINE ( 'NONE', #2254, #4523 ) ;
#2957 = VERTEX_POINT ( 'NONE', #716 ) ;
#2958 = DIRECTION ( 'NONE',  ( -0.0000000000000000000, -1.000000000000000000, -0.0000000000000000000 ) ) ;
#2959 = CARTESIAN_POINT ( 'NONE',  ( 1.547895894746029500, 3.900000000000000400, 1.137983238319807900 ) ) ;
#2960 = CARTESIAN_POINT ( 'NONE',  ( 5.110000000000000300, 0.6999999999999999600, -5.199999999999986000 ) ) ;
#2961 = VERTEX_POINT ( 'NONE', #3400 ) ;
#2962 = VERTEX_POINT ( 'NONE', #7610 ) ;
#2963 = AXIS2_PLACEMENT_3D ( 'NONE', #662, #5327, #8190 ) ;
#2964 = CARTESIAN_POINT ( 'NONE',  ( -0.7913875730598417500, 3.910000000000000100, 1.301070224401710900 ) ) ;
#2965 = FACE_OUTER_BOUND ( 'NONE', #2198, .T. ) ;
#2966 = CARTESIAN_POINT ( 'NONE',  ( 1.522813657903924400, 3.900000000000000400, 2.059035869898755400 ) ) ;
#2967 = EDGE_CURVE ( 'NONE', #724, #5347, #1854, .T. ) ;
#2968 = CARTESIAN_POINT ( 'NONE',  ( -0.8010743577696541900, 3.899999999999999900, 1.288763660726777800 ) ) ;
#2969 = AXIS2_PLACEMENT_3D ( 'NONE', #4470, #6511, #3136 ) ;
#2970 = VECTOR ( 'NONE', #6899, 1000.000000000000000 ) ;
#2971 = DIRECTION ( 'NONE',  ( -0.0000000000000000000, -1.000000000000000000, -0.0000000000000000000 ) ) ;
#2972 = UNCERTAINTY_MEASURE_WITH_UNIT (LENGTH_MEASURE( 1.000000000000000100E-005 ), #4813, 'distance_accuracy_value', 'NONE');
#2973 = FILL_AREA_STYLE ('',( #4926 ) ) ;
#2974 = STYLED_ITEM ( 'NONE', ( #2105 ), #5813 ) ;
#2975 = CARTESIAN_POINT ( 'NONE',  ( -0.7915347307138745900, 3.900000000000001200, 1.487088337467782100 ) ) ;
#2976 = FACE_OUTER_BOUND ( 'NONE', #2772, .T. ) ;
#2977 = CARTESIAN_POINT ( 'NONE',  ( -0.7932044492250438500, 3.900000000000001700, 1.166808171407298900 ) ) ;
#2978 = CARTESIAN_POINT ( 'NONE',  ( -0.2561015655086623700, 3.899999999999999500, 1.256811049401049400 ) ) ;
#2979 = CARTESIAN_POINT ( 'NONE',  ( 0.05795191970768268800, 3.909999999999999300, 1.235379416592985700 ) ) ;
#2980 = CARTESIAN_POINT ( 'NONE',  ( 1.546456750009187500, 3.910000000000000100, 1.243246396214544600 ) ) ;
#2981 = CARTESIAN_POINT ( 'NONE',  ( -5.110000000000000300, 0.6999999999999999600, -0.9500000000000029500 ) ) ;
#2982 = DIRECTION ( 'NONE',  ( 0.0000000000000000000, -0.0000000000000000000, -1.000000000000000000 ) ) ;
#2983 = VECTOR ( 'NONE', #1620, 1000.000000000000000 ) ;
#2984 = CARTESIAN_POINT ( 'NONE',  ( 0.4702526505400033100, 3.899999999999998600, 1.638875932116354200 ) ) ;
#2985 = DIRECTION ( 'NONE',  ( 0.0000000000000000000, -0.0000000000000000000, 1.000000000000000000 ) ) ;
#2986 = AXIS2_PLACEMENT_3D ( 'NONE', #6687, #1464, #6797 ) ;
#2987 = CARTESIAN_POINT ( 'NONE',  ( 1.699316436933737700, 3.910000000000000100, 1.268573229746119200 ) ) ;
#2988 = CARTESIAN_POINT ( 'NONE',  ( 1.490309400050153600, 3.900000000000000800, 2.163939242289035100 ) ) ;
#2989 = LINE ( 'NONE', #2516, #791 ) ;
#2990 = CARTESIAN_POINT ( 'NONE',  ( 0.3780768157986610400, 3.900000000000000400, 1.151141133056649900 ) ) ;
#2991 = FACE_OUTER_BOUND ( 'NONE', #1260, .T. ) ;
#2992 = CARTESIAN_POINT ( 'NONE',  ( 1.446213678798884600, 3.910000000000001000, 2.052867178905379800 ) ) ;
#2993 = ORIENTED_EDGE ( 'NONE', *, *, #6523, .T. ) ;
#2994 = CARTESIAN_POINT ( 'NONE',  ( -0.7703836869116869000, 3.900000000000000400, 2.131090679568931300 ) ) ;
#2995 = ADVANCED_FACE ( 'NONE', ( #6140, #7490, #1740, #8327, #1944, #2137, #4858, #4342, #2578 ), #1553, .F. ) ;
#2996 = CARTESIAN_POINT ( 'NONE',  ( 1.167504176217848900, 3.899999999999999500, 1.748174722623288400 ) ) ;
#2997 = CARTESIAN_POINT ( 'NONE',  ( 0.6882647245613420200, 3.910000000000001000, 2.024661558839084800 ) ) ;
#2998 = FILL_AREA_STYLE ('',( #289 ) ) ;
#2999 = CARTESIAN_POINT ( 'NONE',  ( -5.509999999999998900, 3.750000000000000400, 4.549999999999998000 ) ) ;
#3000 =( NAMED_UNIT ( * ) PLANE_ANGLE_UNIT ( ) SI_UNIT ( $, .RADIAN. ) );
#3001 = CARTESIAN_POINT ( 'NONE',  ( -0.9122034220396312300, 3.899999999999999500, 1.558571728626339000 ) ) ;
#3002 = LINE ( 'NONE', #3503, #2906 ) ;
#3003 = B_SPLINE_CURVE_WITH_KNOTS ( 'NONE', 3,
 ( #7677, #6375, #8498, #1167, #1888, #8583, #3880, #523, #5222, #7195, #6495, #1838, #7217, #2562, #462, #2475, #3115, #6551, #7247, #7164, #3820, #7793, #6583 ),
 .UNSPECIFIED., .F., .F.,
 ( 4, 1, 1, 1, 1, 1, 1, 1, 1, 1, 1, 1, 1, 1, 1, 1, 1, 1, 1, 1, 4 ),
 ( 0.0000000000000000000, 0.04703142702276246600, 0.09474054418417983400, 0.1432611495992458200, 0.1928093647437366700, 0.2924776409957790500, 0.3912355770159735000, 0.4887465024505026600, 0.5838172037023338100, 0.6298643998844117900, 0.6744670214049288700, 0.7171530676845365700, 0.7582120413206531200, 0.7973652412660359200, 0.8344233127280489300, 0.8690081901814087400, 0.9014113212805551200, 0.9310598904866521600, 0.9574614256845501700, 0.9804480420125327700, 1.000000000000000000 ),
 .UNSPECIFIED. ) ;
#3004 = FILL_AREA_STYLE_COLOUR ( '', #6693 ) ;
#3005 = ORIENTED_EDGE ( 'NONE', *, *, #4409, .F. ) ;
#3006 = PRESENTATION_STYLE_ASSIGNMENT (( #545 ) ) ;
#3007 = CARTESIAN_POINT ( 'NONE',  ( 1.727793061249243100, 3.909999999999998400, 1.279987264546943700 ) ) ;
#3008 = CARTESIAN_POINT ( 'NONE',  ( 0.09702779018110308000, 3.910000000000000100, 1.299446016513179600 ) ) ;
#3009 = CARTESIAN_POINT ( 'NONE',  ( -1.252027982200463600, 3.910000000000000100, 1.877653359963737500 ) ) ;
#3010 = DIRECTION ( 'NONE',  ( 0.0000000000000000000, 1.000000000000000000, 0.0000000000000000000 ) ) ;
#3011 = SURFACE_STYLE_USAGE ( .BOTH. , #8362 ) ;
#3012 = CARTESIAN_POINT ( 'NONE',  ( 0.3441541184302398000, 3.900000000000000400, 1.646412514635597700 ) ) ;
#3013 = CARTESIAN_POINT ( 'NONE',  ( -0.9288721973592338800, 3.900000000000000400, 1.651141133056649900 ) ) ;
#3014 = VECTOR ( 'NONE', #380, 1000.000000000000000 ) ;
#3015 = ORIENTED_EDGE ( 'NONE', *, *, #3366, .T. ) ;
#3016 = CARTESIAN_POINT ( 'NONE',  ( 1.166910803952484700, 3.900000000000000400, 2.028467308535777400 ) ) ;
#3017 = CARTESIAN_POINT ( 'NONE',  ( 1.314736595492344900, 3.899999999999999900, 1.999082456940864100 ) ) ;
#3018 = EDGE_CURVE ( 'NONE', #2735, #4748, #6568, .T. ) ;
#3019 = DIRECTION ( 'NONE',  ( -0.9976625651734407600, 0.0000000000000000000, -0.06833305240914022700 ) ) ;
#3020 = PRESENTATION_LAYER_ASSIGNMENT (  '', '', ( #7230 ) ) ;
#3021 = CIRCLE ( 'NONE', #8410, 0.1500000000000001100 ) ;
#3022 = CARTESIAN_POINT ( 'NONE',  ( -0.7191298574561196800, 3.899999999999999900, 2.100557795713382500 ) ) ;
#3023 = CARTESIAN_POINT ( 'NONE',  ( 0.6302489608750112500, 3.909999999999999300, 2.056365984854363400 ) ) ;
#3024 = CARTESIAN_POINT ( 'NONE',  ( 0.7587313304137581800, 3.900000000000000400, 1.919173634155718400 ) ) ;
#3025 = CARTESIAN_POINT ( 'NONE',  ( -1.114401914326816000, 3.900000000000000400, 2.116777130934691900 ) ) ;
#3026 = ORIENTED_EDGE ( 'NONE', *, *, #2455, .F. ) ;
#3027 = CARTESIAN_POINT ( 'NONE',  ( 0.7044162606043176100, 3.899999999999999900, 2.010816843805709500 ) ) ;
#3028 = CARTESIAN_POINT ( 'NONE',  ( -0.7284198947276548900, 3.900000000000000400, 1.854677317267176400 ) ) ;
#3029 = COLOUR_RGB ( '',1.000000000000000000, 1.000000000000000000, 1.000000000000000000 ) ;
#3030 = ORIENTED_EDGE ( 'NONE', *, *, #5259, .F. ) ;
#3031 = CARTESIAN_POINT ( 'NONE',  ( -0.7709204712759448700, 3.900000000000000800, 1.443820634674098000 ) ) ;
#3032 = CARTESIAN_POINT ( 'NONE',  ( 2.229639315798661100, 3.910000000000000100, 2.151141133056650100 ) ) ;
#3033 = CARTESIAN_POINT ( 'NONE',  ( -0.3553299171083736900, 3.910000000000000100, 1.436899906670292800 ) ) ;
#3034 = ORIENTED_EDGE ( 'NONE', *, *, #4735, .F. ) ;
#3035 = CARTESIAN_POINT ( 'NONE',  ( 2.294195236851292600, 3.910000000000000100, 2.032514488319807600 ) ) ;
#3036 = CARTESIAN_POINT ( 'NONE',  ( -4.842015805328189900, 3.763073361412148500, 6.611251444700425100 ) ) ;
#3037 = VECTOR ( 'NONE', #7414, 1000.000000000000000 ) ;
#3038 = STYLED_ITEM ( 'NONE', ( #4952 ), #5916 ) ;
#3039 = CARTESIAN_POINT ( 'NONE',  ( 0.001676714023180393700, 3.910000000000000100, 1.366159764937538500 ) ) ;
#3040 = CARTESIAN_POINT ( 'NONE',  ( -1.511109039464497000, 3.910000000000000100, 1.256404290951386600 ) ) ;
#3041 = CARTESIAN_POINT ( 'NONE',  ( 0.7956649967780823300, 3.899999999999998100, 1.625341085292820100 ) ) ;
#3042 = FACE_OUTER_BOUND ( 'NONE', #7450, .T. ) ;
#3043 = ORIENTED_EDGE ( 'NONE', *, *, #1614, .T. ) ;
#3044 = CARTESIAN_POINT ( 'NONE',  ( 0.1132721796530012600, 3.899999999999999900, 1.337244975563917500 ) ) ;
#3045 = CARTESIAN_POINT ( 'NONE',  ( -1.008452088547230800, 3.910000000000001000, 1.665814047357012200 ) ) ;
#3046 = CARTESIAN_POINT ( 'NONE',  ( 1.410459685737353300, 3.909999999999999300, 2.044502409914685300 ) ) ;
#3047 = CARTESIAN_POINT ( 'NONE',  ( -5.110000000000000300, 2.837867965644031500, -0.8000000000000029300 ) ) ;
#3048 = COLOUR_RGB ( '',1.000000000000000000, 1.000000000000000000, 1.000000000000000000 ) ;
#3049 = VERTEX_POINT ( 'NONE', #7639 ) ;
#3050 = CARTESIAN_POINT ( 'NONE',  ( 0.7316811889182042200, 3.909999999999999300, 1.978480648037486400 ) ) ;
#3051 = ORIENTED_EDGE ( 'NONE', *, *, #170, .T. ) ;
#3052 = CARTESIAN_POINT ( 'NONE',  ( -0.8794492810403987700, 3.900000000000002100, 1.237072793217373300 ) ) ;
#3053 = DIRECTION ( 'NONE',  ( 0.0000000000000000000, 0.0000000000000000000, -1.000000000000000000 ) ) ;
#3054 = CARTESIAN_POINT ( 'NONE',  ( -0.7315376400043432900, 3.899999999999999500, 1.814125251715867900 ) ) ;
#3055 = COLOUR_RGB ( '',1.000000000000000000, 1.000000000000000000, 1.000000000000000000 ) ;
#3056 = CARTESIAN_POINT ( 'NONE',  ( -1.146652127513195600, 3.900000000000000400, 1.646522173728578000 ) ) ;
#3057 = LINE ( 'NONE', #6314, #5901 ) ;
#3058 = ORIENTED_EDGE ( 'NONE', *, *, #5318, .F. ) ;
#3059 = CARTESIAN_POINT ( 'NONE',  ( -0.7486146682047637400, 3.900000000000002100, 1.193242489434456000 ) ) ;
#3060 = ORIENTED_EDGE ( 'NONE', *, *, #2048, .F. ) ;
#3061 = PLANE ( 'NONE',  #2417 ) ;
#3062 = ORIENTED_EDGE ( 'NONE', *, *, #3528, .F. ) ;
#3063 = CARTESIAN_POINT ( 'NONE',  ( -0.3116194461628074600, 3.910000000000000100, 2.132068948935130300 ) ) ;
#3064 =( BOUNDED_CURVE ( )  B_SPLINE_CURVE ( 3, ( #8384, #6381, #4337, #3652 ),
 .UNSPECIFIED., .F., .F. ) 
 B_SPLINE_CURVE_WITH_KNOTS ( ( 4, 4 ),
 ( 0.7853981633974523900, 1.570796326794896300 ),
 .UNSPECIFIED. ) 
 CURVE ( )  GEOMETRIC_REPRESENTATION_ITEM ( )  RATIONAL_B_SPLINE_CURVE ( ( 1.000000000000000000, 0.9492530216741916800, 0.9492530216741916800, 1.000000000000000000 ) ) 
 REPRESENTATION_ITEM ( '' )  );
#3065 = ORIENTED_EDGE ( 'NONE', *, *, #3697, .F. ) ;
#3066 = CARTESIAN_POINT ( 'NONE',  ( -1.182090524472926500, 3.900000000000000400, 2.061512760230873400 ) ) ;
#3067 = CARTESIAN_POINT ( 'NONE',  ( 4.841494007289828300, 3.769037540282105200, 6.510113677213812600 ) ) ;
#3068 = FILL_AREA_STYLE ('',( #7771 ) ) ;
#3069 = CARTESIAN_POINT ( 'NONE',  ( 0.3502508957219991900, 3.899999999999999500, 1.645769021794793300 ) ) ;
#3070 = CARTESIAN_POINT ( 'NONE',  ( 0.6892890289514700400, 3.899999999999999900, 1.565976141233017100 ) ) ;
#3071 = EDGE_CURVE ( 'NONE', #1572, #7307, #179, .T. ) ;
#3072 = MECHANICAL_DESIGN_GEOMETRIC_PRESENTATION_REPRESENTATION (  '', ( #3463 ), #3969 ) ;
#3073 = CARTESIAN_POINT ( 'NONE',  ( -0.9288721973592338800, 3.910000000000000100, 1.651141133056649900 ) ) ;
#3074 =( NAMED_UNIT ( * ) PLANE_ANGLE_UNIT ( ) SI_UNIT ( $, .RADIAN. ) );
#3075 = CARTESIAN_POINT ( 'NONE',  ( -1.095819900880390800, 3.899999999999999500, 1.737547918765163000 ) ) ;
#3076 = ORIENTED_EDGE ( 'NONE', *, *, #5769, .T. ) ;
#3077 = CARTESIAN_POINT ( 'NONE',  ( -1.200649605422383000, 3.910000000000000100, 1.451798500760977100 ) ) ;
#3078 = AXIS2_PLACEMENT_3D ( 'NONE', #2696, #7373, #5582 ) ;
#3079 = CARTESIAN_POINT ( 'NONE',  ( 1.286767331915341400, 3.900000000000000400, 1.977074447134680600 ) ) ;
#3080 = EDGE_CURVE ( 'NONE', #5704, #8550, #7891, .T. ) ;
#3081 = SURFACE_SIDE_STYLE ('',( #2546 ) ) ;
#3082 = EDGE_CURVE ( 'NONE', #6153, #5258, #490, .T. ) ;
#3083 = CARTESIAN_POINT ( 'NONE',  ( -0.8287806611635252200, 3.900000000000000400, 1.675938976614938800 ) ) ;
#3084 = DIRECTION ( 'NONE',  ( 0.3457053588273560400, 0.0000000000000000000, -0.9383431168171101300 ) ) ;
#3085 = LINE ( 'NONE', #562, #7071 ) ;
#3086 = CARTESIAN_POINT ( 'NONE',  ( -0.3754182499908129700, 3.900000000000000400, 1.665738172530334200 ) ) ;
#3087 = SURFACE_STYLE_USAGE ( .BOTH. , #5905 ) ;
#3088 = CARTESIAN_POINT ( 'NONE',  ( -0.3896676594621690200, 3.899999999999999500, 2.065175310939201000 ) ) ;
#3089 = CARTESIAN_POINT ( 'NONE',  ( -0.4919889736750234800, 3.900000000000000400, 1.670877975161913200 ) ) ;
#3090 = ORIENTED_EDGE ( 'NONE', *, *, #8175, .F. ) ;
#3091 = CARTESIAN_POINT ( 'NONE',  ( -1.080858526177547200, 3.900000000000001200, 1.459568295855521400 ) ) ;
#3092 = AXIS2_PLACEMENT_3D ( 'NONE', #5372, #7566, #2109 ) ;
#3093 = PRESENTATION_STYLE_ASSIGNMENT (( #3750 ) ) ;
#3094 =( LENGTH_UNIT ( ) NAMED_UNIT ( * ) SI_UNIT ( .MILLI., .METRE. ) );
#3095 = CARTESIAN_POINT ( 'NONE',  ( -0.2154086818968119200, 3.900000000000001200, 2.066458696240222300 ) ) ;
#3096 = UNCERTAINTY_MEASURE_WITH_UNIT (LENGTH_MEASURE( 1.000000000000000100E-005 ), #7213, 'distance_accuracy_value', 'NONE');
#3097 =( GEOMETRIC_REPRESENTATION_CONTEXT ( 3 ) GLOBAL_UNCERTAINTY_ASSIGNED_CONTEXT ( ( #3869 ) ) GLOBAL_UNIT_ASSIGNED_CONTEXT ( ( #7290, #38, #1271 ) ) REPRESENTATION_CONTEXT ( 'NONE', 'WORKASPACE' ) );
#3098 = CARTESIAN_POINT ( 'NONE',  ( 0.5481014868512924500, 3.910000000000000100, 1.545877975161913200 ) ) ;
#3099 = SURFACE_STYLE_USAGE ( .BOTH. , #3134 ) ;
#3100 = VECTOR ( 'NONE', #8376, 1000.000000000000000 ) ;
#3101 = PLANE ( 'NONE',  #4473 ) ;
#3102 = CARTESIAN_POINT ( 'NONE',  ( -1.125597160922957400, 3.900000000000000400, 1.899053954828271000 ) ) ;
#3103 = CARTESIAN_POINT ( 'NONE',  ( -1.109844246121374000, 3.910000000000000100, 1.620610455993554400 ) ) ;
#3104 = CARTESIAN_POINT ( 'NONE',  ( -0.6069149605171285700, 3.900000000000000400, 1.866807251477702500 ) ) ;
#3105 = EDGE_LOOP ( 'NONE', ( #8044, #2398, #3139, #1133 ) ) ;
#3106 = FILL_AREA_STYLE_COLOUR ( '', #7880 ) ;
#3107 = LINE ( 'NONE', #756, #6260 ) ;
#3108 = CARTESIAN_POINT ( 'NONE',  ( 0.7513949598090364800, 3.900000000000001200, 1.940195190858671600 ) ) ;
#3109 = CARTESIAN_POINT ( 'NONE',  ( -0.7606753243722614900, 3.899999999999998600, 1.973909119346862500 ) ) ;
#3110 = FACE_OUTER_BOUND ( 'NONE', #5992, .T. ) ;
#3111 = B_SPLINE_CURVE_WITH_KNOTS ( 'NONE', 3,
 ( #5285, #2549, #7309, #1293, #3279, #3247, #7900, #8648, #7989, #7930, #4527, #2574, #5315, #5976, #3891, #7207, #6626, #4578, #5888 ),
 .UNSPECIFIED., .F., .F.,
 ( 4, 1, 1, 1, 1, 1, 1, 1, 1, 1, 1, 1, 1, 1, 1, 1, 4 ),
 ( 0.0000000000000000000, 0.04781223780670549500, 0.09385464393737666400, 0.1383078725930739500, 0.1827660176442797200, 0.2283712093456327600, 0.2759037829336881100, 0.3265341866949471000, 0.3807016907420388600, 0.4389945051626486500, 0.5024881594380461400, 0.5710921570743631200, 0.6449087532150266100, 0.7246958130895980700, 0.8101603531974777000, 0.9018868636063989100, 1.000000000000000000 ),
 .UNSPECIFIED. ) ;
#3112 = VERTEX_POINT ( 'NONE', #6365 ) ;
#3113 = SURFACE_STYLE_FILL_AREA ( #8222 ) ;
#3114 = EDGE_LOOP ( 'NONE', ( #4720, #1342, #5092, #5451 ) ) ;
#3115 = CARTESIAN_POINT ( 'NONE',  ( -1.572351552038538000, 3.910000000000000100, 1.367807841745658100 ) ) ;
#3116 = CARTESIAN_POINT ( 'NONE',  ( -1.252268578938181100, 3.910000000000000100, 1.866807251477702500 ) ) ;
#3117 = ORIENTED_EDGE ( 'NONE', *, *, #1729, .T. ) ;
#3118 =( LENGTH_UNIT ( ) NAMED_UNIT ( * ) SI_UNIT ( .MILLI., .METRE. ) );
#3119 = EDGE_CURVE ( 'NONE', #375, #7455, #2253, .T. ) ;
#3120 = ORIENTED_EDGE ( 'NONE', *, *, #5529, .T. ) ;
#3121 = LINE ( 'NONE', #5791, #509 ) ;
#3122 = DIRECTION ( 'NONE',  ( -0.0000000000000000000, -0.0000000000000000000, -1.000000000000000000 ) ) ;
#3123 = EDGE_CURVE ( 'NONE', #4051, #1178, #6866, .T. ) ;
#3124 =( LENGTH_UNIT ( ) NAMED_UNIT ( * ) SI_UNIT ( .MILLI., .METRE. ) );
#3125 = CARTESIAN_POINT ( 'NONE',  ( -1.041806511305071600, 3.899999999999998600, 1.515545610938371100 ) ) ;
#3126 = ADVANCED_FACE ( 'NONE', ( #3723 ), #421, .T. ) ;
#3127 = ORIENTED_EDGE ( 'NONE', *, *, #4136, .F. ) ;
#3128 = CARTESIAN_POINT ( 'NONE',  ( -0.1914809087413933400, 3.900000000000000400, 2.071256864002639600 ) ) ;
#3129 = ORIENTED_EDGE ( 'NONE', *, *, #3404, .T. ) ;
#3130 = CARTESIAN_POINT ( 'NONE',  ( -0.2682640426263929700, 3.899999999999998600, 1.156494406157290200 ) ) ;
#3131 = CARTESIAN_POINT ( 'NONE',  ( 5.110000000000000300, 0.6999999999999999600, 2.679704016591727600 ) ) ;
#3132 = LINE ( 'NONE', #3551, #6795 ) ;
#3133 = MANIFOLD_SOLID_BREP ( 'LPattern1[1]', #1095 ) ;
#3134 = SURFACE_SIDE_STYLE ('',( #4680 ) ) ;
#3135 =( GEOMETRIC_REPRESENTATION_CONTEXT ( 3 ) GLOBAL_UNCERTAINTY_ASSIGNED_CONTEXT ( ( #8130 ) ) GLOBAL_UNIT_ASSIGNED_CONTEXT ( ( #3780, #3074, #7803 ) ) REPRESENTATION_CONTEXT ( 'NONE', 'WORKASPACE' ) );
#3136 = DIRECTION ( 'NONE',  ( 0.0000000000000000000, -0.0000000000000000000, -1.000000000000000000 ) ) ;
#3137 = EDGE_CURVE ( 'NONE', #8558, #5224, #5923, .T. ) ;
#3138 = CARTESIAN_POINT ( 'NONE',  ( 0.03953319639758609600, 3.910000000000001000, 1.674856771182281300 ) ) ;
#3139 = ORIENTED_EDGE ( 'NONE', *, *, #2895, .T. ) ;
#3140 = AXIS2_PLACEMENT_3D ( 'NONE', #6364, #2924, #4351 ) ;
#3141 = CARTESIAN_POINT ( 'NONE',  ( -1.507333708195010700, 3.910000000000001000, 1.463925571378989600 ) ) ;
#3142 = DIRECTION ( 'NONE',  ( -0.0000000000000000000, -1.000000000000000000, -0.0000000000000000000 ) ) ;
#3143 =( GEOMETRIC_REPRESENTATION_CONTEXT ( 3 ) GLOBAL_UNCERTAINTY_ASSIGNED_CONTEXT ( ( #10 ) ) GLOBAL_UNIT_ASSIGNED_CONTEXT ( ( #8524, #8467, #3208 ) ) REPRESENTATION_CONTEXT ( 'NONE', 'WORKASPACE' ) );
#3144 = DIRECTION ( 'NONE',  ( -0.08715574274765489100, 0.9961946980917458800, -0.0000000000000000000 ) ) ;
#3145 = CARTESIAN_POINT ( 'NONE',  ( -0.7894807499908128600, 3.900000000000000400, 1.600976659372439500 ) ) ;
#3146 = CARTESIAN_POINT ( 'NONE',  ( -5.110000000000000300, 0.6999999999999999600, -0.9500000000000029500 ) ) ;
#3147 = CARTESIAN_POINT ( 'NONE',  ( -0.8871102443141238900, 3.899999999999999500, 2.055634195065361600 ) ) ;
#3148 = LINE ( 'NONE', #1548, #8479 ) ;
#3149 = AXIS2_PLACEMENT_3D ( 'NONE', #6137, #4773, #2104 ) ;
#3150 = ORIENTED_EDGE ( 'NONE', *, *, #6456, .F. ) ;
#3151 = PRODUCT_DEFINITION_FORMATION_WITH_SPECIFIED_SOURCE ( 'ANY', '', #6394, .NOT_KNOWN. ) ;
#3152 = CARTESIAN_POINT ( 'NONE',  ( -0.4587138573963736000, 3.910000000000001000, 1.394203403358762500 ) ) ;
#3153 = CARTESIAN_POINT ( 'NONE',  ( -0.4464296271250656200, 3.900000000000000400, 1.964933953235267000 ) ) ;
#3154 = CARTESIAN_POINT ( 'NONE',  ( -5.024129811261213200, 1.681500748532228200, 6.483607587301334800 ) ) ;
#3155 = ORIENTED_EDGE ( 'NONE', *, *, #1859, .F. ) ;
#3156 = MECHANICAL_DESIGN_GEOMETRIC_PRESENTATION_REPRESENTATION (  '', ( #7200 ), #7024 ) ;
#3157 = CARTESIAN_POINT ( 'NONE',  ( -2.501857394727655200, 3.910000000000000100, 1.151141133056649900 ) ) ;
#3158 = CARTESIAN_POINT ( 'NONE',  ( -0.7846899633353748800, 3.910000000000000100, 2.003381087235853300 ) ) ;
#3159 = ORIENTED_EDGE ( 'NONE', *, *, #6949, .T. ) ;
#3160 = VERTEX_POINT ( 'NONE', #5710 ) ;
#3161 = CARTESIAN_POINT ( 'NONE',  ( -1.042560088644183700, 3.900000000000000400, 1.683771020536079900 ) ) ;
#3162 = CARTESIAN_POINT ( 'NONE',  ( -0.4267610349048702700, 3.909999999999999300, 1.310242977802196000 ) ) ;
#3163 = B_SPLINE_SURFACE_WITH_KNOTS ( 'NONE', 3, 1, ( 
 ( #4687, #1948 ),
 ( #5336, #8591 ),
 ( #2623, #645 ),
 ( #8645, #6669 ),
 ( #1337, #8006 ),
 ( #5308, #8671 ),
 ( #6019, #8138 ),
 ( #2103, #4802 ),
 ( #4832, #1506 ),
 ( #7417, #3464 ),
 ( #150, #2731 ),
 ( #6167, #8060 ),
 ( #6731, #1447 ),
 ( #5388, #6081 ),
 ( #837, #784 ),
 ( #2134, #810 ),
 ( #1392, #4073 ),
 ( #4772, #1476 ),
 ( #3494, #84 ) ),
 .UNSPECIFIED., .F., .F., .F.,
 ( 4, 1, 1, 1, 1, 1, 1, 1, 1, 1, 1, 1, 1, 1, 1, 1, 4 ),
 ( 2, 2 ),
 ( 0.0000000000000000000, 0.06552673525819242800, 0.1280193822677647400, 0.1886553962601248700, 0.2478233327650256900, 0.3060995631381507300, 0.3643333696543751800, 0.4233243923912397600, 0.4832351621000282600, 0.5438380511706949500, 0.6043610261773835200, 0.6653695111604600600, 0.7272827436347302200, 0.7915528024819300500, 0.8580103252777948600, 0.9274317771450689700, 1.000000000000000000 ),
 ( 0.0000000000000000000, 1.000000000000000000 ),
 .UNSPECIFIED. ) ;
#3164 = DIRECTION ( 'NONE',  ( -1.000000000000000000, 0.0000000000000000000, -0.0000000000000000000 ) ) ;
#3165 = CIRCLE ( 'NONE', #2917, 0.1499999999999998600 ) ;
#3166 = CARTESIAN_POINT ( 'NONE',  ( 0.7635678816806204000, 3.900000000000000400, 1.803479706503239500 ) ) ;
#3167 = VECTOR ( 'NONE', #5614, 1000.000000000000000 ) ;
#3168 = DIRECTION ( 'NONE',  ( 1.000000000000000000, 1.936075308009828400E-016, -0.0000000000000000000 ) ) ;
#3169 = ORIENTED_EDGE ( 'NONE', *, *, #3980, .F. ) ;
#3170 = CARTESIAN_POINT ( 'NONE',  ( -0.07579749804865271200, 3.909999999999999300, 2.046736351836811800 ) ) ;
#3171 = CARTESIAN_POINT ( 'NONE',  ( -1.225019581849234400, 3.910000000000001000, 1.747057396793478400 ) ) ;
#3172 = CARTESIAN_POINT ( 'NONE',  ( 1.325364980046111400, 3.909999999999999300, 1.307180839397398300 ) ) ;
#3173 = ADVANCED_FACE ( 'NONE', ( #1631 ), #2246, .T. ) ;
#3174 = CARTESIAN_POINT ( 'NONE',  ( -0.3724841143784243800, 3.900000000000001200, 1.759965465283644300 ) ) ;
#3175 = B_SPLINE_SURFACE_WITH_KNOTS ( 'NONE', 3, 1, ( 
 ( #4036, #3952 ),
 ( #2692, #8657 ),
 ( #2659, #5405 ),
 ( #3339, #7343 ),
 ( #7369, #8073 ),
 ( #1407, #6771 ),
 ( #70, #8021 ),
 ( #4675, #1357 ),
 ( #3369, #711 ),
 ( #5377, #192 ),
 ( #4203, #6901 ) ),
 .UNSPECIFIED., .F., .F., .F.,
 ( 4, 1, 1, 1, 1, 1, 1, 1, 4 ),
 ( 2, 2 ),
 ( 0.0000000000000000000, 0.1338468394077276800, 0.2633658398008436600, 0.3892965228303503800, 0.5145223969603568400, 0.6374885403400341000, 0.7575653701978450900, 0.8773621157954609700, 1.000000000000000000 ),
 ( 0.0000000000000000000, 1.000000000000000000 ),
 .UNSPECIFIED. ) ;
#3176 = CARTESIAN_POINT ( 'NONE',  ( -1.722789065521965300, 3.900000000000001200, 2.060286814980153600 ) ) ;
#3177 = VECTOR ( 'NONE', #5671, 1000.000000000000000 ) ;
#3178 = ORIENTED_EDGE ( 'NONE', *, *, #4455, .T. ) ;
#3179 = CARTESIAN_POINT ( 'NONE',  ( -0.9639342919091052900, 3.909999999999999300, 2.163455192253478800 ) ) ;
#3180 = CARTESIAN_POINT ( 'NONE',  ( -0.9288721973592338800, 3.900000000000000400, 1.651141133056649900 ) ) ;
#3181 = VERTEX_POINT ( 'NONE', #6457 ) ;
#3182 = DIRECTION ( 'NONE',  ( 0.9295747221837763500, -0.0000000000000000000, -0.3686337421845092800 ) ) ;
#3183 = LINE ( 'NONE', #1516, #8089 ) ;
#3184 = CARTESIAN_POINT ( 'NONE',  ( -0.4720238021178053100, 3.899999999999999500, 1.880212352050526100 ) ) ;
#3185 = CARTESIAN_POINT ( 'NONE',  ( -0.9702686164744144200, 3.910000000000001000, 1.654413022565876000 ) ) ;
#3186 = CARTESIAN_POINT ( 'NONE',  ( -0.9777091520105586400, 3.909999999999999300, 1.552307250630343500 ) ) ;
#3187 = PRESENTATION_LAYER_ASSIGNMENT (  '', '', ( #7225 ) ) ;
#3188 = FACE_OUTER_BOUND ( 'NONE', #1816, .T. ) ;
#3189 = CARTESIAN_POINT ( 'NONE',  ( -1.128096876370059800, 3.900000000000000800, 1.833071959157343900 ) ) ;
#3190 = EDGE_CURVE ( 'NONE', #5434, #7916, #4651, .T. ) ;
#3191 = EDGE_CURVE ( 'NONE', #3721, #4569, #2304, .T. ) ;
#3192 = CARTESIAN_POINT ( 'NONE',  ( 0.7584057640405843500, 3.900000000000002100, 1.781885736676398900 ) ) ;
#3193 = CARTESIAN_POINT ( 'NONE',  ( 0.5423341003550030700, 3.900000000000000800, 1.638365378109065500 ) ) ;
#3194 = ADVANCED_FACE ( 'NONE', ( #7189 ), #4472, .F. ) ;
#3195 = SURFACE_STYLE_FILL_AREA ( #4165 ) ;
#3196 = CARTESIAN_POINT ( 'NONE',  ( 0.4111334274871026900, 3.899999999999999500, 2.154688638912246400 ) ) ;
#3197 = PRESENTATION_STYLE_ASSIGNMENT (( #189 ) ) ;
#3198 = CARTESIAN_POINT ( 'NONE',  ( -0.02460630987556983200, 3.900000000000000400, 1.992832853183943200 ) ) ;
#3199 = ORIENTED_EDGE ( 'NONE', *, *, #1116, .T. ) ;
#3200 = CARTESIAN_POINT ( 'NONE',  ( -0.6262344767444689700, 3.900000000000000400, 1.766448311413542100 ) ) ;
#3201 = AXIS2_PLACEMENT_3D ( 'NONE', #584, #1989, #3305 ) ;
#3202 = CARTESIAN_POINT ( 'NONE',  ( 1.202816250877112100, 3.909999999999999300, 1.453866898743363200 ) ) ;
#3203 = CARTESIAN_POINT ( 'NONE',  ( -0.2376452185246475100, 3.900000000000001700, 2.058378348507226900 ) ) ;
#3204 =( BOUNDED_CURVE ( )  B_SPLINE_CURVE ( 3, ( #2162, #3462, #725, #3521 ),
 .UNSPECIFIED., .F., .F. ) 
 B_SPLINE_CURVE_WITH_KNOTS ( ( 4, 4 ),
 ( 1.570796326794895200, 2.356194490192343100 ),
 .UNSPECIFIED. ) 
 CURVE ( )  GEOMETRIC_REPRESENTATION_ITEM ( )  RATIONAL_B_SPLINE_CURVE ( ( 1.000000000000000000, 0.9492530216741912300, 0.9492530216741912300, 1.000000000000000000 ) ) 
 REPRESENTATION_ITEM ( '' )  );
#3205 = CARTESIAN_POINT ( 'NONE',  ( -0.9217337726044777500, 3.900000000000000400, 2.058920125463912200 ) ) ;
#3206 = ORIENTED_EDGE ( 'NONE', *, *, #122, .T. ) ;
#3207 = VERTEX_POINT ( 'NONE', #448 ) ;
#3208 =( NAMED_UNIT ( * ) SI_UNIT ( $, .STERADIAN. ) SOLID_ANGLE_UNIT ( ) );
#3209 = DIRECTION ( 'NONE',  ( -0.0000000000000000000, -1.000000000000000000, -0.0000000000000000000 ) ) ;
#3210 = DIRECTION ( 'NONE',  ( 0.0000000000000000000, 1.000000000000000000, 0.0000000000000000000 ) ) ;
#3211 =( NAMED_UNIT ( * ) PLANE_ANGLE_UNIT ( ) SI_UNIT ( $, .RADIAN. ) );
#3212 = CARTESIAN_POINT ( 'NONE',  ( 0.03300400102540516900, 3.909999999999998400, 1.797859275998574800 ) ) ;
#3213 = DIRECTION ( 'NONE',  ( -0.0000000000000000000, -1.000000000000000000, -0.0000000000000000000 ) ) ;
#3214 = SURFACE_STYLE_USAGE ( .BOTH. , #6647 ) ;
#3215 = FACE_OUTER_BOUND ( 'NONE', #2050, .T. ) ;
#3216 = ORIENTED_EDGE ( 'NONE', *, *, #5709, .F. ) ;
#3217 = CARTESIAN_POINT ( 'NONE',  ( -0.3466108078798337800, 3.909999999999999300, 1.912708354699103100 ) ) ;
#3218 = LINE ( 'NONE', #6437, #3100 ) ;
#3219 = CARTESIAN_POINT ( 'NONE',  ( -1.058604334488350200, 3.909999999999999300, 1.289754400462821200 ) ) ;
#3220 = CARTESIAN_POINT ( 'NONE',  ( -4.692586600614428800, 3.900000000000000400, 2.584319856845346000 ) ) ;
#3221 = ORIENTED_EDGE ( 'NONE', *, *, #2099, .F. ) ;
#3222 = SURFACE_STYLE_USAGE ( .BOTH. , #7934 ) ;
#3223 = ORIENTED_EDGE ( 'NONE', *, *, #673, .T. ) ;
#3224 = CARTESIAN_POINT ( 'NONE',  ( 0.01128170996172268000, 3.900000000000001200, 1.909701797029163000 ) ) ;
#3225 = B_SPLINE_CURVE_WITH_KNOTS ( 'NONE', 3,
 ( #6817, #3444, #6870, #8236, #2802, #7480, #2829, #1573, #6204, #5542, #4224 ),
 .UNSPECIFIED., .F., .F.,
 ( 4, 1, 1, 1, 1, 1, 1, 1, 4 ),
 ( 0.0000000000000000000, 0.1338468394077276800, 0.2633658398008436600, 0.3892965228303503800, 0.5145223969603568400, 0.6374885403400341000, 0.7575653701978450900, 0.8773621157954609700, 1.000000000000000000 ),
 .UNSPECIFIED. ) ;
#3226 = CARTESIAN_POINT ( 'NONE',  ( -0.9288721973592338800, 3.910000000000000100, 1.559035869898755200 ) ) ;
#3227 =( LENGTH_UNIT ( ) NAMED_UNIT ( * ) SI_UNIT ( .MILLI., .METRE. ) );
#3228 = DIRECTION ( 'NONE',  ( 0.08715574274765434900, 0.9961946980917458800, -0.0000000000000000000 ) ) ;
#3229 = B_SPLINE_SURFACE_WITH_KNOTS ( 'NONE', 3, 1, ( 
 ( #4336, #7591 ),
 ( #4961, #4895 ),
 ( #2322, #347 ),
 ( #3007, #6324 ),
 ( #2266, #6380 ),
 ( #5022, #1018 ),
 ( #7681, #7626 ),
 ( #3650, #8321 ),
 ( #4311, #988 ),
 ( #373, #2379 ),
 ( #4400, #7075 ) ),
 .UNSPECIFIED., .F., .F., .F.,
 ( 4, 1, 1, 1, 1, 1, 1, 1, 4 ),
 ( 2, 2 ),
 ( 0.0000000000000000000, 0.1257576598797565700, 0.2498704606219636900, 0.3729255926523495900, 0.4963148267466287500, 0.6198735497186613800, 0.7450213757684729400, 0.8715405838685327300, 1.000000000000000000 ),
 ( 0.0000000000000000000, 1.000000000000000000 ),
 .UNSPECIFIED. ) ;
#3230 = CARTESIAN_POINT ( 'NONE',  ( 0.8381919473776084900, 3.900000000000000400, 1.256404290951386600 ) ) ;
#3231 = ORIENTED_EDGE ( 'NONE', *, *, #2157, .F. ) ;
#3232 = EDGE_LOOP ( 'NONE', ( #5894, #224, #5298, #8440 ) ) ;
#3233 = DIRECTION ( 'NONE',  ( 1.000000000000000000, 0.0000000000000000000, 0.0000000000000000000 ) ) ;
#3234 = FILL_AREA_STYLE ('',( #1218 ) ) ;
#3235 = ORIENTED_EDGE ( 'NONE', *, *, #6114, .T. ) ;
#3236 = CARTESIAN_POINT ( 'NONE',  ( -2.009875486832918100, 3.900000000000000400, 1.151141133056649900 ) ) ;
#3237 = ADVANCED_FACE ( 'NONE', ( #8536 ), #2760, .T. ) ;
#3238 = CARTESIAN_POINT ( 'NONE',  ( -0.7642069400478802600, 3.910000000000000100, 1.377685238877304400 ) ) ;
#3239 = CARTESIAN_POINT ( 'NONE',  ( -2.618428118411865800, 3.910000000000000100, 2.151141133056650100 ) ) ;
#3240 = EDGE_CURVE ( 'NONE', #7209, #5356, #2881, .T. ) ;
#3241 = COLOUR_RGB ( '',1.000000000000000000, 1.000000000000000000, 1.000000000000000000 ) ;
#3242 = EDGE_CURVE ( 'NONE', #7968, #8548, #4446, .T. ) ;
#3243 = FILL_AREA_STYLE ('',( #1255 ) ) ;
#3244 = CARTESIAN_POINT ( 'NONE',  ( -0.1957218937029105400, 3.899999999999999500, 1.138991997791358300 ) ) ;
#3245 = EDGE_LOOP ( 'NONE', ( #5679, #3062, #6025, #2249 ) ) ;
#3246 = ORIENTED_EDGE ( 'NONE', *, *, #1060, .T. ) ;
#3247 = CARTESIAN_POINT ( 'NONE',  ( -0.2561015655086623700, 3.909999999999999300, 1.256811049401049400 ) ) ;
#3248 = DIRECTION ( 'NONE',  ( 0.9961946980917458800, -0.08715574274765434900, -2.307235037058896000E-016 ) ) ;
#3249 = VECTOR ( 'NONE', #5501, 1000.000000000000000 ) ;
#3250 = FILL_AREA_STYLE_COLOUR ( '', #8077 ) ;
#3251 = EDGE_CURVE ( 'NONE', #7523, #44, #897, .T. ) ;
#3252 = CARTESIAN_POINT ( 'NONE',  ( -3.240000000000000700, 2.299999999999999800, 12.04999999999999900 ) ) ;
#3253 = EDGE_CURVE ( 'NONE', #7856, #3647, #2667, .T. ) ;
#3254 = CARTESIAN_POINT ( 'NONE',  ( -0.6343704865761062800, 3.899999999999999500, 1.747057138348007100 ) ) ;
#3255 = ORIENTED_EDGE ( 'NONE', *, *, #1329, .T. ) ;
#3256 = CARTESIAN_POINT ( 'NONE',  ( 1.221133823445108800, 3.909999999999999300, 1.419138475765487700 ) ) ;
#3257 = FACE_OUTER_BOUND ( 'NONE', #6049, .T. ) ;
#3258 =( GEOMETRIC_REPRESENTATION_CONTEXT ( 3 ) GLOBAL_UNCERTAINTY_ASSIGNED_CONTEXT ( ( #4763 ) ) GLOBAL_UNIT_ASSIGNED_CONTEXT ( ( #8647, #1257, #6670 ) ) REPRESENTATION_CONTEXT ( 'NONE', 'WORKASPACE' ) );
#3259 = CARTESIAN_POINT ( 'NONE',  ( 1.723651645759877400, 3.899999999999998600, 2.131977151381705400 ) ) ;
#3260 = CARTESIAN_POINT ( 'NONE',  ( -1.557659568017615300, 3.909999999999999300, 1.340406770688171300 ) ) ;
#3261 = CARTESIAN_POINT ( 'NONE',  ( -1.731228162214270400, 3.909999999999999300, 2.105758449965722700 ) ) ;
#3262 =( LENGTH_UNIT ( ) NAMED_UNIT ( * ) SI_UNIT ( .MILLI., .METRE. ) );
#3263 = CARTESIAN_POINT ( 'NONE',  ( -1.675343797452026400, 3.899999999999999900, 1.875903867194956200 ) ) ;
#3264 = FACE_OUTER_BOUND ( 'NONE', #4159, .T. ) ;
#3265 = CARTESIAN_POINT ( 'NONE',  ( -0.9958415155878631600, 3.899999999999998600, 1.242777731406501400 ) ) ;
#3266 = ORIENTED_EDGE ( 'NONE', *, *, #2039, .T. ) ;
#3267 = ORIENTED_EDGE ( 'NONE', *, *, #6722, .T. ) ;
#3268 = CARTESIAN_POINT ( 'NONE',  ( -0.7668577119125314900, 3.900000000000000400, 1.360915138338812900 ) ) ;
#3269 = ORIENTED_EDGE ( 'NONE', *, *, #575, .F. ) ;
#3270 =( NAMED_UNIT ( * ) PLANE_ANGLE_UNIT ( ) SI_UNIT ( $, .RADIAN. ) );
#3271 =( GEOMETRIC_REPRESENTATION_CONTEXT ( 3 ) GLOBAL_UNCERTAINTY_ASSIGNED_CONTEXT ( ( #7722 ) ) GLOBAL_UNIT_ASSIGNED_CONTEXT ( ( #8288, #1529, #1500 ) ) REPRESENTATION_CONTEXT ( 'NONE', 'WORKASPACE' ) );
#3272 = CARTESIAN_POINT ( 'NONE',  ( -1.021179848997892300, 3.910000000000001900, 1.532117000069512100 ) ) ;
#3273 = CARTESIAN_POINT ( 'NONE',  ( -0.9288721973592338800, 3.910000000000000100, 1.559035869898755200 ) ) ;
#3274 = CARTESIAN_POINT ( 'NONE',  ( -4.841494007289829100, 3.769037540282103500, 2.589886322786182600 ) ) ;
#3275 = ORIENTED_EDGE ( 'NONE', *, *, #5359, .F. ) ;
#3276 = ORIENTED_EDGE ( 'NONE', *, *, #6935, .T. ) ;
#3277 = B_SPLINE_CURVE_WITH_KNOTS ( 'NONE', 3,
 ( #3098, #1730, #8450, #7751, #6509, #8426, #417, #502, #5179, #1208, #2628, #5942, #8539, #3976, #7963, #5233, #593, #6597, #7261 ),
 .UNSPECIFIED., .F., .F.,
 ( 4, 1, 1, 1, 1, 1, 1, 1, 1, 1, 1, 1, 1, 1, 1, 1, 4 ),
 ( 0.0000000000000000000, 0.07560767746224589200, 0.1479480922249864200, 0.2162655927369586100, 0.2821555443803390700, 0.3453469549767202400, 0.4060726426924603500, 0.4649301550499601000, 0.5221728983266263900, 0.5784663242674427100, 0.6348249843553591700, 0.6915864228146049200, 0.7496168433220877800, 0.8090431739049736000, 0.8701081026758743500, 0.9336654250818127200, 1.000000000000000000 ),
 .UNSPECIFIED. ) ;
#3278 = B_SPLINE_SURFACE_WITH_KNOTS ( 'NONE', 3, 1, ( 
 ( #8322, #7136 ),
 ( #3824, #1202 ),
 ( #5078, #2414 ),
 ( #1750, #4454 ),
 ( #1820, #5793 ),
 ( #3063, #6500 ),
 ( #2447, #5105 ),
 ( #6443, #4429 ),
 ( #7796, #3088 ),
 ( #7769, #7741 ),
 ( #2481, #434 ),
 ( #3797, #3153 ),
 ( #5855, #8503 ),
 ( #1782, #3184 ),
 ( #8416, #489 ),
 ( #7823, #465 ),
 ( #5134, #1142 ),
 ( #7104, #6533 ),
 ( #6555, #5879 ) ),
 .UNSPECIFIED., .F., .F., .F.,
 ( 4, 1, 1, 1, 1, 1, 1, 1, 1, 1, 1, 1, 1, 1, 1, 1, 4 ),
 ( 2, 2 ),
 ( 0.0000000000000000000, 0.05550970429625305000, 0.1086369036367121300, 0.1605271254963300000, 0.2117900568826277000, 0.2629438590125878800, 0.3149058281113156200, 0.3678777871037534100, 0.4234960062506518100, 0.4818295588931513800, 0.5432200306522475500, 0.6084749934351787500, 0.6778177339877836700, 0.7514476690639854100, 0.8297439080985193900, 0.9123077221441138200, 1.000000000000000000 ),
 ( 0.0000000000000000000, 1.000000000000000000 ),
 .UNSPECIFIED. ) ;
#3279 = CARTESIAN_POINT ( 'NONE',  ( -0.2350743631227813200, 3.910000000000001000, 1.244690770825275500 ) ) ;
#3280 = CARTESIAN_POINT ( 'NONE',  ( 2.229639315798661100, 3.910000000000000100, 2.151141133056650100 ) ) ;
#3281 = LINE ( 'NONE', #1487, #3906 ) ;
#3282 = DIRECTION ( 'NONE',  ( -1.000000000000000000, -0.0000000000000000000, -0.0000000000000000000 ) ) ;
#3283 = SURFACE_STYLE_USAGE ( .BOTH. , #8633 ) ;
#3284 = CARTESIAN_POINT ( 'NONE',  ( 0.8099337956197730800, 3.910000000000000100, 2.054818056092219800 ) ) ;
#3285 = LINE ( 'NONE', #2733, #3388 ) ;
#3286 = DIRECTION ( 'NONE',  ( -0.0000000000000000000, -0.0000000000000000000, -1.000000000000000000 ) ) ;
#3287 = CARTESIAN_POINT ( 'NONE',  ( 0.5481014868512924500, 3.910000000000000100, 1.545877975161913200 ) ) ;
#3288 = ORIENTED_EDGE ( 'NONE', *, *, #1567, .T. ) ;
#3289 = CARTESIAN_POINT ( 'NONE',  ( -0.9348442858229137900, 3.910000000000000100, 1.230237665985728800 ) ) ;
#3290 =( NAMED_UNIT ( * ) SI_UNIT ( $, .STERADIAN. ) SOLID_ANGLE_UNIT ( ) );
#3291 = DIRECTION ( 'NONE',  ( 1.000000000000000000, -4.990917054568621700E-012, 0.0000000000000000000 ) ) ;
#3292 = FILL_AREA_STYLE ('',( #643 ) ) ;
#3293 = CARTESIAN_POINT ( 'NONE',  ( -1.093345881569760300, 3.910000000000000100, 1.394973369898755200 ) ) ;
#3294 = FACE_OUTER_BOUND ( 'NONE', #297, .T. ) ;
#3295 = SURFACE_STYLE_USAGE ( .BOTH. , #5340 ) ;
#3296 = EDGE_CURVE ( 'NONE', #1445, #6529, #8319, .T. ) ;
#3297 = CARTESIAN_POINT ( 'NONE',  ( 4.692586600614428800, 3.750000000000000400, 6.611251444700426000 ) ) ;
#3298 = FILL_AREA_STYLE ('',( #5264 ) ) ;
#3299 = ORIENTED_EDGE ( 'NONE', *, *, #6389, .F. ) ;
#3300 = CARTESIAN_POINT ( 'NONE',  ( -0.6069149605171285700, 3.900000000000000400, 1.866807251477702500 ) ) ;
#3301 = AXIS2_PLACEMENT_3D ( 'NONE', #611, #1889, #557 ) ;
#3302 = PRESENTATION_LAYER_ASSIGNMENT (  '', '', ( #3925 ) ) ;
#3303 = CARTESIAN_POINT ( 'NONE',  ( -0.6123793499855250100, 3.910000000000000100, 1.930013136116213800 ) ) ;
#3304 = FILL_AREA_STYLE ('',( #1986 ) ) ;
#3305 = DIRECTION ( 'NONE',  ( -1.000000000000000000, 0.0000000000000000000, -0.0000000000000000000 ) ) ;
#3306 = LINE ( 'NONE', #6346, #7596 ) ;
#3307 = CARTESIAN_POINT ( 'NONE',  ( 1.039877802640766200, 3.910000000000000100, 1.669850014635597200 ) ) ;
#3308 = STYLED_ITEM ( 'NONE', ( #4799 ), #7470 ) ;
#3309 = CARTESIAN_POINT ( 'NONE',  ( 5.110000000000000300, 0.6999999999999999600, 7.549999999999998000 ) ) ;
#3310 = VECTOR ( 'NONE', #4019, 1000.000000000000000 ) ;
#3311 = UNCERTAINTY_MEASURE_WITH_UNIT (LENGTH_MEASURE( 1.000000000000000100E-005 ), #6974, 'distance_accuracy_value', 'NONE');
#3312 = ORIENTED_EDGE ( 'NONE', *, *, #64, .T. ) ;
#3313 = CARTESIAN_POINT ( 'NONE',  ( -4.692586600614429700, 3.750000000000000400, 0.1121320343559607200 ) ) ;
#3314 = FACE_OUTER_BOUND ( 'NONE', #2796, .T. ) ;
#3315 = ORIENTED_EDGE ( 'NONE', *, *, #962, .T. ) ;
#3316 = LINE ( 'NONE', #7494, #7409 ) ;
#3317 = CARTESIAN_POINT ( 'NONE',  ( -0.6952908793786035700, 3.909999999999998400, 1.245536063442694000 ) ) ;
#3318 = CARTESIAN_POINT ( 'NONE',  ( 0.5262327511038986700, 3.910000000000000100, 1.545957779069306000 ) ) ;
#3319 = CARTESIAN_POINT ( 'NONE',  ( -1.092766854669598600, 3.899999999999999500, 1.378202681179761600 ) ) ;
#3320 = ORIENTED_EDGE ( 'NONE', *, *, #3191, .T. ) ;
#3321 = B_SPLINE_SURFACE_WITH_KNOTS ( 'NONE', 3, 1, ( 
 ( #7332, #6024 ),
 ( #4778, #58 ),
 ( #4030, #8011 ),
 ( #704, #5370 ),
 ( #6053, #6086 ),
 ( #2051, #6762 ),
 ( #7423, #8090 ),
 ( #4079, #5426 ),
 ( #1424, #5539 ),
 ( #7508, #5509 ),
 ( #929, #1537 ),
 ( #6869, #1605 ),
 ( #7478, #181 ),
 ( #6892, #6203 ),
 ( #4933, #1483 ),
 ( #6173, #6845 ),
 ( #7590, #4835 ),
 ( #7564, #6262 ),
 ( #2139, #4807 ) ),
 .UNSPECIFIED., .F., .F., .F.,
 ( 4, 1, 1, 1, 1, 1, 1, 1, 1, 1, 1, 1, 1, 1, 1, 1, 4 ),
 ( 2, 2 ),
 ( 0.0000000000000000000, 0.06760800320829764300, 0.1322145719265444800, 0.1943824857297349100, 0.2547427744392781200, 0.3138707287455922400, 0.3728106047536226000, 0.4318485510134582000, 0.4919529166493166200, 0.5524333349230929900, 0.6126589372366210200, 0.6728654445584467700, 0.7343989634389270800, 0.7971536513488017800, 0.8619773165616060300, 0.9294453967793907500, 0.9999999999999998900 ),
 ( 0.0000000000000000000, 1.000000000000000000 ),
 .UNSPECIFIED. ) ;
#3322 = ORIENTED_EDGE ( 'NONE', *, *, #1569, .T. ) ;
#3323 = CARTESIAN_POINT ( 'NONE',  ( -5.110000000000000300, 0.6999999999999999600, 7.549999999999998000 ) ) ;
#3324 = ORIENTED_EDGE ( 'NONE', *, *, #1295, .T. ) ;
#3325 = PLANE ( 'NONE',  #1496 ) ;
#3326 = PRESENTATION_STYLE_ASSIGNMENT (( #8559 ) ) ;
#3327 = ORIENTED_EDGE ( 'NONE', *, *, #7001, .F. ) ;
#3328 = UNCERTAINTY_MEASURE_WITH_UNIT (LENGTH_MEASURE( 1.000000000000000100E-005 ), #4544, 'distance_accuracy_value', 'NONE');
#3329 = CARTESIAN_POINT ( 'NONE',  ( 0.5228201428085118600, 3.909999999999999300, 1.638113403221507900 ) ) ;
#3330 = ORIENTED_EDGE ( 'NONE', *, *, #6523, .F. ) ;
#3331 = CIRCLE ( 'NONE', #2466, 2.217413399385571800 ) ;
#3332 = DIRECTION ( 'NONE',  ( -1.000000000000000000, 0.0000000000000000000, 0.0000000000000000000 ) ) ;
#3333 = CARTESIAN_POINT ( 'NONE',  ( 1.782476486851292600, 3.900000000000000400, 1.993246396214544800 ) ) ;
#3334 = ORIENTED_EDGE ( 'NONE', *, *, #2950, .T. ) ;
#3335 = CARTESIAN_POINT ( 'NONE',  ( 1.676900978506909600, 3.899999999999999500, 1.149344296245509200 ) ) ;
#3336 = FACE_OUTER_BOUND ( 'NONE', #4516, .T. ) ;
#3337 = PRESENTATION_STYLE_ASSIGNMENT (( #7113 ) ) ;
#3338 = CARTESIAN_POINT ( 'NONE',  ( -0.6069149605171285700, 3.910000000000000100, 1.866807251477702500 ) ) ;
#3339 = CARTESIAN_POINT ( 'NONE',  ( -1.126594924093775400, 3.910000000000000100, 1.561116106028191300 ) ) ;
#3340 = CARTESIAN_POINT ( 'NONE',  ( 0.7881117752025889000, 3.899999999999999500, 2.076969090235448100 ) ) ;
#3341 = CARTESIAN_POINT ( 'NONE',  ( 0.8161895126739070500, 3.900000000000001200, 1.645643487964091300 ) ) ;
#3342 =( NAMED_UNIT ( * ) SI_UNIT ( $, .STERADIAN. ) SOLID_ANGLE_UNIT ( ) );
#3343 = CARTESIAN_POINT ( 'NONE',  ( -0.6960505955168393400, 3.909999999999999300, 1.661307443658489100 ) ) ;
#3344 = ORIENTED_EDGE ( 'NONE', *, *, #3858, .F. ) ;
#3345 = VERTEX_POINT ( 'NONE', #1296 ) ;
#3346 =( NAMED_UNIT ( * ) SI_UNIT ( $, .STERADIAN. ) SOLID_ANGLE_UNIT ( ) );
#3347 = CARTESIAN_POINT ( 'NONE',  ( -0.7639252761478481100, 3.909999999999999300, 1.389137274601442100 ) ) ;
#3348 = CARTESIAN_POINT ( 'NONE',  ( -5.110000000000000300, 0.6999999999999999600, -5.199999999999986000 ) ) ;
#3349 = EDGE_CURVE ( 'NONE', #142, #446, #6026, .T. ) ;
#3350 = CARTESIAN_POINT ( 'NONE',  ( -0.6503032388578496900, 3.909999999999999300, 1.378442546989780700 ) ) ;
#3351 = VERTEX_POINT ( 'NONE', #7966 ) ;
#3352 = ORIENTED_EDGE ( 'NONE', *, *, #1556, .T. ) ;
#3353 = EDGE_CURVE ( 'NONE', #7595, #8078, #5596, .T. ) ;
#3354 = CARTESIAN_POINT ( 'NONE',  ( 0.5032809901046397800, 3.910000000000000100, 1.546944058618824800 ) ) ;
#3355 = DIRECTION ( 'NONE',  ( -1.000000000000000000, 0.0000000000000000000, -0.0000000000000000000 ) ) ;
#3356 = VERTEX_POINT ( 'NONE', #2632 ) ;
#3357 = CARTESIAN_POINT ( 'NONE',  ( 0.5444838344832431100, 3.910000000000001000, 2.164046245521639400 ) ) ;
#3358 = B_SPLINE_SURFACE_WITH_KNOTS ( 'NONE', 3, 1, ( 
 ( #1807, #7367 ),
 ( #7994, #4008 ),
 ( #688, #659 ),
 ( #1356, #3259 ),
 ( #6029, #3986 ),
 ( #1378, #7970 ),
 ( #5350, #1911 ),
 ( #2014, #3368 ),
 ( #8656, #5273 ),
 ( #8046, #8605 ),
 ( #6715, #6635 ) ),
 .UNSPECIFIED., .F., .F., .F.,
 ( 4, 1, 1, 1, 1, 1, 1, 1, 4 ),
 ( 2, 2 ),
 ( 0.0000000000000000000, 0.1108890911034687600, 0.2251806054128327500, 0.3430216572823192600, 0.4645161983063916800, 0.5904953694681990300, 0.7212296700324456500, 0.8578891006234438100, 0.9999999999999998900 ),
 ( 0.0000000000000000000, 1.000000000000000000 ),
 .UNSPECIFIED. ) ;
#3359 = FILL_AREA_STYLE_COLOUR ( '', #2508 ) ;
#3360 = PRESENTATION_LAYER_ASSIGNMENT (  '', '', ( #7675 ) ) ;
#3361 = CARTESIAN_POINT ( 'NONE',  ( 4.842015805328189900, 3.763073361412149000, 7.549999999999998000 ) ) ;
#3362 =( GEOMETRIC_REPRESENTATION_CONTEXT ( 3 ) GLOBAL_UNCERTAINTY_ASSIGNED_CONTEXT ( ( #552 ) ) GLOBAL_UNIT_ASSIGNED_CONTEXT ( ( #1652, #1680, #6401 ) ) REPRESENTATION_CONTEXT ( 'NONE', 'WORKASPACE' ) );
#3363 = EDGE_LOOP ( 'NONE', ( #2503, #3707, #8324, #8339 ) ) ;
#3364 = ORIENTED_EDGE ( 'NONE', *, *, #6273, .F. ) ;
#3365 = EDGE_CURVE ( 'NONE', #5251, #4153, #3597, .T. ) ;
#3366 = EDGE_CURVE ( 'NONE', #2273, #7740, #278, .T. ) ;
#3367 = SURFACE_SIDE_STYLE ('',( #5112 ) ) ;
#3368 = CARTESIAN_POINT ( 'NONE',  ( 1.586014430195768800, 3.899999999999999500, 2.160893326586983900 ) ) ;
#3369 = CARTESIAN_POINT ( 'NONE',  ( -1.207819787775421800, 3.910000000000000100, 1.419908058522540100 ) ) ;
#3370 = CARTESIAN_POINT ( 'NONE',  ( 0.7078145572778672400, 3.910000000000000100, 2.129627484780230800 ) ) ;
#3371 = CARTESIAN_POINT ( 'NONE',  ( 0.7956649967780823300, 3.899999999999997700, 1.625341085292820100 ) ) ;
#3372 = VECTOR ( 'NONE', #1675, 1000.000000000000000 ) ;
#3373 = ORIENTED_EDGE ( 'NONE', *, *, #3525, .F. ) ;
#3374 = CARTESIAN_POINT ( 'NONE',  ( -3.240000000000000700, 2.860000000000000300, 7.549999999999998000 ) ) ;
#3375 = CARTESIAN_POINT ( 'NONE',  ( -1.389756748468415500, 3.900000000000000400, 1.240516714464361400 ) ) ;
#3376 = ORIENTED_EDGE ( 'NONE', *, *, #6735, .T. ) ;
#3377 = ORIENTED_EDGE ( 'NONE', *, *, #7894, .F. ) ;
#3378 = B_SPLINE_SURFACE_WITH_KNOTS ( 'NONE', 3, 1, ( 
 ( #4375, #1087 ),
 ( #1395, #6241 ),
 ( #1008, #1597 ),
 ( #4356, #1655 ),
 ( #8373, #7037 ),
 ( #5588, #4242 ),
 ( #3698, #7002 ),
 ( #4301, #2901 ),
 ( #2997, #3638 ),
 ( #259, #5652 ),
 ( #7670, #8314 ),
 ( #3611, #7696 ),
 ( #955, #7584 ),
 ( #313, #3668 ),
 ( #5685, #3024 ),
 ( #8347, #6911 ),
 ( #4329, #4977 ),
 ( #8289, #2342 ),
 ( #6342, #6286 ) ),
 .UNSPECIFIED., .F., .F., .F.,
 ( 4, 1, 1, 1, 1, 1, 1, 1, 1, 1, 1, 1, 1, 1, 1, 1, 4 ),
 ( 2, 2 ),
 ( 0.0000000000000000000, 0.07241630037921351100, 0.1419048323535755700, 0.2083174432551981600, 0.2730362286386504000, 0.3358352471311769600, 0.3957966158000121900, 0.4547555793623830300, 0.5128847855547215000, 0.5708818922534653100, 0.6289973520918410400, 0.6872693281346847800, 0.7469689604807713300, 0.8079319788552079600, 0.8704760266704265600, 0.9337970489698189700, 0.9999999999999998900 ),
 ( 0.0000000000000000000, 1.000000000000000000 ),
 .UNSPECIFIED. ) ;
#3379 = VERTEX_POINT ( 'NONE', #598 ) ;
#3380 = CARTESIAN_POINT ( 'NONE',  ( -0.7592575736757893900, 3.899999999999999500, 1.582939564959073400 ) ) ;
#3381 = CARTESIAN_POINT ( 'NONE',  ( -4.921343514919777300, 1.681500748532280400, 2.758355528753906800 ) ) ;
#3382 = B_SPLINE_CURVE_WITH_KNOTS ( 'NONE', 3,
 ( #6441, #5854, #6554, #3795, #5821, #5878, #3152, #6497, #432, #7888, #8527, #3765, #7821, #3823, #7102, #4486, #8557, #8439, #4542 ),
 .UNSPECIFIED., .F., .F.,
 ( 4, 1, 1, 1, 1, 1, 1, 1, 1, 1, 1, 1, 1, 1, 1, 1, 4 ),
 ( 0.0000000000000000000, 0.08914116729673149400, 0.1732346620230154100, 0.2521953011200849800, 0.3262707459219996700, 0.3961141019992258100, 0.4613821377327029800, 0.5224838592400427000, 0.5803121383243748900, 0.6350810076532301700, 0.6876862045175919900, 0.7387568602766092500, 0.7890066463271251400, 0.8397943691546566600, 0.8911225996455838200, 0.9444793089914891300, 1.000000000000000000 ),
 .UNSPECIFIED. ) ;
#3383 = VERTEX_POINT ( 'NONE', #4613 ) ;
#3384 = CARTESIAN_POINT ( 'NONE',  ( -0.6703827633157696300, 3.910000000000000100, 1.288293455037891100 ) ) ;
#3385 =( GEOMETRIC_REPRESENTATION_CONTEXT ( 3 ) GLOBAL_UNCERTAINTY_ASSIGNED_CONTEXT ( ( #8249 ) ) GLOBAL_UNIT_ASSIGNED_CONTEXT ( ( #5967, #3996, #4653 ) ) REPRESENTATION_CONTEXT ( 'NONE', 'WORKASPACE' ) );
#3386 = CARTESIAN_POINT ( 'NONE',  ( 0.4702526505400033100, 3.899999999999998600, 1.638875932116354200 ) ) ;
#3387 = CARTESIAN_POINT ( 'NONE',  ( 1.301824872653431800, 3.899999999999999500, 1.194578204157693800 ) ) ;
#3388 = VECTOR ( 'NONE', #206, 1000.000000000000000 ) ;
#3389 = CARTESIAN_POINT ( 'NONE',  ( 0.3254452368512926700, 3.910000000000000100, 2.006404290951386800 ) ) ;
#3390 = DIRECTION ( 'NONE',  ( 0.0000000000000000000, 0.0000000000000000000, -1.000000000000000000 ) ) ;
#3391 = B_SPLINE_SURFACE_WITH_KNOTS ( 'NONE', 3, 1, ( 
 ( #4556, #4529 ),
 ( #541, #572 ),
 ( #3919, #5206 ),
 ( #2552, #7263 ),
 ( #6599, #1237 ),
 ( #5918, #3196 ),
 ( #8601, #4582 ),
 ( #1905, #1264 ),
 ( #7870, #5267 ),
 ( #2579, #5892 ),
 ( #597, #1187 ) ),
 .UNSPECIFIED., .F., .F., .F.,
 ( 4, 1, 1, 1, 1, 1, 1, 1, 4 ),
 ( 2, 2 ),
 ( 0.0000000000000000000, 0.1578907994648044700, 0.3063260957189253300, 0.4437597392257223200, 0.5722519151163872900, 0.6915926678361401500, 0.8021746850466995300, 0.9046884597803126500, 1.000000000000000000 ),
 ( 0.0000000000000000000, 1.000000000000000000 ),
 .UNSPECIFIED. ) ;
#3392 = VERTEX_POINT ( 'NONE', #5947 ) ;
#3393 = CARTESIAN_POINT ( 'NONE',  ( 0.7310546390770447100, 3.909999999999999300, 1.725006868921884300 ) ) ;
#3394 = CARTESIAN_POINT ( 'NONE',  ( 1.166910803952484700, 3.910000000000000100, 2.028467308535777400 ) ) ;
#3395 = FILL_AREA_STYLE_COLOUR ( '', #99 ) ;
#3396 = CARTESIAN_POINT ( 'NONE',  ( -0.6764979180002941300, 3.909999999999998400, 2.061425689060935700 ) ) ;
#3397 = CARTESIAN_POINT ( 'NONE',  ( -4.842015805328189900, 3.763073361412148500, 7.549429204713759700 ) ) ;
#3398 = DIRECTION ( 'NONE',  ( 0.0000000000000000000, 1.000000000000000000, 0.0000000000000000000 ) ) ;
#3399 = CARTESIAN_POINT ( 'NONE',  ( 2.600733065798660700, 3.910000000000000100, 1.151141133056649900 ) ) ;
#3400 = CARTESIAN_POINT ( 'NONE',  ( 2.274047210535503600, 3.900000000000000400, 1.943904290951386800 ) ) ;
#3401 = EDGE_CURVE ( 'NONE', #3409, #1366, #8107, .T. ) ;
#3402 = ORIENTED_EDGE ( 'NONE', *, *, #684, .F. ) ;
#3403 = SURFACE_SIDE_STYLE ('',( #6840 ) ) ;
#3404 = EDGE_CURVE ( 'NONE', #6267, #3112, #2024, .T. ) ;
#3405 = CARTESIAN_POINT ( 'NONE',  ( -0.6505917321659425700, 3.899999999999999500, 1.398159490674103500 ) ) ;
#3406 = DIRECTION ( 'NONE',  ( -0.0000000000000000000, -1.000000000000000000, -0.0000000000000000000 ) ) ;
#3407 = CARTESIAN_POINT ( 'NONE',  ( 0.3502508957219991900, 3.909999999999999300, 1.645769021794793300 ) ) ;
#3408 = EDGE_LOOP ( 'NONE', ( #2519, #1003, #3129, #2141 ) ) ;
#3409 = VERTEX_POINT ( 'NONE', #4006 ) ;
#3410 = MECHANICAL_DESIGN_GEOMETRIC_PRESENTATION_REPRESENTATION (  '', ( #2523 ), #840 ) ;
#3411 = CARTESIAN_POINT ( 'NONE',  ( 5.002686081600998600, 0.6999999999999999600, 6.277029990532487800 ) ) ;
#3412 = EDGE_CURVE ( 'NONE', #3808, #5747, #2989, .T. ) ;
#3413 = CARTESIAN_POINT ( 'NONE',  ( 0.5063550457502402600, 3.910000000000000100, 2.071601492564884700 ) ) ;
#3414 = AXIS2_PLACEMENT_3D ( 'NONE', #6218, #2094, #3431 ) ;
#3415 = CARTESIAN_POINT ( 'NONE',  ( -0.8500890028703358400, 3.909999999999999300, 1.539396519714496300 ) ) ;
#3416 = FACE_OUTER_BOUND ( 'NONE', #7036, .T. ) ;
#3417 = VERTEX_POINT ( 'NONE', #7286 ) ;
#3418 = PRESENTATION_STYLE_ASSIGNMENT (( #2612 ) ) ;
#3419 = DIRECTION ( 'NONE',  ( -0.0000000000000000000, -1.000000000000000000, -0.0000000000000000000 ) ) ;
#3420 = CARTESIAN_POINT ( 'NONE',  ( 1.547895894746029500, 3.910000000000000100, 1.137983238319807900 ) ) ;
#3421 = CARTESIAN_POINT ( 'NONE',  ( -0.6764979180002941300, 3.899999999999998600, 2.061425689060935700 ) ) ;
#3422 = CARTESIAN_POINT ( 'NONE',  ( -3.240000000000000700, 2.299999999999999800, 12.04999999999999900 ) ) ;
#3423 = CARTESIAN_POINT ( 'NONE',  ( 5.052755109473112700, 1.354312092788057000, 2.637118136863100900 ) ) ;
#3424 = CARTESIAN_POINT ( 'NONE',  ( 1.691809781930920600, 3.909999999999998400, 2.142228933956671800 ) ) ;
#3425 = ORIENTED_EDGE ( 'NONE', *, *, #5359, .T. ) ;
#3426 = CARTESIAN_POINT ( 'NONE',  ( 1.546456750009187500, 3.900000000000000400, 1.243246396214544600 ) ) ;
#3427 = CARTESIAN_POINT ( 'NONE',  ( 1.260927809620414000, 3.910000000000000100, 1.951895792831960200 ) ) ;
#3428 = FACE_OUTER_BOUND ( 'NONE', #4689, .T. ) ;
#3429 = ORIENTED_EDGE ( 'NONE', *, *, #2154, .F. ) ;
#3430 = VECTOR ( 'NONE', #7051, 1000.000000000000000 ) ;
#3431 = DIRECTION ( 'NONE',  ( 0.0000000000000000000, -0.0000000000000000000, -1.000000000000000000 ) ) ;
#3432 = STYLED_ITEM ( 'NONE', ( #3337 ), #7594 ) ;
#3433 = CARTESIAN_POINT ( 'NONE',  ( -4.842015805328189900, 3.763073361412148500, 7.549429204713759700 ) ) ;
#3434 = ADVANCED_FACE ( 'NONE', ( #6964 ), #5909, .T. ) ;
#3435 = ORIENTED_EDGE ( 'NONE', *, *, #8156, .T. ) ;
#3436 = CARTESIAN_POINT ( 'NONE',  ( -4.870496662869751200, 2.292762391869667100, 2.719123521476423600 ) ) ;
#3437 = PLANE ( 'NONE',  #6503 ) ;
#3438 = CARTESIAN_POINT ( 'NONE',  ( -0.03603556172192361200, 3.899999999999999900, 2.130812269496761100 ) ) ;
#3439 = CARTESIAN_POINT ( 'NONE',  ( 1.346392155597778300, 3.900000000000001700, 1.173732572752364000 ) ) ;
#3440 = CARTESIAN_POINT ( 'NONE',  ( 0.5328876710618186700, 3.910000000000000100, 2.072193764635597500 ) ) ;
#3441 = CARTESIAN_POINT ( 'NONE',  ( -1.029158819102387900, 3.909999999999999300, 2.037011882924828900 ) ) ;
#3442 = ORIENTED_EDGE ( 'NONE', *, *, #3631, .F. ) ;
#3443 = EDGE_LOOP ( 'NONE', ( #7250, #8150, #6714, #8365 ) ) ;
#3444 = CARTESIAN_POINT ( 'NONE',  ( -1.078846479703676100, 3.900000000000000800, 1.594920862123568200 ) ) ;
#3445 = CARTESIAN_POINT ( 'NONE',  ( 1.161999513167082200, 3.900000000000000400, 1.662654290951386600 ) ) ;
#3446 = CARTESIAN_POINT ( 'NONE',  ( -1.737260355253970700, 3.910000000000000100, 2.151141133056650100 ) ) ;
#3447 = CARTESIAN_POINT ( 'NONE',  ( -2.940000000000000400, 2.299999999999999400, 12.04999999999999900 ) ) ;
#3448 = ORIENTED_EDGE ( 'NONE', *, *, #7394, .T. ) ;
#3449 = CARTESIAN_POINT ( 'NONE',  ( 0.8594140683622445400, 3.900000000000000400, 1.975770080893319400 ) ) ;
#3450 = CARTESIAN_POINT ( 'NONE',  ( 4.921343514919777300, 1.681500748532273300, 2.758355528753908100 ) ) ;
#3451 = DIRECTION ( 'NONE',  ( -0.0000000000000000000, -0.0000000000000000000, -1.000000000000000000 ) ) ;
#3452 = CARTESIAN_POINT ( 'NONE',  ( -2.618428118411865800, 3.910000000000000100, 1.151141133056649900 ) ) ;
#3453 = DIRECTION ( 'NONE',  ( -5.849614250465574400E-014, 1.000000000000000000, -1.172221405504272300E-013 ) ) ;
#3454 = CIRCLE ( 'NONE', #6591, 2.067984194671809400 ) ;
#3455 = EDGE_LOOP ( 'NONE', ( #6048, #3994, #7629, #3051 ) ) ;
#3456 = PRESENTATION_LAYER_ASSIGNMENT (  '', '', ( #8562 ) ) ;
#3457 = ORIENTED_EDGE ( 'NONE', *, *, #7716, .F. ) ;
#3458 = CARTESIAN_POINT ( 'NONE',  ( -0.6710967484884621200, 3.899999999999997700, 1.482080723548723700 ) ) ;
#3459 = FILL_AREA_STYLE_COLOUR ( '', #706 ) ;
#3460 = EDGE_CURVE ( 'NONE', #1421, #3721, #3085, .T. ) ;
#3461 = DIRECTION ( 'NONE',  ( 0.0000000000000000000, 0.0000000000000000000, -1.000000000000000000 ) ) ;
#3462 = CARTESIAN_POINT ( 'NONE',  ( 4.815273037297465900, 2.915427563153646600, -0.9345724368463520500 ) ) ;
#3463 = STYLED_ITEM ( 'NONE', ( #576 ), #200 ) ;
#3464 = CARTESIAN_POINT ( 'NONE',  ( 1.267888462574892100, 3.900000000000000800, 1.357200701928039200 ) ) ;
#3465 = LINE ( 'NONE', #1410, #7543 ) ;
#3466 = CARTESIAN_POINT ( 'NONE',  ( -5.509999999999998900, 0.6999999999999999600, 4.549999999999998000 ) ) ;
#3467 = ORIENTED_EDGE ( 'NONE', *, *, #383, .T. ) ;
#3468 = CARTESIAN_POINT ( 'NONE',  ( -1.086856968785536900, 3.899999999999999500, 1.989823775481545800 ) ) ;
#3469 = B_SPLINE_SURFACE_WITH_KNOTS ( 'NONE', 3, 1, ( 
 ( #691, #6688 ),
 ( #7370, #5352 ),
 ( #6656, #1303 ),
 ( #4561, #5326 ),
 ( #5274, #8658 ),
 ( #1323, #601 ),
 ( #7318, #5243 ),
 ( #661, #6636 ),
 ( #3284, #7995 ),
 ( #2660, #3340 ),
 ( #1358, #581 ),
 ( #6031, #7291 ),
 ( #3370, #2586 ),
 ( #7267, #3927 ),
 ( #8606, #5956 ),
 ( #2611, #4700 ),
 ( #6098, #1492 ),
 ( #8074, #5460 ),
 ( #1465, #2719 ) ),
 .UNSPECIFIED., .F., .F., .F.,
 ( 4, 1, 1, 1, 1, 1, 1, 1, 1, 1, 1, 1, 1, 1, 1, 1, 4 ),
 ( 2, 2 ),
 ( 0.0000000000000000000, 0.06605401043310672700, 0.1295312762030290900, 0.1912178369542039700, 0.2511633297015322700, 0.3096676142633240100, 0.3675726688950614600, 0.4246702570180906400, 0.4827225302790728600, 0.5413210682092898200, 0.6003749124170664200, 0.6618020813789856600, 0.7249888849963990200, 0.7902832552103048500, 0.8575427221927944800, 0.9270627082144848900, 1.000000000000000000 ),
 ( 0.0000000000000000000, 1.000000000000000000 ),
 .UNSPECIFIED. ) ;
#3470 = DIRECTION ( 'NONE',  ( 0.4999999999999980000, -0.0000000000000000000, -0.8660254037844397100 ) ) ;
#3471 = CARTESIAN_POINT ( 'NONE',  ( -0.7000000000000002900, 2.299999999999999800, 12.04999999999999900 ) ) ;
#3472 = CARTESIAN_POINT ( 'NONE',  ( -0.6966731059368948000, 3.910000000000001000, 2.082103198912841800 ) ) ;
#3473 = ADVANCED_FACE ( 'NONE', ( #2458 ), #2601, .F. ) ;
#3474 = DIRECTION ( 'NONE',  ( -0.0000000000000000000, -0.0000000000000000000, 1.000000000000000000 ) ) ;
#3475 = ORIENTED_EDGE ( 'NONE', *, *, #3562, .T. ) ;
#3476 = CARTESIAN_POINT ( 'NONE',  ( -0.7486146682047637400, 3.910000000000001900, 1.193242489434456000 ) ) ;
#3477 = CARTESIAN_POINT ( 'NONE',  ( -0.07351858622342867500, 3.910000000000000100, 1.256441762767118700 ) ) ;
#3478 = ORIENTED_EDGE ( 'NONE', *, *, #3240, .F. ) ;
#3479 = ORIENTED_EDGE ( 'NONE', *, *, #2742, .F. ) ;
#3480 = AXIS2_PLACEMENT_3D ( 'NONE', #3818, #5846, #5245 ) ;
#3481 = CARTESIAN_POINT ( 'NONE',  ( 4.788727906727286800, 3.272939828439251000, 2.657502501882139400 ) ) ;
#3482 = CARTESIAN_POINT ( 'NONE',  ( -0.7500375555303285800, 3.899999999999999500, 1.758199677983451700 ) ) ;
#3483 = VECTOR ( 'NONE', #2186, 1000.000000000000000 ) ;
#3484 = APPLICATION_PROTOCOL_DEFINITION ( 'draft international standard', 'automotive_design', 1998, #7488 ) ;
#3485 =( LENGTH_UNIT ( ) NAMED_UNIT ( * ) SI_UNIT ( .MILLI., .METRE. ) );
#3486 = CARTESIAN_POINT ( 'NONE',  ( 1.532457630958893300, 3.899999999999999500, 1.243594874084015000 ) ) ;
#3487 = SURFACE_STYLE_FILL_AREA ( #5516 ) ;
#3488 =( BOUNDED_CURVE ( )  B_SPLINE_CURVE ( 3, ( #4225, #7631, #1084, #5028 ),
 .UNSPECIFIED., .F., .T. ) 
 B_SPLINE_CURVE_WITH_KNOTS ( ( 4, 4 ),
 ( 1.570796326794896600, 3.054326190990078100 ),
 .UNSPECIFIED. ) 
 CURVE ( )  GEOMETRIC_REPRESENTATION_ITEM ( )  RATIONAL_B_SPLINE_CURVE ( ( 1.000000000000000000, 0.8248515578734156900, 0.8248515578734156900, 1.000000000000000000 ) ) 
 REPRESENTATION_ITEM ( '' )  );
#3489 = CARTESIAN_POINT ( 'NONE',  ( 1.301824872653431800, 3.899999999999999500, 1.194578204157693800 ) ) ;
#3490 = DIRECTION ( 'NONE',  ( 0.0000000000000000000, -1.000000000000000000, 0.0000000000000000000 ) ) ;
#3491 = VECTOR ( 'NONE', #2592, 1000.000000000000000 ) ;
#3492 = CARTESIAN_POINT ( 'NONE',  ( 0.1344274596123030400, 3.899999999999999000, 1.866582175986806400 ) ) ;
#3493 = CARTESIAN_POINT ( 'NONE',  ( -1.840000000000000500, 2.299999999999999800, 7.549999999999998000 ) ) ;
#3494 = CARTESIAN_POINT ( 'NONE',  ( 1.161999513167082200, 3.910000000000000100, 1.662654290951386600 ) ) ;
#3495 = CARTESIAN_POINT ( 'NONE',  ( 0.3254452368512926700, 3.900000000000000400, 2.006404290951386800 ) ) ;
#3496 = DIRECTION ( 'NONE',  ( -1.000000000000000000, -0.0000000000000000000, -0.0000000000000000000 ) ) ;
#3497 = CARTESIAN_POINT ( 'NONE',  ( -1.125597160922957400, 3.900000000000000400, 1.899053954828271000 ) ) ;
#3498 =( NAMED_UNIT ( * ) PLANE_ANGLE_UNIT ( ) SI_UNIT ( $, .RADIAN. ) );
#3499 = PLANE ( 'NONE',  #460 ) ;
#3500 = CARTESIAN_POINT ( 'NONE',  ( -0.9214578381488148800, 3.910000000000000100, 1.651322998556983700 ) ) ;
#3501 = CARTESIAN_POINT ( 'NONE',  ( -1.208719386999422800, 3.900000000000000400, 1.360964425508310900 ) ) ;
#3502 = LINE ( 'NONE', #5843, #1733 ) ;
#3503 = CARTESIAN_POINT ( 'NONE',  ( -5.110000000000000300, 0.6999999999999999600, 7.549999999999998000 ) ) ;
#3504 = ADVANCED_FACE ( 'NONE', ( #8208 ), #7179, .T. ) ;
#3505 = EDGE_LOOP ( 'NONE', ( #8199, #4994, #464, #1598 ) ) ;
#3506 = ORIENTED_EDGE ( 'NONE', *, *, #1402, .F. ) ;
#3507 = CARTESIAN_POINT ( 'NONE',  ( -0.1624248289381811400, 3.900000000000000800, 1.230088501477702800 ) ) ;
#3508 =( NAMED_UNIT ( * ) SI_UNIT ( $, .STERADIAN. ) SOLID_ANGLE_UNIT ( ) );
#3509 = CARTESIAN_POINT ( 'NONE',  ( -0.3843869626528593800, 3.900000000000000800, 1.242320515905849900 ) ) ;
#3510 = FILL_AREA_STYLE ('',( #6129 ) ) ;
#3511 = VECTOR ( 'NONE', #4236, 1000.000000000000000 ) ;
#3512 = EDGE_CURVE ( 'NONE', #5391, #4377, #689, .T. ) ;
#3513 = CARTESIAN_POINT ( 'NONE',  ( 1.149212106640353300, 3.910000000000001000, 1.322118166689648000 ) ) ;
#3514 = EDGE_CURVE ( 'NONE', #2374, #1904, #7992, .T. ) ;
#3515 = CARTESIAN_POINT ( 'NONE',  ( -0.8358268959603332200, 3.910000000000001000, 1.257449253445890800 ) ) ;
#3516 = ADVANCED_FACE ( 'NONE', ( #5181 ), #8525, .T. ) ;
#3517 = VERTEX_POINT ( 'NONE', #5309 ) ;
#3518 = CARTESIAN_POINT ( 'NONE',  ( 0.1513905294305701300, 3.910000000000001000, 1.763024859301194800 ) ) ;
#3519 = PRESENTATION_STYLE_ASSIGNMENT (( #7007 ) ) ;
#3520 = ORIENTED_EDGE ( 'NONE', *, *, #7781, .T. ) ;
#3521 = CARTESIAN_POINT ( 'NONE',  ( 4.885218250763395900, 2.837867965644031500, -0.9500000000000029500 ) ) ;
#3522 = CARTESIAN_POINT ( 'NONE',  ( 0.03949524435626650100, 3.900000000000000400, 1.640860173783525300 ) ) ;
#3523 = PRESENTATION_LAYER_ASSIGNMENT (  '', '', ( #1242 ) ) ;
#3524 = CARTESIAN_POINT ( 'NONE',  ( 0.1263743337883811700, 3.900000000000000400, 1.379272787007396400 ) ) ;
#3525 = EDGE_CURVE ( 'NONE', #7240, #6596, #3822, .T. ) ;
#3526 = VECTOR ( 'NONE', #7274, 1000.000000000000000 ) ;
#3527 = ORIENTED_EDGE ( 'NONE', *, *, #2910, .T. ) ;
#3528 = EDGE_CURVE ( 'NONE', #4882, #974, #6654, .T. ) ;
#3529 = CARTESIAN_POINT ( 'NONE',  ( -5.111895643751282100, 0.6783326927753097200, 6.418982068050664400 ) ) ;
#3530 = ORIENTED_EDGE ( 'NONE', *, *, #336, .F. ) ;
#3531 = VECTOR ( 'NONE', #6586, 1000.000000000000000 ) ;
#3532 = CARTESIAN_POINT ( 'NONE',  ( -2.540000000000000000, 0.0000000000000000000, 12.04999999999999900 ) ) ;
#3533 = ORIENTED_EDGE ( 'NONE', *, *, #8346, .F. ) ;
#3534 = UNCERTAINTY_MEASURE_WITH_UNIT (LENGTH_MEASURE( 1.000000000000000100E-005 ), #824, 'distance_accuracy_value', 'NONE');
#3535 = CARTESIAN_POINT ( 'NONE',  ( 0.1441589798641549900, 3.909999999999999300, 1.816555647917334800 ) ) ;
#3536 = CARTESIAN_POINT ( 'NONE',  ( -0.7637817368329178300, 3.900000000000000400, 1.394973369898755200 ) ) ;
#3537 = PRESENTATION_STYLE_ASSIGNMENT (( #3087 ) ) ;
#3538 = CARTESIAN_POINT ( 'NONE',  ( -1.843798449921426200, 3.910000000000000100, 2.060772385355516000 ) ) ;
#3539 =( GEOMETRIC_REPRESENTATION_CONTEXT ( 3 ) GLOBAL_UNCERTAINTY_ASSIGNED_CONTEXT ( ( #5808 ) ) GLOBAL_UNIT_ASSIGNED_CONTEXT ( ( #300, #4962, #7592 ) ) REPRESENTATION_CONTEXT ( 'NONE', 'WORKASPACE' ) );
#3540 = CARTESIAN_POINT ( 'NONE',  ( -0.4919889736750234800, 3.900000000000000400, 1.670877975161913200 ) ) ;
#3541 = AXIS2_PLACEMENT_3D ( 'NONE', #2042, #4068, #7555 ) ;
#3542 = CARTESIAN_POINT ( 'NONE',  ( -1.182090524472926500, 3.900000000000000800, 2.061512760230873400 ) ) ;
#3543 = CARTESIAN_POINT ( 'NONE',  ( 0.0000000000000000000, 0.0000000000000000000, 7.549999999999998000 ) ) ;
#3544 = ORIENTED_EDGE ( 'NONE', *, *, #4583, .T. ) ;
#3545 = ORIENTED_EDGE ( 'NONE', *, *, #2011, .F. ) ;
#3546 = CARTESIAN_POINT ( 'NONE',  ( -0.7824325557962129600, 3.900000000000000400, 1.603938348708468400 ) ) ;
#3547 = DIRECTION ( 'NONE',  ( -0.0000000000000000000, -0.0000000000000000000, -1.000000000000000000 ) ) ;
#3548 = FACE_OUTER_BOUND ( 'NONE', #8260, .T. ) ;
#3549 = DIRECTION ( 'NONE',  ( 0.08700343829513183800, 0.9944538502334667700, -0.05909265166379901900 ) ) ;
#3550 = DIRECTION ( 'NONE',  ( -0.0000000000000000000, -1.000000000000000000, 0.0000000000000000000 ) ) ;
#3551 = CARTESIAN_POINT ( 'NONE',  ( -0.1624248289381811400, 3.910000000000000100, 1.230088501477702800 ) ) ;
#3552 = CYLINDRICAL_SURFACE ( 'NONE', #2986, 0.1499999999999999700 ) ;
#3553 = VERTEX_POINT ( 'NONE', #8007 ) ;
#3554 = CARTESIAN_POINT ( 'NONE',  ( 0.0000000000000000000, 3.950000000000000200, 6.049999999999998000 ) ) ;
#3555 = CARTESIAN_POINT ( 'NONE',  ( -5.061399190919205500, 0.6999999999999999600, 2.791186038453005800 ) ) ;
#3556 = ADVANCED_FACE ( 'NONE', ( #6454 ), #1256, .T. ) ;
#3557 = CARTESIAN_POINT ( 'NONE',  ( -1.204375383640067200, 3.909999999999998400, 1.335489400738944800 ) ) ;
#3558 = FILL_AREA_STYLE ('',( #1404 ) ) ;
#3559 = CARTESIAN_POINT ( 'NONE',  ( -0.1151468915772477000, 3.900000000000000400, 1.236368768048215800 ) ) ;
#3560 = EDGE_CURVE ( 'NONE', #5513, #2197, #6975, .T. ) ;
#3561 = VECTOR ( 'NONE', #5172, 1000.000000000000000 ) ;
#3562 = EDGE_CURVE ( 'NONE', #751, #5704, #8263, .T. ) ;
#3563 = FILL_AREA_STYLE ('',( #6962 ) ) ;
#3564 = CARTESIAN_POINT ( 'NONE',  ( -1.621050197186800500, 3.909999999999999300, 1.462912541205397600 ) ) ;
#3565 = CARTESIAN_POINT ( 'NONE',  ( -1.086856968785536900, 3.909999999999999300, 1.989823775481545800 ) ) ;
#3566 = FACE_OUTER_BOUND ( 'NONE', #2576, .T. ) ;
#3567 = ORIENTED_EDGE ( 'NONE', *, *, #8160, .T. ) ;
#3568 = CARTESIAN_POINT ( 'NONE',  ( 1.522813657903924400, 3.900000000000000400, 2.059035869898755400 ) ) ;
#3569 = CARTESIAN_POINT ( 'NONE',  ( -1.735262844574371600, 3.899999999999999900, 2.136113034064066600 ) ) ;
#3570 = FILL_AREA_STYLE_COLOUR ( '', #994 ) ;
#3571 = LINE ( 'NONE', #8523, #6095 ) ;
#3572 = STYLED_ITEM ( 'NONE', ( #4053 ), #2326 ) ;
#3573 = CARTESIAN_POINT ( 'NONE',  ( 2.229639315798661100, 3.910000000000000100, 2.151141133056650100 ) ) ;
#3574 = VECTOR ( 'NONE', #6109, 1000.000000000000000 ) ;
#3575 = SURFACE_STYLE_USAGE ( .BOTH. , #8224 ) ;
#3576 = ORIENTED_EDGE ( 'NONE', *, *, #8173, .F. ) ;
#3577 = EDGE_CURVE ( 'NONE', #1366, #4604, #4025, .T. ) ;
#3578 = PLANE ( 'NONE',  #332 ) ;
#3579 =( GEOMETRIC_REPRESENTATION_CONTEXT ( 3 ) GLOBAL_UNCERTAINTY_ASSIGNED_CONTEXT ( ( #8617 ) ) GLOBAL_UNIT_ASSIGNED_CONTEXT ( ( #8281, #4268, #1000 ) ) REPRESENTATION_CONTEXT ( 'NONE', 'WORKASPACE' ) );
#3580 = EDGE_LOOP ( 'NONE', ( #396, #5555, #2151, #7869 ) ) ;
#3581 = SURFACE_STYLE_USAGE ( .BOTH. , #8229 ) ;
#3582 = CARTESIAN_POINT ( 'NONE',  ( 0.07900755899172833000, 3.900000000000000400, 1.265303835875168000 ) ) ;
#3583 = AXIS2_PLACEMENT_3D ( 'NONE', #2196, #7560, #4249 ) ;
#3584 = CARTESIAN_POINT ( 'NONE',  ( -0.8647302498310288600, 3.900000000000001200, 1.546304234912876600 ) ) ;
#3585 = UNCERTAINTY_MEASURE_WITH_UNIT (LENGTH_MEASURE( 1.000000000000000100E-005 ), #7501, 'distance_accuracy_value', 'NONE');
#3586 = ORIENTED_EDGE ( 'NONE', *, *, #997, .T. ) ;
#3587 = DIRECTION ( 'NONE',  ( -0.0000000000000000000, -1.000000000000000000, -0.0000000000000000000 ) ) ;
#3588 = VERTEX_POINT ( 'NONE', #6785 ) ;
#3589 = CARTESIAN_POINT ( 'NONE',  ( -0.3459562851932614400, 3.909999999999999300, 1.401116371270223900 ) ) ;
#3590 = PRESENTATION_LAYER_ASSIGNMENT (  '', '', ( #2690 ) ) ;
#3591 = ORIENTED_EDGE ( 'NONE', *, *, #2952, .F. ) ;
#3592 = CARTESIAN_POINT ( 'NONE',  ( -0.7191298574561196800, 3.909999999999999300, 2.100557795713382500 ) ) ;
#3593 = CARTESIAN_POINT ( 'NONE',  ( -0.9870461327630979400, 3.909999999999999300, 1.142295139310554700 ) ) ;
#3594 = CARTESIAN_POINT ( 'NONE',  ( -0.6500893026223919500, 3.900000000000000400, 1.387160869898755200 ) ) ;
#3595 = CARTESIAN_POINT ( 'NONE',  ( 0.02773975983308190800, 3.910000000000000100, 1.471742717909472900 ) ) ;
#3596 = ORIENTED_EDGE ( 'NONE', *, *, #7227, .F. ) ;
#3597 = B_SPLINE_CURVE_WITH_KNOTS ( 'NONE', 3,
 ( #1320, #2607, #6678, #6006, #1981, #5977, #2656, #8629, #4584, #1956, #3333 ),
 .UNSPECIFIED., .F., .F.,
 ( 4, 1, 1, 1, 1, 1, 1, 1, 4 ),
 ( 0.0000000000000000000, 0.1357697446369216200, 0.2674295086385849500, 0.3954588996377332900, 0.5203793465897467200, 0.6427520264582974300, 0.7631737400076839000, 0.8815808016434340000, 1.000000000000000000 ),
 .UNSPECIFIED. ) ;
#3598 = PRESENTATION_LAYER_ASSIGNMENT (  '', '', ( #7079 ) ) ;
#3599 = PRESENTATION_STYLE_ASSIGNMENT (( #5761 ) ) ;
#3600 = CARTESIAN_POINT ( 'NONE',  ( -0.1776386447276548700, 3.910000000000000100, 2.164299027793492100 ) ) ;
#3601 = CARTESIAN_POINT ( 'NONE',  ( -1.857068292732090300, 3.910000000000001000, 2.136187429778765500 ) ) ;
#3602 = APPLICATION_CONTEXT ( 'automotive_design' ) ;
#3603 = CARTESIAN_POINT ( 'NONE',  ( -0.6586842828150809600, 3.900000000000001700, 1.451847415759757600 ) ) ;
#3604 = CARTESIAN_POINT ( 'NONE',  ( 1.200202813077158500, 3.900000000000000800, 1.860445415353429600 ) ) ;
#3605 = B_SPLINE_CURVE_WITH_KNOTS ( 'NONE', 3,
 ( #2131, #2757, #2819, #4830, #5500, #1502, #2370, #1790, #4435, #5182, #7903 ),
 .UNSPECIFIED., .F., .F.,
 ( 4, 1, 1, 1, 1, 1, 1, 1, 4 ),
 ( 0.0000000000000000000, 0.1578907994648044700, 0.3063260957189253300, 0.4437597392257223200, 0.5722519151163872900, 0.6915926678361401500, 0.8021746850466995300, 0.9046884597803126500, 1.000000000000000000 ),
 .UNSPECIFIED. ) ;
#3606 = DIRECTION ( 'NONE',  ( -0.0000000000000000000, -1.000000000000000000, -0.0000000000000000000 ) ) ;
#3607 = DIRECTION ( 'NONE',  ( 1.000000000000000000, 0.0000000000000000000, 0.0000000000000000000 ) ) ;
#3608 = CARTESIAN_POINT ( 'NONE',  ( -0.8010743577696541900, 3.909999999999999300, 1.288763660726777800 ) ) ;
#3609 = ADVANCED_FACE ( 'NONE', ( #1103 ), #1315, .T. ) ;
#3610 = CARTESIAN_POINT ( 'NONE',  ( -0.9288721973592338800, 3.900000000000000400, 2.059035869898755400 ) ) ;
#3611 = CARTESIAN_POINT ( 'NONE',  ( 0.7316811889182042200, 3.909999999999999300, 1.978480648037486400 ) ) ;
#3612 =( LENGTH_UNIT ( ) NAMED_UNIT ( * ) SI_UNIT ( .MILLI., .METRE. ) );
#3613 = CARTESIAN_POINT ( 'NONE',  ( 1.058967164623789700, 3.910000000000001000, 1.504205225862763200 ) ) ;
#3614 = CARTESIAN_POINT ( 'NONE',  ( -0.1624248289381811400, 3.900000000000000800, 1.230088501477702800 ) ) ;
#3615 = CARTESIAN_POINT ( 'NONE',  ( -0.8082170656781827400, 3.900000000000000400, 1.507543854871697700 ) ) ;
#3616 = DIRECTION ( 'NONE',  ( 1.000000000000000000, 0.0000000000000000000, 0.0000000000000000000 ) ) ;
#3617 = CARTESIAN_POINT ( 'NONE',  ( -0.3624921638896957400, 3.909999999999999300, 1.476171991709532400 ) ) ;
#3618 = CARTESIAN_POINT ( 'NONE',  ( -0.8308266442118046300, 3.899999999999999500, 2.036430294566037500 ) ) ;
#3619 = CLOSED_SHELL ( 'NONE', ( #7553, #4477, #7233, #839, #1184, #5095, #1543, #7932, #2465, #1638 ) ) ;
#3620 = CARTESIAN_POINT ( 'NONE',  ( -0.07351858622342867500, 3.910000000000000100, 1.256441762767118700 ) ) ;
#3621 = ORIENTED_EDGE ( 'NONE', *, *, #7848, .F. ) ;
#3622 = LINE ( 'NONE', #8251, #8434 ) ;
#3623 = CARTESIAN_POINT ( 'NONE',  ( -1.147452964479560400, 3.910000000000001000, 1.226019535180878900 ) ) ;
#3624 = CARTESIAN_POINT ( 'NONE',  ( 0.5860212024127132700, 3.899999999999999500, 1.546514740917553000 ) ) ;
#3625 = CARTESIAN_POINT ( 'NONE',  ( 2.296867934219713800, 3.900000000000000400, 2.032514488319807600 ) ) ;
#3626 =( LENGTH_UNIT ( ) NAMED_UNIT ( * ) SI_UNIT ( .MILLI., .METRE. ) );
#3627 = EDGE_LOOP ( 'NONE', ( #2052, #2587, #1762, #653 ) ) ;
#3628 = AXIS2_PLACEMENT_3D ( 'NONE', #7137, #7254, #3857 ) ;
#3629 = VECTOR ( 'NONE', #6162, 1000.000000000000000 ) ;
#3630 = DIRECTION ( 'NONE',  ( -1.936075308009828400E-016, 1.000000000000000000, 0.0000000000000000000 ) ) ;
#3631 = EDGE_CURVE ( 'NONE', #1648, #7961, #5075, .T. ) ;
#3632 = VERTEX_POINT ( 'NONE', #2705 ) ;
#3633 = CARTESIAN_POINT ( 'NONE',  ( 0.4000000000000000200, 2.299999999999999400, 21.14999999999999900 ) ) ;
#3634 = EDGE_CURVE ( 'NONE', #37, #7715, #5585, .T. ) ;
#3635 = CARTESIAN_POINT ( 'NONE',  ( -0.8494814943379325200, 3.910000000000001000, 1.249320635554564300 ) ) ;
#3636 = ORIENTED_EDGE ( 'NONE', *, *, #6403, .F. ) ;
#3637 = CARTESIAN_POINT ( 'NONE',  ( 7.654042494670957900E-017, 3.950000000000000200, 6.674999999999998000 ) ) ;
#3638 = CARTESIAN_POINT ( 'NONE',  ( 0.6882647245613420200, 3.900000000000001200, 2.024661558839084800 ) ) ;
#3639 = PLANE ( 'NONE',  #3910 ) ;
#3640 = CARTESIAN_POINT ( 'NONE',  ( 1.074969923832544100, 3.910000000000001900, 1.454477837618407800 ) ) ;
#3641 = DIRECTION ( 'NONE',  ( 1.000000000000000000, 1.156482317317871400E-014, 1.156482317317865300E-014 ) ) ;
#3642 = ORIENTED_EDGE ( 'NONE', *, *, #3251, .T. ) ;
#3643 = AXIS2_PLACEMENT_3D ( 'NONE', #4910, #914, #8283 ) ;
#3644 = MECHANICAL_DESIGN_GEOMETRIC_PRESENTATION_REPRESENTATION (  '', ( #3925 ), #4364 ) ;
#3645 = CARTESIAN_POINT ( 'NONE',  ( -0.9288721973592338800, 3.900000000000000400, 1.559035869898755200 ) ) ;
#3646 = DIRECTION ( 'NONE',  ( -0.0000000000000000000, -1.000000000000000000, -0.0000000000000000000 ) ) ;
#3647 = VERTEX_POINT ( 'NONE', #811 ) ;
#3648 = B_SPLINE_CURVE_WITH_KNOTS ( 'NONE', 3,
 ( #1458, #6922, #4169, #185, #4837, #2861, #817, #8270, #7481, #3472, #3592, #852, #8145, #156, #1485, #211, #4866, #5545, #6235 ),
 .UNSPECIFIED., .F., .F.,
 ( 4, 1, 1, 1, 1, 1, 1, 1, 1, 1, 1, 1, 1, 1, 1, 1, 4 ),
 ( 0.0000000000000000000, 0.06601319087229867700, 0.1292923414249864700, 0.1912471180667967800, 0.2521196505038907900, 0.3116669472146789100, 0.3703789420543912600, 0.4285902874572548600, 0.4870316295789315900, 0.5460322317362409400, 0.6053038721903572000, 0.6667348015106903100, 0.7296010038413096600, 0.7942905844684436900, 0.8604369184128795000, 0.9289826247129325800, 1.000000000000000000 ),
 .UNSPECIFIED. ) ;
#3649 = CARTESIAN_POINT ( 'NONE',  ( 2.294195236851292600, 3.900000000000000400, 2.032514488319807600 ) ) ;
#3650 = CARTESIAN_POINT ( 'NONE',  ( 1.609506431519733600, 3.910000000000001000, 1.247019785449618100 ) ) ;
#3651 = VECTOR ( 'NONE', #3282, 1000.000000000000000 ) ;
#3652 = CARTESIAN_POINT ( 'NONE',  ( -4.772387813259412000, 2.943933982822013500, -0.9060660171779854100 ) ) ;
#3653 = CARTESIAN_POINT ( 'NONE',  ( -4.927776414419628100, 2.782825113980310800, 6.552387167821693800 ) ) ;
#3654 = CARTESIAN_POINT ( 'NONE',  ( 0.02773975983308190800, 3.910000000000000100, 1.471742717909472900 ) ) ;
#3655 = ADVANCED_FACE ( 'NONE', ( #5483 ), #4129, .F. ) ;
#3656 = CARTESIAN_POINT ( 'NONE',  ( -0.4110740385277291100, 3.910000000000001000, 2.035471568146076200 ) ) ;
#3657 = CARTESIAN_POINT ( 'NONE',  ( -0.1647890366558613100, 3.910000000000000100, 2.163969030857071400 ) ) ;
#3658 = CARTESIAN_POINT ( 'NONE',  ( 0.7726713304068235600, 3.900000000000002100, 1.607203094833265800 ) ) ;
#3659 = FACE_OUTER_BOUND ( 'NONE', #1832, .T. ) ;
#3660 = CARTESIAN_POINT ( 'NONE',  ( 1.727793061249243100, 3.909999999999998400, 1.279987264546943700 ) ) ;
#3661 = CARTESIAN_POINT ( 'NONE',  ( 1.407132928752239400, 3.899999999999999500, 2.156710339767453200 ) ) ;
#3662 = CARTESIAN_POINT ( 'NONE',  ( 1.167504176217848900, 3.899999999999999500, 1.748174722623288400 ) ) ;
#3663 = SURFACE_SIDE_STYLE ('',( #6777 ) ) ;
#3664 = ORIENTED_EDGE ( 'NONE', *, *, #5198, .T. ) ;
#3665 = ORIENTED_EDGE ( 'NONE', *, *, #3914, .F. ) ;
#3666 = CARTESIAN_POINT ( 'NONE',  ( 0.5202763633444105200, 3.900000000000000800, 2.164178803806520600 ) ) ;
#3667 = DIRECTION ( 'NONE',  ( -0.0000000000000000000, -1.000000000000000000, -0.0000000000000000000 ) ) ;
#3668 = CARTESIAN_POINT ( 'NONE',  ( 0.7513949598090364800, 3.900000000000001200, 1.940195190858671600 ) ) ;
#3669 = SURFACE_SIDE_STYLE ('',( #2625 ) ) ;
#3670 = CARTESIAN_POINT ( 'NONE',  ( -0.6550574750655702200, 3.900000000000000400, 1.710541016711141700 ) ) ;
#3671 = CARTESIAN_POINT ( 'NONE',  ( -0.7705444870946540600, 3.900000000000000400, 1.725721205425626300 ) ) ;
#3672 = VERTEX_POINT ( 'NONE', #4049 ) ;
#3673 = CARTESIAN_POINT ( 'NONE',  ( 2.296867934219713800, 3.900000000000000400, 2.032514488319807600 ) ) ;
#3674 = ORIENTED_EDGE ( 'NONE', *, *, #5769, .F. ) ;
#3675 = DIRECTION ( 'NONE',  ( 0.0000000000000000000, 0.0000000000000000000, 1.000000000000000000 ) ) ;
#3676 = CARTESIAN_POINT ( 'NONE',  ( -0.8181235169800279400, 3.900000000000000400, 1.156773752829048700 ) ) ;
#3677 = CARTESIAN_POINT ( 'NONE',  ( -0.3355694627721737000, 3.910000000000001900, 1.368513945811112600 ) ) ;
#3678 = CARTESIAN_POINT ( 'NONE',  ( 0.1457434522989239400, 3.909999999999999300, 1.474898734633023800 ) ) ;
#3679 = VECTOR ( 'NONE', #2483, 1000.000000000000000 ) ;
#3680 = CARTESIAN_POINT ( 'NONE',  ( -1.228981197506169700, 3.899999999999998600, 1.987918722858096300 ) ) ;
#3681 = LINE ( 'NONE', #7235, #6734 ) ;
#3682 = ORIENTED_EDGE ( 'NONE', *, *, #3814, .T. ) ;
#3683 = ORIENTED_EDGE ( 'NONE', *, *, #4906, .F. ) ;
#3684 = CARTESIAN_POINT ( 'NONE',  ( -0.9587092099582812400, 3.900000000000000400, 1.138718804228314500 ) ) ;
#3685 = CARTESIAN_POINT ( 'NONE',  ( 4.934940317502062100, 2.700941327056178800, -0.9500000000000029500 ) ) ;
#3686 = CARTESIAN_POINT ( 'NONE',  ( 0.03300400102540516900, 3.899999999999999000, 1.797859275998574800 ) ) ;
#3687 = VERTEX_POINT ( 'NONE', #6811 ) ;
#3688 = EDGE_CURVE ( 'NONE', #8531, #8241, #7794, .T. ) ;
#3689 = EDGE_CURVE ( 'NONE', #4377, #4150, #5376, .T. ) ;
#3690 = CARTESIAN_POINT ( 'NONE',  ( 1.110941551413664200, 3.899999999999999500, 1.954806222716752000 ) ) ;
#3691 = VECTOR ( 'NONE', #4920, 1000.000000000000000 ) ;
#3692 = CARTESIAN_POINT ( 'NONE',  ( -0.9498434917317273300, 3.899999999999998600, 1.651827229470181000 ) ) ;
#3693 = ORIENTED_EDGE ( 'NONE', *, *, #828, .T. ) ;
#3694 = ADVANCED_FACE ( 'NONE', ( #3294 ), #5503, .T. ) ;
#3695 = FACE_OUTER_BOUND ( 'NONE', #7155, .T. ) ;
#3696 = CARTESIAN_POINT ( 'NONE',  ( 1.217206637967704500, 3.899999999999999500, 1.893381040405937900 ) ) ;
#3697 = EDGE_CURVE ( 'NONE', #4496, #4993, #7363, .T. ) ;
#3698 = CARTESIAN_POINT ( 'NONE',  ( 0.6511515637161926500, 3.910000000000001000, 2.047371605744499100 ) ) ;
#3699 =( NAMED_UNIT ( * ) PLANE_ANGLE_UNIT ( ) SI_UNIT ( $, .RADIAN. ) );
#3700 = EDGE_CURVE ( 'NONE', #2674, #3733, #2227, .T. ) ;
#3701 = CARTESIAN_POINT ( 'NONE',  ( 5.110000000000000300, 0.6999999999999999600, 6.420295983368810700 ) ) ;
#3702 = CARTESIAN_POINT ( 'NONE',  ( 4.692586600614428800, 3.750000000000000400, 0.1121320343559607800 ) ) ;
#3703 = CARTESIAN_POINT ( 'NONE',  ( 1.782476486851292600, 3.900000000000000400, 2.106322054109281500 ) ) ;
#3704 = CARTESIAN_POINT ( 'NONE',  ( -0.3685470063898704200, 3.900000000000000400, 1.518676631003809800 ) ) ;
#3705 = LINE ( 'NONE', #1533, #5571 ) ;
#3706 = CARTESIAN_POINT ( 'NONE',  ( -0.8442104331868866000, 3.899999999999999900, 1.148141941281181300 ) ) ;
#3707 = ORIENTED_EDGE ( 'NONE', *, *, #5196, .F. ) ;
#3708 = SURFACE_SIDE_STYLE ('',( #8588 ) ) ;
#3709 = CARTESIAN_POINT ( 'NONE',  ( -0.2810016057758080700, 3.900000000000001200, 2.146582693392264900 ) ) ;
#3710 = CARTESIAN_POINT ( 'NONE',  ( 5.111261455926773500, 0.6855814927792264200, 6.307524056647110900 ) ) ;
#3711 = VECTOR ( 'NONE', #2175, 1000.000000000000000 ) ;
#3712 = SURFACE_STYLE_USAGE ( .BOTH. , #7083 ) ;
#3713 = CARTESIAN_POINT ( 'NONE',  ( -0.005949408346254834500, 3.910000000000000100, 2.111643970565081600 ) ) ;
#3714 = CARTESIAN_POINT ( 'NONE',  ( 0.03667093720568644100, 3.900000000000001700, 1.754127161767315800 ) ) ;
#3715 = PRESENTATION_LAYER_ASSIGNMENT (  '', '', ( #1590 ) ) ;
#3716 = DIRECTION ( 'NONE',  ( -1.000000000000000000, 0.0000000000000000000, 0.0000000000000000000 ) ) ;
#3717 = CARTESIAN_POINT ( 'NONE',  ( 0.1457434522989239400, 3.909999999999999300, 1.474898734633023800 ) ) ;
#3718 = CARTESIAN_POINT ( 'NONE',  ( -1.071827819776806500, 3.910000000000000100, 1.707831333054794300 ) ) ;
#3719 = CARTESIAN_POINT ( 'NONE',  ( 0.3760473379879878400, 3.900000000000000400, 2.035311645391739300 ) ) ;
#3720 = ORIENTED_EDGE ( 'NONE', *, *, #6103, .T. ) ;
#3721 = VERTEX_POINT ( 'NONE', #5470 ) ;
#3722 = CARTESIAN_POINT ( 'NONE',  ( 1.162335678169964700, 3.900000000000000400, 1.677399364606168200 ) ) ;
#3723 = FACE_OUTER_BOUND ( 'NONE', #7928, .T. ) ;
#3724 = CARTESIAN_POINT ( 'NONE',  ( -0.8641136625365593000, 3.899999999999999000, 1.242579230259875700 ) ) ;
#3725 = CARTESIAN_POINT ( 'NONE',  ( 0.5839641295698134700, 3.900000000000000400, 2.068424268302525800 ) ) ;
#3726 = CARTESIAN_POINT ( 'NONE',  ( 5.022501097579239900, 1.700117031114120900, 2.722021093008566900 ) ) ;
#3727 = CARTESIAN_POINT ( 'NONE',  ( -1.251654134455147900, 3.900000000000000400, 1.853395934175526600 ) ) ;
#3728 = ORIENTED_EDGE ( 'NONE', *, *, #5259, .T. ) ;
#3729 = SURFACE_STYLE_FILL_AREA ( #6877 ) ;
#3730 = CARTESIAN_POINT ( 'NONE',  ( -0.7701536242591993100, 3.899999999999998600, 1.179343350149740100 ) ) ;
#3731 =( LENGTH_UNIT ( ) NAMED_UNIT ( * ) SI_UNIT ( .MILLI., .METRE. ) );
#3732 = CARTESIAN_POINT ( 'NONE',  ( -1.215771557945972200, 3.899999999999999500, 2.014354792421852600 ) ) ;
#3733 = VERTEX_POINT ( 'NONE', #871 ) ;
#3734 = CARTESIAN_POINT ( 'NONE',  ( 1.594898212877813100, 3.900000000000001200, 2.055302748613490900 ) ) ;
#3735 = CARTESIAN_POINT ( 'NONE',  ( -0.7606753243722614900, 3.909999999999998400, 1.973909119346862500 ) ) ;
#3736 = ADVANCED_FACE ( 'NONE', ( #7272 ), #6838, .T. ) ;
#3737 = CARTESIAN_POINT ( 'NONE',  ( -0.4464296271250656200, 3.910000000000000100, 1.964933953235267000 ) ) ;
#3738 = LINE ( 'NONE', #3348, #2685 ) ;
#3739 = CARTESIAN_POINT ( 'NONE',  ( 1.041030007304795600, 3.899999999999999900, 1.723184091731848400 ) ) ;
#3740 = CARTESIAN_POINT ( 'NONE',  ( 0.8835427747281274800, 3.900000000000000400, 1.833148103052939100 ) ) ;
#3741 = VECTOR ( 'NONE', #7942, 1000.000000000000000 ) ;
#3742 = B_SPLINE_CURVE_WITH_KNOTS ( 'NONE', 3,
 ( #986, #6891, #4892, #4985, #5660, #1661, #4931, #6350, #2321, #7010, #5598, #7737, #2477, #7099, #3704, #1043, #4427, #8381, #3086 ),
 .UNSPECIFIED., .F., .F.,
 ( 4, 1, 1, 1, 1, 1, 1, 1, 1, 1, 1, 1, 1, 1, 1, 1, 4 ),
 ( 0.0000000000000000000, 0.04781223780670549500, 0.09385464393737666400, 0.1383078725930739500, 0.1827660176442797200, 0.2283712093456327600, 0.2759037829336881100, 0.3265341866949471000, 0.3807016907420388600, 0.4389945051626486500, 0.5024881594380461400, 0.5710921570743631200, 0.6449087532150266100, 0.7246958130895980700, 0.8101603531974777000, 0.9018868636063989100, 1.000000000000000000 ),
 .UNSPECIFIED. ) ;
#3743 = VERTEX_POINT ( 'NONE', #6290 ) ;
#3744 = DIRECTION ( 'NONE',  ( -1.000000000000000000, 0.0000000000000000000, -0.0000000000000000000 ) ) ;
#3745 = ORIENTED_EDGE ( 'NONE', *, *, #722, .F. ) ;
#3746 = CARTESIAN_POINT ( 'NONE',  ( -0.08382159086548622600, 3.910000000000000100, 1.145234742077572100 ) ) ;
#3747 = CARTESIAN_POINT ( 'NONE',  ( -1.113884668045848300, 3.909999999999999300, 1.772576268388230700 ) ) ;
#3748 = EDGE_CURVE ( 'NONE', #32, #7220, #2949, .T. ) ;
#3749 = ORIENTED_EDGE ( 'NONE', *, *, #4016, .T. ) ;
#3750 = SURFACE_STYLE_USAGE ( .BOTH. , #3663 ) ;
#3751 = PRESENTATION_LAYER_ASSIGNMENT (  '', '', ( #1348 ) ) ;
#3752 = CARTESIAN_POINT ( 'NONE',  ( -1.128934680387726000, 3.909999999999999300, 1.632787889620886700 ) ) ;
#3753 = CARTESIAN_POINT ( 'NONE',  ( -0.7436664861481699900, 3.900000000000001700, 2.117033797044877400 ) ) ;
#3754 = CARTESIAN_POINT ( 'NONE',  ( 1.200202813077158500, 3.910000000000000100, 1.860445415353429600 ) ) ;
#3755 = CARTESIAN_POINT ( 'NONE',  ( -0.8953688156990530200, 3.900000000000000400, 1.232803288742701600 ) ) ;
#3756 = ORIENTED_EDGE ( 'NONE', *, *, #5303, .F. ) ;
#3757 = DIRECTION ( 'NONE',  ( 0.0000000000000000000, 0.0000000000000000000, -1.000000000000000000 ) ) ;
#3758 = CARTESIAN_POINT ( 'NONE',  ( -0.8856561960719483400, 3.910000000000000100, 1.654948376713941200 ) ) ;
#3759 = B_SPLINE_CURVE_WITH_KNOTS ( 'NONE', 3,
 ( #2884, #1578, #6206, #1608, #4938, #241, #5514, #878, #6871, #7539, #4900, #8207, #6266, #2235, #934, #1515, #2918, #3500, #4811 ),
 .UNSPECIFIED., .F., .F.,
 ( 4, 1, 1, 1, 1, 1, 1, 1, 1, 1, 1, 1, 1, 1, 1, 1, 4 ),
 ( 0.0000000000000000000, 0.06444951720551464500, 0.1281124233514761800, 0.1896555050531398800, 0.2513600997674602100, 0.3124975322171102400, 0.3724845551628222000, 0.4321527171657494300, 0.4924328408678524400, 0.5521010028707803400, 0.6126488412447663700, 0.6730629705743499400, 0.7349822606237337300, 0.7983709815272818100, 0.8633459981751202500, 0.9303756442196796600, 1.000000000000000000 ),
 .UNSPECIFIED. ) ;
#3760 = AXIS2_PLACEMENT_3D ( 'NONE', #6005, #4749, #61 ) ;
#3761 = LINE ( 'NONE', #3226, #520 ) ;
#3762 = SURFACE_STYLE_FILL_AREA ( #3298 ) ;
#3763 = CARTESIAN_POINT ( 'NONE',  ( 4.841494007289829100, 3.769037540282104800, 2.589886322786182600 ) ) ;
#3764 =( NAMED_UNIT ( * ) PLANE_ANGLE_UNIT ( ) SI_UNIT ( $, .RADIAN. ) );
#3765 = CARTESIAN_POINT ( 'NONE',  ( -0.3591457065718108300, 3.910000000000001000, 1.214582801693945900 ) ) ;
#3766 = ORIENTED_EDGE ( 'NONE', *, *, #4571, .T. ) ;
#3767 = ORIENTED_EDGE ( 'NONE', *, *, #6045, .T. ) ;
#3768 = FILL_AREA_STYLE ('',( #6956 ) ) ;
#3769 = CARTESIAN_POINT ( 'NONE',  ( -1.251556753418039200, 3.910000000000001000, 1.898896368262210600 ) ) ;
#3770 = VECTOR ( 'NONE', #8643, 1000.000000000000000 ) ;
#3771 = CARTESIAN_POINT ( 'NONE',  ( 1.725095827048638500, 3.910000000000000100, 2.022467561160590700 ) ) ;
#3772 = CARTESIAN_POINT ( 'NONE',  ( -1.065378616463821000, 3.910000000000001000, 1.487465968837440100 ) ) ;
#3773 = CARTESIAN_POINT ( 'NONE',  ( -0.4808945923252262400, 3.910000000000000100, 1.832561482806461600 ) ) ;
#3774 = CARTESIAN_POINT ( 'NONE',  ( 1.547895894746029500, 3.910000000000000100, 1.137983238319807900 ) ) ;
#3775 = CARTESIAN_POINT ( 'NONE',  ( -1.008452088547230800, 3.900000000000001700, 1.665814047357012200 ) ) ;
#3776 = LINE ( 'NONE', #4431, #6188 ) ;
#3777 = ORIENTED_EDGE ( 'NONE', *, *, #5474, .F. ) ;
#3778 = DIRECTION ( 'NONE',  ( 0.0000000000000000000, 0.0000000000000000000, -1.000000000000000000 ) ) ;
#3779 = UNCERTAINTY_MEASURE_WITH_UNIT (LENGTH_MEASURE( 1.000000000000000100E-005 ), #8120, 'distance_accuracy_value', 'NONE');
#3780 =( LENGTH_UNIT ( ) NAMED_UNIT ( * ) SI_UNIT ( .MILLI., .METRE. ) );
#3781 = CARTESIAN_POINT ( 'NONE',  ( -1.060885795540418100, 3.899999999999999900, 2.016515761875251400 ) ) ;
#3782 = LINE ( 'NONE', #7201, #3679 ) ;
#3783 = CARTESIAN_POINT ( 'NONE',  ( -1.645056925712571100, 3.910000000000000100, 1.784923028532688900 ) ) ;
#3784 = CARTESIAN_POINT ( 'NONE',  ( 0.4111334274871026900, 3.899999999999999900, 2.154688638912246400 ) ) ;
#3785 = ADVANCED_FACE ( 'NONE', ( #5811 ), #2773, .T. ) ;
#3786 = SURFACE_SIDE_STYLE ('',( #2875 ) ) ;
#3787 = ORIENTED_EDGE ( 'NONE', *, *, #1996, .F. ) ;
#3788 = DIRECTION ( 'NONE',  ( 0.3282545778954753000, 0.0000000000000000000, 0.9445892928096651900 ) ) ;
#3789 = FILL_AREA_STYLE ('',( #5047 ) ) ;
#3790 = CARTESIAN_POINT ( 'NONE',  ( -5.110000000000000300, 0.0000000000000000000, 7.549999999999998000 ) ) ;
#3791 = VECTOR ( 'NONE', #4061, 1000.000000000000000 ) ;
#3792 = DIRECTION ( 'NONE',  ( 0.0000000000000000000, 0.0000000000000000000, 1.000000000000000000 ) ) ;
#3793 = DIRECTION ( 'NONE',  ( 0.0000000000000000000, -0.7071067811865474600, 0.7071067811865474600 ) ) ;
#3794 = VERTEX_POINT ( 'NONE', #652 ) ;
#3795 = CARTESIAN_POINT ( 'NONE',  ( -0.4870320144072295400, 3.910000000000001900, 1.549504502689441000 ) ) ;
#3796 = ORIENTED_EDGE ( 'NONE', *, *, #275, .F. ) ;
#3797 = CARTESIAN_POINT ( 'NONE',  ( -0.4464296271250656200, 3.910000000000000100, 1.964933953235267000 ) ) ;
#3798 = CARTESIAN_POINT ( 'NONE',  ( -0.1665366710434444400, 3.910000000000000100, 2.072193764635597500 ) ) ;
#3799 = CARTESIAN_POINT ( 'NONE',  ( -0.3685043043371373800, 3.900000000000000400, 1.802924374241174500 ) ) ;
#3800 = FACE_OUTER_BOUND ( 'NONE', #7495, .T. ) ;
#3801 = CARTESIAN_POINT ( 'NONE',  ( -0.4911775860447786800, 3.909999999999998400, 1.608932059312018200 ) ) ;
#3802 = EDGE_CURVE ( 'NONE', #7301, #3687, #5068, .T. ) ;
#3803 = CARTESIAN_POINT ( 'NONE',  ( 0.5328876710618186700, 3.910000000000000100, 2.072193764635597500 ) ) ;
#3804 = CARTESIAN_POINT ( 'NONE',  ( -0.01963041662163735700, 3.909999999999998400, 1.169190127424122100 ) ) ;
#3805 = CIRCLE ( 'NONE', #7736, 1.800000000000000000 ) ;
#3806 = CARTESIAN_POINT ( 'NONE',  ( -1.125133166703804000, 3.909999999999999300, 1.812009073289746300 ) ) ;
#3807 = FILL_AREA_STYLE_COLOUR ( '', #2128 ) ;
#3808 = VERTEX_POINT ( 'NONE', #35 ) ;
#3809 = CARTESIAN_POINT ( 'NONE',  ( -1.178098609362589100, 3.910000000000000100, 1.677039835935692400 ) ) ;
#3810 = MECHANICAL_DESIGN_GEOMETRIC_PRESENTATION_REPRESENTATION (  '', ( #5777 ), #4691 ) ;
#3811 = VECTOR ( 'NONE', #128, 1000.000000000000000 ) ;
#3812 = CARTESIAN_POINT ( 'NONE',  ( -1.014458481653567800, 3.910000000000000100, 1.148008398768112700 ) ) ;
#3813 = CARTESIAN_POINT ( 'NONE',  ( -1.065378616463821000, 3.900000000000001700, 1.487465968837440100 ) ) ;
#3814 = EDGE_CURVE ( 'NONE', #4748, #1078, #7061, .T. ) ;
#3815 = VECTOR ( 'NONE', #1642, 1000.000000000000000 ) ;
#3816 =( NAMED_UNIT ( * ) SI_UNIT ( $, .STERADIAN. ) SOLID_ANGLE_UNIT ( ) );
#3817 = EDGE_CURVE ( 'NONE', #214, #6367, #6651, .T. ) ;
#3818 = CARTESIAN_POINT ( 'NONE',  ( 0.6999999999999995100, 2.299999999999999800, 12.04999999999999900 ) ) ;
#3819 = CARTESIAN_POINT ( 'NONE',  ( -0.8140115099070399700, 3.900000000000001200, 2.027175922654695000 ) ) ;
#3820 = CARTESIAN_POINT ( 'NONE',  ( -1.520877415765496700, 3.910000000000000100, 1.273828602291265900 ) ) ;
#3821 = PRESENTATION_LAYER_ASSIGNMENT (  '', '', ( #687 ) ) ;
#3822 = LINE ( 'NONE', #4547, #6760 ) ;
#3823 = CARTESIAN_POINT ( 'NONE',  ( -0.3010657046971524400, 3.910000000000000100, 1.171541333878115100 ) ) ;
#3824 = CARTESIAN_POINT ( 'NONE',  ( -0.1897966761022942000, 3.910000000000000100, 2.163925877867408900 ) ) ;
#3825 = VERTEX_POINT ( 'NONE', #2034 ) ;
#3826 = CARTESIAN_POINT ( 'NONE',  ( 0.03953319639758609600, 3.910000000000001000, 1.674856771182281300 ) ) ;
#3827 =( LENGTH_UNIT ( ) NAMED_UNIT ( * ) SI_UNIT ( .MILLI., .METRE. ) );
#3828 = CARTESIAN_POINT ( 'NONE',  ( -0.9978230206928546700, 3.909999999999999300, 1.544960598544940400 ) ) ;
#3829 = ADVANCED_FACE ( 'NONE', ( #5472 ), #6741, .F. ) ;
#3830 = VECTOR ( 'NONE', #8602, 1000.000000000000000 ) ;
#3831 = CARTESIAN_POINT ( 'NONE',  ( -0.3102621378589839900, 3.909999999999999300, 1.994347555481315000 ) ) ;
#3832 = CARTESIAN_POINT ( 'NONE',  ( -0.4439962342204196200, 3.910000000000000100, 1.350236713813091700 ) ) ;
#3833 = PRESENTATION_LAYER_ASSIGNMENT (  '', '', ( #1470 ) ) ;
#3834 = CARTESIAN_POINT ( 'NONE',  ( 0.0000000000000000000, 0.6999999999999999600, 0.0000000000000000000 ) ) ;
#3835 = PRODUCT_DEFINITION_SHAPE ( 'NONE', 'NONE',  #4144 ) ;
#3836 = EDGE_LOOP ( 'NONE', ( #243, #248, #3320, #3864 ) ) ;
#3837 = CARTESIAN_POINT ( 'NONE',  ( 5.052755109473113600, 1.354312092788061400, 6.462881863136895600 ) ) ;
#3838 = ORIENTED_EDGE ( 'NONE', *, *, #65, .T. ) ;
#3839 = CARTESIAN_POINT ( 'NONE',  ( -4.692586600614428800, 3.750000000000000400, 2.488748555299569200 ) ) ;
#3840 = CARTESIAN_POINT ( 'NONE',  ( -0.9362871228236491200, 3.900000000000000400, 2.058935145802892800 ) ) ;
#3841 = CARTESIAN_POINT ( 'NONE',  ( -1.483050440661611400, 3.909999999999999300, 1.415272974210672400 ) ) ;
#3842 = FILL_AREA_STYLE_COLOUR ( '', #6981 ) ;
#3843 = CARTESIAN_POINT ( 'NONE',  ( -0.3557444289621308200, 3.900000000000001200, 1.879375298833010400 ) ) ;
#3844 = B_SPLINE_CURVE_WITH_KNOTS ( 'NONE', 3,
 ( #5653, #6287, #6886, #4214, #7617, #2876, #6344, #4273, #230, #2192, #4921, #4330, #4886, #6255, #7557, #956, #5623, #2903, #2223 ),
 .UNSPECIFIED., .F., .F.,
 ( 4, 1, 1, 1, 1, 1, 1, 1, 1, 1, 1, 1, 1, 1, 1, 1, 4 ),
 ( 0.0000000000000000000, 0.06302121243441040400, 0.1247942029306974300, 0.1849242747124382500, 0.2447438031171066700, 0.3041392828484988400, 0.3633389662207690600, 0.4220277584773130500, 0.4814964956461120200, 0.5416386340666808900, 0.6027502581724623100, 0.6650088361332504600, 0.7293988109392095500, 0.7953531427241117300, 0.8617169510124527100, 0.9301002113787625300, 1.000000000000000000 ),
 .UNSPECIFIED. ) ;
#3845 = EDGE_LOOP ( 'NONE', ( #3567, #4997, #5232, #8059, #3642, #4625, #1735, #506, #3728, #7351, #623, #2821 ) ) ;
#3846 = CARTESIAN_POINT ( 'NONE',  ( -1.735262844574371600, 3.909999999999999300, 2.136113034064066600 ) ) ;
#3847 = CARTESIAN_POINT ( 'NONE',  ( -1.029100782353641800, 3.909999999999999300, 2.152518915096310400 ) ) ;
#3848 = CARTESIAN_POINT ( 'NONE',  ( 2.280507361410212900, 3.910000000000000100, 1.964181383354076400 ) ) ;
#3849 = DIRECTION ( 'NONE',  ( 0.0000000000000000000, 0.0000000000000000000, 1.000000000000000000 ) ) ;
#3850 = ADVANCED_FACE ( 'NONE', ( #883 ), #1373, .F. ) ;
#3851 = CARTESIAN_POINT ( 'NONE',  ( 0.3254452368512926700, 3.910000000000000100, 2.006404290951386800 ) ) ;
#3852 = VERTEX_POINT ( 'NONE', #7425 ) ;
#3853 = DIRECTION ( 'NONE',  ( 0.0000000000000000000, 0.0000000000000000000, 1.000000000000000000 ) ) ;
#3854 = SURFACE_SIDE_STYLE ('',( #2271 ) ) ;
#3855 = EDGE_CURVE ( 'NONE', #5961, #7240, #4017, .T. ) ;
#3856 =( BOUNDED_CURVE ( )  B_SPLINE_CURVE ( 3, ( #6506, #7228, #619, #6085 ),
 .UNSPECIFIED., .F., .T. ) 
 B_SPLINE_CURVE_WITH_KNOTS ( ( 4, 4 ),
 ( 0.8470656583623067400, 1.570796326794898800 ),
 .UNSPECIFIED. ) 
 CURVE ( )  GEOMETRIC_REPRESENTATION_ITEM ( )  RATIONAL_B_SPLINE_CURVE ( ( 1.000000000000000000, 0.9568253911102339000, 0.9568253911102339000, 1.000000000000000000 ) ) 
 REPRESENTATION_ITEM ( '' )  );
#3857 = DIRECTION ( 'NONE',  ( 0.0000000000000000000, 0.0000000000000000000, 1.000000000000000000 ) ) ;
#3858 = EDGE_CURVE ( 'NONE', #4696, #7039, #1132, .T. ) ;
#3859 = CARTESIAN_POINT ( 'NONE',  ( 1.782476486851292600, 3.900000000000000400, 1.993246396214544800 ) ) ;
#3860 = CARTESIAN_POINT ( 'NONE',  ( -0.9619334798072822800, 3.900000000000000400, 1.556256375192310600 ) ) ;
#3861 = CARTESIAN_POINT ( 'NONE',  ( -0.3557444289621308200, 3.900000000000001200, 1.879375298833010400 ) ) ;
#3862 = CARTESIAN_POINT ( 'NONE',  ( -0.3591457065718108300, 3.900000000000001200, 1.214582801693945900 ) ) ;
#3863 = CARTESIAN_POINT ( 'NONE',  ( 0.7515464129553546300, 3.899999999999997700, 1.761486130818927100 ) ) ;
#3864 = ORIENTED_EDGE ( 'NONE', *, *, #4134, .T. ) ;
#3865 = CARTESIAN_POINT ( 'NONE',  ( 0.5228201428085118600, 3.899999999999999900, 1.638113403221507900 ) ) ;
#3866 =( GEOMETRIC_REPRESENTATION_CONTEXT ( 3 ) GLOBAL_UNCERTAINTY_ASSIGNED_CONTEXT ( ( #109 ) ) GLOBAL_UNIT_ASSIGNED_CONTEXT ( ( #793, #1982, #5457 ) ) REPRESENTATION_CONTEXT ( 'NONE', 'WORKASPACE' ) );
#3867 = EDGE_CURVE ( 'NONE', #2171, #3417, #8097, .T. ) ;
#3868 = ORIENTED_EDGE ( 'NONE', *, *, #7731, .F. ) ;
#3869 = UNCERTAINTY_MEASURE_WITH_UNIT (LENGTH_MEASURE( 1.000000000000000100E-005 ), #7290, 'distance_accuracy_value', 'NONE');
#3870 = CARTESIAN_POINT ( 'NONE',  ( -3.240000000000000700, 2.299999999999999800, 7.549999999999998000 ) ) ;
#3871 = LINE ( 'NONE', #153, #4276 ) ;
#3872 = CARTESIAN_POINT ( 'NONE',  ( -0.9587092099582812400, 3.910000000000000100, 1.138718804228314500 ) ) ;
#3873 = PRESENTATION_LAYER_ASSIGNMENT (  '', '', ( #2974 ) ) ;
#3874 = CARTESIAN_POINT ( 'NONE',  ( -0.2154086818968119200, 3.900000000000001200, 2.066458696240222300 ) ) ;
#3875 = CARTESIAN_POINT ( 'NONE',  ( -1.483050440661611400, 3.909999999999999300, 1.415272974210672400 ) ) ;
#3876 = CARTESIAN_POINT ( 'NONE',  ( -1.087917964932716000, 3.909999999999999300, 2.131230919400495700 ) ) ;
#3877 = CARTESIAN_POINT ( 'NONE',  ( -0.7846899633353748800, 3.900000000000000400, 2.003381087235853300 ) ) ;
#3878 = LINE ( 'NONE', #1644, #2074 ) ;
#3879 = ORIENTED_EDGE ( 'NONE', *, *, #7001, .T. ) ;
#3880 = CARTESIAN_POINT ( 'NONE',  ( -1.793897507391519500, 3.909999999999999300, 1.877159357313850100 ) ) ;
#3881 = EDGE_LOOP ( 'NONE', ( #6052, #5312, #4877, #1666 ) ) ;
#3882 = VERTEX_POINT ( 'NONE', #705 ) ;
#3883 = CARTESIAN_POINT ( 'NONE',  ( 2.357928789482871800, 3.900000000000000400, 2.151141133056650100 ) ) ;
#3884 = CARTESIAN_POINT ( 'NONE',  ( -0.04018780284172589900, 3.910000000000001000, 2.013932225071909600 ) ) ;
#3885 = ORIENTED_EDGE ( 'NONE', *, *, #447, .F. ) ;
#3886 = PRESENTATION_LAYER_ASSIGNMENT (  '', '', ( #8533 ) ) ;
#3887 = CARTESIAN_POINT ( 'NONE',  ( -1.010526874967725400, 3.900000000000002600, 1.249738787091197600 ) ) ;
#3888 = B_SPLINE_CURVE_WITH_KNOTS ( 'NONE', 3,
 ( #6461, #1100, #2437, #1068, #5814, #1037, #7128, #4390, #5071, #5719, #7761, #7729, #8405 ),
 .UNSPECIFIED., .F., .F.,
 ( 4, 3, 3, 3, 4 ),
 ( 1.939479807224432100E-018, 5.020539786463845700E-005, 0.0001004199931491188400, 0.0001505120938163724200, 0.0001910120725533646900 ),
 .UNSPECIFIED. ) ;
#3889 = CARTESIAN_POINT ( 'NONE',  ( -4.833818395542949500, 2.734650522678411900, 2.690283445248025100 ) ) ;
#3890 = CARTESIAN_POINT ( 'NONE',  ( -0.4068207136803536600, 3.899999999999999500, 1.274332714198231900 ) ) ;
#3891 = CARTESIAN_POINT ( 'NONE',  ( -0.3685470063898704200, 3.910000000000000100, 1.518676631003809800 ) ) ;
#3892 = CARTESIAN_POINT ( 'NONE',  ( -0.7667814173996148100, 3.909999999999999300, 1.428044760200098300 ) ) ;
#3893 = ADVANCED_FACE ( 'NONE', ( #1097 ), #2682, .F. ) ;
#3894 = LINE ( 'NONE', #5866, #4092 ) ;
#3895 = VERTEX_POINT ( 'NONE', #239 ) ;
#3896 = CARTESIAN_POINT ( 'NONE',  ( 0.03667093720568644100, 3.900000000000001200, 1.754127161767315800 ) ) ;
#3897 = EDGE_LOOP ( 'NONE', ( #8080, #4630, #3442, #4524 ) ) ;
#3898 = VECTOR ( 'NONE', #2193, 1000.000000000000000 ) ;
#3899 = CARTESIAN_POINT ( 'NONE',  ( -0.3626791518646519900, 3.900000000000000400, 1.842696373210834800 ) ) ;
#3900 = CARTESIAN_POINT ( 'NONE',  ( -1.537979650881102100, 3.899999999999998600, 1.528767046122729400 ) ) ;
#3901 = FACE_OUTER_BOUND ( 'NONE', #6480, .T. ) ;
#3902 = ORIENTED_EDGE ( 'NONE', *, *, #8461, .F. ) ;
#3903 = CARTESIAN_POINT ( 'NONE',  ( -1.251556753418039200, 3.910000000000001000, 1.898896368262210600 ) ) ;
#3904 = DIRECTION ( 'NONE',  ( -0.0000000000000000000, 1.000000000000000000, -0.0000000000000000000 ) ) ;
#3905 = CARTESIAN_POINT ( 'NONE',  ( -0.9288721973592338800, 3.910000000000000100, 1.230088501477702500 ) ) ;
#3906 = VECTOR ( 'NONE', #3419, 1000.000000000000000 ) ;
#3907 = FILL_AREA_STYLE_COLOUR ( '', #6987 ) ;
#3908 = PLANE ( 'NONE',  #47 ) ;
#3909 = DIRECTION ( 'NONE',  ( 0.0000000000000000000, 1.000000000000000000, 0.0000000000000000000 ) ) ;
#3910 = AXIS2_PLACEMENT_3D ( 'NONE', #1656, #6912, #983 ) ;
#3911 = LINE ( 'NONE', #5627, #5067 ) ;
#3912 = CARTESIAN_POINT ( 'NONE',  ( 3.753226867404377800, 0.6999999999999999600, -7.550000000000000700 ) ) ;
#3913 = UNCERTAINTY_MEASURE_WITH_UNIT (LENGTH_MEASURE( 1.000000000000000100E-005 ), #5395, 'distance_accuracy_value', 'NONE');
#3914 = EDGE_CURVE ( 'NONE', #5319, #7593, #682, .T. ) ;
#3915 = CARTESIAN_POINT ( 'NONE',  ( -0.4917133078841706100, 3.910000000000000100, 1.649832091238682600 ) ) ;
#3916 = EDGE_CURVE ( 'NONE', #1123, #974, #3225, .T. ) ;
#3917 = CARTESIAN_POINT ( 'NONE',  ( -4.842015805328191600, 3.763073361412148500, 0.1121320343559606300 ) ) ;
#3918 = CARTESIAN_POINT ( 'NONE',  ( -0.8647302498310288600, 3.910000000000001000, 1.546304234912876600 ) ) ;
#3919 = CARTESIAN_POINT ( 'NONE',  ( 0.4986010974126853200, 3.909999999999999300, 2.163945555607983600 ) ) ;
#3920 = VECTOR ( 'NONE', #5574, 1000.000000000000000 ) ;
#3921 = CARTESIAN_POINT ( 'NONE',  ( 0.03953319639758609600, 3.900000000000001200, 1.674856771182281300 ) ) ;
#3922 = CARTESIAN_POINT ( 'NONE',  ( -0.7486927747892815300, 3.910000000000001000, 1.620685630654511700 ) ) ;
#3923 = STYLED_ITEM ( 'NONE', ( #3093 ), #3126 ) ;
#3924 = SURFACE_SIDE_STYLE ('',( #2265 ) ) ;
#3925 = STYLED_ITEM ( 'NONE', ( #3537 ), #8119 ) ;
#3926 = SURFACE_SIDE_STYLE ('',( #1941 ) ) ;
#3927 = CARTESIAN_POINT ( 'NONE',  ( 0.6761794897898786300, 3.900000000000000400, 2.142015036109619500 ) ) ;
#3928 = CARTESIAN_POINT ( 'NONE',  ( 0.4000000000000000200, 2.299999999999999400, 21.14999999999999900 ) ) ;
#3929 = CARTESIAN_POINT ( 'NONE',  ( -1.697723022216395900, 3.899999999999999000, 1.952661931281668200 ) ) ;
#3930 = VECTOR ( 'NONE', #3667, 1000.000000000000000 ) ;
#3931 = VERTEX_POINT ( 'NONE', #2234 ) ;
#3932 = CARTESIAN_POINT ( 'NONE',  ( -1.093345881569760300, 3.900000000000000400, 1.394973369898755200 ) ) ;
#3933 = ADVANCED_FACE ( 'NONE', ( #6016 ), #3499, .T. ) ;
#3934 = AXIS2_PLACEMENT_3D ( 'NONE', #7294, #6689, #1360 ) ;
#3935 = CARTESIAN_POINT ( 'NONE',  ( -0.8010743577696541900, 3.899999999999999500, 1.288763660726777800 ) ) ;
#3936 = FILL_AREA_STYLE_COLOUR ( '', #4668 ) ;
#3937 = CARTESIAN_POINT ( 'NONE',  ( -0.7290286605075013700, 3.909999999999999300, 1.209159682273929000 ) ) ;
#3938 = DIRECTION ( 'NONE',  ( -0.0000000000000000000, -1.000000000000000000, -0.0000000000000000000 ) ) ;
#3939 = CARTESIAN_POINT ( 'NONE',  ( -5.111261455926771700, 0.6855814927792269800, 2.792475943352883000 ) ) ;
#3940 = CARTESIAN_POINT ( 'NONE',  ( 0.8828039963106326700, 3.909999999999999300, 1.879334318922876400 ) ) ;
#3941 = ORIENTED_EDGE ( 'NONE', *, *, #5825, .T. ) ;
#3942 = CARTESIAN_POINT ( 'NONE',  ( 0.7670733431467429100, 3.910000000000000100, 1.842126439684549100 ) ) ;
#3943 = ORIENTED_EDGE ( 'NONE', *, *, #4744, .T. ) ;
#3944 = PRESENTATION_STYLE_ASSIGNMENT (( #2130 ) ) ;
#3945 = DIRECTION ( 'NONE',  ( -0.0000000000000000000, -0.0000000000000000000, -1.000000000000000000 ) ) ;
#3946 = VECTOR ( 'NONE', #2779, 1000.000000000000000 ) ;
#3947 = ORIENTED_EDGE ( 'NONE', *, *, #950, .T. ) ;
#3948 = LINE ( 'NONE', #586, #6589 ) ;
#3949 = CARTESIAN_POINT ( 'NONE',  ( -0.9288721973592338800, 3.900000000000000400, 1.651141133056649900 ) ) ;
#3950 = EDGE_LOOP ( 'NONE', ( #6308, #4012 ) ) ;
#3951 =( NAMED_UNIT ( * ) PLANE_ANGLE_UNIT ( ) SI_UNIT ( $, .RADIAN. ) );
#3952 = CARTESIAN_POINT ( 'NONE',  ( -1.068469236832918300, 3.900000000000000400, 1.600976659372439700 ) ) ;
#3953 = CARTESIAN_POINT ( 'NONE',  ( -1.543798169392944300, 3.909999999999999300, 1.315552795442013000 ) ) ;
#3954 = ORIENTED_EDGE ( 'NONE', *, *, #1134, .T. ) ;
#3955 = CARTESIAN_POINT ( 'NONE',  ( 0.6225465820550197800, 3.910000000000000100, 1.550418943781660200 ) ) ;
#3956 = EDGE_LOOP ( 'NONE', ( #3796, #5515 ) ) ;
#3957 = VERTEX_POINT ( 'NONE', #2915 ) ;
#3958 = CARTESIAN_POINT ( 'NONE',  ( -0.6069149605171285700, 3.910000000000000100, 1.866807251477702500 ) ) ;
#3959 = ORIENTED_EDGE ( 'NONE', *, *, #6230, .T. ) ;
#3960 = FACE_OUTER_BOUND ( 'NONE', #1140, .T. ) ;
#3961 = CARTESIAN_POINT ( 'NONE',  ( -1.092766854669598600, 3.899999999999999500, 1.378202681179761600 ) ) ;
#3962 = B_SPLINE_CURVE_WITH_KNOTS ( 'NONE', 3,
 ( #1243, #5921, #5213, #1214, #600, #1910, #2583, #3172, #4505, #6604, #7266, #3256, #3202, #1127, #5868, #5840, #512, #5897, #1804 ),
 .UNSPECIFIED., .F., .F.,
 ( 4, 1, 1, 1, 1, 1, 1, 1, 1, 1, 1, 1, 1, 1, 1, 1, 4 ),
 ( 0.0000000000000000000, 0.06552673525819242800, 0.1280193822677647400, 0.1886553962601248700, 0.2478233327650256900, 0.3060995631381507300, 0.3643333696543751800, 0.4233243923912397600, 0.4832351621000282600, 0.5438380511706949500, 0.6043610261773835200, 0.6653695111604600600, 0.7272827436347302200, 0.7915528024819300500, 0.8580103252777948600, 0.9274317771450689700, 1.000000000000000000 ),
 .UNSPECIFIED. ) ;
#3963 = CARTESIAN_POINT ( 'NONE',  ( -0.8010743577696541900, 3.909999999999999300, 1.288763660726777800 ) ) ;
#3964 = ORIENTED_EDGE ( 'NONE', *, *, #2011, .T. ) ;
#3965 = ORIENTED_EDGE ( 'NONE', *, *, #1556, .F. ) ;
#3966 = SURFACE_SIDE_STYLE ('',( #6051 ) ) ;
#3967 = EDGE_CURVE ( 'NONE', #5224, #5961, #5279, .T. ) ;
#3968 = CARTESIAN_POINT ( 'NONE',  ( -4.830036276717043700, 3.900000000000000400, 0.1121320343559608100 ) ) ;
#3969 =( GEOMETRIC_REPRESENTATION_CONTEXT ( 3 ) GLOBAL_UNCERTAINTY_ASSIGNED_CONTEXT ( ( #5428 ) ) GLOBAL_UNIT_ASSIGNED_CONTEXT ( ( #4343, #7569, #354 ) ) REPRESENTATION_CONTEXT ( 'NONE', 'WORKASPACE' ) );
#3970 = CARTESIAN_POINT ( 'NONE',  ( 0.5481014868512924500, 3.900000000000000400, 1.545877975161913200 ) ) ;
#3971 = DIRECTION ( 'NONE',  ( 0.0000000000000000000, -0.0000000000000000000, -1.000000000000000000 ) ) ;
#3972 = CARTESIAN_POINT ( 'NONE',  ( -1.638474734836133000, 3.900000000000001700, 1.498406925767418200 ) ) ;
#3973 = CARTESIAN_POINT ( 'NONE',  ( 0.7881117752025889000, 3.909999999999999300, 2.076969090235448100 ) ) ;
#3974 = VECTOR ( 'NONE', #1091, 1000.000000000000000 ) ;
#3975 = UNCERTAINTY_MEASURE_WITH_UNIT (LENGTH_MEASURE( 1.000000000000000100E-005 ), #3118, 'distance_accuracy_value', 'NONE');
#3976 = CARTESIAN_POINT ( 'NONE',  ( 0.8618212349087043300, 3.910000000000000100, 1.719819996178816100 ) ) ;
#3977 = MECHANICAL_DESIGN_GEOMETRIC_PRESENTATION_REPRESENTATION (  '', ( #1242 ), #2288 ) ;
#3978 = LINE ( 'NONE', #5468, #4804 ) ;
#3979 = CARTESIAN_POINT ( 'NONE',  ( 1.407132928752239400, 3.909999999999999300, 2.156710339767453200 ) ) ;
#3980 = EDGE_CURVE ( 'NONE', #107, #2002, #5917, .T. ) ;
#3981 = CARTESIAN_POINT ( 'NONE',  ( -0.9217337726044777500, 3.910000000000000100, 2.058920125463912200 ) ) ;
#3982 = EDGE_CURVE ( 'NONE', #4986, #4081, #2022, .T. ) ;
#3983 = DIRECTION ( 'NONE',  ( -0.0000000000000000000, -1.000000000000000000, -0.0000000000000000000 ) ) ;
#3984 = EDGE_LOOP ( 'NONE', ( #8012, #6917, #3043, #4801 ) ) ;
#3985 = ORIENTED_EDGE ( 'NONE', *, *, #6831, .F. ) ;
#3986 = CARTESIAN_POINT ( 'NONE',  ( 1.691809781930920600, 3.899999999999997700, 2.142228933956671800 ) ) ;
#3987 =( NAMED_UNIT ( * ) PLANE_ANGLE_UNIT ( ) SI_UNIT ( $, .RADIAN. ) );
#3988 = CARTESIAN_POINT ( 'NONE',  ( 0.6999999999999995100, 2.299999999999999800, 12.04999999999999900 ) ) ;
#3989 = FILL_AREA_STYLE_COLOUR ( '', #6782 ) ;
#3990 = VECTOR ( 'NONE', #4553, 1000.000000000000000 ) ;
#3991 = CARTESIAN_POINT ( 'NONE',  ( 1.040284246703544900, 3.900000000000000400, 1.650433481825076500 ) ) ;
#3992 = PRESENTATION_LAYER_ASSIGNMENT (  '', '', ( #6174 ) ) ;
#3993 = VECTOR ( 'NONE', #1599, 1000.000000000000000 ) ;
#3994 = ORIENTED_EDGE ( 'NONE', *, *, #2912, .T. ) ;
#3995 = CARTESIAN_POINT ( 'NONE',  ( -0.7668577119125314900, 3.910000000000000100, 1.360915138338812900 ) ) ;
#3996 =( NAMED_UNIT ( * ) PLANE_ANGLE_UNIT ( ) SI_UNIT ( $, .RADIAN. ) );
#3997 =( GEOMETRIC_REPRESENTATION_CONTEXT ( 3 ) GLOBAL_UNCERTAINTY_ASSIGNED_CONTEXT ( ( #6071 ) ) GLOBAL_UNIT_ASSIGNED_CONTEXT ( ( #6490, #4478, #2501 ) ) REPRESENTATION_CONTEXT ( 'NONE', 'WORKASPACE' ) );
#3998 = CARTESIAN_POINT ( 'NONE',  ( -0.9288721973592338800, 3.910000000000000100, 1.559035869898755200 ) ) ;
#3999 = CARTESIAN_POINT ( 'NONE',  ( -1.090794820488981700, 3.900000000000001700, 1.361715875541393600 ) ) ;
#4000 = VECTOR ( 'NONE', #3286, 1000.000000000000000 ) ;
#4001 = CARTESIAN_POINT ( 'NONE',  ( -4.919496506820022900, 1.706369795367128600, 2.755594143101581600 ) ) ;
#4002 = PRESENTATION_STYLE_ASSIGNMENT (( #4771 ) ) ;
#4003 = CARTESIAN_POINT ( 'NONE',  ( 0.5707121930532261800, 3.909999999999999300, 1.641095550203297100 ) ) ;
#4004 = CARTESIAN_POINT ( 'NONE',  ( -1.840000000000000500, 2.299999999999999800, 12.04999999999999900 ) ) ;
#4005 = SURFACE_STYLE_FILL_AREA ( #3789 ) ;
#4006 = CARTESIAN_POINT ( 'NONE',  ( -1.377062986832918300, 3.910000000000000100, 1.151141133056649900 ) ) ;
#4007 =( LENGTH_UNIT ( ) NAMED_UNIT ( * ) SI_UNIT ( .MILLI., .METRE. ) );
#4008 = CARTESIAN_POINT ( 'NONE',  ( 1.773090641210033600, 3.899999999999999500, 2.111005774791908000 ) ) ;
#4009 =( NAMED_UNIT ( * ) PLANE_ANGLE_UNIT ( ) SI_UNIT ( $, .RADIAN. ) );
#4010 = FILL_AREA_STYLE ('',( #8578 ) ) ;
#4011 = CARTESIAN_POINT ( 'NONE',  ( 0.3254452368512926700, 3.910000000000000100, 2.006404290951386800 ) ) ;
#4012 = ORIENTED_EDGE ( 'NONE', *, *, #7714, .T. ) ;
#4013 = EDGE_CURVE ( 'NONE', #3957, #214, #5700, .T. ) ;
#4014 = ORIENTED_EDGE ( 'NONE', *, *, #1849, .F. ) ;
#4015 = CARTESIAN_POINT ( 'NONE',  ( -1.067737297305218200, 3.910000000000000100, 1.302308556093678900 ) ) ;
#4016 = EDGE_CURVE ( 'NONE', #3181, #5747, #1931, .T. ) ;
#4017 = LINE ( 'NONE', #4082, #7902 ) ;
#4018 = CARTESIAN_POINT ( 'NONE',  ( -0.8641136625365593000, 3.909999999999998400, 1.242579230259875700 ) ) ;
#4019 = DIRECTION ( 'NONE',  ( -0.0000000000000000000, -1.000000000000000000, -0.0000000000000000000 ) ) ;
#4020 = B_SPLINE_CURVE_WITH_KNOTS ( 'NONE', 3,
 ( #6875, #6127, #7487, #3450, #2120, #1432, #884, #136, #3481, #2889 ),
 .UNSPECIFIED., .F., .F.,
 ( 4, 3, 3, 4 ),
 ( 1.084202172485504400E-019, 0.0009869829601576660100, 0.001601608928475309200, 0.003079874422304351000 ),
 .UNSPECIFIED. ) ;
#4021 = CARTESIAN_POINT ( 'NONE',  ( -0.9198159226569496700, 3.909999999999999300, 1.138231436595838100 ) ) ;
#4022 = CARTESIAN_POINT ( 'NONE',  ( 1.868825171061818400, 3.910000000000000100, 1.151141133056649900 ) ) ;
#4023 = DIRECTION ( 'NONE',  ( 0.0000000000000000000, 0.0000000000000000000, -1.000000000000000000 ) ) ;
#4024 = MECHANICAL_DESIGN_GEOMETRIC_PRESENTATION_REPRESENTATION (  '', ( #3572 ), #392 ) ;
#4025 = LINE ( 'NONE', #1338, #474 ) ;
#4026 = CARTESIAN_POINT ( 'NONE',  ( 0.3338015204694452200, 3.909999999999999300, 2.011669555954342000 ) ) ;
#4027 = EDGE_CURVE ( 'NONE', #2961, #7946, #4221, .T. ) ;
#4028 = CARTESIAN_POINT ( 'NONE',  ( 0.7022871987463429300, 3.909999999999999300, 1.694049732073968300 ) ) ;
#4029 = AXIS2_PLACEMENT_3D ( 'NONE', #4414, #419, #2493 ) ;
#4030 = CARTESIAN_POINT ( 'NONE',  ( 1.456496119262840700, 3.910000000000000100, 2.163235643836190800 ) ) ;
#4031 = ORIENTED_EDGE ( 'NONE', *, *, #7548, .T. ) ;
#4032 = VECTOR ( 'NONE', #5116, 1000.000000000000000 ) ;
#4033 = CARTESIAN_POINT ( 'NONE',  ( 1.705527240366599800, 3.900000000000002100, 1.155929217631408400 ) ) ;
#4034 = ORIENTED_EDGE ( 'NONE', *, *, #5477, .F. ) ;
#4035 = CARTESIAN_POINT ( 'NONE',  ( -0.6071568913746683300, 3.900000000000000400, 1.877652889797587500 ) ) ;
#4036 = CARTESIAN_POINT ( 'NONE',  ( -1.068469236832918300, 3.910000000000000100, 1.600976659372439700 ) ) ;
#4037 = CARTESIAN_POINT ( 'NONE',  ( -0.8856561960719483400, 3.900000000000000400, 1.654948376713941200 ) ) ;
#4038 = CARTESIAN_POINT ( 'NONE',  ( 0.8161895126739070500, 3.910000000000001000, 1.645643487964091300 ) ) ;
#4039 = CARTESIAN_POINT ( 'NONE',  ( -0.7000000000000004000, 2.860000000000000300, 12.04999999999999900 ) ) ;
#4040 = CARTESIAN_POINT ( 'NONE',  ( -0.6170052491270225900, 3.909999999999999300, 1.792710520532924800 ) ) ;
#4041 = CARTESIAN_POINT ( 'NONE',  ( -1.010526874967725400, 3.900000000000002100, 1.249738787091197600 ) ) ;
#4042 = CARTESIAN_POINT ( 'NONE',  ( -0.7083798163763765900, 3.900000000000000400, 1.537094973212721000 ) ) ;
#4043 = VECTOR ( 'NONE', #5932, 1000.000000000000000 ) ;
#4044 = ORIENTED_EDGE ( 'NONE', *, *, #950, .F. ) ;
#4045 = CARTESIAN_POINT ( 'NONE',  ( -4.904418119201889000, 1.885248538307106000, 2.745153375524909600 ) ) ;
#4046 = ORIENTED_EDGE ( 'NONE', *, *, #5465, .T. ) ;
#4047 = CARTESIAN_POINT ( 'NONE',  ( 2.290485720357748900, 3.910000000000001900, 2.008596977278488600 ) ) ;
#4048 = CARTESIAN_POINT ( 'NONE',  ( 0.4260509994940482900, 3.909999999999999300, 1.640509709325735500 ) ) ;
#4049 = CARTESIAN_POINT ( 'NONE',  ( -0.1665366710434444400, 3.900000000000000400, 2.072193764635597500 ) ) ;
#4050 = DIRECTION ( 'NONE',  ( 0.0000000000000000000, -1.000000000000000000, 0.0000000000000000000 ) ) ;
#4051 = VERTEX_POINT ( 'NONE', #1484 ) ;
#4052 = ORIENTED_EDGE ( 'NONE', *, *, #447, .T. ) ;
#4053 = PRESENTATION_STYLE_ASSIGNMENT (( #1861 ) ) ;
#4054 = CARTESIAN_POINT ( 'NONE',  ( 0.6448154754210335700, 3.910000000000000100, 1.659424992064287000 ) ) ;
#4055 = VERTEX_POINT ( 'NONE', #6175 ) ;
#4056 = VECTOR ( 'NONE', #1222, 1000.000000000000000 ) ;
#4057 = CARTESIAN_POINT ( 'NONE',  ( -0.7637817368329178300, 3.910000000000000100, 1.394973369898755200 ) ) ;
#4058 = CARTESIAN_POINT ( 'NONE',  ( -0.6584209387155964800, 3.900000000000001200, 2.038944409398149900 ) ) ;
#4059 = DIRECTION ( 'NONE',  ( 0.0000000000000000000, 0.0000000000000000000, 1.000000000000000000 ) ) ;
#4060 = CARTESIAN_POINT ( 'NONE',  ( 0.8835427747281274800, 3.910000000000000100, 1.833148103052939100 ) ) ;
#4061 = DIRECTION ( 'NONE',  ( 1.000000000000000000, 0.0000000000000000000, 0.0000000000000000000 ) ) ;
#4062 = ORIENTED_EDGE ( 'NONE', *, *, #5318, .T. ) ;
#4063 = ORIENTED_EDGE ( 'NONE', *, *, #7601, .T. ) ;
#4064 = CARTESIAN_POINT ( 'NONE',  ( 0.4640122358174305600, 3.910000000000000100, 1.548852904799822700 ) ) ;
#4065 = LINE ( 'NONE', #1453, #6708 ) ;
#4066 = STYLED_ITEM ( 'NONE', ( #4603 ), #1110 ) ;
#4067 = DIRECTION ( 'NONE',  ( 0.0000000000000000000, 1.000000000000000000, 0.0000000000000000000 ) ) ;
#4068 = DIRECTION ( 'NONE',  ( 2.316048300074778800E-016, 0.0000000000000000000, 1.000000000000000000 ) ) ;
#4069 = VECTOR ( 'NONE', #4116, 1000.000000000000000 ) ;
#4070 = CARTESIAN_POINT ( 'NONE',  ( -0.3557444289621308200, 3.910000000000001000, 1.879375298833010400 ) ) ;
#4071 = ORIENTED_EDGE ( 'NONE', *, *, #1188, .F. ) ;
#4072 = EDGE_CURVE ( 'NONE', #7812, #1048, #1773, .T. ) ;
#4073 = CARTESIAN_POINT ( 'NONE',  ( 1.162907616394565500, 3.899999999999999000, 1.616824743960465700 ) ) ;
#4074 = CARTESIAN_POINT ( 'NONE',  ( 1.119985859480619800, 3.900000000000001700, 1.363426126197635700 ) ) ;
#4075 = LINE ( 'NONE', #4601, #3770 ) ;
#4076 = EDGE_LOOP ( 'NONE', ( #2478, #1561, #3266, #1662, #2423 ) ) ;
#4077 = CARTESIAN_POINT ( 'NONE',  ( 0.4537130142721137500, 3.910000000000001000, 2.063227017920994800 ) ) ;
#4078 = CARTESIAN_POINT ( 'NONE',  ( -1.097794138337810000, 3.910000000000000100, 1.974478812076164900 ) ) ;
#4079 = CARTESIAN_POINT ( 'NONE',  ( 1.236091817966492800, 3.910000000000000100, 2.088345445958758700 ) ) ;
#4080 = PRESENTATION_LAYER_ASSIGNMENT (  '', '', ( #2737 ) ) ;
#4081 = VERTEX_POINT ( 'NONE', #8359 ) ;
#4082 = CARTESIAN_POINT ( 'NONE',  ( -2.618428118411865800, 3.900000000000000400, 2.151141133056650100 ) ) ;
#4083 = ORIENTED_EDGE ( 'NONE', *, *, #3353, .F. ) ;
#4084 = CARTESIAN_POINT ( 'NONE',  ( -4.834877361352939200, 3.844666149409611500, 7.542290760738508100 ) ) ;
#4085 = ADVANCED_FACE ( 'NONE', ( #6339 ), #8206, .T. ) ;
#4086 =( NAMED_UNIT ( * ) PLANE_ANGLE_UNIT ( ) SI_UNIT ( $, .RADIAN. ) );
#4087 = CARTESIAN_POINT ( 'NONE',  ( 1.782476486851292600, 3.910000000000000100, 1.184858238319807900 ) ) ;
#4088 = CARTESIAN_POINT ( 'NONE',  ( 0.8454816522401992200, 3.900000000000000400, 2.004097177205171200 ) ) ;
#4089 = CARTESIAN_POINT ( 'NONE',  ( -4.829676781972099600, 2.782834188699372400, 6.412034523928423500 ) ) ;
#4090 = CARTESIAN_POINT ( 'NONE',  ( -1.209299828938181100, 3.900000000000000400, 1.387160869898755200 ) ) ;
#4091 = CARTESIAN_POINT ( 'NONE',  ( -4.692586600614427900, 3.750000000000000400, 6.611251444700426000 ) ) ;
#4092 = VECTOR ( 'NONE', #7210, 1000.000000000000100 ) ;
#4093 = EDGE_LOOP ( 'NONE', ( #6816, #7980, #80, #3636, #4637, #911, #6377, #6254, #2189, #3902 ) ) ;
#4094 = CARTESIAN_POINT ( 'NONE',  ( -3.240000000000000700, 2.299999999999999800, 12.04999999999999900 ) ) ;
#4095 = CARTESIAN_POINT ( 'NONE',  ( 1.314736595492344900, 3.909999999999999300, 1.999082456940864100 ) ) ;
#4096 = CARTESIAN_POINT ( 'NONE',  ( 1.393390416433276700, 3.899999999999998600, 1.157555277550721000 ) ) ;
#4097 = SURFACE_STYLE_FILL_AREA ( #1744 ) ;
#4098 = CARTESIAN_POINT ( 'NONE',  ( -0.6515849515221188200, 3.910000000000000100, 1.419901928366185100 ) ) ;
#4099 = UNCERTAINTY_MEASURE_WITH_UNIT (LENGTH_MEASURE( 1.000000000000000100E-005 ), #6569, 'distance_accuracy_value', 'NONE');
#4100 = ORIENTED_EDGE ( 'NONE', *, *, #7497, .F. ) ;
#4101 = CARTESIAN_POINT ( 'NONE',  ( 0.1562429342197137700, 3.899999999999999900, 1.646618106740860500 ) ) ;
#4102 = FILL_AREA_STYLE ('',( #3106 ) ) ;
#4103 = PLANE ( 'NONE',  #2393 ) ;
#4104 = ORIENTED_EDGE ( 'NONE', *, *, #684, .T. ) ;
#4105 = CARTESIAN_POINT ( 'NONE',  ( 0.1513905294305701300, 3.900000000000001200, 1.763024859301194800 ) ) ;
#4106 = CARTESIAN_POINT ( 'NONE',  ( 1.040284246703544900, 3.900000000000000800, 1.650433481825076500 ) ) ;
#4107 = CARTESIAN_POINT ( 'NONE',  ( 1.662486546796158900, 3.910000000000000100, 2.043015870845977600 ) ) ;
#4108 = CARTESIAN_POINT ( 'NONE',  ( -1.107132062187736500, 3.910000000000000100, 1.957569673759173700 ) ) ;
#4109 = VECTOR ( 'NONE', #6238, 1000.000000000000000 ) ;
#4110 = CARTESIAN_POINT ( 'NONE',  ( 0.7022871987463429300, 3.899999999999999500, 1.694049732073968300 ) ) ;
#4111 = B_SPLINE_CURVE_WITH_KNOTS ( 'NONE', 3,
 ( #4173, #188, #1545, #5518, #3535, #4869, #880, #5547, #2207, #6896, #2887, #2302, #3713, #4344, #6959, #2387, #6386, #3657, #7687 ),
 .UNSPECIFIED., .F., .F.,
 ( 4, 1, 1, 1, 1, 1, 1, 1, 1, 1, 1, 1, 1, 1, 1, 1, 4 ),
 ( 0.0000000000000000000, 0.08743627912959312000, 0.1700077694689458600, 0.2480077300108582400, 0.3216520361470753300, 0.3909634990383414900, 0.4559429689286111400, 0.5176799716278736000, 0.5760210157402069200, 0.6313908648380881500, 0.6846141173303920100, 0.7365027186354732300, 0.7877191505335768800, 0.8389278149779618700, 0.8908436669125352500, 0.9443220849570865800, 0.9999999999999998900 ),
 .UNSPECIFIED. ) ;
#4112 = SURFACE_STYLE_FILL_AREA ( #8555 ) ;
#4113 = CARTESIAN_POINT ( 'NONE',  ( 0.1038897686797974900, 3.910000000000000100, 1.315806014047961700 ) ) ;
#4114 = CARTESIAN_POINT ( 'NONE',  ( 1.581980468423654500, 3.899999999999999500, 1.138548041998455700 ) ) ;
#4115 = CARTESIAN_POINT ( 'NONE',  ( -0.7990465514772446800, 3.909999999999999300, 2.143079722363424800 ) ) ;
#4116 = DIRECTION ( 'NONE',  ( 0.0000000000000000000, 0.0000000000000000000, 1.000000000000000000 ) ) ;
#4117 =( NAMED_UNIT ( * ) PLANE_ANGLE_UNIT ( ) SI_UNIT ( $, .RADIAN. ) );
#4118 = CARTESIAN_POINT ( 'NONE',  ( 1.773090641210033600, 3.910000000000000100, 2.111005774791908000 ) ) ;
#4119 = UNCERTAINTY_MEASURE_WITH_UNIT (LENGTH_MEASURE( 1.000000000000000100E-005 ), #5297, 'distance_accuracy_value', 'NONE');
#4120 = EDGE_CURVE ( 'NONE', #3852, #1445, #2761, .T. ) ;
#4121 = CARTESIAN_POINT ( 'NONE',  ( 1.074969923832544100, 3.910000000000001900, 1.454477837618407800 ) ) ;
#4122 = EDGE_CURVE ( 'NONE', #1671, #3808, #3064, .T. ) ;
#4123 = DIRECTION ( 'NONE',  ( -1.000000000000000000, 0.0000000000000000000, 0.0000000000000000000 ) ) ;
#4124 = ADVANCED_FACE ( 'NONE', ( #4541 ), #4259, .F. ) ;
#4125 = DIRECTION ( 'NONE',  ( 0.0000000000000000000, -1.000000000000000000, 0.0000000000000000000 ) ) ;
#4126 = CARTESIAN_POINT ( 'NONE',  ( -0.6515849515221188200, 3.910000000000000100, 1.419901928366185100 ) ) ;
#4127 = DIRECTION ( 'NONE',  ( -1.000000000000000000, 0.0000000000000000000, 0.0000000000000000000 ) ) ;
#4128 = CARTESIAN_POINT ( 'NONE',  ( 1.839999999999999900, 2.299999999999999800, 12.04999999999999900 ) ) ;
#4129 = PLANE ( 'NONE',  #4481 ) ;
#4130 = ORIENTED_EDGE ( 'NONE', *, *, #1906, .T. ) ;
#4131 = MECHANICAL_DESIGN_GEOMETRIC_PRESENTATION_REPRESENTATION (  '', ( #4467 ), #3866 ) ;
#4132 = CARTESIAN_POINT ( 'NONE',  ( 1.694437695863437300, 3.910000000000001000, 2.033762581037691100 ) ) ;
#4133 = LINE ( 'NONE', #2893, #8544 ) ;
#4134 = EDGE_CURVE ( 'NONE', #4569, #8159, #1508, .T. ) ;
#4135 = CARTESIAN_POINT ( 'NONE',  ( -1.114903468992906900, 3.909999999999999300, 1.939312735260871900 ) ) ;
#4136 = EDGE_CURVE ( 'NONE', #3351, #446, #7172, .T. ) ;
#4137 = CARTESIAN_POINT ( 'NONE',  ( 2.939999999999999900, 2.299999999999999800, 12.04999999999999900 ) ) ;
#4138 = CARTESIAN_POINT ( 'NONE',  ( -4.692586600614429700, 3.750000000000000400, 0.1121320343559608100 ) ) ;
#4139 = AXIS2_PLACEMENT_3D ( 'NONE', #1715, #5756, #3084 ) ;
#4140 = CARTESIAN_POINT ( 'NONE',  ( -5.083081513076294300, 0.6999999999999999600, 2.765217787044644800 ) ) ;
#4141 = CARTESIAN_POINT ( 'NONE',  ( -1.209299828938181100, 3.900000000000000400, 1.387160869898755200 ) ) ;
#4142 = CARTESIAN_POINT ( 'NONE',  ( -0.7113638498982438600, 3.910000000000001900, 1.226723950869610600 ) ) ;
#4143 = CARTESIAN_POINT ( 'NONE',  ( -0.1624248289381811400, 3.910000000000000100, 1.230088501477702800 ) ) ;
#4144 = PRODUCT_DEFINITION ( 'UNKNOWN', '', #3151, #4658 ) ;
#4145 = ORIENTED_EDGE ( 'NONE', *, *, #2341, .T. ) ;
#4146 = CARTESIAN_POINT ( 'NONE',  ( 0.7672626710618188900, 3.900000000000000400, 1.850154290951386800 ) ) ;
#4147 = CARTESIAN_POINT ( 'NONE',  ( -0.8653660799552022100, 3.900000000000001200, 1.659673132907382800 ) ) ;
#4148 = CARTESIAN_POINT ( 'NONE',  ( 5.024129811261213200, 1.681500748532227100, 2.616392412698661300 ) ) ;
#4149 = DIRECTION ( 'NONE',  ( -0.0000000000000000000, -0.0000000000000000000, -1.000000000000000000 ) ) ;
#4150 = VERTEX_POINT ( 'NONE', #4401 ) ;
#4151 = DIRECTION ( 'NONE',  ( 1.936075308009828400E-016, -1.000000000000000000, -0.0000000000000000000 ) ) ;
#4152 = LINE ( 'NONE', #1994, #4043 ) ;
#4153 = VERTEX_POINT ( 'NONE', #7198 ) ;
#4154 = LINE ( 'NONE', #7522, #5102 ) ;
#4155 = ORIENTED_EDGE ( 'NONE', *, *, #2729, .F. ) ;
#4156 = CARTESIAN_POINT ( 'NONE',  ( 1.494566787039994100, 3.900000000000000400, 1.139149253864833300 ) ) ;
#4157 = AXIS2_PLACEMENT_3D ( 'NONE', #8549, #7787, #7847 ) ;
#4158 = DIRECTION ( 'NONE',  ( 0.0000000000000000000, 0.0000000000000000000, -1.000000000000000000 ) ) ;
#4159 = EDGE_LOOP ( 'NONE', ( #4612, #198, #3034, #6250, #7532 ) ) ;
#4160 = EDGE_LOOP ( 'NONE', ( #8370, #1977, #6864, #2306 ) ) ;
#4161 = CARTESIAN_POINT ( 'NONE',  ( -0.1647890366558613100, 3.910000000000000100, 2.163969030857071400 ) ) ;
#4162 = DIRECTION ( 'NONE',  ( 1.000000000000000000, 0.0000000000000000000, 0.0000000000000000000 ) ) ;
#4163 = CARTESIAN_POINT ( 'NONE',  ( 5.110000000000000300, 0.0000000000000000000, -5.199999999999986000 ) ) ;
#4164 = CARTESIAN_POINT ( 'NONE',  ( -0.1647890366558613100, 3.900000000000000400, 2.163969030857071400 ) ) ;
#4165 = FILL_AREA_STYLE ('',( #5422 ) ) ;
#4166 = ADVANCED_FACE ( 'NONE', ( #5371 ), #3278, .T. ) ;
#4167 =( LENGTH_UNIT ( ) NAMED_UNIT ( * ) SI_UNIT ( .MILLI., .METRE. ) );
#4168 = CARTESIAN_POINT ( 'NONE',  ( -1.128297548306725700, 3.900000000000000400, 1.877227528634111100 ) ) ;
#4169 = CARTESIAN_POINT ( 'NONE',  ( -0.6076307331420622800, 3.910000000000000100, 1.898894977236431000 ) ) ;
#4170 = ADVANCED_FACE ( 'NONE', ( #8128 ), #1106, .F. ) ;
#4171 = SURFACE_SIDE_STYLE ('',( #3487 ) ) ;
#4172 = FACE_OUTER_BOUND ( 'NONE', #4504, .T. ) ;
#4173 = CARTESIAN_POINT ( 'NONE',  ( 0.1562429342197137700, 3.910000000000000100, 1.646618106740860500 ) ) ;
#4174 =( NAMED_UNIT ( * ) SI_UNIT ( $, .STERADIAN. ) SOLID_ANGLE_UNIT ( ) );
#4175 = ORIENTED_EDGE ( 'NONE', *, *, #3253, .T. ) ;
#4176 = LINE ( 'NONE', #3851, #7641 ) ;
#4177 = DIRECTION ( 'NONE',  ( -1.000000000000000000, 0.0000000000000000000, 0.0000000000000000000 ) ) ;
#4178 = CARTESIAN_POINT ( 'NONE',  ( -1.843798449921426200, 3.900000000000000400, 2.060772385355516000 ) ) ;
#4179 = CARTESIAN_POINT ( 'NONE',  ( -0.4803475336890499800, 3.900000000000000400, 1.493900912537324600 ) ) ;
#4180 = CARTESIAN_POINT ( 'NONE',  ( 2.319894250009187300, 3.910000000000000100, 1.942465146214544800 ) ) ;
#4181 = LINE ( 'NONE', #5730, #328 ) ;
#4182 = CARTESIAN_POINT ( 'NONE',  ( 1.393390416433276700, 3.909999999999998400, 1.157555277550721000 ) ) ;
#4183 = AXIS2_PLACEMENT_3D ( 'NONE', #1947, #6645, #1336 ) ;
#4184 = CARTESIAN_POINT ( 'NONE',  ( 2.311665712769228200, 3.910000000000001000, 1.965668810701356700 ) ) ;
#4185 = CARTESIAN_POINT ( 'NONE',  ( 0.1553992177029787100, 3.910000000000000100, 1.705958964105465500 ) ) ;
#4186 = EDGE_CURVE ( 'NONE', #5615, #8558, #920, .T. ) ;
#4187 =( LENGTH_UNIT ( ) NAMED_UNIT ( * ) SI_UNIT ( .MILLI., .METRE. ) );
#4188 = CARTESIAN_POINT ( 'NONE',  ( -1.511109039464497000, 3.900000000000000400, 1.256404290951386600 ) ) ;
#4189 = CARTESIAN_POINT ( 'NONE',  ( 0.4481736428654256600, 3.900000000000001700, 1.639287185343551100 ) ) ;
#4190 =( NAMED_UNIT ( * ) PLANE_ANGLE_UNIT ( ) SI_UNIT ( $, .RADIAN. ) );
#4191 = PLANE ( 'NONE',  #3583 ) ;
#4192 = LINE ( 'NONE', #1523, #5658 ) ;
#4193 = EDGE_LOOP ( 'NONE', ( #3364, #949, #23, #5217 ) ) ;
#4194 = CARTESIAN_POINT ( 'NONE',  ( -4.841494007289828300, 3.769037540282104800, 6.510113677213812600 ) ) ;
#4195 = AXIS2_PLACEMENT_3D ( 'NONE', #7857, #1170, #5195 ) ;
#4196 = FILL_AREA_STYLE_COLOUR ( '', #6446 ) ;
#4197 = PRESENTATION_LAYER_ASSIGNMENT (  '', '', ( #6634 ) ) ;
#4198 = CARTESIAN_POINT ( 'NONE',  ( -5.034210018913199700, 0.6999999999999999600, 2.810708742348906800 ) ) ;
#4199 = DIRECTION ( 'NONE',  ( 1.000000000000000000, -0.0000000000000000000, -0.0000000000000000000 ) ) ;
#4200 = CARTESIAN_POINT ( 'NONE',  ( -0.6613773015859564200, 3.910000000000000100, 1.311644271638252400 ) ) ;
#4201 = CARTESIAN_POINT ( 'NONE',  ( 0.001676714023180393700, 3.900000000000000400, 1.366159764937538500 ) ) ;
#4202 = ORIENTED_EDGE ( 'NONE', *, *, #3634, .F. ) ;
#4203 = CARTESIAN_POINT ( 'NONE',  ( -1.209299828938181100, 3.910000000000000100, 1.387160869898755200 ) ) ;
#4204 = CARTESIAN_POINT ( 'NONE',  ( -1.793897507391519500, 3.909999999999999300, 1.877159357313850100 ) ) ;
#4205 = CARTESIAN_POINT ( 'NONE',  ( 1.521038310878801900, 3.909999999999999300, 2.164187207660412500 ) ) ;
#4206 = FACE_OUTER_BOUND ( 'NONE', #5425, .T. ) ;
#4207 =( LENGTH_UNIT ( ) NAMED_UNIT ( * ) SI_UNIT ( .MILLI., .METRE. ) );
#4208 = ORIENTED_EDGE ( 'NONE', *, *, #2, .T. ) ;
#4209 = DIRECTION ( 'NONE',  ( -0.9406431032876650900, 0.0000000000000000000, 0.3393973368153482300 ) ) ;
#4210 = ADVANCED_FACE ( 'NONE', ( #3428 ), #5170, .T. ) ;
#4211 = FACE_OUTER_BOUND ( 'NONE', #8481, .T. ) ;
#4212 = CARTESIAN_POINT ( 'NONE',  ( 1.161999513167082200, 3.910000000000000100, 1.662654290951386600 ) ) ;
#4213 = CARTESIAN_POINT ( 'NONE',  ( 5.110000000000000300, 0.0000000000000000000, 7.549999999999998000 ) ) ;
#4214 = CARTESIAN_POINT ( 'NONE',  ( -1.204375383640067200, 3.899999999999999000, 1.335489400738944800 ) ) ;
#4215 = ORIENTED_EDGE ( 'NONE', *, *, #6057, .T. ) ;
#4216 = CARTESIAN_POINT ( 'NONE',  ( 1.393390416433276700, 3.909999999999998400, 1.157555277550721000 ) ) ;
#4217 =( NAMED_UNIT ( * ) PLANE_ANGLE_UNIT ( ) SI_UNIT ( $, .RADIAN. ) );
#4218 = SURFACE_STYLE_FILL_AREA ( #4958 ) ;
#4219 = CARTESIAN_POINT ( 'NONE',  ( -0.9296945657802865300, 3.910000000000000100, 1.137983238319807900 ) ) ;
#4220 = CARTESIAN_POINT ( 'NONE',  ( -0.7785246681016396700, 3.909999999999999300, 1.463854606903506800 ) ) ;
#4221 = B_SPLINE_CURVE_WITH_KNOTS ( 'NONE', 3,
 ( #2859, #1541, #6265, #6233, #4780, #4836, #848 ),
 .UNSPECIFIED., .F., .F.,
 ( 4, 1, 1, 1, 4 ),
 ( 0.0000000000000000000, 0.2293805487812669300, 0.4721227502139387400, 0.7299846586571563400, 1.000000000000000000 ),
 .UNSPECIFIED. ) ;
#4222 = CARTESIAN_POINT ( 'NONE',  ( -4.919496499146158700, 1.706369887467824600, 6.344405862745466300 ) ) ;
#4223 = CARTESIAN_POINT ( 'NONE',  ( -0.2753266109808378300, 3.910000000000000100, 1.272462549946104400 ) ) ;
#4224 = CARTESIAN_POINT ( 'NONE',  ( -1.209299828938181100, 3.900000000000000400, 1.387160869898755200 ) ) ;
#4225 = CARTESIAN_POINT ( 'NONE',  ( 4.692586600614427000, 3.900000000000000400, 7.399999999999997700 ) ) ;
#4226 = CARTESIAN_POINT ( 'NONE',  ( -1.129725157407028200, 3.909999999999999300, 1.208554377402427000 ) ) ;
#4227 = CARTESIAN_POINT ( 'NONE',  ( -0.9003389217105201000, 3.910000000000000100, 1.138720791054420400 ) ) ;
#4228 = CARTESIAN_POINT ( 'NONE',  ( 0.03949524435626650100, 3.900000000000000400, 1.640860173783525300 ) ) ;
#4229 = UNCERTAINTY_MEASURE_WITH_UNIT (LENGTH_MEASURE( 1.000000000000000100E-005 ), #5174, 'distance_accuracy_value', 'NONE');
#4230 = ORIENTED_EDGE ( 'NONE', *, *, #5161, .T. ) ;
#4231 = CARTESIAN_POINT ( 'NONE',  ( 1.755670184367115900, 3.910000000000001000, 1.293289987746186800 ) ) ;
#4232 = CARTESIAN_POINT ( 'NONE',  ( -1.859382065780286600, 3.910000000000000100, 2.151141133056650600 ) ) ;
#4233 = DIRECTION ( 'NONE',  ( 0.0000000000000000000, 0.0000000000000000000, 1.000000000000000000 ) ) ;
#4234 = CARTESIAN_POINT ( 'NONE',  ( -0.7793144170510151200, 3.900000000000000400, 1.594909424573505200 ) ) ;
#4235 = EDGE_CURVE ( 'NONE', #5224, #8659, #6369, .T. ) ;
#4236 = DIRECTION ( 'NONE',  ( 0.0000000000000000000, 0.0000000000000000000, -1.000000000000000000 ) ) ;
#4237 = EDGE_CURVE ( 'NONE', #7715, #5747, #6885, .T. ) ;
#4238 = ORIENTED_EDGE ( 'NONE', *, *, #237, .F. ) ;
#4239 = DIRECTION ( 'NONE',  ( 0.3393973368153482300, 0.0000000000000000000, 0.9406431032876650900 ) ) ;
#4240 = EDGE_LOOP ( 'NONE', ( #4898, #5981, #5849, #2355 ) ) ;
#4241 = CARTESIAN_POINT ( 'NONE',  ( -0.06829533501776372000, 3.910000000000001000, 2.146111917725651800 ) ) ;
#4242 = CARTESIAN_POINT ( 'NONE',  ( 0.6302489608750112500, 3.899999999999999500, 2.056365984854363400 ) ) ;
#4243 = ORIENTED_EDGE ( 'NONE', *, *, #945, .F. ) ;
#4244 = CARTESIAN_POINT ( 'NONE',  ( 0.8381919473776084900, 3.900000000000000400, 1.151141133056649900 ) ) ;
#4245 = CARTESIAN_POINT ( 'NONE',  ( -0.01006679661893525100, 3.899999999999999500, 1.337609843061248000 ) ) ;
#4246 =( GEOMETRIC_REPRESENTATION_CONTEXT ( 3 ) GLOBAL_UNCERTAINTY_ASSIGNED_CONTEXT ( ( #1672 ) ) GLOBAL_UNIT_ASSIGNED_CONTEXT ( ( #7944, #1326, #5276 ) ) REPRESENTATION_CONTEXT ( 'NONE', 'WORKASPACE' ) );
#4247 = ORIENTED_EDGE ( 'NONE', *, *, #6389, .T. ) ;
#4248 = MANIFOLD_SOLID_BREP ( 'Split Line2', #5314 ) ;
#4249 = DIRECTION ( 'NONE',  ( 0.0000000000000000000, 0.0000000000000000000, 1.000000000000000000 ) ) ;
#4250 = EDGE_CURVE ( 'NONE', #6153, #1794, #4679, .T. ) ;
#4251 = FILL_AREA_STYLE ('',( #8203 ) ) ;
#4252 = VERTEX_POINT ( 'NONE', #8587 ) ;
#4253 = EDGE_CURVE ( 'NONE', #3588, #2264, #5844, .T. ) ;
#4254 = FACE_OUTER_BOUND ( 'NONE', #7313, .T. ) ;
#4255 = FILL_AREA_STYLE_COLOUR ( '', #1355 ) ;
#4256 = ORIENTED_EDGE ( 'NONE', *, *, #6388, .F. ) ;
#4257 = VECTOR ( 'NONE', #8403, 1000.000000000000100 ) ;
#4258 = CARTESIAN_POINT ( 'NONE',  ( -0.2929727316544045200, 3.910000000000001000, 1.291409143732949800 ) ) ;
#4259 = PLANE ( 'NONE',  #4434 ) ;
#4260 = AXIS2_PLACEMENT_3D ( 'NONE', #3928, #2589, #1862 ) ;
#4261 = ADVANCED_FACE ( 'NONE', ( #1346 ), #1281, .F. ) ;
#4262 = ORIENTED_EDGE ( 'NONE', *, *, #1676, .F. ) ;
#4263 = EDGE_LOOP ( 'NONE', ( #2165, #713, #3506, #2432 ) ) ;
#4264 = CARTESIAN_POINT ( 'NONE',  ( -1.177032122664005900, 3.900000000000000400, 1.265644110828410000 ) ) ;
#4265 = ORIENTED_EDGE ( 'NONE', *, *, #560, .F. ) ;
#4266 = CARTESIAN_POINT ( 'NONE',  ( -0.1182305292710809600, 3.900000000000000400, 2.066513771976356200 ) ) ;
#4267 = CARTESIAN_POINT ( 'NONE',  ( 1.640152401786954000, 3.909999999999999300, 1.252101816194034900 ) ) ;
#4268 =( NAMED_UNIT ( * ) PLANE_ANGLE_UNIT ( ) SI_UNIT ( $, .RADIAN. ) );
#4269 = CARTESIAN_POINT ( 'NONE',  ( -1.859382065780286400, 3.910000000000000100, 2.151141133056650100 ) ) ;
#4270 = CARTESIAN_POINT ( 'NONE',  ( -1.209299828938181100, 3.910000000000000100, 1.387160869898755200 ) ) ;
#4271 = LINE ( 'NONE', #8176, #6063 ) ;
#4272 = CARTESIAN_POINT ( 'NONE',  ( -0.9231787534171956900, 3.909999999999999300, 1.230266600275668800 ) ) ;
#4273 = CARTESIAN_POINT ( 'NONE',  ( -1.163193840976594100, 3.899999999999999900, 1.245122117914589700 ) ) ;
#4274 = CARTESIAN_POINT ( 'NONE',  ( -1.377062986832918300, 3.910000000000000100, 1.218780935688228700 ) ) ;
#4275 = FILL_AREA_STYLE_COLOUR ( '', #7785 ) ;
#4276 = VECTOR ( 'NONE', #6201, 1000.000000000000000 ) ;
#4277 = CARTESIAN_POINT ( 'NONE',  ( 0.1457434522989239400, 3.899999999999999900, 1.474898734633023800 ) ) ;
#4278 = UNCERTAINTY_MEASURE_WITH_UNIT (LENGTH_MEASURE( 1.000000000000000100E-005 ), #1939, 'distance_accuracy_value', 'NONE');
#4279 = FILL_AREA_STYLE_COLOUR ( '', #4290 ) ;
#4280 = ORIENTED_EDGE ( 'NONE', *, *, #6285, .F. ) ;
#4281 = ORIENTED_EDGE ( 'NONE', *, *, #2468, .F. ) ;
#4282 = FILL_AREA_STYLE ('',( #4196 ) ) ;
#4283 = LINE ( 'NONE', #4188, #8371 ) ;
#4284 = CARTESIAN_POINT ( 'NONE',  ( 4.932279402608453500, 2.731355723469338900, 6.445425798902189900 ) ) ;
#4285 = CARTESIAN_POINT ( 'NONE',  ( -0.3896676594621690200, 3.909999999999999300, 2.065175310939201000 ) ) ;
#4286 = CARTESIAN_POINT ( 'NONE',  ( 0.5058858467232301100, 3.910000000000000100, 1.638016367638218500 ) ) ;
#4287 = CARTESIAN_POINT ( 'NONE',  ( 0.8492090755779576600, 3.900000000000001200, 1.693046098911053200 ) ) ;
#4288 = CARTESIAN_POINT ( 'NONE',  ( 0.03967221053550280800, 3.900000000000000400, 1.658131264635597500 ) ) ;
#4289 = EDGE_CURVE ( 'NONE', #1577, #2647, #4152, .T. ) ;
#4290 = COLOUR_RGB ( '',1.000000000000000000, 1.000000000000000000, 1.000000000000000000 ) ;
#4291 = EDGE_CURVE ( 'NONE', #446, #3733, #5612, .T. ) ;
#4292 =( LENGTH_UNIT ( ) NAMED_UNIT ( * ) SI_UNIT ( .MILLI., .METRE. ) );
#4293 = CARTESIAN_POINT ( 'NONE',  ( -1.045712931891316500, 3.910000000000001000, 2.027528821900392900 ) ) ;
#4294 = CARTESIAN_POINT ( 'NONE',  ( -0.9288721973592338800, 3.910000000000000100, 1.651141133056649900 ) ) ;
#4295 = VECTOR ( 'NONE', #3233, 1000.000000000000000 ) ;
#4296 = STYLED_ITEM ( 'NONE', ( #5848 ), #2491 ) ;
#4297 = ADVANCED_FACE ( 'NONE', ( #1331 ), #1946, .F. ) ;
#4298 = LINE ( 'NONE', #6279, #3167 ) ;
#4299 = CARTESIAN_POINT ( 'NONE',  ( 1.162990883198760800, 3.910000000000000100, 1.706138365768524500 ) ) ;
#4300 = EDGE_CURVE ( 'NONE', #6367, #3931, #4875, .T. ) ;
#4301 = CARTESIAN_POINT ( 'NONE',  ( 0.6705113586557562800, 3.909999999999998400, 2.036789528350025700 ) ) ;
#4302 = FILL_AREA_STYLE_COLOUR ( '', #2188 ) ;
#4303 = AXIS2_PLACEMENT_3D ( 'NONE', #3040, #8391, #2357 ) ;
#4304 = CARTESIAN_POINT ( 'NONE',  ( -0.7500375555303285800, 3.909999999999999300, 1.758199677983451700 ) ) ;
#4305 = LINE ( 'NONE', #5535, #6106 ) ;
#4306 = CARTESIAN_POINT ( 'NONE',  ( -0.8364303048924921500, 3.899999999999999000, 1.531060509340362900 ) ) ;
#4307 = MECHANICAL_DESIGN_GEOMETRIC_PRESENTATION_REPRESENTATION (  '', ( #2974 ), #7009 ) ;
#4308 = DIRECTION ( 'NONE',  ( 0.0000000000000000000, 0.0000000000000000000, -1.000000000000000000 ) ) ;
#4309 = VERTEX_POINT ( 'NONE', #1333 ) ;
#4310 = CARTESIAN_POINT ( 'NONE',  ( -0.6613773015859564200, 3.900000000000000800, 1.311644271638252400 ) ) ;
#4311 = CARTESIAN_POINT ( 'NONE',  ( 1.578185885068735800, 3.909999999999999300, 1.243825240286630600 ) ) ;
#4312 = ORIENTED_EDGE ( 'NONE', *, *, #1552, .T. ) ;
#4313 = CARTESIAN_POINT ( 'NONE',  ( -0.8871102443141238900, 3.899999999999999500, 2.055634195065361600 ) ) ;
#4314 = CARTESIAN_POINT ( 'NONE',  ( -0.2135909099142724000, 3.899999999999999900, 2.163195593801299200 ) ) ;
#4315 = CARTESIAN_POINT ( 'NONE',  ( 0.03277659187058014300, 3.910000000000000100, 1.513661975317568900 ) ) ;
#4316 = COLOUR_RGB ( '',1.000000000000000000, 1.000000000000000000, 1.000000000000000000 ) ;
#4317 = CARTESIAN_POINT ( 'NONE',  ( -1.065500429022089500, 3.900000000000000400, 1.166462742149714500 ) ) ;
#4318 = CARTESIAN_POINT ( 'NONE',  ( 0.01128170996172268000, 3.900000000000001700, 1.909701797029163000 ) ) ;
#4319 = VECTOR ( 'NONE', #3474, 1000.000000000000000 ) ;
#4320 =( GEOMETRIC_REPRESENTATION_CONTEXT ( 3 ) GLOBAL_UNCERTAINTY_ASSIGNED_CONTEXT ( ( #2185 ) ) GLOBAL_UNIT_ASSIGNED_CONTEXT ( ( #3124, #1205, #1788 ) ) REPRESENTATION_CONTEXT ( 'NONE', 'WORKASPACE' ) );
#4321 = CARTESIAN_POINT ( 'NONE',  ( 1.578185885068735800, 3.909999999999999300, 1.243825240286630600 ) ) ;
#4322 = CARTESIAN_POINT ( 'NONE',  ( 1.316393669210319300, 3.900000000000000800, 2.131024860114059100 ) ) ;
#4323 = LINE ( 'NONE', #2626, #470 ) ;
#4324 = CARTESIAN_POINT ( 'NONE',  ( 0.6999999999999995100, 2.860000000000000300, 12.04999999999999900 ) ) ;
#4325 =( NAMED_UNIT ( * ) PLANE_ANGLE_UNIT ( ) SI_UNIT ( $, .RADIAN. ) );
#4326 = VECTOR ( 'NONE', #5663, 1000.000000000000000 ) ;
#4327 = DIRECTION ( 'NONE',  ( 1.000000000000000000, 0.0000000000000000000, 0.0000000000000000000 ) ) ;
#4328 = CARTESIAN_POINT ( 'NONE',  ( 1.446213678798884600, 3.900000000000001200, 2.052867178905379800 ) ) ;
#4329 = CARTESIAN_POINT ( 'NONE',  ( 0.7667380426004228900, 3.909999999999999300, 1.873896930464300300 ) ) ;
#4330 = CARTESIAN_POINT ( 'NONE',  ( -1.088676608998838700, 3.899999999999999900, 1.178682577229310600 ) ) ;
#4331 = CARTESIAN_POINT ( 'NONE',  ( -0.7124983845207706300, 3.900000000000000400, 1.646656640748002100 ) ) ;
#4332 = CARTESIAN_POINT ( 'NONE',  ( -0.8856561960719483400, 3.900000000000000400, 1.654948376713941200 ) ) ;
#4333 = CARTESIAN_POINT ( 'NONE',  ( 4.931991158743374000, 2.734650365917129300, 2.549859728785562200 ) ) ;
#4334 = CARTESIAN_POINT ( 'NONE',  ( -5.509999999999998900, 0.6999999999999999600, 4.549999999999998000 ) ) ;
#4335 =( NAMED_UNIT ( * ) SI_UNIT ( $, .STERADIAN. ) SOLID_ANGLE_UNIT ( ) );
#4336 = CARTESIAN_POINT ( 'NONE',  ( 1.782476486851292600, 3.910000000000000100, 1.309035869898755000 ) ) ;
#4337 = CARTESIAN_POINT ( 'NONE',  ( -4.815273037297465900, 2.915427563153647000, -0.9345724368463520500 ) ) ;
#4338 = CARTESIAN_POINT ( 'NONE',  ( 1.578185885068735800, 3.899999999999999500, 1.243825240286630600 ) ) ;
#4339 = EDGE_LOOP ( 'NONE', ( #616, #6295, #3954, #5013 ) ) ;
#4340 = CARTESIAN_POINT ( 'NONE',  ( -0.09344368223167978700, 3.909999999999999300, 1.244463635455028000 ) ) ;
#4341 = ADVANCED_FACE ( 'NONE', ( #3416 ), #7203, .T. ) ;
#4342 = FACE_BOUND ( 'NONE', #377, .T. ) ;
#4343 =( LENGTH_UNIT ( ) NAMED_UNIT ( * ) SI_UNIT ( .MILLI., .METRE. ) );
#4344 = CARTESIAN_POINT ( 'NONE',  ( -0.03603556172192361200, 3.909999999999999300, 2.130812269496761100 ) ) ;
#4345 = CARTESIAN_POINT ( 'NONE',  ( -0.1419405278732204000, 3.899999999999999500, 2.071227249809007200 ) ) ;
#4346 = CARTESIAN_POINT ( 'NONE',  ( 2.300070222628483000, 3.910000000000000100, 2.010761681936940300 ) ) ;
#4347 = CARTESIAN_POINT ( 'NONE',  ( -0.6505917321659425700, 3.899999999999999500, 1.398159490674103500 ) ) ;
#4348 = MECHANICAL_DESIGN_GEOMETRIC_PRESENTATION_REPRESENTATION (  '', ( #6572 ), #1227 ) ;
#4349 = ORIENTED_EDGE ( 'NONE', *, *, #6783, .T. ) ;
#4350 = FACE_OUTER_BOUND ( 'NONE', #7100, .T. ) ;
#4351 = DIRECTION ( 'NONE',  ( 0.0000000000000000000, -1.000000000000000000, -2.312964634635743200E-014 ) ) ;
#4352 =( NAMED_UNIT ( * ) PLANE_ANGLE_UNIT ( ) SI_UNIT ( $, .RADIAN. ) );
#4353 =( GEOMETRIC_REPRESENTATION_CONTEXT ( 3 ) GLOBAL_UNCERTAINTY_ASSIGNED_CONTEXT ( ( #3779 ) ) GLOBAL_UNIT_ASSIGNED_CONTEXT ( ( #8120, #2113, #7483 ) ) REPRESENTATION_CONTEXT ( 'NONE', 'WORKASPACE' ) );
#4354 = PLANE ( 'NONE',  #5157 ) ;
#4355 = DIRECTION ( 'NONE',  ( -0.0000000000000000000, -1.000000000000000000, -0.0000000000000000000 ) ) ;
#4356 = CARTESIAN_POINT ( 'NONE',  ( 0.5839641295698134700, 3.910000000000000100, 2.068424268302525800 ) ) ;
#4357 = CARTESIAN_POINT ( 'NONE',  ( -1.059355713866767500, 3.910000000000001900, 2.143013535498963200 ) ) ;
#4358 = CARTESIAN_POINT ( 'NONE',  ( -0.6075066634211094800, 3.900000000000000800, 1.853390640739175800 ) ) ;
#4359 = CARTESIAN_POINT ( 'NONE',  ( 2.140000000000000100, 2.860000000000000300, 21.14999999999999900 ) ) ;
#4360 = FACE_OUTER_BOUND ( 'NONE', #7422, .T. ) ;
#4361 = ORIENTED_EDGE ( 'NONE', *, *, #124, .F. ) ;
#4362 = FACE_OUTER_BOUND ( 'NONE', #5541, .T. ) ;
#4363 = AXIS2_PLACEMENT_3D ( 'NONE', #6013, #5988, #666 ) ;
#4364 =( GEOMETRIC_REPRESENTATION_CONTEXT ( 3 ) GLOBAL_UNCERTAINTY_ASSIGNED_CONTEXT ( ( #2349 ) ) GLOBAL_UNIT_ASSIGNED_CONTEXT ( ( #1969, #7273, #3290 ) ) REPRESENTATION_CONTEXT ( 'NONE', 'WORKASPACE' ) );
#4365 = CARTESIAN_POINT ( 'NONE',  ( -0.7639351675601026000, 3.899999999999999500, 1.400602103218603800 ) ) ;
#4366 = B_SPLINE_CURVE_WITH_KNOTS ( 'NONE', 3,
 ( #7706, #2324, #4314, #1083, #3709, #435, #4430, #5026, #1050, #4403, #1751, #2383, #6444, #5732, #8323, #5106, #2416, #7105, #3089 ),
 .UNSPECIFIED., .F., .F.,
 ( 4, 1, 1, 1, 1, 1, 1, 1, 1, 1, 1, 1, 1, 1, 1, 1, 4 ),
 ( 0.0000000000000000000, 0.05550970429625305000, 0.1086369036367121300, 0.1605271254963300000, 0.2117900568826277000, 0.2629438590125878800, 0.3149058281113156200, 0.3678777871037534100, 0.4234960062506518100, 0.4818295588931513800, 0.5432200306522475500, 0.6084749934351787500, 0.6778177339877836700, 0.7514476690639854100, 0.8297439080985193900, 0.9123077221441138200, 1.000000000000000000 ),
 .UNSPECIFIED. ) ;
#4367 = ORIENTED_EDGE ( 'NONE', *, *, #2952, .T. ) ;
#4368 = VERTEX_POINT ( 'NONE', #2596 ) ;
#4369 = CARTESIAN_POINT ( 'NONE',  ( 4.842015805328190800, 3.763073361412148500, 2.488748555299569600 ) ) ;
#4370 = EDGE_LOOP ( 'NONE', ( #4071, #5096, #8430, #4707, #3060, #4777 ) ) ;
#4371 = CARTESIAN_POINT ( 'NONE',  ( 1.782476486851292600, 3.900000000000000400, 2.106322054109281500 ) ) ;
#4372 = CARTESIAN_POINT ( 'NONE',  ( -1.161668914274490500, 3.899999999999999500, 2.082010034441768900 ) ) ;
#4373 = AXIS2_PLACEMENT_3D ( 'NONE', #7269, #2560, #7882 ) ;
#4374 = CARTESIAN_POINT ( 'NONE',  ( -0.1542366415767934300, 3.910000000000000100, 1.230359226066783300 ) ) ;
#4375 = CARTESIAN_POINT ( 'NONE',  ( 0.5328876710618186700, 3.910000000000000100, 2.072193764635597500 ) ) ;
#4376 = CARTESIAN_POINT ( 'NONE',  ( 0.5058858467232301100, 3.900000000000000400, 1.638016367638218500 ) ) ;
#4377 = VERTEX_POINT ( 'NONE', #8057 ) ;
#4378 = CARTESIAN_POINT ( 'NONE',  ( 2.140000000000000100, 2.860000000000000300, 21.14999999999999900 ) ) ;
#4379 = B_SPLINE_CURVE_WITH_KNOTS ( 'NONE', 3,
 ( #6496, #5167, #1317, #2138, #7652, #7222, #4070, #7774, #7145, #4437, #5801, #1791, #6477, #5767, #1756, #1088, #441, #6450, #2452 ),
 .UNSPECIFIED., .F., .F.,
 ( 4, 1, 1, 1, 1, 1, 1, 1, 1, 1, 1, 1, 1, 1, 1, 1, 4 ),
 ( 0.0000000000000000000, 0.09646958039359110300, 0.1870015541390323600, 0.2717354923338827200, 0.3504422395508579600, 0.4236553765059431500, 0.4914042638326917600, 0.5538186960861901700, 0.6123366788293179700, 0.6664000849663614900, 0.7170909988957414600, 0.7650374789256907400, 0.8114493965702289600, 0.8569611961467101800, 0.9029234863607815700, 0.9502545411073344300, 0.9999999999999998900 ),
 .UNSPECIFIED. ) ;
#4380 = CIRCLE ( 'NONE', #7725, 1.825000000000000200 ) ;
#4381 = DIRECTION ( 'NONE',  ( -0.0000000000000000000, -1.000000000000000000, -0.0000000000000000000 ) ) ;
#4382 = CARTESIAN_POINT ( 'NONE',  ( 0.1518774156887216200, 3.910000000000001000, 1.528550286021487200 ) ) ;
#4383 = CARTESIAN_POINT ( 'NONE',  ( -5.110000000000000300, 0.6999999999999999600, 7.549999999999998000 ) ) ;
#4384 = SURFACE_STYLE_FILL_AREA ( #1761 ) ;
#4385 = CARTESIAN_POINT ( 'NONE',  ( -1.045712931891316500, 3.900000000000001700, 2.027528821900392900 ) ) ;
#4386 = ORIENTED_EDGE ( 'NONE', *, *, #8225, .F. ) ;
#4387 = CARTESIAN_POINT ( 'NONE',  ( -1.381135549158646100, 3.910000000000000100, 1.225754464599981200 ) ) ;
#4388 = CARTESIAN_POINT ( 'NONE',  ( -1.209299828938181100, 3.910000000000000100, 1.387160869898755200 ) ) ;
#4389 = CARTESIAN_POINT ( 'NONE',  ( 0.7187980145059021900, 3.910000000000001000, 1.995300671295387100 ) ) ;
#4390 = CARTESIAN_POINT ( 'NONE',  ( 5.092645480655617600, 0.6999999999999999600, 6.348469317570796900 ) ) ;
#4391 =( NAMED_UNIT ( * ) SI_UNIT ( $, .STERADIAN. ) SOLID_ANGLE_UNIT ( ) );
#4392 = CARTESIAN_POINT ( 'NONE',  ( -0.7500375555303285800, 3.899999999999999500, 1.758199677983451700 ) ) ;
#4393 = UNCERTAINTY_MEASURE_WITH_UNIT (LENGTH_MEASURE( 1.000000000000000100E-005 ), #7648, 'distance_accuracy_value', 'NONE');
#4394 = SURFACE_STYLE_FILL_AREA ( #1225 ) ;
#4395 = ORIENTED_EDGE ( 'NONE', *, *, #1908, .F. ) ;
#4396 = CARTESIAN_POINT ( 'NONE',  ( 5.021954067378138700, 1.706369614913174400, 2.613645318229611500 ) ) ;
#4397 = LINE ( 'NONE', #8315, #6191 ) ;
#4398 = FILL_AREA_STYLE ('',( #6439 ) ) ;
#4399 = DIRECTION ( 'NONE',  ( 0.0000000000000000000, 0.0000000000000000000, -1.000000000000000000 ) ) ;
#4400 = CARTESIAN_POINT ( 'NONE',  ( 1.546456750009187500, 3.910000000000000100, 1.243246396214544600 ) ) ;
#4401 = CARTESIAN_POINT ( 'NONE',  ( -5.110000000000000300, 0.6999999999999999600, -5.199999999999986000 ) ) ;
#4402 = SURFACE_STYLE_FILL_AREA ( #7171 ) ;
#4403 = CARTESIAN_POINT ( 'NONE',  ( -0.4110740385277291100, 3.900000000000001200, 2.035471568146076200 ) ) ;
#4404 = CARTESIAN_POINT ( 'NONE',  ( -1.073885896203625100, 3.899999999999998600, 1.474067561409570800 ) ) ;
#4405 = ORIENTED_EDGE ( 'NONE', *, *, #236, .T. ) ;
#4406 =( NAMED_UNIT ( * ) PLANE_ANGLE_UNIT ( ) SI_UNIT ( $, .RADIAN. ) );
#4407 = CARTESIAN_POINT ( 'NONE',  ( 2.940000000000000400, 2.860000000000000300, 21.14999999999999900 ) ) ;
#4408 = CARTESIAN_POINT ( 'NONE',  ( -1.125133166703804000, 3.899999999999999900, 1.812009073289746300 ) ) ;
#4409 = EDGE_CURVE ( 'NONE', #7502, #1904, #3107, .T. ) ;
#4410 = FACE_OUTER_BOUND ( 'NONE', #5532, .T. ) ;
#4411 = CARTESIAN_POINT ( 'NONE',  ( -0.08382159086548622600, 3.900000000000000800, 1.145234742077572100 ) ) ;
#4412 = ORIENTED_EDGE ( 'NONE', *, *, #6725, .F. ) ;
#4413 = EDGE_LOOP ( 'NONE', ( #7292, #5081, #1350, #3267 ) ) ;
#4414 = CARTESIAN_POINT ( 'NONE',  ( 1.839999999999999600, 2.860000000000000300, 12.04999999999999900 ) ) ;
#4415 = FILL_AREA_STYLE_COLOUR ( '', #286 ) ;
#4416 = ORIENTED_EDGE ( 'NONE', *, *, #573, .F. ) ;
#4417 = CARTESIAN_POINT ( 'NONE',  ( -1.089706419775347000, 3.909999999999999300, 1.609857265321739800 ) ) ;
#4418 = AXIS2_PLACEMENT_3D ( 'NONE', #5972, #1949, #3971 ) ;
#4419 = COLOUR_RGB ( '',1.000000000000000000, 1.000000000000000000, 1.000000000000000000 ) ;
#4420 = CARTESIAN_POINT ( 'NONE',  ( 0.6761794897898786300, 3.900000000000000400, 2.142015036109619500 ) ) ;
#4421 = EDGE_CURVE ( 'NONE', #5975, #4604, #5399, .T. ) ;
#4422 = CARTESIAN_POINT ( 'NONE',  ( 4.692586600614427000, 3.900000000000000400, 7.399999999999997700 ) ) ;
#4423 = EDGE_CURVE ( 'NONE', #5390, #8653, #607, .T. ) ;
#4424 =( NAMED_UNIT ( * ) PLANE_ANGLE_UNIT ( ) SI_UNIT ( $, .RADIAN. ) );
#4425 = CARTESIAN_POINT ( 'NONE',  ( -0.7596300106673319300, 3.910000000000001000, 1.741485688695064000 ) ) ;
#4426 = AXIS2_PLACEMENT_3D ( 'NONE', #5265, #6848, #1542 ) ;
#4427 = CARTESIAN_POINT ( 'NONE',  ( -0.3749938046900587700, 3.900000000000000400, 1.614037456691020500 ) ) ;
#4428 = ORIENTED_EDGE ( 'NONE', *, *, #4423, .F. ) ;
#4429 = CARTESIAN_POINT ( 'NONE',  ( -0.3659979244030027700, 3.900000000000001200, 2.091250884246925500 ) ) ;
#4430 = CARTESIAN_POINT ( 'NONE',  ( -0.3400398995950447100, 3.900000000000000800, 2.113611229231065800 ) ) ;
#4431 = CARTESIAN_POINT ( 'NONE',  ( 0.3441541184302398000, 3.910000000000000100, 1.646412514635597700 ) ) ;
#4432 =( NAMED_UNIT ( * ) PLANE_ANGLE_UNIT ( ) SI_UNIT ( $, .RADIAN. ) );
#4433 = ADVANCED_FACE ( 'NONE', ( #79 ), #6804, .F. ) ;
#4434 = AXIS2_PLACEMENT_3D ( 'NONE', #5025, #5697, #7682 ) ;
#4435 = CARTESIAN_POINT ( 'NONE',  ( 0.3435924233868263300, 3.910000000000001900, 2.133881175500733200 ) ) ;
#4436 = LINE ( 'NONE', #3912, #7789 ) ;
#4437 = CARTESIAN_POINT ( 'NONE',  ( -0.3239094077480848500, 3.909999999999999300, 1.970137351496767700 ) ) ;
#4438 = CARTESIAN_POINT ( 'NONE',  ( -0.3724841143784243800, 3.910000000000001000, 1.759965465283644300 ) ) ;
#4439 = AXIS2_PLACEMENT_3D ( 'NONE', #1389, #27, #1443 ) ;
#4440 = CARTESIAN_POINT ( 'NONE',  ( 2.317111514797229900, 3.900000000000000400, 1.950312185406437400 ) ) ;
#4441 = CARTESIAN_POINT ( 'NONE',  ( -0.1442386185950866600, 3.910000000000000100, 1.138370366952471000 ) ) ;
#4442 = CARTESIAN_POINT ( 'NONE',  ( 0.03967221053550280800, 3.900000000000000400, 1.658131264635597500 ) ) ;
#4443 = DIRECTION ( 'NONE',  ( 0.0000000000000000000, 0.0000000000000000000, -1.000000000000000000 ) ) ;
#4444 = CARTESIAN_POINT ( 'NONE',  ( 0.4381000232379503900, 3.899999999999999500, 2.158783930003583200 ) ) ;
#4445 = CARTESIAN_POINT ( 'NONE',  ( -0.9777091520105586400, 3.899999999999999900, 1.552307250630343500 ) ) ;
#4446 = CIRCLE ( 'NONE', #2582, 2.067984194671809400 ) ;
#4447 = PLANE ( 'NONE',  #4373 ) ;
#4448 = CARTESIAN_POINT ( 'NONE',  ( -0.7513876340053785600, 3.900000000000001200, 1.956782462294852900 ) ) ;
#4449 = ORIENTED_EDGE ( 'NONE', *, *, #7831, .T. ) ;
#4450 = CARTESIAN_POINT ( 'NONE',  ( 2.311665712769228200, 3.900000000000001200, 1.965668810701356700 ) ) ;
#4451 = CARTESIAN_POINT ( 'NONE',  ( -1.215222432378078000, 3.899999999999999500, 1.728526308594131400 ) ) ;
#4452 = VECTOR ( 'NONE', #1776, 1000.000000000000000 ) ;
#4453 = DIRECTION ( 'NONE',  ( 0.0000000000000000000, 0.0000000000000000000, 1.000000000000000000 ) ) ;
#4454 = CARTESIAN_POINT ( 'NONE',  ( -0.2482733581678711900, 3.900000000000000400, 2.156816410673561900 ) ) ;
#4455 = EDGE_CURVE ( 'NONE', #921, #7229, #6779, .T. ) ;
#4456 = CARTESIAN_POINT ( 'NONE',  ( -0.1419405278732204000, 3.909999999999999300, 2.071227249809007200 ) ) ;
#4457 = EDGE_CURVE ( 'NONE', #4150, #7034, #3738, .T. ) ;
#4458 = CARTESIAN_POINT ( 'NONE',  ( 1.694437695863437300, 3.910000000000001000, 2.033762581037691100 ) ) ;
#4459 = CARTESIAN_POINT ( 'NONE',  ( -0.7721475842367933100, 3.910000000000001000, 1.989211366430743600 ) ) ;
#4460 = ORIENTED_EDGE ( 'NONE', *, *, #5043, .T. ) ;
#4461 = CARTESIAN_POINT ( 'NONE',  ( -0.3239094077480848500, 3.909999999999999300, 1.970137351496767700 ) ) ;
#4462 = LINE ( 'NONE', #3230, #82 ) ;
#4463 = ORIENTED_EDGE ( 'NONE', *, *, #4686, .T. ) ;
#4464 = SHAPE_DEFINITION_REPRESENTATION ( #3835, #8361 ) ;
#4465 =( NAMED_UNIT ( * ) PLANE_ANGLE_UNIT ( ) SI_UNIT ( $, .RADIAN. ) );
#4466 = CARTESIAN_POINT ( 'NONE',  ( 0.1375158661093489100, 3.900000000000000800, 1.425053101743081900 ) ) ;
#4467 = STYLED_ITEM ( 'NONE', ( #1972 ), #2057 ) ;
#4468 = VERTEX_POINT ( 'NONE', #5361 ) ;
#4469 = ORIENTED_EDGE ( 'NONE', *, *, #8005, .F. ) ;
#4470 = CARTESIAN_POINT ( 'NONE',  ( 0.0000000000000000000, 0.0000000000000000000, 0.0000000000000000000 ) ) ;
#4471 = EDGE_CURVE ( 'NONE', #404, #3351, #610, .T. ) ;
#4472 = PLANE ( 'NONE',  #60 ) ;
#4473 = AXIS2_PLACEMENT_3D ( 'NONE', #5115, #3168, #3630 ) ;
#4474 = COLOUR_RGB ( '',1.000000000000000000, 1.000000000000000000, 1.000000000000000000 ) ;
#4475 = CARTESIAN_POINT ( 'NONE',  ( -1.093345881569760300, 3.900000000000000400, 1.394973369898755200 ) ) ;
#4476 = CARTESIAN_POINT ( 'NONE',  ( -0.9394365671779882900, 3.910000000000001000, 1.138230213056593100 ) ) ;
#4477 = ADVANCED_FACE ( 'NONE', ( #195 ), #115, .F. ) ;
#4478 =( NAMED_UNIT ( * ) PLANE_ANGLE_UNIT ( ) SI_UNIT ( $, .RADIAN. ) );
#4479 = CARTESIAN_POINT ( 'NONE',  ( -1.611097369212351100, 3.899999999999999500, 1.696136435398698700 ) ) ;
#4480 = CARTESIAN_POINT ( 'NONE',  ( -0.7291019453887160900, 3.909999999999999300, 1.877014693781668700 ) ) ;
#4481 = AXIS2_PLACEMENT_3D ( 'NONE', #85, #4023, #3355 ) ;
#4482 = ORIENTED_EDGE ( 'NONE', *, *, #1441, .F. ) ;
#4483 = ORIENTED_EDGE ( 'NONE', *, *, #7440, .T. ) ;
#4484 = DIRECTION ( 'NONE',  ( -0.0000000000000000000, -1.000000000000000000, -0.0000000000000000000 ) ) ;
#4485 = DIRECTION ( 'NONE',  ( 0.3344589495901650300, 0.0000000000000000000, -0.9424103198920539300 ) ) ;
#4486 = CARTESIAN_POINT ( 'NONE',  ( -0.2330625149138065800, 3.910000000000001900, 1.145825320469301900 ) ) ;
#4487 = VERTEX_POINT ( 'NONE', #7471 ) ;
#4488 = CARTESIAN_POINT ( 'NONE',  ( -1.057750476404652600, 3.910000000000000100, 1.695104630356520700 ) ) ;
#4489 = VECTOR ( 'NONE', #318, 1000.000000000000200 ) ;
#4490 =( GEOMETRIC_REPRESENTATION_CONTEXT ( 3 ) GLOBAL_UNCERTAINTY_ASSIGNED_CONTEXT ( ( #2473 ) ) GLOBAL_UNIT_ASSIGNED_CONTEXT ( ( #3731, #3987, #2637 ) ) REPRESENTATION_CONTEXT ( 'NONE', 'WORKASPACE' ) );
#4491 = CARTESIAN_POINT ( 'NONE',  ( -2.140000000000000100, 2.860000000000000300, 21.14999999999999900 ) ) ;
#4492 = CARTESIAN_POINT ( 'NONE',  ( -0.7429777148007563600, 3.910000000000000100, 1.938682609743902700 ) ) ;
#4493 = CARTESIAN_POINT ( 'NONE',  ( -0.3362501616213826600, 3.910000000000001000, 1.943065703735617200 ) ) ;
#4494 = CARTESIAN_POINT ( 'NONE',  ( -0.4267610349048702700, 3.899999999999999500, 1.310242977802196000 ) ) ;
#4495 = LINE ( 'NONE', #3600, #8368 ) ;
#4496 = VERTEX_POINT ( 'NONE', #696 ) ;
#4497 = CARTESIAN_POINT ( 'NONE',  ( 5.081378602532079300, 1.027144070036340600, 6.441824685044384300 ) ) ;
#4498 = ADVANCED_FACE ( 'NONE', ( #5735 ), #390, .T. ) ;
#4499 = VECTOR ( 'NONE', #6807, 1000.000000000000100 ) ;
#4500 = DIRECTION ( 'NONE',  ( -0.9295747221837770100, 0.0000000000000000000, -0.3686337421845072800 ) ) ;
#4501 = CARTESIAN_POINT ( 'NONE',  ( -0.04018780284172589900, 3.910000000000001000, 2.013932225071909600 ) ) ;
#4502 = UNCERTAINTY_MEASURE_WITH_UNIT (LENGTH_MEASURE( 1.000000000000000100E-005 ), #5281, 'distance_accuracy_value', 'NONE');
#4503 = FILL_AREA_STYLE_COLOUR ( '', #7525 ) ;
#4504 = EDGE_LOOP ( 'NONE', ( #5864, #8220, #6298, #8141 ) ) ;
#4505 = CARTESIAN_POINT ( 'NONE',  ( 1.295436927272325800, 3.909999999999999300, 1.330423816254555400 ) ) ;
#4506 = COLOUR_RGB ( '',1.000000000000000000, 1.000000000000000000, 1.000000000000000000 ) ;
#4507 = ORIENTED_EDGE ( 'NONE', *, *, #1567, .F. ) ;
#4508 = CARTESIAN_POINT ( 'NONE',  ( -0.3102621378589839900, 3.899999999999999900, 1.994347555481315000 ) ) ;
#4509 = DIRECTION ( 'NONE',  ( 1.000000000000000000, 0.0000000000000000000, 0.0000000000000000000 ) ) ;
#4510 = CARTESIAN_POINT ( 'NONE',  ( 2.294195236851292600, 3.910000000000000100, 2.032514488319807600 ) ) ;
#4511 = PRESENTATION_STYLE_ASSIGNMENT (( #1915 ) ) ;
#4512 = FILL_AREA_STYLE_COLOUR ( '', #1927 ) ;
#4513 = CARTESIAN_POINT ( 'NONE',  ( 1.782476486851292600, 3.910000000000000100, 2.106322054109281500 ) ) ;
#4514 = EDGE_LOOP ( 'NONE', ( #7640, #2946, #3255, #2206, #5554, #6544, #4052, #7533, #868, #2510 ) ) ;
#4515 = ORIENTED_EDGE ( 'NONE', *, *, #2157, .T. ) ;
#4516 = EDGE_LOOP ( 'NONE', ( #7103, #8600, #1438, #3478, #7513 ) ) ;
#4517 = CARTESIAN_POINT ( 'NONE',  ( -1.125133166703804000, 3.909999999999999300, 1.812009073289746300 ) ) ;
#4518 = SURFACE_STYLE_USAGE ( .BOTH. , #7106 ) ;
#4519 = CARTESIAN_POINT ( 'NONE',  ( -0.9344986268769774900, 3.900000000000000400, 1.558863687888414800 ) ) ;
#4520 = MANIFOLD_SOLID_BREP ( 'Boss-Extrude6', #6062 ) ;
#4521 = PRESENTATION_LAYER_ASSIGNMENT (  '', '', ( #5416 ) ) ;
#4522 = CARTESIAN_POINT ( 'NONE',  ( -0.9498434917317273300, 3.899999999999999000, 1.651827229470181000 ) ) ;
#4523 = VECTOR ( 'NONE', #4954, 1000.000000000000000 ) ;
#4524 = ORIENTED_EDGE ( 'NONE', *, *, #8506, .F. ) ;
#4525 = CARTESIAN_POINT ( 'NONE',  ( -1.075288730041826100, 3.909999999999998400, 1.316076527357130000 ) ) ;
#4526 = AXIS2_PLACEMENT_3D ( 'NONE', #2205, #2744, #7540 ) ;
#4527 = CARTESIAN_POINT ( 'NONE',  ( -0.3355694627721737000, 3.910000000000001900, 1.368513945811112600 ) ) ;
#4528 = CARTESIAN_POINT ( 'NONE',  ( 1.056858161054490000, 3.899999999999999900, 1.823720189471336400 ) ) ;
#4529 = CARTESIAN_POINT ( 'NONE',  ( 0.5314485263249765200, 3.900000000000000400, 2.164299027793492100 ) ) ;
#4530 = CARTESIAN_POINT ( 'NONE',  ( -1.840000000000000500, 2.299999999999999800, 7.549999999999998000 ) ) ;
#4531 = CIRCLE ( 'NONE', #53, 0.1499999999999999700 ) ;
#4532 = CARTESIAN_POINT ( 'NONE',  ( -0.7894807499908128600, 3.900000000000000400, 1.600976659372439500 ) ) ;
#4533 = DIRECTION ( 'NONE',  ( 0.0000000000000000000, 0.0000000000000000000, -1.000000000000000000 ) ) ;
#4534 = CARTESIAN_POINT ( 'NONE',  ( -0.1914809087413933400, 3.900000000000000400, 2.071256864002639600 ) ) ;
#4535 = FACE_OUTER_BOUND ( 'NONE', #4370, .T. ) ;
#4536 = CARTESIAN_POINT ( 'NONE',  ( -1.402739152704132400, 3.909999999999998400, 1.264161370123481700 ) ) ;
#4537 = CARTESIAN_POINT ( 'NONE',  ( -1.059355713866767500, 3.910000000000001900, 2.143013535498963200 ) ) ;
#4538 = CARTESIAN_POINT ( 'NONE',  ( -0.7606753243722614900, 3.909999999999998400, 1.973909119346862500 ) ) ;
#4539 = PLANE ( 'NONE',  #2684 ) ;
#4540 = ADVANCED_FACE ( 'NONE', ( #2573 ), #2770, .T. ) ;
#4541 = FACE_OUTER_BOUND ( 'NONE', #1646, .T. ) ;
#4542 = CARTESIAN_POINT ( 'NONE',  ( -0.1568738420960761300, 3.910000000000000100, 1.137983238319808100 ) ) ;
#4543 = FACE_BOUND ( 'NONE', #8599, .T. ) ;
#4544 =( LENGTH_UNIT ( ) NAMED_UNIT ( * ) SI_UNIT ( .MILLI., .METRE. ) );
#4545 = DIRECTION ( 'NONE',  ( -1.936075308009828400E-016, 1.000000000000000000, 0.0000000000000000000 ) ) ;
#4546 = CARTESIAN_POINT ( 'NONE',  ( -0.1710188891030609000, 3.910000000000001000, 1.230373098610325200 ) ) ;
#4547 = CARTESIAN_POINT ( 'NONE',  ( -2.618428118411865800, 3.900000000000000400, 1.151141133056649900 ) ) ;
#4548 = PRESENTATION_STYLE_ASSIGNMENT (( #6486 ) ) ;
#4549 = CARTESIAN_POINT ( 'NONE',  ( -2.501857394727655200, 3.910000000000000100, 2.045877975161913400 ) ) ;
#4550 = UNCERTAINTY_MEASURE_WITH_UNIT (LENGTH_MEASURE( 1.000000000000000100E-005 ), #1570, 'distance_accuracy_value', 'NONE');
#4551 = SURFACE_STYLE_USAGE ( .BOTH. , #5260 ) ;
#4552 = SURFACE_SIDE_STYLE ('',( #3762 ) ) ;
#4553 = DIRECTION ( 'NONE',  ( -0.0000000000000000000, -1.000000000000000000, -0.0000000000000000000 ) ) ;
#4554 = ORIENTED_EDGE ( 'NONE', *, *, #2742, .T. ) ;
#4555 = ORIENTED_EDGE ( 'NONE', *, *, #3253, .F. ) ;
#4556 = CARTESIAN_POINT ( 'NONE',  ( 0.5314485263249765200, 3.910000000000000100, 2.164299027793492100 ) ) ;
#4557 =( LENGTH_UNIT ( ) NAMED_UNIT ( * ) SI_UNIT ( .MILLI., .METRE. ) );
#4558 = CARTESIAN_POINT ( 'NONE',  ( -0.7124983845207706300, 3.900000000000000400, 1.646656640748002100 ) ) ;
#4559 = CARTESIAN_POINT ( 'NONE',  ( 4.747671247539718000, 3.763073361412148500, 6.472345833242488100 ) ) ;
#4560 = CARTESIAN_POINT ( 'NONE',  ( -2.940000000000000400, 2.299999999999999400, 21.14999999999999900 ) ) ;
#4561 = CARTESIAN_POINT ( 'NONE',  ( 0.8783814108842615800, 3.910000000000001000, 1.913291880281531700 ) ) ;
#4562 = ORIENTED_EDGE ( 'NONE', *, *, #3080, .F. ) ;
#4563 = CARTESIAN_POINT ( 'NONE',  ( -1.417203490018489300, 3.910000000000001000, 1.290093409785066500 ) ) ;
#4564 = CARTESIAN_POINT ( 'NONE',  ( -1.252268578938181100, 3.910000000000000100, 1.866807251477702500 ) ) ;
#4565 = SURFACE_STYLE_USAGE ( .BOTH. , #7815 ) ;
#4566 = LINE ( 'NONE', #3790, #6145 ) ;
#4567 = CARTESIAN_POINT ( 'NONE',  ( 4.960711766331557200, 0.6999999999999999600, 6.420295983368810700 ) ) ;
#4568 = CARTESIAN_POINT ( 'NONE',  ( -0.8794492810403987700, 3.910000000000001900, 1.237072793217373300 ) ) ;
#4569 = VERTEX_POINT ( 'NONE', #3610 ) ;
#4570 = SURFACE_SIDE_STYLE ('',( #5411 ) ) ;
#4571 = EDGE_CURVE ( 'NONE', #4051, #7349, #8538, .T. ) ;
#4572 = VECTOR ( 'NONE', #7920, 1000.000000000000000 ) ;
#4573 = CARTESIAN_POINT ( 'NONE',  ( -1.128707723675023400, 3.910000000000000100, 1.854677317267176400 ) ) ;
#4574 = EDGE_CURVE ( 'NONE', #1810, #3392, #8211, .T. ) ;
#4575 =( NAMED_UNIT ( * ) PLANE_ANGLE_UNIT ( ) SI_UNIT ( $, .RADIAN. ) );
#4576 = ORIENTED_EDGE ( 'NONE', *, *, #2331, .F. ) ;
#4577 = CARTESIAN_POINT ( 'NONE',  ( -0.3314691536707478600, 3.900000000000000400, 1.190868614611590300 ) ) ;
#4578 = CARTESIAN_POINT ( 'NONE',  ( -0.3752736302402334100, 3.909999999999999300, 1.648122369937675900 ) ) ;
#4579 = ORIENTED_EDGE ( 'NONE', *, *, #122, .F. ) ;
#4580 =( GEOMETRIC_REPRESENTATION_CONTEXT ( 3 ) GLOBAL_UNCERTAINTY_ASSIGNED_CONTEXT ( ( #3096 ) ) GLOBAL_UNIT_ASSIGNED_CONTEXT ( ( #7213, #5952, #6602 ) ) REPRESENTATION_CONTEXT ( 'NONE', 'WORKASPACE' ) );
#4581 = ADVANCED_FACE ( 'NONE', ( #5190 ), #6077, .T. ) ;
#4582 = CARTESIAN_POINT ( 'NONE',  ( 0.3864094140632616200, 3.900000000000000400, 2.148907785106605800 ) ) ;
#4583 = EDGE_CURVE ( 'NONE', #1708, #1278, #7915, .T. ) ;
#4584 = CARTESIAN_POINT ( 'NONE',  ( 1.754532683265436200, 3.900000000000000400, 2.009088208297957300 ) ) ;
#4585 = ORIENTED_EDGE ( 'NONE', *, *, #3412, .F. ) ;
#4586 = EDGE_CURVE ( 'NONE', #1048, #547, #4649, .T. ) ;
#4587 = CARTESIAN_POINT ( 'NONE',  ( -0.6069149605171285700, 3.910000000000000100, 1.866807251477702500 ) ) ;
#4588 = CARTESIAN_POINT ( 'NONE',  ( -2.618428118411865800, 3.910000000000000100, 1.151141133056649900 ) ) ;
#4589 = FILL_AREA_STYLE_COLOUR ( '', #6352 ) ;
#4590 = CARTESIAN_POINT ( 'NONE',  ( -1.531904637726565500, 3.910000000000001000, 1.293074726176022500 ) ) ;
#4591 = CARTESIAN_POINT ( 'NONE',  ( -1.675343797452026400, 3.909999999999999300, 1.875903867194956200 ) ) ;
#4592 = CARTESIAN_POINT ( 'NONE',  ( -0.9288721973592338800, 3.910000000000000100, 2.059035869898755400 ) ) ;
#4593 = CARTESIAN_POINT ( 'NONE',  ( -1.377062986832918300, 3.900000000000000400, 1.218780935688228700 ) ) ;
#4594 = VECTOR ( 'NONE', #6212, 1000.000000000000000 ) ;
#4595 = EDGE_LOOP ( 'NONE', ( #6138, #1166, #4611, #348 ) ) ;
#4596 = SURFACE_STYLE_USAGE ( .BOTH. , #8666 ) ;
#4597 = VECTOR ( 'NONE', #6552, 1000.000000000000000 ) ;
#4598 = CARTESIAN_POINT ( 'NONE',  ( -0.1624248289381811400, 3.910000000000000100, 1.230088501477702800 ) ) ;
#4599 = SURFACE_STYLE_USAGE ( .BOTH. , #6666 ) ;
#4600 = PRESENTATION_STYLE_ASSIGNMENT (( #1985 ) ) ;
#4601 = CARTESIAN_POINT ( 'NONE',  ( 1.782476486851292600, 3.900000000000000400, 1.184858238319807900 ) ) ;
#4602 = AXIS2_PLACEMENT_3D ( 'NONE', #4674, #5955, #4698 ) ;
#4603 = PRESENTATION_STYLE_ASSIGNMENT (( #869 ) ) ;
#4604 = VERTEX_POINT ( 'NONE', #364 ) ;
#4605 = CARTESIAN_POINT ( 'NONE',  ( -1.698869437260167600, 3.900000000000000400, 1.629062245633781800 ) ) ;
#4606 = CARTESIAN_POINT ( 'NONE',  ( 0.5228201428085118600, 3.909999999999999300, 1.638113403221507900 ) ) ;
#4607 = B_SPLINE_CURVE_WITH_KNOTS ( 'NONE', 3,
 ( #7295, #2639, #634, #5294, #6690, #6659, #3343, #7348, #2019, #7975, #4678, #1274, #6720, #4040, #6035, #8025, #3958 ),
 .UNSPECIFIED., .F., .F.,
 ( 4, 1, 1, 1, 1, 1, 1, 1, 1, 1, 1, 1, 1, 1, 4 ),
 ( 0.0000000000000000000, 0.06708806273708449500, 0.1327880499269306600, 0.1980511568040838900, 0.2631809601748217900, 0.3279483554575568500, 0.3913625438678287000, 0.4533093078524584900, 0.5154282802912345500, 0.5767315996058715000, 0.6378307859775379500, 0.6993051709372197800, 0.7611583331851504700, 0.8823091019113470400, 0.9999999999999998900 ),
 .UNSPECIFIED. ) ;
#4608 = CARTESIAN_POINT ( 'NONE',  ( -5.110000000000000300, 3.900000000000000400, -0.9500000000000029500 ) ) ;
#4609 = LINE ( 'NONE', #2123, #8274 ) ;
#4610 = LINE ( 'NONE', #1433, #4706 ) ;
#4611 = ORIENTED_EDGE ( 'NONE', *, *, #5770, .T. ) ;
#4612 = ORIENTED_EDGE ( 'NONE', *, *, #3634, .T. ) ;
#4613 = CARTESIAN_POINT ( 'NONE',  ( 5.110000000000000300, 0.6999999999999999600, -0.9500000000000029500 ) ) ;
#4614 = ORIENTED_EDGE ( 'NONE', *, *, #1117, .F. ) ;
#4615 = CARTESIAN_POINT ( 'NONE',  ( 1.868825171061818400, 3.910000000000000100, 1.151141133056649900 ) ) ;
#4616 = VECTOR ( 'NONE', #5987, 1000.000000000000000 ) ;
#4617 = CARTESIAN_POINT ( 'NONE',  ( 0.6071802932980918700, 3.900000000000001700, 2.159002413848384500 ) ) ;
#4618 = CARTESIAN_POINT ( 'NONE',  ( 0.8838333947460294000, 3.910000000000000100, 1.844397712004018500 ) ) ;
#4619 =( LENGTH_UNIT ( ) NAMED_UNIT ( * ) SI_UNIT ( .MILLI., .METRE. ) );
#4620 = CARTESIAN_POINT ( 'NONE',  ( 0.8829737021807837500, 3.909999999999999300, 1.811119876406241500 ) ) ;
#4621 = VECTOR ( 'NONE', #3788, 1000.000000000000000 ) ;
#4622 = CARTESIAN_POINT ( 'NONE',  ( -0.1776386447276548700, 3.900000000000000400, 2.164299027793492100 ) ) ;
#4623 = CARTESIAN_POINT ( 'NONE',  ( -0.7284198947276548900, 3.910000000000000100, 1.854677317267176400 ) ) ;
#4624 = VERTEX_POINT ( 'NONE', #8313 ) ;
#4625 = ORIENTED_EDGE ( 'NONE', *, *, #7561, .T. ) ;
#4626 = CARTESIAN_POINT ( 'NONE',  ( -0.9803619019949807400, 3.900000000000000400, 1.236915878337080800 ) ) ;
#4627 = CARTESIAN_POINT ( 'NONE',  ( -0.8494814943379325200, 3.910000000000001000, 1.249320635554564300 ) ) ;
#4628 = PRESENTATION_STYLE_ASSIGNMENT (( #6125 ) ) ;
#4629 = CARTESIAN_POINT ( 'NONE',  ( 1.839999999999999600, 2.860000000000000300, 7.549999999999998000 ) ) ;
#4630 = ORIENTED_EDGE ( 'NONE', *, *, #719, .T. ) ;
#4631 =( NAMED_UNIT ( * ) SI_UNIT ( $, .STERADIAN. ) SOLID_ANGLE_UNIT ( ) );
#4632 = CARTESIAN_POINT ( 'NONE',  ( -1.093151709803181300, 3.899999999999999900, 1.389349461485516200 ) ) ;
#4633 = FACE_OUTER_BOUND ( 'NONE', #4732, .T. ) ;
#4634 = CARTESIAN_POINT ( 'NONE',  ( -1.843798449921426200, 3.900000000000000800, 2.060772385355516000 ) ) ;
#4635 = EDGE_CURVE ( 'NONE', #3632, #7493, #5690, .T. ) ;
#4636 = DIRECTION ( 'NONE',  ( -0.9295747221837765700, -1.825714295448365900E-014, -0.3686337421845088400 ) ) ;
#4637 = ORIENTED_EDGE ( 'NONE', *, *, #2800, .F. ) ;
#4638 =( NAMED_UNIT ( * ) SI_UNIT ( $, .STERADIAN. ) SOLID_ANGLE_UNIT ( ) );
#4639 = CARTESIAN_POINT ( 'NONE',  ( 1.056858161054490000, 3.909999999999999300, 1.823720189471336400 ) ) ;
#4640 = DIRECTION ( 'NONE',  ( 0.0000000000000000000, 0.0000000000000000000, 1.000000000000000000 ) ) ;
#4641 = EDGE_LOOP ( 'NONE', ( #5760, #6304, #4256, #3299, #555, #4942, #8184, #3223 ) ) ;
#4642 = CARTESIAN_POINT ( 'NONE',  ( -0.6087074640789441600, 3.900000000000000400, 1.826162998467451400 ) ) ;
#4643 = VECTOR ( 'NONE', #6759, 1000.000000000000000 ) ;
#4644 = DIRECTION ( 'NONE',  ( 2.316048300074779300E-016, 0.0000000000000000000, -1.000000000000000000 ) ) ;
#4645 = CARTESIAN_POINT ( 'NONE',  ( -1.514185045998168900, 3.910000000000000100, 1.261891108194567000 ) ) ;
#4646 = PLANE ( 'NONE',  #2963 ) ;
#4647 = DIRECTION ( 'NONE',  ( 0.0000000000000000000, -1.000000000000000000, 0.0000000000000000000 ) ) ;
#4648 = CARTESIAN_POINT ( 'NONE',  ( -0.1568738420960761300, 3.900000000000000800, 1.137983238319808100 ) ) ;
#4649 = LINE ( 'NONE', #6860, #7281 ) ;
#4650 = CARTESIAN_POINT ( 'NONE',  ( -4.692586600614429700, 3.856066017177981900, 0.006066017177978375000 ) ) ;
#4651 = LINE ( 'NONE', #6396, #1413 ) ;
#4652 = CARTESIAN_POINT ( 'NONE',  ( -0.7000000000000004000, 2.860000000000000300, 12.04999999999999900 ) ) ;
#4653 =( NAMED_UNIT ( * ) SI_UNIT ( $, .STERADIAN. ) SOLID_ANGLE_UNIT ( ) );
#4654 = UNCERTAINTY_MEASURE_WITH_UNIT (LENGTH_MEASURE( 1.000000000000000100E-005 ), #8482, 'distance_accuracy_value', 'NONE');
#4655 = CARTESIAN_POINT ( 'NONE',  ( 2.280507361410212900, 3.910000000000000100, 1.964181383354076400 ) ) ;
#4656 =( LENGTH_UNIT ( ) NAMED_UNIT ( * ) SI_UNIT ( .MILLI., .METRE. ) );
#4657 = DIRECTION ( 'NONE',  ( 1.000000000000000000, 0.0000000000000000000, 0.0000000000000000000 ) ) ;
#4658 = PRODUCT_DEFINITION_CONTEXT ( 'detailed design', #3602, 'design' ) ;
#4659 = ORIENTED_EDGE ( 'NONE', *, *, #5368, .T. ) ;
#4660 = ORIENTED_EDGE ( 'NONE', *, *, #7667, .T. ) ;
#4661 = ORIENTED_EDGE ( 'NONE', *, *, #2622, .T. ) ;
#4662 = FILL_AREA_STYLE_COLOUR ( '', #8204 ) ;
#4663 = LINE ( 'NONE', #4359, #1327 ) ;
#4664 = CARTESIAN_POINT ( 'NONE',  ( 0.7670733431467429100, 3.910000000000000100, 1.842126439684549100 ) ) ;
#4665 = CARTESIAN_POINT ( 'NONE',  ( 0.7022871987463429300, 3.909999999999999300, 1.694049732073968300 ) ) ;
#4666 = CARTESIAN_POINT ( 'NONE',  ( 1.047137412170090500, 3.910000000000000100, 1.774756962514419100 ) ) ;
#4667 = VERTEX_POINT ( 'NONE', #428 ) ;
#4668 = COLOUR_RGB ( '',1.000000000000000000, 1.000000000000000000, 1.000000000000000000 ) ;
#4669 = DIRECTION ( 'NONE',  ( -0.06174578541844681600, 0.7057575568079539300, 0.7057575568079501600 ) ) ;
#4670 = ORIENTED_EDGE ( 'NONE', *, *, #1285, .T. ) ;
#4671 = VECTOR ( 'NONE', #3142, 1000.000000000000000 ) ;
#4672 = CARTESIAN_POINT ( 'NONE',  ( 1.547895894746029500, 3.900000000000000400, 1.137983238319807900 ) ) ;
#4673 = ORIENTED_EDGE ( 'NONE', *, *, #2344, .T. ) ;
#4674 = CARTESIAN_POINT ( 'NONE',  ( 0.8381919473776084900, 3.910000000000000100, 1.256404290951386600 ) ) ;
#4675 = CARTESIAN_POINT ( 'NONE',  ( -1.200649605422383000, 3.910000000000000100, 1.451798500760977100 ) ) ;
#4676 = CARTESIAN_POINT ( 'NONE',  ( -1.621050197186800500, 3.899999999999999500, 1.462912541205397600 ) ) ;
#4677 = CARTESIAN_POINT ( 'NONE',  ( 0.7193401334593169100, 3.910000000000001000, 1.577615581733054200 ) ) ;
#4678 = CARTESIAN_POINT ( 'NONE',  ( -0.6441691866073752100, 3.910000000000001000, 1.728528659317969600 ) ) ;
#4679 = LINE ( 'NONE', #6588, #1868 ) ;
#4680 = SURFACE_STYLE_FILL_AREA ( #7087 ) ;
#4681 = CARTESIAN_POINT ( 'NONE',  ( -1.092766854669598600, 3.909999999999999300, 1.378202681179761600 ) ) ;
#4682 = CARTESIAN_POINT ( 'NONE',  ( -0.9288721973592338800, 3.900000000000000400, 1.230088501477702500 ) ) ;
#4683 = EDGE_LOOP ( 'NONE', ( #7412, #2061, #8243, #7840 ) ) ;
#4684 = FILL_AREA_STYLE_COLOUR ( '', #8651 ) ;
#4685 = CARTESIAN_POINT ( 'NONE',  ( -0.6500893026223919500, 3.910000000000000100, 1.387160869898755200 ) ) ;
#4686 = EDGE_CURVE ( 'NONE', #1278, #2962, #1001, .T. ) ;
#4687 = CARTESIAN_POINT ( 'NONE',  ( 1.546456750009187500, 3.910000000000000100, 1.243246396214544600 ) ) ;
#4688 = CARTESIAN_POINT ( 'NONE',  ( 0.7638637180797687200, 3.910000000000000100, 2.097008273227555000 ) ) ;
#4689 = EDGE_LOOP ( 'NONE', ( #7918, #4469, #6355, #2928 ) ) ;
#4690 = CARTESIAN_POINT ( 'NONE',  ( 0.5228201428085118600, 3.899999999999999500, 1.638113403221507900 ) ) ;
#4691 =( GEOMETRIC_REPRESENTATION_CONTEXT ( 3 ) GLOBAL_UNCERTAINTY_ASSIGNED_CONTEXT ( ( #2669 ) ) GLOBAL_UNIT_ASSIGNED_CONTEXT ( ( #677, #4575, #1973 ) ) REPRESENTATION_CONTEXT ( 'NONE', 'WORKASPACE' ) );
#4692 = CARTESIAN_POINT ( 'NONE',  ( 1.136892061629376500, 3.910000000000000100, 1.993199533423862600 ) ) ;
#4693 = AXIS2_PLACEMENT_3D ( 'NONE', #2401, #1769, #8459 ) ;
#4694 = EDGE_CURVE ( 'NONE', #8129, #2314, #7074, .T. ) ;
#4695 = EDGE_CURVE ( 'NONE', #1904, #1700, #6182, .T. ) ;
#4696 = VERTEX_POINT ( 'NONE', #455 ) ;
#4697 = MECHANICAL_DESIGN_GEOMETRIC_PRESENTATION_REPRESENTATION (  '', ( #687 ), #352 ) ;
#4698 = DIRECTION ( 'NONE',  ( 1.000000000000000000, 0.0000000000000000000, -0.0000000000000000000 ) ) ;
#4699 = CARTESIAN_POINT ( 'NONE',  ( -2.618428118411865800, 3.900000000000000400, 1.151141133056649900 ) ) ;
#4700 = CARTESIAN_POINT ( 'NONE',  ( 0.6071802932980918700, 3.900000000000001200, 2.159002413848384500 ) ) ;
#4701 = CARTESIAN_POINT ( 'NONE',  ( 0.8789393915247615300, 3.899999999999999500, 1.778914524612798400 ) ) ;
#4702 = CARTESIAN_POINT ( 'NONE',  ( -5.110000000000000300, 0.6999999999999999600, -7.550000000000000700 ) ) ;
#4703 = CARTESIAN_POINT ( 'NONE',  ( 1.615135996508305600, 3.899999999999999900, 1.140509986944731700 ) ) ;
#4704 = CARTESIAN_POINT ( 'NONE',  ( -1.036782838000014400, 3.910000000000000100, 1.267499593698333100 ) ) ;
#4705 = ORIENTED_EDGE ( 'NONE', *, *, #7781, .F. ) ;
#4706 = VECTOR ( 'NONE', #3451, 1000.000000000000000 ) ;
#4707 = ORIENTED_EDGE ( 'NONE', *, *, #1890, .F. ) ;
#4708 = CARTESIAN_POINT ( 'NONE',  ( -0.6505917321659425700, 3.909999999999999300, 1.398159490674103500 ) ) ;
#4709 = CARTESIAN_POINT ( 'NONE',  ( -4.747671247539718000, 3.763073361412148500, 2.627654166757507100 ) ) ;
#4710 = FILL_AREA_STYLE ('',( #8058 ) ) ;
#4711 = STYLED_ITEM ( 'NONE', ( #2260 ), #4297 ) ;
#4712 = CARTESIAN_POINT ( 'NONE',  ( 0.5058858467232301100, 3.910000000000000100, 1.638016367638218500 ) ) ;
#4713 = CARTESIAN_POINT ( 'NONE',  ( -4.842015805328191600, 3.763073361412148500, 0.04999999999999626300 ) ) ;
#4714 = CARTESIAN_POINT ( 'NONE',  ( 0.4276476921566728700, 3.910000000000000100, 2.056066271669765300 ) ) ;
#4715 = VECTOR ( 'NONE', #2958, 1000.000000000000000 ) ;
#4716 = ORIENTED_EDGE ( 'NONE', *, *, #7440, .F. ) ;
#4717 = CARTESIAN_POINT ( 'NONE',  ( 0.8454816522401992200, 3.910000000000000100, 2.004097177205171200 ) ) ;
#4718 = VERTEX_POINT ( 'NONE', #4560 ) ;
#4719 = CARTESIAN_POINT ( 'NONE',  ( 0.7174421778824939800, 3.900000000000002100, 1.709031265253677700 ) ) ;
#4720 = ORIENTED_EDGE ( 'NONE', *, *, #3982, .F. ) ;
#4721 = CARTESIAN_POINT ( 'NONE',  ( 1.110941551413664200, 3.909999999999999300, 1.954806222716752000 ) ) ;
#4722 = CARTESIAN_POINT ( 'NONE',  ( 3.239999999999999800, 2.299999999999999800, 12.04999999999999900 ) ) ;
#4723 = ORIENTED_EDGE ( 'NONE', *, *, #7330, .F. ) ;
#4724 = FILL_AREA_STYLE ('',( #6768 ) ) ;
#4725 = CARTESIAN_POINT ( 'NONE',  ( -0.2350743631227813200, 3.910000000000001000, 1.244690770825275500 ) ) ;
#4726 = CARTESIAN_POINT ( 'NONE',  ( 1.507599842114450300, 3.899999999999999500, 2.164299027793492100 ) ) ;
#4727 = CARTESIAN_POINT ( 'NONE',  ( 5.109999999999987900, 0.6999999999999992900, 2.696333635066523900 ) ) ;
#4728 = CARTESIAN_POINT ( 'NONE',  ( 0.6999999999999995100, 2.299999999999999800, 12.04999999999999900 ) ) ;
#4729 = CARTESIAN_POINT ( 'NONE',  ( 0.8492090755779576600, 3.900000000000001200, 1.693046098911053200 ) ) ;
#4730 = DIRECTION ( 'NONE',  ( 0.0000000000000000000, 0.0000000000000000000, -1.000000000000000000 ) ) ;
#4731 = CARTESIAN_POINT ( 'NONE',  ( 1.162990883198760800, 3.910000000000000100, 1.706138365768524500 ) ) ;
#4732 = EDGE_LOOP ( 'NONE', ( #1774, #3150, #3322, #1877 ) ) ;
#4733 = EDGE_CURVE ( 'NONE', #8275, #3672, #8639, .T. ) ;
#4734 = CARTESIAN_POINT ( 'NONE',  ( 1.547895894746029500, 3.910000000000000100, 1.137983238319807900 ) ) ;
#4735 = EDGE_CURVE ( 'NONE', #6208, #1520, #3502, .T. ) ;
#4736 = ADVANCED_FACE ( 'NONE', ( #4971 ), #3358, .T. ) ;
#4737 = VECTOR ( 'NONE', #2241, 1000.000000000000000 ) ;
#4738 = B_SPLINE_CURVE_WITH_KNOTS ( 'NONE', 3,
 ( #3798, #8473, #4456, #5197, #7169, #1224, #466, #3884, #5908, #2513, #5136, #1173, #8532, #7825, #3212, #1203, #1892, #3826, #8505 ),
 .UNSPECIFIED., .F., .F.,
 ( 4, 1, 1, 1, 1, 1, 1, 1, 1, 1, 1, 1, 1, 1, 1, 1, 4 ),
 ( 0.0000000000000000000, 0.04846002508828542400, 0.09493506346992376700, 0.1402108469583504000, 0.1851200762343128100, 0.2309306074514619600, 0.2784169223974175500, 0.3290115419617173400, 0.3833911951500226200, 0.4415360846121133000, 0.5048496297884519400, 0.5729898469418285300, 0.6466616241752301000, 0.7261786861426278200, 0.8112384529176143200, 0.9024787417738853200, 1.000000000000000000 ),
 .UNSPECIFIED. ) ;
#4739 = DIRECTION ( 'NONE',  ( 0.0000000000000000000, 1.000000000000000000, 0.0000000000000000000 ) ) ;
#4740 = CARTESIAN_POINT ( 'NONE',  ( 0.5058858467232301100, 3.900000000000000400, 1.638016367638218500 ) ) ;
#4741 = DIRECTION ( 'NONE',  ( -0.0000000000000000000, -1.000000000000000000, 0.0000000000000000000 ) ) ;
#4742 = PRESENTATION_LAYER_ASSIGNMENT (  '', '', ( #4296 ) ) ;
#4743 = SURFACE_STYLE_FILL_AREA ( #7954 ) ;
#4744 = EDGE_CURVE ( 'NONE', #4718, #8640, #792, .T. ) ;
#4745 = CARTESIAN_POINT ( 'NONE',  ( -0.9362871228236491200, 3.900000000000000400, 2.058935145802892800 ) ) ;
#4746 = PRESENTATION_STYLE_ASSIGNMENT (( #3283 ) ) ;
#4747 = CARTESIAN_POINT ( 'NONE',  ( 0.7174421778824939800, 3.910000000000001900, 1.709031265253677700 ) ) ;
#4748 = VERTEX_POINT ( 'NONE', #1245 ) ;
#4749 = DIRECTION ( 'NONE',  ( 0.0000000000000000000, 0.0000000000000000000, -1.000000000000000000 ) ) ;
#4750 = AXIS2_PLACEMENT_3D ( 'NONE', #7688, #8393, #2985 ) ;
#4751 = PLANE ( 'NONE',  #2117 ) ;
#4752 =( NAMED_UNIT ( * ) SI_UNIT ( $, .STERADIAN. ) SOLID_ANGLE_UNIT ( ) );
#4753 = SURFACE_STYLE_FILL_AREA ( #6910 ) ;
#4754 = CARTESIAN_POINT ( 'NONE',  ( 1.782476486851292600, 3.900000000000000400, 1.184858238319807900 ) ) ;
#4755 = MECHANICAL_DESIGN_GEOMETRIC_PRESENTATION_REPRESENTATION (  '', ( #7016 ), #2353 ) ;
#4756 = ORIENTED_EDGE ( 'NONE', *, *, #8111, .F. ) ;
#4757 = CARTESIAN_POINT ( 'NONE',  ( -0.7191298574561196800, 3.899999999999999500, 2.100557795713382500 ) ) ;
#4758 = CARTESIAN_POINT ( 'NONE',  ( 2.726349842114450500, 3.910000000000000100, 1.151141133056649900 ) ) ;
#4759 = CARTESIAN_POINT ( 'NONE',  ( -0.7284198947276548900, 3.900000000000000400, 1.854677317267176400 ) ) ;
#4760 = CARTESIAN_POINT ( 'NONE',  ( 5.109999999999999400, 0.6999999999999999600, 2.679598499466338000 ) ) ;
#4761 = CARTESIAN_POINT ( 'NONE',  ( 2.140000000000000100, 2.299999999999999400, 21.14999999999999900 ) ) ;
#4762 = CARTESIAN_POINT ( 'NONE',  ( -1.068469236832918100, 3.900000000000000400, 1.600976659372439500 ) ) ;
#4763 = UNCERTAINTY_MEASURE_WITH_UNIT (LENGTH_MEASURE( 1.000000000000000100E-005 ), #8647, 'distance_accuracy_value', 'NONE');
#4764 = CARTESIAN_POINT ( 'NONE',  ( 1.346392155597778300, 3.910000000000001000, 1.173732572752364000 ) ) ;
#4765 = MECHANICAL_DESIGN_GEOMETRIC_PRESENTATION_REPRESENTATION (  '', ( #752 ), #5733 ) ;
#4766 = CARTESIAN_POINT ( 'NONE',  ( -0.7083798163763765900, 3.910000000000000100, 1.537094973212721000 ) ) ;
#4767 = VECTOR ( 'NONE', #413, 1000.000000000000000 ) ;
#4768 = VERTEX_POINT ( 'NONE', #6009 ) ;
#4769 =( NAMED_UNIT ( * ) SI_UNIT ( $, .STERADIAN. ) SOLID_ANGLE_UNIT ( ) );
#4770 = VECTOR ( 'NONE', #4845, 1000.000000000000100 ) ;
#4771 = SURFACE_STYLE_USAGE ( .BOTH. , #2848 ) ;
#4772 = CARTESIAN_POINT ( 'NONE',  ( 1.162306653748395900, 3.910000000000000100, 1.647153725290866100 ) ) ;
#4773 = DIRECTION ( 'NONE',  ( 0.0000000000000000000, 1.000000000000000000, 0.0000000000000000000 ) ) ;
#4774 = VERTEX_POINT ( 'NONE', #1936 ) ;
#4775 = CARTESIAN_POINT ( 'NONE',  ( 0.4564074079039239800, 3.900000000000000400, 1.549373040951386800 ) ) ;
#4776 = CARTESIAN_POINT ( 'NONE',  ( -1.074688062141427900, 3.900000000000000400, 2.004034300741170500 ) ) ;
#4777 = ORIENTED_EDGE ( 'NONE', *, *, #108, .F. ) ;
#4778 = CARTESIAN_POINT ( 'NONE',  ( 1.490309400050153600, 3.910000000000000100, 2.163939242289035100 ) ) ;
#4779 = FACE_OUTER_BOUND ( 'NONE', #4841, .T. ) ;
#4780 = CARTESIAN_POINT ( 'NONE',  ( 2.290485720357748900, 3.900000000000002100, 2.008596977278488600 ) ) ;
#4781 = CARTESIAN_POINT ( 'NONE',  ( 1.167855107594425000, 3.900000000000000800, 1.572513345770795400 ) ) ;
#4782 = ADVANCED_FACE ( 'NONE', ( #2991 ), #2585, .T. ) ;
#4783 = CARTESIAN_POINT ( 'NONE',  ( -1.209299828938181100, 3.910000000000000100, 1.387160869898755200 ) ) ;
#4784 = VERTEX_POINT ( 'NONE', #5324 ) ;
#4785 = CARTESIAN_POINT ( 'NONE',  ( 0.4564074079039239800, 3.910000000000000100, 1.549373040951386800 ) ) ;
#4786 = CARTESIAN_POINT ( 'NONE',  ( -0.03850858240370196000, 3.909999999999998400, 1.290397767514616800 ) ) ;
#4787 = LINE ( 'NONE', #8413, #5962 ) ;
#4788 = CARTESIAN_POINT ( 'NONE',  ( 0.7638637180797687200, 3.900000000000000800, 2.097008273227555000 ) ) ;
#4789 = CARTESIAN_POINT ( 'NONE',  ( 0.3441541184302397400, 3.910000000000000100, 1.646412514635597500 ) ) ;
#4790 = CARTESIAN_POINT ( 'NONE',  ( 5.039817226104133000, 0.6999999999999999600, 2.806301654771608900 ) ) ;
#4791 = CARTESIAN_POINT ( 'NONE',  ( -0.4068207136803536600, 3.899999999999999500, 1.274332714198231900 ) ) ;
#4792 = PLANE ( 'NONE',  #6945 ) ;
#4793 = ORIENTED_EDGE ( 'NONE', *, *, #501, .T. ) ;
#4794 = CARTESIAN_POINT ( 'NONE',  ( 1.058967164623789700, 3.900000000000001200, 1.504205225862763200 ) ) ;
#4795 = CONICAL_SURFACE ( 'NONE', #2844, 2.079963723282957800, 0.08726646259971303200 ) ;
#4796 = CARTESIAN_POINT ( 'NONE',  ( -0.9412201273748439500, 3.899999999999999900, 2.164014981173039600 ) ) ;
#4797 = DIRECTION ( 'NONE',  ( 1.000000000000000000, 0.0000000000000000000, 0.0000000000000000000 ) ) ;
#4798 = CARTESIAN_POINT ( 'NONE',  ( -0.7083798163763765900, 3.910000000000000100, 1.537094973212721000 ) ) ;
#4799 = PRESENTATION_STYLE_ASSIGNMENT (( #2307 ) ) ;
#4800 = CARTESIAN_POINT ( 'NONE',  ( -1.128707723675023400, 3.910000000000000100, 1.854677317267176400 ) ) ;
#4801 = ORIENTED_EDGE ( 'NONE', *, *, #8627, .T. ) ;
#4802 = CARTESIAN_POINT ( 'NONE',  ( 1.325364980046111400, 3.899999999999999000, 1.307180839397398300 ) ) ;
#4803 = CARTESIAN_POINT ( 'NONE',  ( 1.074969923832544100, 3.900000000000002100, 1.454477837618407800 ) ) ;
#4804 = VECTOR ( 'NONE', #7445, 1000.000000000000000 ) ;
#4805 = CARTESIAN_POINT ( 'NONE',  ( 1.773161567428957600, 3.910000000000001000, 1.998527180650614600 ) ) ;
#4806 = CARTESIAN_POINT ( 'NONE',  ( -1.128707723675023400, 3.900000000000000400, 1.854677317267176400 ) ) ;
#4807 = CARTESIAN_POINT ( 'NONE',  ( 1.039877802640766200, 3.899999999999999500, 1.669850014635597200 ) ) ;
#4808 = FACE_OUTER_BOUND ( 'NONE', #1806, .T. ) ;
#4809 = MECHANICAL_DESIGN_GEOMETRIC_PRESENTATION_REPRESENTATION (  '', ( #2006 ), #1399 ) ;
#4810 = ORIENTED_EDGE ( 'NONE', *, *, #1849, .T. ) ;
#4811 = CARTESIAN_POINT ( 'NONE',  ( -0.9288721973592338800, 3.910000000000000100, 1.651141133056649900 ) ) ;
#4812 = UNCERTAINTY_MEASURE_WITH_UNIT (LENGTH_MEASURE( 1.000000000000000100E-005 ), #4656, 'distance_accuracy_value', 'NONE');
#4813 =( LENGTH_UNIT ( ) NAMED_UNIT ( * ) SI_UNIT ( .MILLI., .METRE. ) );
#4814 = CARTESIAN_POINT ( 'NONE',  ( -0.8181235169800279400, 3.900000000000000400, 1.156773752829048700 ) ) ;
#4815 = CARTESIAN_POINT ( 'NONE',  ( 0.01200178049263852400, 3.909999999999999300, 1.398048771928862100 ) ) ;
#4816 = FACE_OUTER_BOUND ( 'NONE', #8095, .T. ) ;
#4817 = CARTESIAN_POINT ( 'NONE',  ( -4.913049285819603500, 2.800868594279513500, -0.9500000000000029500 ) ) ;
#4818 = SURFACE_STYLE_USAGE ( .BOTH. , #163 ) ;
#4819 = CARTESIAN_POINT ( 'NONE',  ( 1.547399739791939700, 3.910000000000000100, 2.163967856889062800 ) ) ;
#4820 = FACE_OUTER_BOUND ( 'NONE', #6580, .T. ) ;
#4821 = ORIENTED_EDGE ( 'NONE', *, *, #6001, .T. ) ;
#4822 = DIRECTION ( 'NONE',  ( -1.000000000000000000, -0.0000000000000000000, -0.0000000000000000000 ) ) ;
#4823 = ORIENTED_EDGE ( 'NONE', *, *, #8282, .F. ) ;
#4824 = CARTESIAN_POINT ( 'NONE',  ( 1.182951804449895700, 3.909999999999999300, 1.284238236682931000 ) ) ;
#4825 = FACE_OUTER_BOUND ( 'NONE', #2442, .T. ) ;
#4826 = SURFACE_STYLE_USAGE ( .BOTH. , #804 ) ;
#4827 = ADVANCED_FACE ( 'NONE', ( #5476 ), #335, .T. ) ;
#4828 = CARTESIAN_POINT ( 'NONE',  ( 0.02142306236143133200, 3.910000000000000100, 2.088066757721329200 ) ) ;
#4829 = ORIENTED_EDGE ( 'NONE', *, *, #2331, .T. ) ;
#4830 = CARTESIAN_POINT ( 'NONE',  ( 0.4672283241112190100, 3.910000000000001000, 2.162211178697344600 ) ) ;
#4831 = CARTESIAN_POINT ( 'NONE',  ( -5.110000000000000300, 0.6999999999999999600, 7.549999999999998000 ) ) ;
#4832 = CARTESIAN_POINT ( 'NONE',  ( 1.295436927272325800, 3.909999999999999300, 1.330423816254555400 ) ) ;
#4833 = CARTESIAN_POINT ( 'NONE',  ( 0.5262327511038986700, 3.900000000000000400, 1.545957779069306000 ) ) ;
#4834 = FILL_AREA_STYLE ('',( #5313 ) ) ;
#4835 = CARTESIAN_POINT ( 'NONE',  ( 1.041030007304795600, 3.899999999999998600, 1.723184091731848400 ) ) ;
#4836 = CARTESIAN_POINT ( 'NONE',  ( 2.292939897005607200, 3.900000000000000800, 2.024420548133252700 ) ) ;
#4837 = CARTESIAN_POINT ( 'NONE',  ( -0.6197062744454552300, 3.909999999999999300, 1.959718573949905500 ) ) ;
#4838 = CARTESIAN_POINT ( 'NONE',  ( -5.110000000000000300, 0.6999999999999999600, 7.549999999999998000 ) ) ;
#4839 = CARTESIAN_POINT ( 'NONE',  ( -0.7284198947276548900, 3.910000000000000100, 1.854677317267176400 ) ) ;
#4840 = CARTESIAN_POINT ( 'NONE',  ( 0.03277659187058014300, 3.910000000000000100, 1.513661975317568900 ) ) ;
#4841 = EDGE_LOOP ( 'NONE', ( #6080, #620, #4145, #7642 ) ) ;
#4842 = PRESENTATION_STYLE_ASSIGNMENT (( #4935 ) ) ;
#4843 = CARTESIAN_POINT ( 'NONE',  ( -4.788727906727287700, 3.272939828439251000, 6.442497498117854900 ) ) ;
#4844 = FILL_AREA_STYLE_COLOUR ( '', #4506 ) ;
#4845 = DIRECTION ( 'NONE',  ( 0.3344589495901650300, 0.0000000000000000000, -0.9424103198920539300 ) ) ;
#4846 = FILL_AREA_STYLE_COLOUR ( '', #5683 ) ;
#4847 = EDGE_CURVE ( 'NONE', #3825, #5973, #7091, .T. ) ;
#4848 = VECTOR ( 'NONE', #6619, 1000.000000000000000 ) ;
#4849 = CARTESIAN_POINT ( 'NONE',  ( -1.200115285621258900, 3.899999999999999500, 2.038876282791472600 ) ) ;
#4850 = CARTESIAN_POINT ( 'NONE',  ( 0.04681852138494551500, 3.910000000000000100, 2.061048293229351500 ) ) ;
#4851 =( NAMED_UNIT ( * ) SI_UNIT ( $, .STERADIAN. ) SOLID_ANGLE_UNIT ( ) );
#4852 = CARTESIAN_POINT ( 'NONE',  ( -0.9296945657802865300, 3.910000000000000100, 2.164299027793492100 ) ) ;
#4853 = CARTESIAN_POINT ( 'NONE',  ( 1.547895894746029500, 3.910000000000000100, 1.137983238319807900 ) ) ;
#4854 = ORIENTED_EDGE ( 'NONE', *, *, #7381, .T. ) ;
#4855 = VERTEX_POINT ( 'NONE', #915 ) ;
#4856 = AXIS2_PLACEMENT_3D ( 'NONE', #976, #1734, #7721 ) ;
#4857 = CARTESIAN_POINT ( 'NONE',  ( -4.692586600614428800, 3.750000000000000400, 2.488748555299569600 ) ) ;
#4858 = FACE_BOUND ( 'NONE', #7933, .T. ) ;
#4859 = EDGE_CURVE ( 'NONE', #1024, #6529, #476, .T. ) ;
#4860 = CARTESIAN_POINT ( 'NONE',  ( -1.128569220437213100, 3.910000000000000100, 1.862291809820914200 ) ) ;
#4861 =( BOUNDED_SURFACE ( )  B_SPLINE_SURFACE ( 3, 2, ( 
 ( #7329, #3939, #7925 ),
 ( #4001, #1, #5912 ),
 ( #3889, #7306, #2000 ),
 ( #5257, #3274, #6704 ) ),
 .UNSPECIFIED., .F., .F., .T. ) 
 B_SPLINE_SURFACE_WITH_KNOTS ( ( 4, 4 ),
 ( 3, 3 ),
 ( 0.002218824789477352300, 0.005321303921084390500 ),
 ( 0.0000000000000000000, 1.000000000000000000 ),
 .UNSPECIFIED. ) 
 GEOMETRIC_REPRESENTATION_ITEM ( )  RATIONAL_B_SPLINE_SURFACE ( (
 ( 1.000000000000000000, 0.8020606494431611300, 1.000000000000000000),
 ( 1.000000000000000000, 0.8123234407317643200, 1.000000000000000000),
 ( 1.000000000000000000, 0.8210067751069568500, 1.000000000000000000),
 ( 1.000000000000000000, 0.8286825925071529300, 1.000000000000000000) ) ) 
 REPRESENTATION_ITEM ( '' )  SURFACE ( )  );
#4862 = EDGE_CURVE ( 'NONE', #5743, #6409, #8528, .T. ) ;
#4863 = CARTESIAN_POINT ( 'NONE',  ( -4.747671247539717100, 3.763073361412149400, 6.472345833242489000 ) ) ;
#4864 = CARTESIAN_POINT ( 'NONE',  ( -2.140000000000000100, 2.299999999999999400, 12.04999999999999900 ) ) ;
#4865 = AXIS2_PLACEMENT_3D ( 'NONE', #2999, #7762, #3757 ) ;
#4866 = CARTESIAN_POINT ( 'NONE',  ( -0.8951128740849579900, 3.910000000000000100, 2.163462993655777200 ) ) ;
#4867 = ADVANCED_FACE ( 'NONE', ( #1211 ), #6247, .F. ) ;
#4868 = CARTESIAN_POINT ( 'NONE',  ( -1.208719386999422800, 3.910000000000000100, 1.360964425508310900 ) ) ;
#4869 = CARTESIAN_POINT ( 'NONE',  ( 0.1344274596123030400, 3.909999999999999300, 1.866582175986806400 ) ) ;
#4870 =( LENGTH_UNIT ( ) NAMED_UNIT ( * ) SI_UNIT ( .MILLI., .METRE. ) );
#4871 = B_SPLINE_CURVE_WITH_KNOTS ( 'NONE', 3,
 ( #926, #6318, #8170, #6865, #2856, #6258, #7537, #234, #2290, #3582, #6890, #2258, #3524, #8293, #4277, #8231, #896, #875, #8202 ),
 .UNSPECIFIED., .F., .F.,
 ( 4, 1, 1, 1, 1, 1, 1, 1, 1, 1, 1, 1, 1, 1, 1, 1, 4 ),
 ( 0.0000000000000000000, 0.05620258726877001100, 0.1097035742981970200, 0.1609442704599318700, 0.2106206916448314600, 0.2601188958313832600, 0.3101061331118709600, 0.3617266631411525900, 0.4153726383847529100, 0.4725515650235970200, 0.5332248534283022800, 0.5982361059046360500, 0.6682165366278084400, 0.7427773449795739300, 0.8229061506894838100, 0.9084820796990642500, 1.000000000000000000 ),
 .UNSPECIFIED. ) ;
#4872 = CARTESIAN_POINT ( 'NONE',  ( 3.239999999999999800, 2.299999999999999800, 12.04999999999999900 ) ) ;
#4873 = CARTESIAN_POINT ( 'NONE',  ( -1.762575582290498300, 3.900000000000000400, 1.787227002494349100 ) ) ;
#4874 =( NAMED_UNIT ( * ) SI_UNIT ( $, .STERADIAN. ) SOLID_ANGLE_UNIT ( ) );
#4875 = LINE ( 'NONE', #7890, #7393 ) ;
#4876 = ORIENTED_EDGE ( 'NONE', *, *, #4735, .T. ) ;
#4877 = ORIENTED_EDGE ( 'NONE', *, *, #8564, .T. ) ;
#4878 = PRESENTATION_STYLE_ASSIGNMENT (( #4826 ) ) ;
#4879 = CARTESIAN_POINT ( 'NONE',  ( -0.6500893026223919500, 3.900000000000000400, 1.387160869898755200 ) ) ;
#4880 =( GEOMETRIC_REPRESENTATION_CONTEXT ( 3 ) GLOBAL_UNCERTAINTY_ASSIGNED_CONTEXT ( ( #765 ) ) GLOBAL_UNIT_ASSIGNED_CONTEXT ( ( #4870, #6852, #4174 ) ) REPRESENTATION_CONTEXT ( 'NONE', 'WORKASPACE' ) );
#4881 =( LENGTH_UNIT ( ) NAMED_UNIT ( * ) SI_UNIT ( .MILLI., .METRE. ) );
#4882 = VERTEX_POINT ( 'NONE', #4270 ) ;
#4883 = CARTESIAN_POINT ( 'NONE',  ( 0.1553992177029787100, 3.899999999999999900, 1.705958964105465500 ) ) ;
#4884 = CARTESIAN_POINT ( 'NONE',  ( -0.7894807499908128600, 3.910000000000000100, 1.600976659372439500 ) ) ;
#4885 = ORIENTED_EDGE ( 'NONE', *, *, #3365, .F. ) ;
#4886 = CARTESIAN_POINT ( 'NONE',  ( -1.065500429022089500, 3.900000000000000400, 1.166462742149714500 ) ) ;
#4887 = CARTESIAN_POINT ( 'NONE',  ( 0.3630491322219410200, 3.900000000000000800, 1.644418214119111000 ) ) ;
#4888 = CARTESIAN_POINT ( 'NONE',  ( -4.960711766331576700, 0.6999999999999999600, 2.679704016631200900 ) ) ;
#4889 = ORIENTED_EDGE ( 'NONE', *, *, #1437, .F. ) ;
#4890 = LINE ( 'NONE', #1749, #2166 ) ;
#4891 = CARTESIAN_POINT ( 'NONE',  ( 4.921343514919777300, 1.681500748532279900, 6.341644471246088900 ) ) ;
#4892 = CARTESIAN_POINT ( 'NONE',  ( -0.1878888892066339900, 3.900000000000000800, 1.230931758145481100 ) ) ;
#4893 = ORIENTED_EDGE ( 'NONE', *, *, #4072, .F. ) ;
#4894 = FILL_AREA_STYLE ('',( #4255 ) ) ;
#4895 = CARTESIAN_POINT ( 'NONE',  ( 1.773501924813881500, 3.900000000000000400, 1.303764259004436300 ) ) ;
#4896 = LINE ( 'NONE', #8546, #5322 ) ;
#4897 = CARTESIAN_POINT ( 'NONE',  ( -1.252268578938181100, 3.910000000000000100, 1.866807251477702500 ) ) ;
#4898 = ORIENTED_EDGE ( 'NONE', *, *, #2620, .F. ) ;
#4899 = FACE_OUTER_BOUND ( 'NONE', #6032, .T. ) ;
#4900 = CARTESIAN_POINT ( 'NONE',  ( -0.7969686721725350900, 3.910000000000000100, 1.697948571992520700 ) ) ;
#4901 = CARTESIAN_POINT ( 'NONE',  ( -1.197886889983963900, 3.900000000000002100, 1.310969706782600500 ) ) ;
#4902 = CARTESIAN_POINT ( 'NONE',  ( -0.6952908793786035700, 3.899999999999998600, 1.245536063442694000 ) ) ;
#4903 = CARTESIAN_POINT ( 'NONE',  ( -0.01006679661893525100, 3.909999999999999300, 1.337609843061248000 ) ) ;
#4904 = CARTESIAN_POINT ( 'NONE',  ( -4.842015805328190800, 3.763073361412148500, 2.488748555299569600 ) ) ;
#4905 = EDGE_CURVE ( 'NONE', #4368, #4309, #6343, .T. ) ;
#4906 = EDGE_CURVE ( 'NONE', #4468, #5556, #1841, .T. ) ;
#4907 = SURFACE_STYLE_USAGE ( .BOTH. , #7545 ) ;
#4908 = CARTESIAN_POINT ( 'NONE',  ( -1.107132062187736500, 3.910000000000000100, 1.957569673759173700 ) ) ;
#4909 = CARTESIAN_POINT ( 'NONE',  ( 1.509637249302213200, 3.900000000000000400, 2.058755791794875600 ) ) ;
#4910 = CARTESIAN_POINT ( 'NONE',  ( -5.509999999999998900, 3.900000000000000400, 4.549999999999998000 ) ) ;
#4911 = DIRECTION ( 'NONE',  ( 0.0000000000000000000, -7.543655159741172500E-013, 1.000000000000000000 ) ) ;
#4912 = EDGE_LOOP ( 'NONE', ( #2944, #5240, #8415, #7441 ) ) ;
#4913 = ORIENTED_EDGE ( 'NONE', *, *, #7168, .T. ) ;
#4914 = AXIS2_PLACEMENT_3D ( 'NONE', #5062, #8423, #6302 ) ;
#4915 = LINE ( 'NONE', #6558, #1471 ) ;
#4916 = CARTESIAN_POINT ( 'NONE',  ( -0.8115100228532468000, 3.910000000000000100, 1.277208340471333200 ) ) ;
#4917 = ADVANCED_FACE ( 'NONE', ( #2239, #7905, #4543 ), #254, .T. ) ;
#4918 = CARTESIAN_POINT ( 'NONE',  ( 0.06914668343406905900, 3.910000000000000100, 2.029593427474174500 ) ) ;
#4919 = EDGE_CURVE ( 'NONE', #819, #8129, #4966, .T. ) ;
#4920 = DIRECTION ( 'NONE',  ( -0.0000000000000000000, -1.000000000000000000, -0.0000000000000000000 ) ) ;
#4921 = CARTESIAN_POINT ( 'NONE',  ( -1.110154909999724300, 3.900000000000000800, 1.192637757694089600 ) ) ;
#4922 = PRESENTATION_LAYER_ASSIGNMENT (  '', '', ( #1062 ) ) ;
#4923 = CARTESIAN_POINT ( 'NONE',  ( 0.3830020537318304400, 3.899999999999999900, 1.642866816224026300 ) ) ;
#4924 = CARTESIAN_POINT ( 'NONE',  ( 0.5699437120046827500, 3.899999999999999900, 2.163552524498489700 ) ) ;
#4925 = VECTOR ( 'NONE', #1108, 1000.000000000000000 ) ;
#4926 = FILL_AREA_STYLE_COLOUR ( '', #7779 ) ;
#4927 = LINE ( 'NONE', #3422, #7650 ) ;
#4928 = MECHANICAL_DESIGN_GEOMETRIC_PRESENTATION_REPRESENTATION (  '', ( #5954 ), #5373 ) ;
#4929 = ORIENTED_EDGE ( 'NONE', *, *, #673, .F. ) ;
#4930 = ORIENTED_EDGE ( 'NONE', *, *, #2154, .T. ) ;
#4931 = CARTESIAN_POINT ( 'NONE',  ( -0.2753266109808378300, 3.900000000000000400, 1.272462549946104400 ) ) ;
#4932 = UNCERTAINTY_MEASURE_WITH_UNIT (LENGTH_MEASURE( 1.000000000000000100E-005 ), #5695, 'distance_accuracy_value', 'NONE');
#4933 = CARTESIAN_POINT ( 'NONE',  ( 1.056858161054490000, 3.909999999999999300, 1.823720189471336400 ) ) ;
#4934 = CARTESIAN_POINT ( 'NONE',  ( -0.3087639489479946900, 3.899999999999998600, 1.313827399236080500 ) ) ;
#4935 = SURFACE_STYLE_USAGE ( .BOTH. , #374 ) ;
#4936 = FACE_OUTER_BOUND ( 'NONE', #8673, .T. ) ;
#4937 = AXIS2_PLACEMENT_3D ( 'NONE', #8125, #4233, #8216 ) ;
#4938 = CARTESIAN_POINT ( 'NONE',  ( -0.7361868275978017400, 3.910000000000000100, 1.794760381410794600 ) ) ;
#4939 = LINE ( 'NONE', #147, #2540 ) ;
#4940 = ORIENTED_EDGE ( 'NONE', *, *, #618, .T. ) ;
#4941 = CARTESIAN_POINT ( 'NONE',  ( -0.9394365671779882900, 3.910000000000001000, 1.138230213056593100 ) ) ;
#4942 = ORIENTED_EDGE ( 'NONE', *, *, #5948, .T. ) ;
#4943 = CARTESIAN_POINT ( 'NONE',  ( -0.8717079309965304300, 3.909999999999999300, 1.142255830237353300 ) ) ;
#4944 = CARTESIAN_POINT ( 'NONE',  ( -0.3754182499908129700, 3.910000000000000100, 1.665738172530334200 ) ) ;
#4945 =( GEOMETRIC_REPRESENTATION_CONTEXT ( 3 ) GLOBAL_UNCERTAINTY_ASSIGNED_CONTEXT ( ( #4654 ) ) GLOBAL_UNIT_ASSIGNED_CONTEXT ( ( #8482, #4465, #2490 ) ) REPRESENTATION_CONTEXT ( 'NONE', 'WORKASPACE' ) );
#4946 = CARTESIAN_POINT ( 'NONE',  ( -0.9362871228236491200, 3.910000000000000100, 2.058935145802892800 ) ) ;
#4947 = SURFACE_STYLE_FILL_AREA ( #412 ) ;
#4948 = CARTESIAN_POINT ( 'NONE',  ( -0.9359373399043943200, 3.909999999999999300, 1.651372276107489600 ) ) ;
#4949 = CARTESIAN_POINT ( 'NONE',  ( 1.161999513167082200, 3.910000000000000100, 1.662654290951386600 ) ) ;
#4950 = CARTESIAN_POINT ( 'NONE',  ( 0.03967221053550280800, 3.910000000000000100, 1.658131264635597500 ) ) ;
#4951 = CARTESIAN_POINT ( 'NONE',  ( -1.114401914326816000, 3.900000000000000800, 2.116777130934691900 ) ) ;
#4952 = PRESENTATION_STYLE_ASSIGNMENT (( #7303 ) ) ;
#4953 = CARTESIAN_POINT ( 'NONE',  ( -0.03603556172192361200, 3.899999999999999000, 2.130812269496761100 ) ) ;
#4954 = DIRECTION ( 'NONE',  ( 0.0000000000000000000, 0.0000000000000000000, -1.000000000000000000 ) ) ;
#4955 =( NAMED_UNIT ( * ) SI_UNIT ( $, .STERADIAN. ) SOLID_ANGLE_UNIT ( ) );
#4956 = VERTEX_POINT ( 'NONE', #4879 ) ;
#4957 = CARTESIAN_POINT ( 'NONE',  ( 1.048117236072085800, 3.909999999999998400, 1.556947249668818800 ) ) ;
#4958 = FILL_AREA_STYLE ('',( #4275 ) ) ;
#4959 = CARTESIAN_POINT ( 'NONE',  ( -0.8237186330725897500, 3.910000000000000100, 1.521687686171195900 ) ) ;
#4960 = CARTESIAN_POINT ( 'NONE',  ( 2.286317672717633500, 3.910000000000000100, 1.987704642009930700 ) ) ;
#4961 = CARTESIAN_POINT ( 'NONE',  ( 1.773501924813881500, 3.910000000000000100, 1.303764259004436300 ) ) ;
#4962 =( NAMED_UNIT ( * ) PLANE_ANGLE_UNIT ( ) SI_UNIT ( $, .RADIAN. ) );
#4963 =( LENGTH_UNIT ( ) NAMED_UNIT ( * ) SI_UNIT ( .MILLI., .METRE. ) );
#4964 = ADVANCED_FACE ( 'NONE', ( #7477 ), #5979, .T. ) ;
#4965 = CARTESIAN_POINT ( 'NONE',  ( -1.040640484948569300, 3.909999999999999300, 1.156257861320475900 ) ) ;
#4966 = LINE ( 'NONE', #947, #3920 ) ;
#4967 = CARTESIAN_POINT ( 'NONE',  ( 0.001004805290555698100, 3.899999999999999500, 1.940596479836321100 ) ) ;
#4968 = CARTESIAN_POINT ( 'NONE',  ( 2.297920378067552800, 3.900000000000000400, 2.025365348602039100 ) ) ;
#4969 = CARTESIAN_POINT ( 'NONE',  ( -0.7637817368329178300, 3.910000000000000100, 1.394973369898755200 ) ) ;
#4970 = EDGE_CURVE ( 'NONE', #6673, #6468, #781, .T. ) ;
#4971 = FACE_OUTER_BOUND ( 'NONE', #8035, .T. ) ;
#4972 = STYLED_ITEM ( 'NONE', ( #1921 ), #157 ) ;
#4973 = EDGE_LOOP ( 'NONE', ( #8291, #6681 ) ) ;
#4974 = SURFACE_STYLE_USAGE ( .BOTH. , #283 ) ;
#4975 = CARTESIAN_POINT ( 'NONE',  ( 1.314736595492344900, 3.909999999999999300, 1.999082456940864100 ) ) ;
#4976 = SURFACE_STYLE_FILL_AREA ( #8611 ) ;
#4977 = CARTESIAN_POINT ( 'NONE',  ( 0.7667380426004228900, 3.899999999999999500, 1.873896930464300300 ) ) ;
#4978 = DIRECTION ( 'NONE',  ( -1.000000000000000000, 0.0000000000000000000, -0.0000000000000000000 ) ) ;
#4979 = CARTESIAN_POINT ( 'NONE',  ( 0.4041719890133336200, 3.900000000000000400, 1.641346401975208000 ) ) ;
#4980 = CARTESIAN_POINT ( 'NONE',  ( -0.7969686721725350900, 3.900000000000000400, 1.697948571992520700 ) ) ;
#4981 =( GEOMETRIC_REPRESENTATION_CONTEXT ( 3 ) GLOBAL_UNCERTAINTY_ASSIGNED_CONTEXT ( ( #6721 ) ) GLOBAL_UNIT_ASSIGNED_CONTEXT ( ( #7216, #6550, #5817 ) ) REPRESENTATION_CONTEXT ( 'NONE', 'WORKASPACE' ) );
#4982 = AXIS2_PLACEMENT_3D ( 'NONE', #5223, #3210, #4453 ) ;
#4983 = ORIENTED_EDGE ( 'NONE', *, *, #3855, .T. ) ;
#4984 = CARTESIAN_POINT ( 'NONE',  ( -0.7915347307138745900, 3.900000000000001700, 1.487088337467782100 ) ) ;
#4985 = CARTESIAN_POINT ( 'NONE',  ( -0.2122769250775734800, 3.900000000000000400, 1.236246310228523300 ) ) ;
#4986 = VERTEX_POINT ( 'NONE', #5458 ) ;
#4987 = VECTOR ( 'NONE', #8075, 1000.000000000000000 ) ;
#4988 = CARTESIAN_POINT ( 'NONE',  ( -0.3724786630610507100, 3.910000000000000100, 1.564663321777841400 ) ) ;
#4989 = CARTESIAN_POINT ( 'NONE',  ( -0.7316713006405116700, 3.900000000000001700, 1.898671382226820600 ) ) ;
#4990 = CARTESIAN_POINT ( 'NONE',  ( -4.988478172493478800, 2.089000844326601900, 6.509291471950550800 ) ) ;
#4991 =( GEOMETRIC_REPRESENTATION_CONTEXT ( 3 ) GLOBAL_UNCERTAINTY_ASSIGNED_CONTEXT ( ( #5049 ) ) GLOBAL_UNIT_ASSIGNED_CONTEXT ( ( #6345, #4424, #4391 ) ) REPRESENTATION_CONTEXT ( 'NONE', 'WORKASPACE' ) );
#4992 = CARTESIAN_POINT ( 'NONE',  ( 1.559263061336032100, 3.899999999999999500, 2.058468480478707900 ) ) ;
#4993 = VERTEX_POINT ( 'NONE', #6873 ) ;
#4994 = ORIENTED_EDGE ( 'NONE', *, *, #4300, .F. ) ;
#4995 = CARTESIAN_POINT ( 'NONE',  ( -0.9870461327630979400, 3.899999999999999500, 1.142295139310554700 ) ) ;
#4996 = PRESENTATION_STYLE_ASSIGNMENT (( #2511 ) ) ;
#4997 = ORIENTED_EDGE ( 'NONE', *, *, #5641, .T. ) ;
#4998 = CARTESIAN_POINT ( 'NONE',  ( 0.4260509994940482900, 3.899999999999999500, 1.640509709325735500 ) ) ;
#4999 =( LENGTH_UNIT ( ) NAMED_UNIT ( * ) SI_UNIT ( .MILLI., .METRE. ) );
#5000 = SURFACE_STYLE_FILL_AREA ( #5608 ) ;
#5001 = ORIENTED_EDGE ( 'NONE', *, *, #1624, .T. ) ;
#5002 =( NAMED_UNIT ( * ) PLANE_ANGLE_UNIT ( ) SI_UNIT ( $, .RADIAN. ) );
#5003 = DIRECTION ( 'NONE',  ( 0.3282545778954753000, 0.0000000000000000000, 0.9445892928096651900 ) ) ;
#5004 = VERTEX_POINT ( 'NONE', #2960 ) ;
#5005 = VERTEX_POINT ( 'NONE', #1461 ) ;
#5006 = FILL_AREA_STYLE ('',( #6965 ) ) ;
#5007 =( LENGTH_UNIT ( ) NAMED_UNIT ( * ) SI_UNIT ( .MILLI., .METRE. ) );
#5008 = ORIENTED_EDGE ( 'NONE', *, *, #6679, .F. ) ;
#5009 = CARTESIAN_POINT ( 'NONE',  ( -0.8615413476701310200, 3.900000000000000800, 2.159269009683194400 ) ) ;
#5010 = ADVANCED_FACE ( 'NONE', ( #166 ), #7517, .F. ) ;
#5011 = CARTESIAN_POINT ( 'NONE',  ( 1.376600495145268600, 3.900000000000000400, 2.032776296360980800 ) ) ;
#5012 = CARTESIAN_POINT ( 'NONE',  ( -1.059355713866767500, 3.900000000000002100, 2.143013535498963200 ) ) ;
#5013 = ORIENTED_EDGE ( 'NONE', *, *, #3460, .T. ) ;
#5014 = CARTESIAN_POINT ( 'NONE',  ( 0.7316811889182042200, 3.899999999999999900, 1.978480648037486400 ) ) ;
#5015 = CARTESIAN_POINT ( 'NONE',  ( -0.9214578381488148800, 3.900000000000000400, 1.651322998556983700 ) ) ;
#5016 = FACE_OUTER_BOUND ( 'NONE', #34, .T. ) ;
#5017 = VERTEX_POINT ( 'NONE', #3536 ) ;
#5018 = DIRECTION ( 'NONE',  ( 0.0000000000000000000, 0.0000000000000000000, 1.000000000000000000 ) ) ;
#5019 = CARTESIAN_POINT ( 'NONE',  ( -0.8959001795672870700, 3.899999999999999500, 1.555994642403131500 ) ) ;
#5020 = PLANE ( 'NONE',  #960 ) ;
#5021 = FACE_OUTER_BOUND ( 'NONE', #1819, .T. ) ;
#5022 = CARTESIAN_POINT ( 'NONE',  ( 1.670096984931986000, 3.910000000000000100, 1.259355474234801400 ) ) ;
#5023 = ORIENTED_EDGE ( 'NONE', *, *, #4744, .F. ) ;
#5024 = ORIENTED_EDGE ( 'NONE', *, *, #2912, .F. ) ;
#5025 = CARTESIAN_POINT ( 'NONE',  ( 3.753226867404377800, 0.6999999999999999600, -7.550000000000000700 ) ) ;
#5026 = CARTESIAN_POINT ( 'NONE',  ( -0.3659979244030027700, 3.900000000000001200, 2.091250884246925500 ) ) ;
#5027 = LINE ( 'NONE', #8198, #4499 ) ;
#5028 = CARTESIAN_POINT ( 'NONE',  ( 4.842015805328189900, 3.763073361412149000, 7.549429204713759700 ) ) ;
#5029 = CARTESIAN_POINT ( 'NONE',  ( 0.5127396447460295100, 3.910000000000000100, 1.637983238319807900 ) ) ;
#5030 = EDGE_CURVE ( 'NONE', #3672, #32, #5800, .T. ) ;
#5031 = UNCERTAINTY_MEASURE_WITH_UNIT (LENGTH_MEASURE( 1.000000000000000100E-005 ), #5925, 'distance_accuracy_value', 'NONE');
#5032 = ORIENTED_EDGE ( 'NONE', *, *, #7848, .T. ) ;
#5033 = EDGE_CURVE ( 'NONE', #2616, #3825, #7253, .T. ) ;
#5034 = CARTESIAN_POINT ( 'NONE',  ( 2.305550740924505100, 3.910000000000000100, 1.988697149356042600 ) ) ;
#5035 = CARTESIAN_POINT ( 'NONE',  ( 1.089012689413345800, 3.899999999999999900, 1.913696062998571500 ) ) ;
#5036 = ORIENTED_EDGE ( 'NONE', *, *, #7392, .T. ) ;
#5037 = CARTESIAN_POINT ( 'NONE',  ( 2.357928789482871800, 3.910000000000000100, 2.151141133056650100 ) ) ;
#5038 = CARTESIAN_POINT ( 'NONE',  ( -1.029158819102387900, 3.899999999999999900, 2.037011882924828900 ) ) ;
#5039 = STYLED_ITEM ( 'NONE', ( #8652 ), #2367 ) ;
#5040 = CARTESIAN_POINT ( 'NONE',  ( 0.3864094140632616200, 3.900000000000000400, 2.148907785106605800 ) ) ;
#5041 = CARTESIAN_POINT ( 'NONE',  ( 1.376600495145268600, 3.910000000000000100, 2.032776296360980800 ) ) ;
#5042 = ORIENTED_EDGE ( 'NONE', *, *, #1297, .F. ) ;
#5043 = EDGE_CURVE ( 'NONE', #8659, #2093, #1510, .T. ) ;
#5044 = CARTESIAN_POINT ( 'NONE',  ( 1.522813657903924400, 3.910000000000000100, 2.059035869898755400 ) ) ;
#5045 = CARTESIAN_POINT ( 'NONE',  ( -0.9639342919091052900, 3.899999999999999500, 2.163455192253478800 ) ) ;
#5046 = EDGE_CURVE ( 'NONE', #7609, #1970, #5815, .T. ) ;
#5047 = FILL_AREA_STYLE_COLOUR ( '', #5156 ) ;
#5048 = CARTESIAN_POINT ( 'NONE',  ( 0.03967221053550280800, 3.910000000000000100, 1.658131264635597500 ) ) ;
#5049 = UNCERTAINTY_MEASURE_WITH_UNIT (LENGTH_MEASURE( 1.000000000000000100E-005 ), #6345, 'distance_accuracy_value', 'NONE');
#5050 = CARTESIAN_POINT ( 'NONE',  ( 2.297920378067552800, 3.900000000000000400, 2.025365348602039100 ) ) ;
#5051 = CARTESIAN_POINT ( 'NONE',  ( -1.250407892516748300, 3.910000000000000100, 1.826194540831338900 ) ) ;
#5052 = CYLINDRICAL_SURFACE ( 'NONE', #8066, 0.1499999999999999700 ) ;
#5053 = CARTESIAN_POINT ( 'NONE',  ( -0.8717079309965304300, 3.899999999999999500, 1.142255830237353300 ) ) ;
#5054 = CARTESIAN_POINT ( 'NONE',  ( 1.773090641210033600, 3.900000000000000400, 2.111005774791908000 ) ) ;
#5055 = ORIENTED_EDGE ( 'NONE', *, *, #2278, .F. ) ;
#5056 = VERTEX_POINT ( 'NONE', #1703 ) ;
#5057 = ORIENTED_EDGE ( 'NONE', *, *, #3560, .T. ) ;
#5058 = CARTESIAN_POINT ( 'NONE',  ( 1.609506431519733600, 3.900000000000001700, 1.247019785449618100 ) ) ;
#5059 = SURFACE_SIDE_STYLE ('',( #1696 ) ) ;
#5060 =( NAMED_UNIT ( * ) SI_UNIT ( $, .STERADIAN. ) SOLID_ANGLE_UNIT ( ) );
#5061 = ORIENTED_EDGE ( 'NONE', *, *, #5823, .T. ) ;
#5062 = CARTESIAN_POINT ( 'NONE',  ( -2.540000000000000000, 0.0000000000000000000, 7.549999999999998000 ) ) ;
#5063 = CARTESIAN_POINT ( 'NONE',  ( 0.8789393915247615300, 3.899999999999999500, 1.778914524612798400 ) ) ;
#5064 = COLOUR_RGB ( '',1.000000000000000000, 1.000000000000000000, 1.000000000000000000 ) ;
#5065 =( GEOMETRIC_REPRESENTATION_CONTEXT ( 3 ) GLOBAL_UNCERTAINTY_ASSIGNED_CONTEXT ( ( #5520 ) ) GLOBAL_UNIT_ASSIGNED_CONTEXT ( ( #4207, #1589, #2927 ) ) REPRESENTATION_CONTEXT ( 'NONE', 'WORKASPACE' ) );
#5066 = CARTESIAN_POINT ( 'NONE',  ( 0.1560212357295255900, 3.909999999999999300, 1.626053294359173900 ) ) ;
#5067 = VECTOR ( 'NONE', #3496, 1000.000000000000000 ) ;
#5068 = LINE ( 'NONE', #5427, #6226 ) ;
#5069 = CARTESIAN_POINT ( 'NONE',  ( -0.6299767819684721800, 3.900000000000002600, 1.987915415908439300 ) ) ;
#5070 = CARTESIAN_POINT ( 'NONE',  ( 1.237866610025677900, 3.899999999999999500, 1.923682846174894300 ) ) ;
#5071 = CARTESIAN_POINT ( 'NONE',  ( 5.099976105589235900, 0.6999999999999999600, 6.363997033155465400 ) ) ;
#5072 = FILL_AREA_STYLE_COLOUR ( '', #3055 ) ;
#5073 = CARTESIAN_POINT ( 'NONE',  ( 4.692586600614427000, 3.900000000000000400, 6.611251444700425100 ) ) ;
#5074 = CARTESIAN_POINT ( 'NONE',  ( -0.8799301209050811600, 3.899999999999999900, 1.552142879652233200 ) ) ;
#5075 = CIRCLE ( 'NONE', #3149, 1.825000000000000200 ) ;
#5076 = CARTESIAN_POINT ( 'NONE',  ( -1.089706419775347000, 3.899999999999999500, 1.609857265321739800 ) ) ;
#5077 = CARTESIAN_POINT ( 'NONE',  ( -0.6820442844285585800, 3.900000000000000800, 1.266412966853142500 ) ) ;
#5078 = CARTESIAN_POINT ( 'NONE',  ( -0.2135909099142724000, 3.909999999999999300, 2.163195593801299200 ) ) ;
#5079 = VERTEX_POINT ( 'NONE', #6989 ) ;
#5080 = CARTESIAN_POINT ( 'NONE',  ( -1.139206125532739500, 3.910000000000000100, 2.100722587764040300 ) ) ;
#5081 = ORIENTED_EDGE ( 'NONE', *, *, #3349, .F. ) ;
#5082 = CARTESIAN_POINT ( 'NONE',  ( 1.629306405728981000, 3.909999999999999300, 2.050209158316580500 ) ) ;
#5083 = SURFACE_SIDE_STYLE ('',( #4947 ) ) ;
#5084 = FILL_AREA_STYLE_COLOUR ( '', #4474 ) ;
#5085 = CARTESIAN_POINT ( 'NONE',  ( -1.128707723675023400, 3.900000000000000400, 1.854677317267176400 ) ) ;
#5086 = DIRECTION ( 'NONE',  ( -0.0000000000000000000, -1.000000000000000000, -0.0000000000000000000 ) ) ;
#5087 = CARTESIAN_POINT ( 'NONE',  ( 0.1132721796530012600, 3.909999999999999300, 1.337244975563917500 ) ) ;
#5088 = STYLED_ITEM ( 'NONE', ( #5338 ), #1066 ) ;
#5089 = ORIENTED_EDGE ( 'NONE', *, *, #1402, .T. ) ;
#5090 = CARTESIAN_POINT ( 'NONE',  ( -0.9702686164744144200, 3.900000000000001200, 1.654413022565876000 ) ) ;
#5091 = EDGE_CURVE ( 'NONE', #5615, #4487, #7365, .T. ) ;
#5092 = ORIENTED_EDGE ( 'NONE', *, *, #2967, .T. ) ;
#5093 = CARTESIAN_POINT ( 'NONE',  ( -1.171769989302602100, 3.910000000000000100, 1.510696780504523700 ) ) ;
#5094 = CARTESIAN_POINT ( 'NONE',  ( -0.6430140253467751000, 3.899999999999998100, 2.014334209296312100 ) ) ;
#5095 = ADVANCED_FACE ( 'NONE', ( #3188 ), #5638, .F. ) ;
#5096 = ORIENTED_EDGE ( 'NONE', *, *, #3688, .T. ) ;
#5097 = CARTESIAN_POINT ( 'NONE',  ( 0.7634101016885068700, 3.910000000000001000, 1.896980288456649600 ) ) ;
#5098 = CARTESIAN_POINT ( 'NONE',  ( 0.5328876710618186700, 3.900000000000000400, 2.072193764635597500 ) ) ;
#5099 = ORIENTED_EDGE ( 'NONE', *, *, #5584, .F. ) ;
#5100 = CARTESIAN_POINT ( 'NONE',  ( 0.6511515637161926500, 3.900000000000001700, 2.047371605744499100 ) ) ;
#5101 = CARTESIAN_POINT ( 'NONE',  ( 2.274047210535503600, 3.910000000000000100, 1.943904290951386800 ) ) ;
#5102 = VECTOR ( 'NONE', #8217, 1000.000000000000000 ) ;
#5103 = CARTESIAN_POINT ( 'NONE',  ( 4.833818391685007000, 2.734650568734858600, 2.690283442443249100 ) ) ;
#5104 = CARTESIAN_POINT ( 'NONE',  ( -1.178098609362589100, 3.910000000000000100, 1.677039835935692400 ) ) ;
#5105 = CARTESIAN_POINT ( 'NONE',  ( -0.3400398995950447100, 3.900000000000000400, 2.113611229231065800 ) ) ;
#5106 = CARTESIAN_POINT ( 'NONE',  ( -0.4874218537311628100, 3.900000000000000800, 1.781635934357980000 ) ) ;
#5107 = CARTESIAN_POINT ( 'NONE',  ( -0.1624248289381811400, 3.910000000000000100, 1.230088501477702800 ) ) ;
#5108 = CARTESIAN_POINT ( 'NONE',  ( -1.090285881716937200, 3.910000000000000100, 1.428421817870622300 ) ) ;
#5109 = CARTESIAN_POINT ( 'NONE',  ( -1.078846479703676100, 3.910000000000000100, 1.594920862123568200 ) ) ;
#5110 = ORIENTED_EDGE ( 'NONE', *, *, #7381, .F. ) ;
#5111 = CARTESIAN_POINT ( 'NONE',  ( -0.1914809087413933400, 3.910000000000000100, 2.071256864002639600 ) ) ;
#5112 = SURFACE_STYLE_FILL_AREA ( #4724 ) ;
#5113 = CARTESIAN_POINT ( 'NONE',  ( 1.507599842114450300, 3.910000000000000100, 2.164299027793492100 ) ) ;
#5114 = CARTESIAN_POINT ( 'NONE',  ( 0.09702779018110308000, 3.910000000000000100, 1.299446016513179600 ) ) ;
#5115 = CARTESIAN_POINT ( 'NONE',  ( -0.7000000000000002900, 2.299999999999999800, 12.04999999999999900 ) ) ;
#5116 = DIRECTION ( 'NONE',  ( 0.0000000000000000000, 1.000000000000000000, 0.0000000000000000000 ) ) ;
#5117 = ORIENTED_EDGE ( 'NONE', *, *, #5030, .T. ) ;
#5118 = ORIENTED_EDGE ( 'NONE', *, *, #963, .T. ) ;
#5119 = CARTESIAN_POINT ( 'NONE',  ( -1.448990024945062500, 3.909999999999999300, 1.348691512597970800 ) ) ;
#5120 = CARTESIAN_POINT ( 'NONE',  ( 0.3313456764201587700, 3.900000000000001200, 2.127076062527145400 ) ) ;
#5121 = EDGE_LOOP ( 'NONE', ( #7841, #7506, #8453, #669 ) ) ;
#5122 = CARTESIAN_POINT ( 'NONE',  ( -0.3754182499908129700, 3.900000000000000400, 1.665738172530334200 ) ) ;
#5123 = CARTESIAN_POINT ( 'NONE',  ( -0.8230439223616944400, 3.899999999999999500, 1.266603749959042600 ) ) ;
#5124 = UNCERTAINTY_MEASURE_WITH_UNIT (LENGTH_MEASURE( 1.000000000000000100E-005 ), #566, 'distance_accuracy_value', 'NONE');
#5125 = CARTESIAN_POINT ( 'NONE',  ( -0.6810732108207676600, 3.899999999999999900, 1.676973832692825200 ) ) ;
#5126 = CARTESIAN_POINT ( 'NONE',  ( -0.7316713006405116700, 3.910000000000001000, 1.898671382226820600 ) ) ;
#5127 = LINE ( 'NONE', #8214, #2925 ) ;
#5128 = ORIENTED_EDGE ( 'NONE', *, *, #830, .T. ) ;
#5129 = SURFACE_SIDE_STYLE ('',( #4112 ) ) ;
#5130 = LINE ( 'NONE', #2542, #8484 ) ;
#5131 = VERTEX_POINT ( 'NONE', #7659 ) ;
#5132 = CARTESIAN_POINT ( 'NONE',  ( 1.161999513167082200, 3.900000000000000400, 1.662654290951386600 ) ) ;
#5133 = CARTESIAN_POINT ( 'NONE',  ( -4.692586600614429700, 3.750000000000000400, 0.1121320343559605900 ) ) ;
#5134 = CARTESIAN_POINT ( 'NONE',  ( -0.4913802570029173800, 3.909999999999998400, 1.727341631199588600 ) ) ;
#5135 = COLOUR_RGB ( '',1.000000000000000000, 1.000000000000000000, 1.000000000000000000 ) ;
#5136 = CARTESIAN_POINT ( 'NONE',  ( 0.001004805290555698100, 3.909999999999999300, 1.940596479836321100 ) ) ;
#5137 = CARTESIAN_POINT ( 'NONE',  ( 1.629306405728981000, 3.899999999999999500, 2.050209158316580500 ) ) ;
#5138 = CARTESIAN_POINT ( 'NONE',  ( -1.056167915246535700, 3.899999999999999500, 1.500280752588890600 ) ) ;
#5139 = ADVANCED_FACE ( 'NONE', ( #2976 ), #433, .T. ) ;
#5140 = LINE ( 'NONE', #6455, #5779 ) ;
#5141 = EDGE_LOOP ( 'NONE', ( #3425, #5162, #7657, #7835, #952, #595, #3235, #8239, #7297, #4930, #6172, #4208, #4673, #6294 ) ) ;
#5142 = UNCERTAINTY_MEASURE_WITH_UNIT (LENGTH_MEASURE( 1.000000000000000100E-005 ), #4557, 'distance_accuracy_value', 'NONE');
#5143 = CARTESIAN_POINT ( 'NONE',  ( -0.3466108078798337800, 3.899999999999999500, 1.912708354699103100 ) ) ;
#5144 = EDGE_CURVE ( 'NONE', #7916, #1081, #7897, .T. ) ;
#5145 = EDGE_CURVE ( 'NONE', #1970, #3721, #6347, .T. ) ;
#5146 = DIRECTION ( 'NONE',  ( 0.0000000000000000000, -0.0000000000000000000, -1.000000000000000000 ) ) ;
#5147 = LINE ( 'NONE', #4702, #1377 ) ;
#5148 = CARTESIAN_POINT ( 'NONE',  ( -0.05041021253392497000, 3.910000000000001000, 1.154942677184284300 ) ) ;
#5149 = LINE ( 'NONE', #913, #5250 ) ;
#5150 = ORIENTED_EDGE ( 'NONE', *, *, #6677, .T. ) ;
#5151 = DIRECTION ( 'NONE',  ( 0.0000000000000000000, 0.0000000000000000000, -1.000000000000000000 ) ) ;
#5152 = CARTESIAN_POINT ( 'NONE',  ( 0.02716066110438799700, 3.910000000000000100, 1.838314141515549900 ) ) ;
#5153 = B_SPLINE_CURVE_WITH_KNOTS ( 'NONE', 3,
 ( #4593, #1361, #3375, #8051, #7999, #5960, #5927, #8662, #1916, #2614, #6608, #2590, #7270, #1940, #3263, #3929, #6640, #1411, #2926, #3569, #6069 ),
 .UNSPECIFIED., .F., .F.,
 ( 4, 1, 1, 1, 1, 1, 1, 1, 1, 1, 1, 1, 1, 1, 1, 1, 1, 1, 4 ),
 ( 0.0000000000000000000, 0.02409652232115020900, 0.05100988149170289400, 0.08048546387731381200, 0.1127022574965740700, 0.1470092030223501800, 0.1834115044193925000, 0.2214562578665820700, 0.2614211825009101200, 0.3456651829338394100, 0.4354475418537445700, 0.5285713383436830800, 0.6235195233837477200, 0.7190324211410643600, 0.8146214701394451900, 0.8620363981615487600, 0.9086404887170506100, 0.9547692771864023700, 1.000000000000000000 ),
 .UNSPECIFIED. ) ;
#5154 = MECHANICAL_DESIGN_GEOMETRIC_PRESENTATION_REPRESENTATION (  '', ( #7675 ), #788 ) ;
#5155 = CARTESIAN_POINT ( 'NONE',  ( -0.9870461327630979400, 3.909999999999999300, 1.142295139310554700 ) ) ;
#5156 = COLOUR_RGB ( '',1.000000000000000000, 1.000000000000000000, 1.000000000000000000 ) ;
#5157 = AXIS2_PLACEMENT_3D ( 'NONE', #1065, #5778, #6999 ) ;
#5158 = CARTESIAN_POINT ( 'NONE',  ( 0.7672626710618188900, 3.910000000000000100, 1.850154290951386800 ) ) ;
#5159 = EDGE_CURVE ( 'NONE', #5347, #4081, #1836, .T. ) ;
#5160 = CARTESIAN_POINT ( 'NONE',  ( -1.448990024945062500, 3.909999999999999300, 1.348691512597970800 ) ) ;
#5161 = EDGE_CURVE ( 'NONE', #5004, #5743, #4436, .T. ) ;
#5162 = ORIENTED_EDGE ( 'NONE', *, *, #5033, .T. ) ;
#5163 =( NAMED_UNIT ( * ) SI_UNIT ( $, .STERADIAN. ) SOLID_ANGLE_UNIT ( ) );
#5164 = CARTESIAN_POINT ( 'NONE',  ( -0.7286502517556378000, 3.910000000000000100, 1.862221583346773000 ) ) ;
#5165 = CARTESIAN_POINT ( 'NONE',  ( 2.274047210535503600, 3.910000000000000100, 1.943904290951386800 ) ) ;
#5166 = ADVANCED_FACE ( 'NONE', ( #4535 ), #7986, .F. ) ;
#5167 = CARTESIAN_POINT ( 'NONE',  ( -0.3752717916245227300, 3.909999999999999300, 1.682120494873963200 ) ) ;
#5168 = FACE_OUTER_BOUND ( 'NONE', #2743, .T. ) ;
#5169 = VERTEX_POINT ( 'NONE', #4378 ) ;
#5170 = PLANE ( 'NONE',  #3301 ) ;
#5171 = DIRECTION ( 'NONE',  ( -0.0000000000000000000, -0.0000000000000000000, 1.000000000000000000 ) ) ;
#5172 = DIRECTION ( 'NONE',  ( -0.0000000000000000000, -1.000000000000000000, -0.0000000000000000000 ) ) ;
#5173 = VECTOR ( 'NONE', #2939, 1000.000000000000000 ) ;
#5174 =( LENGTH_UNIT ( ) NAMED_UNIT ( * ) SI_UNIT ( .MILLI., .METRE. ) );
#5175 = VECTOR ( 'NONE', #273, 1000.000000000000000 ) ;
#5176 = CARTESIAN_POINT ( 'NONE',  ( -0.9359373399043943200, 3.899999999999999500, 1.651372276107489600 ) ) ;
#5177 = CARTESIAN_POINT ( 'NONE',  ( -0.3843869626528593800, 3.910000000000000100, 1.242320515905849900 ) ) ;
#5178 = MECHANICAL_DESIGN_GEOMETRIC_PRESENTATION_REPRESENTATION (  '', ( #7416 ), #3271 ) ;
#5179 = CARTESIAN_POINT ( 'NONE',  ( 0.7726713304068235600, 3.910000000000001900, 1.607203094833265800 ) ) ;
#5180 = CARTESIAN_POINT ( 'NONE',  ( 0.7022871987463429300, 3.899999999999999500, 1.694049732073968300 ) ) ;
#5181 = FACE_OUTER_BOUND ( 'NONE', #4683, .T. ) ;
#5182 = CARTESIAN_POINT ( 'NONE',  ( 0.3313456764201587700, 3.910000000000001000, 2.127076062527145400 ) ) ;
#5183 = CARTESIAN_POINT ( 'NONE',  ( 0.01128170996172268000, 3.910000000000001000, 1.909701797029163000 ) ) ;
#5184 = CARTESIAN_POINT ( 'NONE',  ( -1.192071970853660200, 3.910000000000001000, 1.693266042696734800 ) ) ;
#5185 = CARTESIAN_POINT ( 'NONE',  ( -1.093197903960340300, 3.900000000000000400, 1.400671849017370200 ) ) ;
#5186 = COLOUR_RGB ( '',0.8941176470588234600, 0.9137254901960784000, 0.9294117647058823800 ) ;
#5187 = CARTESIAN_POINT ( 'NONE',  ( -1.381135549158646100, 3.910000000000000100, 1.225754464599981200 ) ) ;
#5188 = CARTESIAN_POINT ( 'NONE',  ( -0.1878888892066339900, 3.900000000000000400, 1.230931758145481100 ) ) ;
#5189 = CARTESIAN_POINT ( 'NONE',  ( -0.7846899633353748800, 3.910000000000000100, 2.003381087235853300 ) ) ;
#5190 = FACE_OUTER_BOUND ( 'NONE', #7708, .T. ) ;
#5191 = ORIENTED_EDGE ( 'NONE', *, *, #8055, .F. ) ;
#5192 = FILL_AREA_STYLE ('',( #4512 ) ) ;
#5193 = CARTESIAN_POINT ( 'NONE',  ( 2.140000000000000100, 2.299999999999999400, 21.14999999999999900 ) ) ;
#5194 = FILL_AREA_STYLE ('',( #527 ) ) ;
#5195 = DIRECTION ( 'NONE',  ( 0.0000000000000000000, 0.0000000000000000000, 1.000000000000000000 ) ) ;
#5196 = EDGE_CURVE ( 'NONE', #1039, #7430, #6448, .T. ) ;
#5197 = CARTESIAN_POINT ( 'NONE',  ( -0.1182305292710809600, 3.910000000000000100, 2.066513771976356200 ) ) ;
#5198 = EDGE_CURVE ( 'NONE', #7096, #244, #125, .T. ) ;
#5199 = CARTESIAN_POINT ( 'NONE',  ( 1.754532683265436200, 3.900000000000000400, 2.009088208297957300 ) ) ;
#5200 = CARTESIAN_POINT ( 'NONE',  ( -0.7286502517556378000, 3.910000000000000100, 1.862221583346773000 ) ) ;
#5201 = CARTESIAN_POINT ( 'NONE',  ( -0.1749881482277788900, 3.900000000000000400, 2.071876328824597400 ) ) ;
#5202 = B_SPLINE_CURVE_WITH_KNOTS ( 'NONE', 3,
 ( #2071, #48, #916, #7583, #4184, #5618, #5586 ),
 .UNSPECIFIED., .F., .F.,
 ( 4, 1, 1, 1, 4 ),
 ( 0.0000000000000000000, 0.2326757221944789900, 0.4752905695134564400, 0.7318801894094765200, 1.000000000000000000 ),
 .UNSPECIFIED. ) ;
#5203 = CARTESIAN_POINT ( 'NONE',  ( -0.4911775860447786800, 3.899999999999998600, 1.608932059312018200 ) ) ;
#5204 = CARTESIAN_POINT ( 'NONE',  ( -1.377062986832918300, 3.910000000000000100, 1.218780935688228700 ) ) ;
#5205 = ADVANCED_FACE ( 'NONE', ( #2231 ), #4861, .T. ) ;
#5206 = CARTESIAN_POINT ( 'NONE',  ( 0.4986010974126853200, 3.899999999999999500, 2.163945555607983600 ) ) ;
#5207 = EDGE_CURVE ( 'NONE', #3207, #2411, #4323, .T. ) ;
#5208 = ORIENTED_EDGE ( 'NONE', *, *, #4016, .F. ) ;
#5209 = CARTESIAN_POINT ( 'NONE',  ( -0.01132928713117153600, 3.899999999999999500, 1.968145484051233800 ) ) ;
#5210 = AXIS2_PLACEMENT_3D ( 'NONE', #6164, #4162, #7530 ) ;
#5211 = LINE ( 'NONE', #5702, #3430 ) ;
#5212 = ORIENTED_EDGE ( 'NONE', *, *, #5581, .F. ) ;
#5213 = CARTESIAN_POINT ( 'NONE',  ( 1.505107594885069000, 3.910000000000000100, 1.244275694231819200 ) ) ;
#5214 = STYLED_ITEM ( 'NONE', ( #2655 ), #5166 ) ;
#5215 = CARTESIAN_POINT ( 'NONE',  ( -0.1749881482277788900, 3.900000000000000400, 2.071876328824597400 ) ) ;
#5216 = CARTESIAN_POINT ( 'NONE',  ( -1.737260355253970700, 3.900000000000000400, 2.151141133056650100 ) ) ;
#5217 = ORIENTED_EDGE ( 'NONE', *, *, #3802, .T. ) ;
#5218 = CARTESIAN_POINT ( 'NONE',  ( -1.215771557945972200, 3.909999999999999300, 2.014354792421852600 ) ) ;
#5219 = CARTESIAN_POINT ( 'NONE',  ( -0.8673503343869906100, 3.900000000000000400, 2.051127919004307000 ) ) ;
#5220 = ORIENTED_EDGE ( 'NONE', *, *, #4457, .F. ) ;
#5221 = EDGE_LOOP ( 'NONE', ( #707, #8445, #5982, #4312 ) ) ;
#5222 = CARTESIAN_POINT ( 'NONE',  ( -1.728737377505938500, 3.909999999999999300, 1.699802612383732000 ) ) ;
#5223 = CARTESIAN_POINT ( 'NONE',  ( 0.0000000000000000000, 3.950000000000000200, 6.049999999999998000 ) ) ;
#5224 = VERTEX_POINT ( 'NONE', #8563 ) ;
#5225 = SURFACE_STYLE_USAGE ( .BOTH. , #3966 ) ;
#5226 = CARTESIAN_POINT ( 'NONE',  ( -1.008452088547230800, 3.910000000000001000, 1.665814047357012200 ) ) ;
#5227 = AXIS2_PLACEMENT_3D ( 'NONE', #472, #3778, #3744 ) ;
#5228 = CARTESIAN_POINT ( 'NONE',  ( 1.773161567428957600, 3.910000000000001000, 1.998527180650614600 ) ) ;
#5229 = CARTESIAN_POINT ( 'NONE',  ( -0.9958415155878631600, 3.899999999999998600, 1.242777731406501400 ) ) ;
#5230 = DIRECTION ( 'NONE',  ( 1.000000000000000000, -0.0000000000000000000, 0.0000000000000000000 ) ) ;
#5231 = CARTESIAN_POINT ( 'NONE',  ( -0.2330625149138065800, 3.900000000000002100, 1.145825320469301900 ) ) ;
#5232 = ORIENTED_EDGE ( 'NONE', *, *, #2847, .T. ) ;
#5233 = CARTESIAN_POINT ( 'NONE',  ( 0.8789393915247615300, 3.909999999999999300, 1.778914524612798400 ) ) ;
#5234 = CARTESIAN_POINT ( 'NONE',  ( 1.176290614910595800, 3.899999999999999900, 1.530557889706127800 ) ) ;
#5235 = ORIENTED_EDGE ( 'NONE', *, *, #4122, .F. ) ;
#5236 =( NAMED_UNIT ( * ) PLANE_ANGLE_UNIT ( ) SI_UNIT ( $, .RADIAN. ) );
#5237 = DIRECTION ( 'NONE',  ( 1.000000000000000000, 1.936075308009828400E-016, -0.0000000000000000000 ) ) ;
#5238 = PRESENTATION_STYLE_ASSIGNMENT (( #238 ) ) ;
#5239 = DIRECTION ( 'NONE',  ( 0.0000000000000000000, 0.0000000000000000000, 1.000000000000000000 ) ) ;
#5240 = ORIENTED_EDGE ( 'NONE', *, *, #6735, .F. ) ;
#5241 = PRESENTATION_STYLE_ASSIGNMENT (( #1971 ) ) ;
#5242 = CARTESIAN_POINT ( 'NONE',  ( -1.093345881569760300, 3.900000000000000400, 1.394973369898755200 ) ) ;
#5243 = CARTESIAN_POINT ( 'NONE',  ( 0.8454816522401992200, 3.900000000000000400, 2.004097177205171200 ) ) ;
#5244 = CARTESIAN_POINT ( 'NONE',  ( -1.697723022216395900, 3.899999999999998600, 1.952661931281668200 ) ) ;
#5245 = DIRECTION ( 'NONE',  ( 0.0000000000000000000, 0.0000000000000000000, 1.000000000000000000 ) ) ;
#5246 = SURFACE_STYLE_USAGE ( .BOTH. , #8637 ) ;
#5247 = VECTOR ( 'NONE', #492, 1000.000000000000000 ) ;
#5248 = CARTESIAN_POINT ( 'NONE',  ( 1.546456750009187500, 3.900000000000000400, 1.243246396214544600 ) ) ;
#5249 = ADVANCED_FACE ( 'NONE', ( #8093 ), #702, .T. ) ;
#5250 = VECTOR ( 'NONE', #8250, 1000.000000000000000 ) ;
#5251 = VERTEX_POINT ( 'NONE', #7503 ) ;
#5252 = ORIENTED_EDGE ( 'NONE', *, *, #2633, .F. ) ;
#5253 = DIRECTION ( 'NONE',  ( -1.000000000000000000, 0.0000000000000000000, 0.0000000000000000000 ) ) ;
#5254 =( NAMED_UNIT ( * ) SI_UNIT ( $, .STERADIAN. ) SOLID_ANGLE_UNIT ( ) );
#5255 = CARTESIAN_POINT ( 'NONE',  ( 2.290485720357748900, 3.900000000000002100, 2.008596977278488600 ) ) ;
#5256 = CARTESIAN_POINT ( 'NONE',  ( -1.041806511305071600, 3.909999999999998400, 1.515545610938371100 ) ) ;
#5257 = CARTESIAN_POINT ( 'NONE',  ( -4.747671247539718000, 3.763073361412149000, 2.627654166757506200 ) ) ;
#5258 = VERTEX_POINT ( 'NONE', #6622 ) ;
#5259 = EDGE_CURVE ( 'NONE', #4993, #4368, #3805, .T. ) ;
#5260 = SURFACE_SIDE_STYLE ('',( #216 ) ) ;
#5261 = EDGE_LOOP ( 'NONE', ( #2284, #7822, #8326, #7960 ) ) ;
#5262 = PRESENTATION_LAYER_ASSIGNMENT (  '', '', ( #3463 ) ) ;
#5263 = ORIENTED_EDGE ( 'NONE', *, *, #8173, .T. ) ;
#5264 = FILL_AREA_STYLE_COLOUR ( '', #7526 ) ;
#5265 = CARTESIAN_POINT ( 'NONE',  ( -0.4000000000000000200, 2.299999999999999400, 21.14999999999999900 ) ) ;
#5266 = ORIENTED_EDGE ( 'NONE', *, *, #1787, .F. ) ;
#5267 = CARTESIAN_POINT ( 'NONE',  ( 0.3435924233868263300, 3.900000000000002100, 2.133881175500733200 ) ) ;
#5268 = COLOUR_RGB ( '',1.000000000000000000, 1.000000000000000000, 1.000000000000000000 ) ;
#5269 = CARTESIAN_POINT ( 'NONE',  ( 2.140000000000000100, 2.299999999999999400, 12.04999999999999900 ) ) ;
#5270 = AXIS2_PLACEMENT_3D ( 'NONE', #5355, #7321, #43 ) ;
#5271 = CARTESIAN_POINT ( 'NONE',  ( -0.1957218937029105400, 3.899999999999999900, 1.138991997791358300 ) ) ;
#5272 = STYLED_ITEM ( 'NONE', ( #4878 ), #8209 ) ;
#5273 = CARTESIAN_POINT ( 'NONE',  ( 1.547399739791939700, 3.899999999999999500, 2.163967856889062800 ) ) ;
#5274 = CARTESIAN_POINT ( 'NONE',  ( 0.8702224940921206000, 3.910000000000000100, 1.945398609595769800 ) ) ;
#5275 = CARTESIAN_POINT ( 'NONE',  ( -1.483050440661611400, 3.899999999999999500, 1.415272974210672400 ) ) ;
#5276 =( NAMED_UNIT ( * ) SI_UNIT ( $, .STERADIAN. ) SOLID_ANGLE_UNIT ( ) );
#5277 = CARTESIAN_POINT ( 'NONE',  ( -1.036782838000014400, 3.900000000000000400, 1.267499593698333100 ) ) ;
#5278 = PRESENTATION_LAYER_ASSIGNMENT (  '', '', ( #7200 ) ) ;
#5279 = LINE ( 'NONE', #8177, #7573 ) ;
#5280 = CARTESIAN_POINT ( 'NONE',  ( -0.6500893026223919500, 3.910000000000000100, 1.387160869898755200 ) ) ;
#5281 =( LENGTH_UNIT ( ) NAMED_UNIT ( * ) SI_UNIT ( .MILLI., .METRE. ) );
#5282 = PLANE ( 'NONE',  #4183 ) ;
#5283 = CARTESIAN_POINT ( 'NONE',  ( -0.9455914357427441800, 3.910000000000000100, 1.558524221780324800 ) ) ;
#5284 = CARTESIAN_POINT ( 'NONE',  ( 0.6448154754210335700, 3.910000000000000100, 1.659424992064287000 ) ) ;
#5285 = CARTESIAN_POINT ( 'NONE',  ( -0.1624248289381811400, 3.910000000000000100, 1.230088501477702800 ) ) ;
#5286 = VERTEX_POINT ( 'NONE', #5367 ) ;
#5287 = CARTESIAN_POINT ( 'NONE',  ( -0.9288721973592338800, 3.910000000000000100, 2.059035869898755400 ) ) ;
#5288 = UNCERTAINTY_MEASURE_WITH_UNIT (LENGTH_MEASURE( 1.000000000000000100E-005 ), #7678, 'distance_accuracy_value', 'NONE');
#5289 = CARTESIAN_POINT ( 'NONE',  ( -0.7298392871529417700, 3.909999999999999300, 1.632709313591214100 ) ) ;
#5290 = CARTESIAN_POINT ( 'NONE',  ( -0.2122769250775734800, 3.900000000000000400, 1.236246310228523300 ) ) ;
#5291 = CARTESIAN_POINT ( 'NONE',  ( 1.723651645759877400, 3.899999999999999900, 2.131977151381705400 ) ) ;
#5292 = CARTESIAN_POINT ( 'NONE',  ( 0.8829737021807837500, 3.899999999999999500, 1.811119876406241500 ) ) ;
#5293 = PLANE ( 'NONE',  #2593 ) ;
#5294 = CARTESIAN_POINT ( 'NONE',  ( -0.7486927747892815300, 3.910000000000001000, 1.620685630654511700 ) ) ;
#5295 = LINE ( 'NONE', #2245, #6671 ) ;
#5296 = EDGE_LOOP ( 'NONE', ( #7853, #4349, #3533, #6769, #6119, #5118, #1897, #7565, #6697, #1604, #2598, #5057 ) ) ;
#5297 =( LENGTH_UNIT ( ) NAMED_UNIT ( * ) SI_UNIT ( .MILLI., .METRE. ) );
#5298 = ORIENTED_EDGE ( 'NONE', *, *, #1847, .F. ) ;
#5299 = CARTESIAN_POINT ( 'NONE',  ( -0.9231787534171956900, 3.899999999999999500, 1.230266600275668800 ) ) ;
#5300 = ORIENTED_EDGE ( 'NONE', *, *, #7392, .F. ) ;
#5301 = COLOUR_RGB ( '',1.000000000000000000, 1.000000000000000000, 1.000000000000000000 ) ;
#5302 =( BOUNDED_CURVE ( )  B_SPLINE_CURVE ( 3, ( #8092, #4084, #94, #2111 ),
 .UNSPECIFIED., .F., .T. ) 
 B_SPLINE_CURVE_WITH_KNOTS ( ( 4, 4 ),
 ( 3.228859116189505900, 4.712388980384689700 ),
 .UNSPECIFIED. ) 
 CURVE ( )  GEOMETRIC_REPRESENTATION_ITEM ( )  RATIONAL_B_SPLINE_CURVE ( ( 1.000000000000000000, 0.8248515578734152400, 0.8248515578734152400, 1.000000000000000000 ) ) 
 REPRESENTATION_ITEM ( '' )  );
#5303 = EDGE_CURVE ( 'NONE', #485, #7523, #359, .T. ) ;
#5304 = VERTEX_POINT ( 'NONE', #56 ) ;
#5305 = LINE ( 'NONE', #3309, #3531 ) ;
#5306 = CARTESIAN_POINT ( 'NONE',  ( -0.9003389217105201000, 3.910000000000000100, 1.138720791054420400 ) ) ;
#5307 = EDGE_CURVE ( 'NONE', #6160, #7523, #6220, .T. ) ;
#5308 = CARTESIAN_POINT ( 'NONE',  ( 1.391168172025137700, 3.909999999999999300, 1.271159134101756100 ) ) ;
#5309 = CARTESIAN_POINT ( 'NONE',  ( -4.692586600614428800, 3.900000000000000400, 2.488748555299569200 ) ) ;
#5310 = VERTEX_POINT ( 'NONE', #3411 ) ;
#5311 = CARTESIAN_POINT ( 'NONE',  ( -1.621050197186800500, 3.899999999999999900, 1.462912541205397600 ) ) ;
#5312 = ORIENTED_EDGE ( 'NONE', *, *, #1501, .F. ) ;
#5313 = FILL_AREA_STYLE_COLOUR ( '', #3241 ) ;
#5314 = CLOSED_SHELL ( 'NONE', ( #8476, #3893, #1414, #6197, #7512, #7124, #4261, #805, #4170, #5570, #5166, #4433, #7174, #2898, #4124 ) ) ;
#5315 = CARTESIAN_POINT ( 'NONE',  ( -0.3553299171083736900, 3.910000000000000100, 1.436899906670292800 ) ) ;
#5316 = LINE ( 'NONE', #8234, #2697 ) ;
#5317 = CARTESIAN_POINT ( 'NONE',  ( 0.4537130142721137500, 3.900000000000001200, 2.063227017920994800 ) ) ;
#5318 = EDGE_CURVE ( 'NONE', #6459, #3632, #8001, .T. ) ;
#5319 = VERTEX_POINT ( 'NONE', #761 ) ;
#5320 = EDGE_CURVE ( 'NONE', #5258, #375, #2680, .T. ) ;
#5321 = CARTESIAN_POINT ( 'NONE',  ( -0.6075066634211094800, 3.900000000000000400, 1.853390640739175800 ) ) ;
#5322 = VECTOR ( 'NONE', #5895, 1000.000000000000000 ) ;
#5323 = AXIS2_PLACEMENT_3D ( 'NONE', #3532, #8180, #269 ) ;
#5324 = CARTESIAN_POINT ( 'NONE',  ( 0.3254452368512926700, 3.900000000000000400, 2.123797383056650100 ) ) ;
#5325 = CARTESIAN_POINT ( 'NONE',  ( 1.658142373802859100, 3.900000000000000800, 2.150054730229650000 ) ) ;
#5326 = CARTESIAN_POINT ( 'NONE',  ( 0.8783814108842615800, 3.900000000000001200, 1.913291880281531700 ) ) ;
#5327 = DIRECTION ( 'NONE',  ( 1.000000000000000000, 0.0000000000000000000, 0.0000000000000000000 ) ) ;
#5328 = PLANE ( 'NONE',  #3201 ) ;
#5329 = ORIENTED_EDGE ( 'NONE', *, *, #5933, .F. ) ;
#5330 = ORIENTED_EDGE ( 'NONE', *, *, #8225, .T. ) ;
#5331 = CARTESIAN_POINT ( 'NONE',  ( -1.024165167550078700, 3.909999999999998400, 1.258006657645721800 ) ) ;
#5332 = STYLED_ITEM ( 'NONE', ( #1023 ), #4210 ) ;
#5333 = CARTESIAN_POINT ( 'NONE',  ( -0.9119524414958266600, 3.900000000000000400, 1.230617774833483900 ) ) ;
#5334 = CARTESIAN_POINT ( 'NONE',  ( -0.8717079309965304300, 3.909999999999999300, 1.142255830237353300 ) ) ;
#5335 = AXIS2_PLACEMENT_3D ( 'NONE', #6075, #146, #6134 ) ;
#5336 = CARTESIAN_POINT ( 'NONE',  ( 1.532457630958893300, 3.909999999999999300, 1.243594874084015000 ) ) ;
#5337 = CARTESIAN_POINT ( 'NONE',  ( -5.109999999999988800, 0.6999999999999992900, 6.403666364933472200 ) ) ;
#5338 = PRESENTATION_STYLE_ASSIGNMENT (( #6315 ) ) ;
#5339 = ORIENTED_EDGE ( 'NONE', *, *, #1282, .T. ) ;
#5340 = SURFACE_SIDE_STYLE ('',( #8628 ) ) ;
#5341 = CARTESIAN_POINT ( 'NONE',  ( 0.7584057640405843500, 3.910000000000001900, 1.781885736676398900 ) ) ;
#5342 = CARTESIAN_POINT ( 'NONE',  ( 0.5707121930532261800, 3.899999999999999500, 1.641095550203297100 ) ) ;
#5343 = FACE_OUTER_BOUND ( 'NONE', #4263, .T. ) ;
#5344 = CARTESIAN_POINT ( 'NONE',  ( 1.507599842114450300, 3.910000000000000100, 2.164299027793492100 ) ) ;
#5345 = VECTOR ( 'NONE', #1912, 1000.000000000000000 ) ;
#5346 = ORIENTED_EDGE ( 'NONE', *, *, #7438, .F. ) ;
#5347 = VERTEX_POINT ( 'NONE', #5423 ) ;
#5348 = DIRECTION ( 'NONE',  ( 1.000000000000000000, 0.0000000000000000000, 0.0000000000000000000 ) ) ;
#5349 = LINE ( 'NONE', #1468, #1813 ) ;
#5350 = CARTESIAN_POINT ( 'NONE',  ( 1.622961883483054100, 3.910000000000001000, 2.156529213174469100 ) ) ;
#5351 = CARTESIAN_POINT ( 'NONE',  ( -5.509999999999998900, 3.763073361412148100, 4.549999999999998000 ) ) ;
#5352 = CARTESIAN_POINT ( 'NONE',  ( 0.8834857413199410600, 3.899999999999999500, 1.856196672128298100 ) ) ;
#5353 = CARTESIAN_POINT ( 'NONE',  ( 0.8618212349087043300, 3.900000000000000400, 1.719819996178816100 ) ) ;
#5354 = CARTESIAN_POINT ( 'NONE',  ( 4.692586600614427000, 3.750000000000000400, 2.488748555299570500 ) ) ;
#5355 = CARTESIAN_POINT ( 'NONE',  ( -5.110000000000000300, 0.6999999999999999600, -5.199999999999986000 ) ) ;
#5356 = VERTEX_POINT ( 'NONE', #785 ) ;
#5357 = EDGE_CURVE ( 'NONE', #8548, #4774, #1144, .T. ) ;
#5358 = CARTESIAN_POINT ( 'NONE',  ( -1.093151709803181300, 3.899999999999999500, 1.389349461485516200 ) ) ;
#5359 = EDGE_CURVE ( 'NONE', #3417, #2616, #6458, .T. ) ;
#5360 = ORIENTED_EDGE ( 'NONE', *, *, #4421, .F. ) ;
#5361 = CARTESIAN_POINT ( 'NONE',  ( -5.110000000000000300, 0.0000000000000000000, 7.549999999999998000 ) ) ;
#5362 = ORIENTED_EDGE ( 'NONE', *, *, #2847, .F. ) ;
#5363 = ORIENTED_EDGE ( 'NONE', *, *, #3748, .T. ) ;
#5364 = CARTESIAN_POINT ( 'NONE',  ( -1.065378616463821000, 3.910000000000001000, 1.487465968837440100 ) ) ;
#5365 = CARTESIAN_POINT ( 'NONE',  ( -5.110000000000000300, 0.6999999999999999600, -5.199999999999986000 ) ) ;
#5366 = MECHANICAL_DESIGN_GEOMETRIC_PRESENTATION_REPRESENTATION (  '', ( #5039 ), #5834 ) ;
#5367 = CARTESIAN_POINT ( 'NONE',  ( 1.782476486851292600, 3.910000000000000100, 1.184858238319807900 ) ) ;
#5368 = EDGE_CURVE ( 'NONE', #6468, #6367, #3285, .T. ) ;
#5369 = ORIENTED_EDGE ( 'NONE', *, *, #8447, .F. ) ;
#5370 = CARTESIAN_POINT ( 'NONE',  ( 1.407132928752239400, 3.899999999999998600, 2.156710339767453200 ) ) ;
#5371 = FACE_OUTER_BOUND ( 'NONE', #6611, .T. ) ;
#5372 = CARTESIAN_POINT ( 'NONE',  ( 5.110000000000000300, 0.6999999999999999600, 7.549999999999998000 ) ) ;
#5373 =( GEOMETRIC_REPRESENTATION_CONTEXT ( 3 ) GLOBAL_UNCERTAINTY_ASSIGNED_CONTEXT ( ( #7337 ) ) GLOBAL_UNIT_ASSIGNED_CONTEXT ( ( #5788, #1074, #2320 ) ) REPRESENTATION_CONTEXT ( 'NONE', 'WORKASPACE' ) );
#5374 = CARTESIAN_POINT ( 'NONE',  ( -0.1776386447276548700, 3.910000000000000100, 2.164299027793492100 ) ) ;
#5375 = CARTESIAN_POINT ( 'NONE',  ( -2.940000000000000400, 2.299999999999999400, 21.14999999999999900 ) ) ;
#5376 = LINE ( 'NONE', #5365, #8008 ) ;
#5377 = CARTESIAN_POINT ( 'NONE',  ( -1.208802642462145200, 3.909999999999999300, 1.398161549961988200 ) ) ;
#5378 = CARTESIAN_POINT ( 'NONE',  ( -0.7315376400043432900, 3.899999999999999900, 1.814125251715867900 ) ) ;
#5379 = CARTESIAN_POINT ( 'NONE',  ( 0.8492090755779576600, 3.910000000000001000, 1.693046098911053200 ) ) ;
#5380 = DIRECTION ( 'NONE',  ( 0.9295747221837700200, 0.0000000000000000000, -0.3686337421845253800 ) ) ;
#5381 = DIRECTION ( 'NONE',  ( -1.000000000000000000, 0.0000000000000000000, -2.312964634635743200E-014 ) ) ;
#5382 = ORIENTED_EDGE ( 'NONE', *, *, #3817, .T. ) ;
#5383 = CARTESIAN_POINT ( 'NONE',  ( 1.039877802640766200, 3.900000000000000400, 1.669850014635597200 ) ) ;
#5384 = MECHANICAL_DESIGN_GEOMETRIC_PRESENTATION_REPRESENTATION (  '', ( #2699 ), #7977 ) ;
#5385 = CARTESIAN_POINT ( 'NONE',  ( 5.110000000000000300, 0.0000000000000000000, -0.9500000000000029500 ) ) ;
#5386 = DIRECTION ( 'NONE',  ( 1.000000000000000000, 0.0000000000000000000, 0.0000000000000000000 ) ) ;
#5387 = CARTESIAN_POINT ( 'NONE',  ( -4.692586600614427900, 3.750000000000000400, 6.611251444700425100 ) ) ;
#5388 = CARTESIAN_POINT ( 'NONE',  ( 1.187973024019666000, 3.910000000000001900, 1.491052278804117800 ) ) ;
#5389 = CARTESIAN_POINT ( 'NONE',  ( -5.039817226104134700, 0.6999999999999999600, 6.293698345228387200 ) ) ;
#5390 = VERTEX_POINT ( 'NONE', #7588 ) ;
#5391 = VERTEX_POINT ( 'NONE', #2936 ) ;
#5392 = ORIENTED_EDGE ( 'NONE', *, *, #5782, .T. ) ;
#5393 =( LENGTH_UNIT ( ) NAMED_UNIT ( * ) SI_UNIT ( .MILLI., .METRE. ) );
#5394 = CARTESIAN_POINT ( 'NONE',  ( 0.7672626710618188900, 3.910000000000000100, 1.850154290951386800 ) ) ;
#5395 =( LENGTH_UNIT ( ) NAMED_UNIT ( * ) SI_UNIT ( .MILLI., .METRE. ) );
#5396 = UNCERTAINTY_MEASURE_WITH_UNIT (LENGTH_MEASURE( 1.000000000000000100E-005 ), #4619, 'distance_accuracy_value', 'NONE');
#5397 = CARTESIAN_POINT ( 'NONE',  ( 1.274940300984805700, 3.910000000000000100, 2.111802903177828500 ) ) ;
#5398 = CARTESIAN_POINT ( 'NONE',  ( 1.202816250877112100, 3.899999999999999500, 1.453866898743363200 ) ) ;
#5399 = LINE ( 'NONE', #1473, #3629 ) ;
#5400 = VERTEX_POINT ( 'NONE', #5595 ) ;
#5401 = ORIENTED_EDGE ( 'NONE', *, *, #3123, .T. ) ;
#5402 = PRESENTATION_STYLE_ASSIGNMENT (( #4818 ) ) ;
#5403 = CARTESIAN_POINT ( 'NONE',  ( 1.705527240366599800, 3.910000000000001900, 1.155929217631408400 ) ) ;
#5404 = CARTESIAN_POINT ( 'NONE',  ( 0.8702224940921206000, 3.900000000000000800, 1.945398609595769800 ) ) ;
#5405 = CARTESIAN_POINT ( 'NONE',  ( -1.099265424936660500, 3.900000000000000400, 1.583005077371607800 ) ) ;
#5406 = CARTESIAN_POINT ( 'NONE',  ( 5.087709164116777300, 0.6999999999999999600, 2.759947028909521400 ) ) ;
#5407 = CARTESIAN_POINT ( 'NONE',  ( -0.1568738420960761300, 3.900000000000000800, 1.137983238319808100 ) ) ;
#5408 = ORIENTED_EDGE ( 'NONE', *, *, #5784, .F. ) ;
#5409 = CARTESIAN_POINT ( 'NONE',  ( 2.294195236851292600, 3.910000000000000100, 2.032514488319807600 ) ) ;
#5410 = CARTESIAN_POINT ( 'NONE',  ( 1.186167998627903700, 3.909999999999999300, 1.825328867333498400 ) ) ;
#5411 = SURFACE_STYLE_FILL_AREA ( #587 ) ;
#5412 = ORIENTED_EDGE ( 'NONE', *, *, #6043, .T. ) ;
#5413 = LINE ( 'NONE', #6330, #7936 ) ;
#5414 = UNCERTAINTY_MEASURE_WITH_UNIT (LENGTH_MEASURE( 1.000000000000000100E-005 ), #5007, 'distance_accuracy_value', 'NONE');
#5415 = CARTESIAN_POINT ( 'NONE',  ( 1.705527240366599800, 3.910000000000001900, 1.155929217631408400 ) ) ;
#5416 = STYLED_ITEM ( 'NONE', ( #6713 ), #1221 ) ;
#5417 = ORIENTED_EDGE ( 'NONE', *, *, #6114, .F. ) ;
#5418 = CARTESIAN_POINT ( 'NONE',  ( -4.975639817291988000, 1.027149429359548200, 2.801083641941261700 ) ) ;
#5419 = DIRECTION ( 'NONE',  ( 1.000000000000000000, -0.0000000000000000000, 0.0000000000000000000 ) ) ;
#5420 = EDGE_CURVE ( 'NONE', #7856, #3895, #2445, .T. ) ;
#5421 = CARTESIAN_POINT ( 'NONE',  ( 0.4917644771169407700, 3.900000000000001200, 1.638084626339237700 ) ) ;
#5422 = FILL_AREA_STYLE_COLOUR ( '', #2029 ) ;
#5423 = CARTESIAN_POINT ( 'NONE',  ( -2.009875486832918100, 3.910000000000000100, 1.151141133056649900 ) ) ;
#5424 = CARTESIAN_POINT ( 'NONE',  ( -0.9288721973592338800, 3.900000000000000400, 1.559035869898755200 ) ) ;
#5425 = EDGE_LOOP ( 'NONE', ( #1186, #4280, #6423, #5940, #2159, #1636 ) ) ;
#5426 = CARTESIAN_POINT ( 'NONE',  ( 1.236091817966492800, 3.899999999999999500, 2.088345445958758700 ) ) ;
#5427 = CARTESIAN_POINT ( 'NONE',  ( 2.726349842114450500, 3.910000000000000100, 1.151141133056649900 ) ) ;
#5428 = UNCERTAINTY_MEASURE_WITH_UNIT (LENGTH_MEASURE( 1.000000000000000100E-005 ), #4343, 'distance_accuracy_value', 'NONE');
#5429 = STYLED_ITEM ( 'NONE', ( #1335 ), #8343 ) ;
#5430 = CARTESIAN_POINT ( 'NONE',  ( 1.221133823445108800, 3.899999999999999900, 1.419138475765487700 ) ) ;
#5431 = CARTESIAN_POINT ( 'NONE',  ( 3.239999999999999800, 2.860000000000000300, 12.04999999999999900 ) ) ;
#5432 = CARTESIAN_POINT ( 'NONE',  ( 1.040267554296862700, 3.899999999999999900, 1.687891119244534500 ) ) ;
#5433 = EDGE_LOOP ( 'NONE', ( #909, #535, #6809, #8650 ) ) ;
#5434 = VERTEX_POINT ( 'NONE', #265 ) ;
#5435 = LINE ( 'NONE', #2980, #1051 ) ;
#5436 = STYLED_ITEM ( 'NONE', ( #2008 ), #6089 ) ;
#5437 = CARTESIAN_POINT ( 'NONE',  ( -0.8951128740849579900, 3.900000000000000400, 2.163462993655777200 ) ) ;
#5438 = DIRECTION ( 'NONE',  ( 1.000000000000000000, 0.0000000000000000000, 0.0000000000000000000 ) ) ;
#5439 = CARTESIAN_POINT ( 'NONE',  ( -0.8464332936173133400, 3.899999999999999500, 1.667026505420230700 ) ) ;
#5440 = CARTESIAN_POINT ( 'NONE',  ( -2.940000000000000400, 2.299999999999999400, 12.04999999999999900 ) ) ;
#5441 = PLANE ( 'NONE',  #1564 ) ;
#5442 = DIRECTION ( 'NONE',  ( -0.0000000000000000000, -1.000000000000000000, -0.0000000000000000000 ) ) ;
#5443 = CARTESIAN_POINT ( 'NONE',  ( 1.646764713780497000, 3.900000000000001700, 1.144233208708766300 ) ) ;
#5444 = CARTESIAN_POINT ( 'NONE',  ( 1.259645581231233500, 3.910000000000001000, 1.220000882338975000 ) ) ;
#5445 = ORIENTED_EDGE ( 'NONE', *, *, #1171, .F. ) ;
#5446 = EDGE_LOOP ( 'NONE', ( #4885, #3530, #1481, #3720 ) ) ;
#5447 = CARTESIAN_POINT ( 'NONE',  ( -0.7592575736757893900, 3.909999999999999300, 1.582939564959073400 ) ) ;
#5448 = ADVANCED_FACE ( 'NONE', ( #8412 ), #4191, .F. ) ;
#5449 = CARTESIAN_POINT ( 'NONE',  ( 5.002686081600998600, 0.6999999999999999600, 2.822970009467507900 ) ) ;
#5450 = CARTESIAN_POINT ( 'NONE',  ( 0.1219324867809170300, 3.900000000000001700, 1.912898093246453200 ) ) ;
#5451 = ORIENTED_EDGE ( 'NONE', *, *, #5159, .T. ) ;
#5452 = ORIENTED_EDGE ( 'NONE', *, *, #7550, .F. ) ;
#5453 = CARTESIAN_POINT ( 'NONE',  ( -0.9718913498791236200, 3.910000000000001000, 2.055522977423186700 ) ) ;
#5454 = ORIENTED_EDGE ( 'NONE', *, *, #3980, .T. ) ;
#5455 = VECTOR ( 'NONE', #2932, 1000.000000000000000 ) ;
#5456 = B_SPLINE_CURVE_WITH_KNOTS ( 'NONE', 3,
 ( #5550, #6242, #2776, #2148, #2211, #8098, #8186, #4089, #4843, #101 ),
 .UNSPECIFIED., .F., .F.,
 ( 4, 3, 3, 4 ),
 ( 1.084202172485504400E-019, 0.0009869829601576673100, 0.001601608928475309700, 0.003079874422304351000 ),
 .UNSPECIFIED. ) ;
#5457 =( NAMED_UNIT ( * ) SI_UNIT ( $, .STERADIAN. ) SOLID_ANGLE_UNIT ( ) );
#5458 = CARTESIAN_POINT ( 'NONE',  ( -2.009875486832918100, 3.900000000000000400, 1.256404290951386600 ) ) ;
#5459 = CARTESIAN_POINT ( 'NONE',  ( -0.6430140253467751000, 3.899999999999997700, 2.014334209296312100 ) ) ;
#5460 = CARTESIAN_POINT ( 'NONE',  ( 0.5444838344832431100, 3.900000000000001200, 2.164046245521639400 ) ) ;
#5461 = CARTESIAN_POINT ( 'NONE',  ( 4.842015805328190800, 3.763073361412148500, 2.584319856845345600 ) ) ;
#5462 = CARTESIAN_POINT ( 'NONE',  ( 1.427108041921989000, 3.900000000000000400, 1.258491787565391400 ) ) ;
#5463 = EDGE_CURVE ( 'NONE', #37, #5390, #879, .T. ) ;
#5464 = CARTESIAN_POINT ( 'NONE',  ( 1.615135996508305600, 3.909999999999999300, 1.140509986944731700 ) ) ;
#5465 = EDGE_CURVE ( 'NONE', #754, #4956, #3705, .T. ) ;
#5466 = CARTESIAN_POINT ( 'NONE',  ( 1.782476486851292600, 3.910000000000000100, 1.309035869898755000 ) ) ;
#5467 = CARTESIAN_POINT ( 'NONE',  ( -0.6500893026223919500, 3.910000000000000100, 1.387160869898755200 ) ) ;
#5468 = CARTESIAN_POINT ( 'NONE',  ( 0.3254452368512926700, 3.910000000000000100, 2.123797383056650100 ) ) ;
#5469 = CARTESIAN_POINT ( 'NONE',  ( 0.3830020537318304400, 3.909999999999999300, 1.642866816224026300 ) ) ;
#5470 = CARTESIAN_POINT ( 'NONE',  ( -1.128707723675023400, 3.900000000000000400, 1.854677317267176400 ) ) ;
#5471 = PRESENTATION_LAYER_ASSIGNMENT (  '', '', ( #4467 ) ) ;
#5472 = FACE_OUTER_BOUND ( 'NONE', #2152, .T. ) ;
#5473 = CARTESIAN_POINT ( 'NONE',  ( 1.629306405728981000, 3.909999999999999300, 2.050209158316580500 ) ) ;
#5474 = EDGE_CURVE ( 'NONE', #2840, #547, #4871, .T. ) ;
#5475 =( LENGTH_UNIT ( ) NAMED_UNIT ( * ) SI_UNIT ( .MILLI., .METRE. ) );
#5476 = FACE_OUTER_BOUND ( 'NONE', #2520, .T. ) ;
#5477 = EDGE_CURVE ( 'NONE', #2314, #5400, #3911, .T. ) ;
#5478 = CARTESIAN_POINT ( 'NONE',  ( -5.111261443849144800, 0.6855816308271574000, 6.307524066233908900 ) ) ;
#5479 = VERTEX_POINT ( 'NONE', #4219 ) ;
#5480 = DIRECTION ( 'NONE',  ( 0.0000000000000000000, 0.0000000000000000000, 1.000000000000000000 ) ) ;
#5481 = STYLED_ITEM ( 'NONE', ( #2755 ), #5249 ) ;
#5482 = CARTESIAN_POINT ( 'NONE',  ( -5.104472429802507700, 0.6999999999999999600, 2.719922252395795800 ) ) ;
#5483 = FACE_OUTER_BOUND ( 'NONE', #8114, .T. ) ;
#5484 = ADVANCED_FACE ( 'NONE', ( #7055 ), #2168, .T. ) ;
#5485 = SURFACE_STYLE_USAGE ( .BOTH. , #854 ) ;
#5486 = CARTESIAN_POINT ( 'NONE',  ( -0.6613773015859564200, 3.900000000000000400, 1.311644271638252400 ) ) ;
#5487 = CARTESIAN_POINT ( 'NONE',  ( 0.03967221053550280800, 3.900000000000000400, 1.658131264635597500 ) ) ;
#5488 = STYLED_ITEM ( 'NONE', ( #3006 ), #8543 ) ;
#5489 = EDGE_LOOP ( 'NONE', ( #668, #4821, #4262 ) ) ;
#5490 = CARTESIAN_POINT ( 'NONE',  ( 1.782476486851292600, 3.900000000000000400, 1.309035869898755000 ) ) ;
#5491 = AXIS2_PLACEMENT_3D ( 'NONE', #4004, #3332, #2738 ) ;
#5492 =( NAMED_UNIT ( * ) PLANE_ANGLE_UNIT ( ) SI_UNIT ( $, .RADIAN. ) );
#5493 = CARTESIAN_POINT ( 'NONE',  ( -1.250407892516748300, 3.900000000000000400, 1.826194540831338900 ) ) ;
#5494 = VECTOR ( 'NONE', #1384, 1000.000000000000000 ) ;
#5495 = B_SPLINE_CURVE_WITH_KNOTS ( 'NONE', 3,
 ( #4759, #8048, #6184, #5378, #6150, #7401, #3482, #2121, #8099, #2149, #8152, #71, #6128, #5439, #4147, #4037, #800, #712, #744 ),
 .UNSPECIFIED., .F., .F.,
 ( 4, 1, 1, 1, 1, 1, 1, 1, 1, 1, 1, 1, 1, 1, 1, 1, 4 ),
 ( 0.0000000000000000000, 0.06444951720551464500, 0.1281124233514761800, 0.1896555050531398800, 0.2513600997674602100, 0.3124975322171102400, 0.3724845551628222000, 0.4321527171657494300, 0.4924328408678524400, 0.5521010028707803400, 0.6126488412447663700, 0.6730629705743499400, 0.7349822606237337300, 0.7983709815272818100, 0.8633459981751202500, 0.9303756442196796600, 1.000000000000000000 ),
 .UNSPECIFIED. ) ;
#5496 = CARTESIAN_POINT ( 'NONE',  ( 1.095088095279679800, 3.909999999999998400, 1.407481040668759500 ) ) ;
#5497 = ORIENTED_EDGE ( 'NONE', *, *, #5836, .T. ) ;
#5498 = ORIENTED_EDGE ( 'NONE', *, *, #4635, .T. ) ;
#5499 = LINE ( 'NONE', #277, #187 ) ;
#5500 = CARTESIAN_POINT ( 'NONE',  ( 0.4381000232379503900, 3.909999999999999300, 2.158783930003583200 ) ) ;
#5501 = DIRECTION ( 'NONE',  ( -1.000000000000000000, -0.0000000000000000000, -0.0000000000000000000 ) ) ;
#5502 = CARTESIAN_POINT ( 'NONE',  ( 0.4702526505400033100, 3.909999999999998400, 1.638875932116354200 ) ) ;
#5503 = PLANE ( 'NONE',  #2858 ) ;
#5504 = CARTESIAN_POINT ( 'NONE',  ( 2.229639315798661100, 3.910000000000000100, 2.151141133056650100 ) ) ;
#5505 = EDGE_LOOP ( 'NONE', ( #4823, #1229, #450, #5928 ) ) ;
#5506 = B_SPLINE_CURVE_WITH_KNOTS ( 'NONE', 3,
 ( #72, #6151, #2778, #5953, #4179, #7521, #6185, #8100, #6773, #4791, #3509, #8189, #2720, #7402, #745, #1268, #5271, #801, #5407 ),
 .UNSPECIFIED., .F., .F.,
 ( 4, 1, 1, 1, 1, 1, 1, 1, 1, 1, 1, 1, 1, 1, 1, 1, 4 ),
 ( 0.0000000000000000000, 0.08914116729673149400, 0.1732346620230154100, 0.2521953011200849800, 0.3262707459219996700, 0.3961141019992258100, 0.4613821377327029800, 0.5224838592400427000, 0.5803121383243748900, 0.6350810076532301700, 0.6876862045175919900, 0.7387568602766092500, 0.7890066463271251400, 0.8397943691546566600, 0.8911225996455838200, 0.9444793089914891300, 1.000000000000000000 ),
 .UNSPECIFIED. ) ;
#5507 = CARTESIAN_POINT ( 'NONE',  ( -1.029158819102387900, 3.899999999999999500, 2.037011882924828900 ) ) ;
#5508 = ORIENTED_EDGE ( 'NONE', *, *, #7561, .F. ) ;
#5509 = CARTESIAN_POINT ( 'NONE',  ( 1.166910803952484700, 3.899999999999999500, 2.028467308535777400 ) ) ;
#5510 = EDGE_LOOP ( 'NONE', ( #1347, #8230, #1881, #4723, #7616, #565, #6428, #5382 ) ) ;
#5511 = FACE_OUTER_BOUND ( 'NONE', #7816, .T. ) ;
#5512 = CARTESIAN_POINT ( 'NONE',  ( -0.1442386185950866600, 3.910000000000000100, 1.138370366952471000 ) ) ;
#5513 = VERTEX_POINT ( 'NONE', #7766 ) ;
#5514 = CARTESIAN_POINT ( 'NONE',  ( -0.7500375555303285800, 3.909999999999999300, 1.758199677983451700 ) ) ;
#5515 = ORIENTED_EDGE ( 'NONE', *, *, #4686, .F. ) ;
#5516 = FILL_AREA_STYLE ('',( #6177 ) ) ;
#5517 = ORIENTED_EDGE ( 'NONE', *, *, #842, .F. ) ;
#5518 = CARTESIAN_POINT ( 'NONE',  ( 0.1513905294305701300, 3.910000000000001000, 1.763024859301194800 ) ) ;
#5519 = CARTESIAN_POINT ( 'NONE',  ( -5.509999999999998900, 3.900000000000000400, 0.04999999999999622800 ) ) ;
#5520 = UNCERTAINTY_MEASURE_WITH_UNIT (LENGTH_MEASURE( 1.000000000000000100E-005 ), #4207, 'distance_accuracy_value', 'NONE');
#5521 = CIRCLE ( 'NONE', #4982, 0.6249999999999996700 ) ;
#5522 = EDGE_LOOP ( 'NONE', ( #7396, #3231, #2541, #7908 ) ) ;
#5523 = CARTESIAN_POINT ( 'NONE',  ( 1.581980468423654500, 3.909999999999999300, 1.138548041998455700 ) ) ;
#5524 = LINE ( 'NONE', #4615, #8466 ) ;
#5525 = AXIS2_PLACEMENT_3D ( 'NONE', #4334, #3550, #4308 ) ;
#5526 =( NAMED_UNIT ( * ) PLANE_ANGLE_UNIT ( ) SI_UNIT ( $, .RADIAN. ) );
#5527 = ADVANCED_FACE ( 'NONE', ( #5168 ), #1783, .T. ) ;
#5528 = CARTESIAN_POINT ( 'NONE',  ( -0.1776386447276548700, 3.910000000000000100, 2.164299027793492100 ) ) ;
#5529 = EDGE_CURVE ( 'NONE', #1486, #8275, #6849, .T. ) ;
#5530 = CARTESIAN_POINT ( 'NONE',  ( -0.6586842828150809600, 3.910000000000001000, 1.451847415759757600 ) ) ;
#5531 = FILL_AREA_STYLE ('',( #4302 ) ) ;
#5532 = EDGE_LOOP ( 'NONE', ( #6737, #5117, #5363, #1128 ) ) ;
#5533 = VERTEX_POINT ( 'NONE', #3703 ) ;
#5534 = PRESENTATION_LAYER_ASSIGNMENT (  '', '', ( #7005 ) ) ;
#5535 = CARTESIAN_POINT ( 'NONE',  ( 1.839999999999999900, 2.299999999999999800, 12.04999999999999900 ) ) ;
#5536 = CARTESIAN_POINT ( 'NONE',  ( 0.3503300705971620900, 3.900000000000001200, 2.022084137425465200 ) ) ;
#5537 = VECTOR ( 'NONE', #2101, 1000.000000000000000 ) ;
#5538 = CARTESIAN_POINT ( 'NONE',  ( 0.5481014868512924500, 3.900000000000000400, 1.545877975161913200 ) ) ;
#5539 = CARTESIAN_POINT ( 'NONE',  ( 1.200150568772855300, 3.900000000000000400, 2.060251412385745200 ) ) ;
#5540 = MECHANICAL_DESIGN_GEOMETRIC_PRESENTATION_REPRESENTATION (  '', ( #8409 ), #6464 ) ;
#5541 = EDGE_LOOP ( 'NONE', ( #4416, #4555, #1893, #3964 ) ) ;
#5542 = CARTESIAN_POINT ( 'NONE',  ( -1.208802642462145200, 3.899999999999999500, 1.398161549961988200 ) ) ;
#5543 = PRESENTATION_LAYER_ASSIGNMENT (  '', '', ( #7016 ) ) ;
#5544 = ORIENTED_EDGE ( 'NONE', *, *, #3914, .T. ) ;
#5545 = CARTESIAN_POINT ( 'NONE',  ( -0.9180320353933566500, 3.910000000000000100, 2.164017078789334000 ) ) ;
#5546 = CARTESIAN_POINT ( 'NONE',  ( 4.843159576245931000, 3.750000000000000400, 7.549999999999998000 ) ) ;
#5547 = CARTESIAN_POINT ( 'NONE',  ( 0.1069447386735843700, 3.909999999999998400, 1.955571255347878800 ) ) ;
#5548 = CARTESIAN_POINT ( 'NONE',  ( 0.03277659187058014300, 3.900000000000000400, 1.513661975317568900 ) ) ;
#5549 = LINE ( 'NONE', #3157, #3561 ) ;
#5550 = CARTESIAN_POINT ( 'NONE',  ( -5.002686081600999500, 0.6999999999999999600, 6.277029990532487800 ) ) ;
#5551 = CARTESIAN_POINT ( 'NONE',  ( -1.698869437260167600, 3.900000000000000400, 1.629062245633781800 ) ) ;
#5552 =( NAMED_UNIT ( * ) PLANE_ANGLE_UNIT ( ) SI_UNIT ( $, .RADIAN. ) );
#5553 = PRESENTATION_STYLE_ASSIGNMENT (( #6941 ) ) ;
#5554 = ORIENTED_EDGE ( 'NONE', *, *, #573, .T. ) ;
#5555 = ORIENTED_EDGE ( 'NONE', *, *, #5477, .T. ) ;
#5556 = VERTEX_POINT ( 'NONE', #7735 ) ;
#5557 = CARTESIAN_POINT ( 'NONE',  ( 1.039877802640766200, 3.900000000000000400, 1.669850014635597200 ) ) ;
#5558 = VECTOR ( 'NONE', #4509, 1000.000000000000000 ) ;
#5559 = CARTESIAN_POINT ( 'NONE',  ( -0.7642069400478802600, 3.910000000000000100, 1.377685238877304400 ) ) ;
#5560 = CARTESIAN_POINT ( 'NONE',  ( 0.1559563809540038500, 3.910000000000001000, 1.666772170493999100 ) ) ;
#5561 = CARTESIAN_POINT ( 'NONE',  ( -0.7668577119125314900, 3.900000000000000800, 1.360915138338812900 ) ) ;
#5562 =( NAMED_UNIT ( * ) SI_UNIT ( $, .STERADIAN. ) SOLID_ANGLE_UNIT ( ) );
#5563 = EDGE_LOOP ( 'NONE', ( #7749, #2001, #6874, #654, #1887, #5995, #4661, #5742 ) ) ;
#5564 = CARTESIAN_POINT ( 'NONE',  ( -0.7684819970168509400, 3.899999999999999500, 1.609800448989436200 ) ) ;
#5565 = DIRECTION ( 'NONE',  ( 0.0000000000000000000, -0.0000000000000000000, -1.000000000000000000 ) ) ;
#5566 = CARTESIAN_POINT ( 'NONE',  ( -0.8959001795672870700, 3.909999999999999300, 1.555994642403131500 ) ) ;
#5567 = UNCERTAINTY_MEASURE_WITH_UNIT (LENGTH_MEASURE( 1.000000000000000100E-005 ), #4963, 'distance_accuracy_value', 'NONE');
#5568 =( LENGTH_UNIT ( ) NAMED_UNIT ( * ) SI_UNIT ( .MILLI., .METRE. ) );
#5569 = CARTESIAN_POINT ( 'NONE',  ( -5.073494888436229600, 0.6999999999999999600, 2.778937316441764300 ) ) ;
#5570 = ADVANCED_FACE ( 'NONE', ( #4211 ), #6465, .F. ) ;
#5571 = VECTOR ( 'NONE', #6227, 1000.000000000000000 ) ;
#5572 = CARTESIAN_POINT ( 'NONE',  ( -0.9587092099582812400, 3.910000000000000100, 1.138718804228314500 ) ) ;
#5573 = CARTESIAN_POINT ( 'NONE',  ( -0.8717079309965304300, 3.899999999999999500, 1.142255830237353300 ) ) ;
#5574 = DIRECTION ( 'NONE',  ( 1.000000000000000000, 0.0000000000000000000, 0.0000000000000000000 ) ) ;
#5575 = ORIENTED_EDGE ( 'NONE', *, *, #1615, .F. ) ;
#5576 = CARTESIAN_POINT ( 'NONE',  ( 0.5328876710618186700, 3.900000000000000400, 2.072193764635597500 ) ) ;
#5577 = CARTESIAN_POINT ( 'NONE',  ( -1.793897507391519500, 3.899999999999999500, 1.877159357313850100 ) ) ;
#5578 =( NAMED_UNIT ( * ) SI_UNIT ( $, .STERADIAN. ) SOLID_ANGLE_UNIT ( ) );
#5579 = SURFACE_STYLE_FILL_AREA ( #728 ) ;
#5580 = CARTESIAN_POINT ( 'NONE',  ( 1.260927809620414000, 3.900000000000000400, 1.951895792831960200 ) ) ;
#5581 = EDGE_CURVE ( 'NONE', #4855, #7023, #6938, .T. ) ;
#5582 = DIRECTION ( 'NONE',  ( 0.0000000000000000000, 0.7071067811865445800, -0.7071067811865503500 ) ) ;
#5583 = CARTESIAN_POINT ( 'NONE',  ( -5.110000000000000300, 0.0000000000000000000, 7.549999999999998000 ) ) ;
#5584 = EDGE_CURVE ( 'NONE', #1700, #5017, #232, .T. ) ;
#5585 = LINE ( 'NONE', #4713, #4643 ) ;
#5586 = CARTESIAN_POINT ( 'NONE',  ( 2.319894250009187300, 3.910000000000000100, 1.942465146214544800 ) ) ;
#5587 = CARTESIAN_POINT ( 'NONE',  ( 0.8381919473776084900, 3.910000000000000100, 1.256404290951386600 ) ) ;
#5588 = CARTESIAN_POINT ( 'NONE',  ( 0.6302489608750112500, 3.909999999999999300, 2.056365984854363400 ) ) ;
#5589 = SURFACE_STYLE_FILL_AREA ( #6823 ) ;
#5590 = CARTESIAN_POINT ( 'NONE',  ( 0.1562429342197137700, 3.910000000000000100, 1.646618106740860500 ) ) ;
#5591 = CARTESIAN_POINT ( 'NONE',  ( 1.149212106640353300, 3.910000000000001000, 1.322118166689648000 ) ) ;
#5592 = DIRECTION ( 'NONE',  ( 0.0000000000000000000, 0.0000000000000000000, -1.000000000000000000 ) ) ;
#5593 =( GEOMETRIC_REPRESENTATION_CONTEXT ( 3 ) GLOBAL_UNCERTAINTY_ASSIGNED_CONTEXT ( ( #5414 ) ) GLOBAL_UNIT_ASSIGNED_CONTEXT ( ( #5007, #4352, #6337 ) ) REPRESENTATION_CONTEXT ( 'NONE', 'WORKASPACE' ) );
#5594 = AXIS2_PLACEMENT_3D ( 'NONE', #8266, #7538, #2232 ) ;
#5595 = CARTESIAN_POINT ( 'NONE',  ( -4.843159576245931000, 3.750000000000000400, 7.549999999999998000 ) ) ;
#5596 = LINE ( 'NONE', #7338, #3830 ) ;
#5597 = EDGE_CURVE ( 'NONE', #8491, #1056, #1933, .T. ) ;
#5598 = CARTESIAN_POINT ( 'NONE',  ( -0.3355694627721737000, 3.900000000000002100, 1.368513945811112600 ) ) ;
#5599 = EDGE_CURVE ( 'NONE', #2929, #1145, #3003, .T. ) ;
#5600 = CARTESIAN_POINT ( 'NONE',  ( -5.004477270690805400, 0.6783326927753097200, 6.275579915886944500 ) ) ;
#5601 = CARTESIAN_POINT ( 'NONE',  ( -5.110000000000000300, 0.0000000000000000000, -5.199999999999986000 ) ) ;
#5602 = CARTESIAN_POINT ( 'NONE',  ( -0.7286502517556378000, 3.900000000000000800, 1.862221583346773000 ) ) ;
#5603 = ORIENTED_EDGE ( 'NONE', *, *, #226, .F. ) ;
#5604 =( GEOMETRIC_REPRESENTATION_CONTEXT ( 3 ) GLOBAL_UNCERTAINTY_ASSIGNED_CONTEXT ( ( #4393 ) ) GLOBAL_UNIT_ASSIGNED_CONTEXT ( ( #7648, #6256, #6224 ) ) REPRESENTATION_CONTEXT ( 'NONE', 'WORKASPACE' ) );
#5605 = CARTESIAN_POINT ( 'NONE',  ( -5.092645480655616700, 0.6999999999999999600, 2.751530682429196500 ) ) ;
#5606 = ORIENTED_EDGE ( 'NONE', *, *, #7168, .F. ) ;
#5607 = DIRECTION ( 'NONE',  ( -0.0000000000000000000, -1.000000000000000000, -0.0000000000000000000 ) ) ;
#5608 = FILL_AREA_STYLE ('',( #5084 ) ) ;
#5609 = FILL_AREA_STYLE_COLOUR ( '', #49 ) ;
#5610 = CARTESIAN_POINT ( 'NONE',  ( 0.4017739023496890700, 3.899999999999999000, 2.046695227055730400 ) ) ;
#5611 = CARTESIAN_POINT ( 'NONE',  ( 2.940000000000000400, 2.299999999999999400, 21.14999999999999900 ) ) ;
#5612 = LINE ( 'NONE', #4629, #3526 ) ;
#5613 = EDGE_LOOP ( 'NONE', ( #6169, #5042, #5128, #3288 ) ) ;
#5614 = DIRECTION ( 'NONE',  ( -0.0000000000000000000, -1.000000000000000000, -0.0000000000000000000 ) ) ;
#5615 = VERTEX_POINT ( 'NONE', #1251 ) ;
#5616 = CARTESIAN_POINT ( 'NONE',  ( 1.732716328008646800, 3.899999999999999000, 1.163839488419106600 ) ) ;
#5617 = STYLED_ITEM ( 'NONE', ( #8428 ), #4581 ) ;
#5618 = CARTESIAN_POINT ( 'NONE',  ( 2.317111514797229900, 3.910000000000000100, 1.950312185406437400 ) ) ;
#5619 = ADVANCED_FACE ( 'NONE', ( #1830 ), #4539, .T. ) ;
#5620 = SURFACE_STYLE_USAGE ( .BOTH. , #2873 ) ;
#5621 = CARTESIAN_POINT ( 'NONE',  ( -0.7706045137590549200, 3.900000000000000400, 1.344713350844105100 ) ) ;
#5622 = ORIENTED_EDGE ( 'NONE', *, *, #1130, .F. ) ;
#5623 = CARTESIAN_POINT ( 'NONE',  ( -0.9587092099582812400, 3.900000000000000800, 1.138718804228314500 ) ) ;
#5624 = CARTESIAN_POINT ( 'NONE',  ( 1.182951804449895700, 3.909999999999999300, 1.284238236682931000 ) ) ;
#5625 = CARTESIAN_POINT ( 'NONE',  ( -0.8120471937615448800, 3.899999999999998600, 1.685953153342991700 ) ) ;
#5626 = VECTOR ( 'NONE', #4485, 1000.000000000000100 ) ;
#5627 = CARTESIAN_POINT ( 'NONE',  ( -5.110000000000000300, 3.750000000000000400, 7.549999999999998000 ) ) ;
#5628 =( NAMED_UNIT ( * ) PLANE_ANGLE_UNIT ( ) SI_UNIT ( $, .RADIAN. ) );
#5629 = ORIENTED_EDGE ( 'NONE', *, *, #4859, .F. ) ;
#5630 = CARTESIAN_POINT ( 'NONE',  ( -0.6500893026223919500, 3.900000000000000400, 1.387160869898755200 ) ) ;
#5631 = CARTESIAN_POINT ( 'NONE',  ( -0.3553299171083736900, 3.900000000000000400, 1.436899906670292800 ) ) ;
#5632 = CARTESIAN_POINT ( 'NONE',  ( -0.8484661555105674800, 3.900000000000000800, 2.044883865654965900 ) ) ;
#5633 = VERTEX_POINT ( 'NONE', #5165 ) ;
#5634 = CIRCLE ( 'NONE', #8117, 1.825000000000000200 ) ;
#5635 = CARTESIAN_POINT ( 'NONE',  ( 1.670096984931986000, 3.900000000000000800, 1.259355474234801400 ) ) ;
#5636 = CARTESIAN_POINT ( 'NONE',  ( -0.03850858240370196000, 3.909999999999998400, 1.290397767514616800 ) ) ;
#5637 = CARTESIAN_POINT ( 'NONE',  ( 0.4702526505400033100, 3.909999999999998400, 1.638875932116354200 ) ) ;
#5638 = PLANE ( 'NONE',  #4750 ) ;
#5639 = ORIENTED_EDGE ( 'NONE', *, *, #3528, .T. ) ;
#5640 = EDGE_CURVE ( 'NONE', #4081, #1366, #158, .T. ) ;
#5641 = EDGE_CURVE ( 'NONE', #6160, #5310, #5694, .T. ) ;
#5642 = CARTESIAN_POINT ( 'NONE',  ( -0.7894807499908128600, 3.900000000000000400, 1.600976659372439500 ) ) ;
#5643 = CARTESIAN_POINT ( 'NONE',  ( 1.162335678169964700, 3.900000000000000400, 1.677399364606168200 ) ) ;
#5644 = CARTESIAN_POINT ( 'NONE',  ( -1.121025724862457600, 3.900000000000000800, 1.919742145173487300 ) ) ;
#5645 = EDGE_LOOP ( 'NONE', ( #3373, #2630, #4460, #1197 ) ) ;
#5646 = ORIENTED_EDGE ( 'NONE', *, *, #3858, .T. ) ;
#5647 = STYLED_ITEM ( 'NONE', ( #2597 ), #2236 ) ;
#5648 = ORIENTED_EDGE ( 'NONE', *, *, #8619, .T. ) ;
#5649 = SURFACE_STYLE_USAGE ( .BOTH. , #1005 ) ;
#5650 = CARTESIAN_POINT ( 'NONE',  ( 1.483864348711328600, 3.909999999999999300, 2.058207962310592400 ) ) ;
#5651 = EDGE_CURVE ( 'NONE', #2957, #3672, #1304, .T. ) ;
#5652 = CARTESIAN_POINT ( 'NONE',  ( 0.7044162606043176100, 3.899999999999999500, 2.010816843805709500 ) ) ;
#5653 = CARTESIAN_POINT ( 'NONE',  ( -1.209299828938181100, 3.900000000000000400, 1.387160869898755200 ) ) ;
#5654 = FILL_AREA_STYLE ('',( #2758 ) ) ;
#5655 = CARTESIAN_POINT ( 'NONE',  ( -0.8653660799552022100, 3.910000000000001000, 1.659673132907382800 ) ) ;
#5656 = VERTEX_POINT ( 'NONE', #5248 ) ;
#5657 = CARTESIAN_POINT ( 'NONE',  ( -0.7785246681016396700, 3.899999999999999500, 1.463854606903506800 ) ) ;
#5658 = VECTOR ( 'NONE', #2922, 1000.000000000000000 ) ;
#5659 = AXIS2_PLACEMENT_3D ( 'NONE', #3323, #5230, #2570 ) ;
#5660 = CARTESIAN_POINT ( 'NONE',  ( -0.2350743631227813200, 3.900000000000001200, 1.244690770825275500 ) ) ;
#5661 = CARTESIAN_POINT ( 'NONE',  ( 2.940000000000000400, 2.299999999999999400, 21.14999999999999900 ) ) ;
#5662 = CARTESIAN_POINT ( 'NONE',  ( -0.2753266109808378300, 3.900000000000000400, 1.272462549946104400 ) ) ;
#5663 = DIRECTION ( 'NONE',  ( 1.000000000000000000, 0.0000000000000000000, 0.0000000000000000000 ) ) ;
#5664 = VECTOR ( 'NONE', #1217, 1000.000000000000000 ) ;
#5665 = CARTESIAN_POINT ( 'NONE',  ( 1.755670184367115900, 3.900000000000001200, 1.293289987746186800 ) ) ;
#5666 = CARTESIAN_POINT ( 'NONE',  ( -0.02353772402664755200, 3.910000000000001900, 1.312374184758465800 ) ) ;
#5667 = ADVANCED_FACE ( 'NONE', ( #6440 ), #585, .F. ) ;
#5668 = LINE ( 'NONE', #5037, #3372 ) ;
#5669 = ORIENTED_EDGE ( 'NONE', *, *, #7850, .T. ) ;
#5670 = ORIENTED_EDGE ( 'NONE', *, *, #4906, .T. ) ;
#5671 = DIRECTION ( 'NONE',  ( 1.000000000000000000, 0.0000000000000000000, 0.0000000000000000000 ) ) ;
#5672 = DIRECTION ( 'NONE',  ( 1.000000000000000000, 0.0000000000000000000, 0.0000000000000000000 ) ) ;
#5673 = CARTESIAN_POINT ( 'NONE',  ( 0.7193401334593169100, 3.900000000000001200, 1.577615581733054200 ) ) ;
#5674 = ORIENTED_EDGE ( 'NONE', *, *, #5933, .T. ) ;
#5675 = PRESENTATION_LAYER_ASSIGNMENT (  '', '', ( #7340 ) ) ;
#5676 = CARTESIAN_POINT ( 'NONE',  ( 1.782476486851292600, 3.910000000000000100, 2.106322054109281500 ) ) ;
#5677 = CARTESIAN_POINT ( 'NONE',  ( 1.507599842114450300, 3.899999999999999500, 2.164299027793492100 ) ) ;
#5678 = CARTESIAN_POINT ( 'NONE',  ( -0.9359373399043943200, 3.899999999999999500, 1.651372276107489600 ) ) ;
#5679 = ORIENTED_EDGE ( 'NONE', *, *, #1010, .F. ) ;
#5680 = CARTESIAN_POINT ( 'NONE',  ( 1.522813657903924400, 3.910000000000000100, 2.059035869898755400 ) ) ;
#5681 = ORIENTED_EDGE ( 'NONE', *, *, #2622, .F. ) ;
#5682 = CARTESIAN_POINT ( 'NONE',  ( 0.5314485263249765200, 3.900000000000000400, 2.164299027793492100 ) ) ;
#5683 = COLOUR_RGB ( '',1.000000000000000000, 1.000000000000000000, 1.000000000000000000 ) ;
#5684 = CARTESIAN_POINT ( 'NONE',  ( 0.5416703088339140900, 3.909999999999999300, 2.072010904736111900 ) ) ;
#5685 = CARTESIAN_POINT ( 'NONE',  ( 0.7587313304137581800, 3.910000000000000100, 1.919173634155718400 ) ) ;
#5686 =( LENGTH_UNIT ( ) NAMED_UNIT ( * ) SI_UNIT ( .MILLI., .METRE. ) );
#5687 = VECTOR ( 'NONE', #5607, 1000.000000000000000 ) ;
#5688 = CARTESIAN_POINT ( 'NONE',  ( -0.7298392871529417700, 3.899999999999999900, 1.632709313591214100 ) ) ;
#5689 = CARTESIAN_POINT ( 'NONE',  ( -0.7361868275978017400, 3.900000000000000400, 1.794760381410794600 ) ) ;
#5690 = B_SPLINE_CURVE_WITH_KNOTS ( 'NONE', 3,
 ( #339, #5684, #7035, #1711, #5750, #3023, #7759, #8372, #2369, #1771, #4389, #3050, #7727, #394, #7094, #5097, #2467, #7160, #5158 ),
 .UNSPECIFIED., .F., .F.,
 ( 4, 1, 1, 1, 1, 1, 1, 1, 1, 1, 1, 1, 1, 1, 1, 1, 4 ),
 ( 0.0000000000000000000, 0.07241630037921351100, 0.1419048323535755700, 0.2083174432551981600, 0.2730362286386504000, 0.3358352471311769600, 0.3957966158000121900, 0.4547555793623830300, 0.5128847855547215000, 0.5708818922534653100, 0.6289973520918410400, 0.6872693281346847800, 0.7469689604807713300, 0.8079319788552079600, 0.8704760266704265600, 0.9337970489698189700, 0.9999999999999998900 ),
 .UNSPECIFIED. ) ;
#5691 =( NAMED_UNIT ( * ) SI_UNIT ( $, .STERADIAN. ) SOLID_ANGLE_UNIT ( ) );
#5692 = ADVANCED_FACE ( 'NONE', ( #4633 ), #422, .T. ) ;
#5693 = CARTESIAN_POINT ( 'NONE',  ( -0.7637817368329178300, 3.900000000000000400, 1.394973369898755200 ) ) ;
#5694 = CIRCLE ( 'NONE', #8069, 0.1492882709582896700 ) ;
#5695 =( LENGTH_UNIT ( ) NAMED_UNIT ( * ) SI_UNIT ( .MILLI., .METRE. ) );
#5696 = CARTESIAN_POINT ( 'NONE',  ( 1.039877802640766200, 3.910000000000000100, 1.669850014635597200 ) ) ;
#5697 = DIRECTION ( 'NONE',  ( -0.8660254037844398200, 0.0000000000000000000, 0.4999999999999980600 ) ) ;
#5698 = CARTESIAN_POINT ( 'NONE',  ( -1.182090524472926500, 3.910000000000000100, 2.061512760230873400 ) ) ;
#5699 = CARTESIAN_POINT ( 'NONE',  ( 1.522813657903924400, 3.900000000000000400, 2.059035869898755400 ) ) ;
#5700 = LINE ( 'NONE', #3471, #3711 ) ;
#5701 = CARTESIAN_POINT ( 'NONE',  ( -1.188506495173645300, 3.910000000000000100, 1.287746495369543200 ) ) ;
#5702 = CARTESIAN_POINT ( 'NONE',  ( -2.940000000000000400, 2.860000000000000300, 21.14999999999999900 ) ) ;
#5703 = CARTESIAN_POINT ( 'NONE',  ( -0.09625178356323778300, 3.900000000000000400, 2.058128637103567200 ) ) ;
#5704 = VERTEX_POINT ( 'NONE', #1137 ) ;
#5705 = DIRECTION ( 'NONE',  ( 0.0000000000000000000, 0.0000000000000000000, -1.000000000000000000 ) ) ;
#5706 = CARTESIAN_POINT ( 'NONE',  ( -0.1568738420960761000, 3.900000000000000800, 1.137983238319807900 ) ) ;
#5707 = AXIS2_PLACEMENT_3D ( 'NONE', #6527, #3182, #8526 ) ;
#5708 = CARTESIAN_POINT ( 'NONE',  ( -1.105334198985121800, 3.910000000000001000, 1.754616079202461700 ) ) ;
#5709 = EDGE_CURVE ( 'NONE', #5929, #404, #980, .T. ) ;
#5710 = CARTESIAN_POINT ( 'NONE',  ( -4.692586600614427900, 3.900000000000000400, 6.611251444700425100 ) ) ;
#5711 = MECHANICAL_DESIGN_GEOMETRIC_PRESENTATION_REPRESENTATION (  '', ( #8227 ), #7184 ) ;
#5712 = ORIENTED_EDGE ( 'NONE', *, *, #830, .F. ) ;
#5713 = B_SPLINE_SURFACE_WITH_KNOTS ( 'NONE', 3, 1, ( 
 ( #5204, #6548 ),
 ( #5187, #6522 ),
 ( #6577, #1809 ),
 ( #4536, #8494 ),
 ( #4563, #5900 ),
 ( #603, #2588 ),
 ( #5160, #7161 ),
 ( #2535, #1162 ),
 ( #3875, #5275 ),
 ( #582, #7268 ),
 ( #6607, #3900 ),
 ( #7190, #7849 ),
 ( #7215, #4479 ),
 ( #549, #481 ),
 ( #4591, #8551 ),
 ( #5845, #5244 ),
 ( #1272, #8607 ),
 ( #7879, #3176 ),
 ( #3261, #1913 ),
 ( #3846, #8522 ),
 ( #6491, #5216 ) ),
 .UNSPECIFIED., .F., .F., .F.,
 ( 4, 1, 1, 1, 1, 1, 1, 1, 1, 1, 1, 1, 1, 1, 1, 1, 1, 1, 4 ),
 ( 2, 2 ),
 ( 0.0000000000000000000, 0.02409652232115020900, 0.05100988149170289400, 0.08048546387731381200, 0.1127022574965740700, 0.1470092030223501800, 0.1834115044193925000, 0.2214562578665820700, 0.2614211825009101200, 0.3456651829338394100, 0.4354475418537445700, 0.5285713383436830800, 0.6235195233837477200, 0.7190324211410643600, 0.8146214701394451900, 0.8620363981615487600, 0.9086404887170506100, 0.9547692771864023700, 1.000000000000000000 ),
 ( 0.0000000000000000000, 1.000000000000000000 ),
 .UNSPECIFIED. ) ;
#5714 = ORIENTED_EDGE ( 'NONE', *, *, #4862, .T. ) ;
#5715 = CARTESIAN_POINT ( 'NONE',  ( -0.9296945657802865300, 3.900000000000000400, 2.164299027793492100 ) ) ;
#5716 = ADVANCED_FACE ( 'NONE', ( #2965 ), #6093, .T. ) ;
#5717 = CARTESIAN_POINT ( 'NONE',  ( 1.509637249302213200, 3.910000000000000100, 2.058755791794875600 ) ) ;
#5718 = CIRCLE ( 'NONE', #4363, 1.800000000000000000 ) ;
#5719 = CARTESIAN_POINT ( 'NONE',  ( 5.104472429802509500, 0.6999999999999999600, 6.380077747604198100 ) ) ;
#5720 = CARTESIAN_POINT ( 'NONE',  ( -0.9412201273748439500, 3.899999999999999500, 2.164014981173039600 ) ) ;
#5721 = CARTESIAN_POINT ( 'NONE',  ( -0.6441691866073752100, 3.900000000000001700, 1.728528659317969600 ) ) ;
#5722 =( NAMED_UNIT ( * ) SI_UNIT ( $, .STERADIAN. ) SOLID_ANGLE_UNIT ( ) );
#5723 = ORIENTED_EDGE ( 'NONE', *, *, #844, .T. ) ;
#5724 = PRESENTATION_LAYER_ASSIGNMENT (  '', '', ( #5429 ) ) ;
#5725 = CARTESIAN_POINT ( 'NONE',  ( 2.305550740924505100, 3.900000000000000800, 1.988697149356042600 ) ) ;
#5726 = CARTESIAN_POINT ( 'NONE',  ( -1.215222432378078000, 3.909999999999999300, 1.728526308594131400 ) ) ;
#5727 = DIRECTION ( 'NONE',  ( 0.0000000000000000000, 0.0000000000000000000, -1.000000000000000000 ) ) ;
#5728 = EDGE_LOOP ( 'NONE', ( #3127, #307, #1827, #8540 ) ) ;
#5729 = COLOUR_RGB ( '',0.8941176470588234600, 0.9137254901960784000, 0.9294117647058823800 ) ;
#5730 = CARTESIAN_POINT ( 'NONE',  ( -4.842015805328189900, 3.763073361412148500, 6.515680143154649600 ) ) ;
#5731 = CARTESIAN_POINT ( 'NONE',  ( 0.1560212357295255900, 3.909999999999999300, 1.626053294359173900 ) ) ;
#5732 = CARTESIAN_POINT ( 'NONE',  ( -0.4720238021178053100, 3.899999999999999900, 1.880212352050526100 ) ) ;
#5733 =( GEOMETRIC_REPRESENTATION_CONTEXT ( 3 ) GLOBAL_UNCERTAINTY_ASSIGNED_CONTEXT ( ( #6231 ) ) GLOBAL_UNIT_ASSIGNED_CONTEXT ( ( #2243, #7689, #6390 ) ) REPRESENTATION_CONTEXT ( 'NONE', 'WORKASPACE' ) );
#5734 = FILL_AREA_STYLE_COLOUR ( '', #5135 ) ;
#5735 = FACE_OUTER_BOUND ( 'NONE', #5837, .T. ) ;
#5736 =( LENGTH_UNIT ( ) NAMED_UNIT ( * ) SI_UNIT ( .MILLI., .METRE. ) );
#5737 = CARTESIAN_POINT ( 'NONE',  ( 0.03967221053550280800, 3.900000000000000400, 1.658131264635597500 ) ) ;
#5738 = ORIENTED_EDGE ( 'NONE', *, *, #8160, .F. ) ;
#5739 = FACE_OUTER_BOUND ( 'NONE', #1587, .T. ) ;
#5740 = CARTESIAN_POINT ( 'NONE',  ( 5.110000000000000300, 0.6999999999999999600, 7.549999999999998000 ) ) ;
#5741 = CARTESIAN_POINT ( 'NONE',  ( 4.884897671125798100, 3.272931392505477700, 6.582126122668025700 ) ) ;
#5742 = ORIENTED_EDGE ( 'NONE', *, *, #6105, .T. ) ;
#5743 = VERTEX_POINT ( 'NONE', #721 ) ;
#5744 = CARTESIAN_POINT ( 'NONE',  ( -1.095819900880390800, 3.909999999999999300, 1.737547918765163000 ) ) ;
#5745 = ORIENTED_EDGE ( 'NONE', *, *, #515, .F. ) ;
#5746 = FILL_AREA_STYLE ('',( #7692 ) ) ;
#5747 = VERTEX_POINT ( 'NONE', #4650 ) ;
#5748 = CARTESIAN_POINT ( 'NONE',  ( -1.163132261720062600, 3.910000000000000100, 1.661313807678422000 ) ) ;
#5749 = CARTESIAN_POINT ( 'NONE',  ( 0.5314485263249765200, 3.910000000000000100, 2.164299027793492100 ) ) ;
#5750 = CARTESIAN_POINT ( 'NONE',  ( 0.6078453161211405700, 3.910000000000000100, 2.063651380491140900 ) ) ;
#5751 = FILL_AREA_STYLE ('',( #6404 ) ) ;
#5752 = ORIENTED_EDGE ( 'NONE', *, *, #5936, .F. ) ;
#5753 = FILL_AREA_STYLE ('',( #5072 ) ) ;
#5754 = CARTESIAN_POINT ( 'NONE',  ( -0.8287806611635252200, 3.910000000000000100, 1.675938976614938800 ) ) ;
#5755 = LINE ( 'NONE', #2499, #2506 ) ;
#5756 = DIRECTION ( 'NONE',  ( 0.9383431168171102500, -0.0000000000000000000, 0.3457053588273560900 ) ) ;
#5757 = CARTESIAN_POINT ( 'NONE',  ( -1.163132261720062600, 3.900000000000000400, 1.661313807678422000 ) ) ;
#5758 = DIRECTION ( 'NONE',  ( 0.0000000000000000000, -0.0000000000000000000, 1.000000000000000000 ) ) ;
#5759 = LINE ( 'NONE', #5740, #3974 ) ;
#5760 = ORIENTED_EDGE ( 'NONE', *, *, #4970, .T. ) ;
#5761 = SURFACE_STYLE_USAGE ( .BOTH. , #8441 ) ;
#5762 = CARTESIAN_POINT ( 'NONE',  ( -1.251556753418039200, 3.900000000000001200, 1.898896368262210600 ) ) ;
#5763 = CARTESIAN_POINT ( 'NONE',  ( 1.559263061336032100, 3.909999999999999300, 2.058468480478707900 ) ) ;
#5764 = CARTESIAN_POINT ( 'NONE',  ( -0.9455914357427441800, 3.910000000000000100, 1.558524221780324800 ) ) ;
#5765 = ADVANCED_FACE ( 'NONE', ( #3695 ), #863, .F. ) ;
#5766 =( NAMED_UNIT ( * ) SI_UNIT ( $, .STERADIAN. ) SOLID_ANGLE_UNIT ( ) );
#5767 = CARTESIAN_POINT ( 'NONE',  ( -0.2582332747462331400, 3.909999999999998400, 2.047068854742370100 ) ) ;
#5768 = CARTESIAN_POINT ( 'NONE',  ( -0.2376452185246475100, 3.900000000000001200, 2.058378348507226900 ) ) ;
#5769 = EDGE_CURVE ( 'NONE', #8344, #5286, #7029, .T. ) ;
#5770 = EDGE_CURVE ( 'NONE', #2774, #142, #8614, .T. ) ;
#5771 = DIRECTION ( 'NONE',  ( -0.0000000000000000000, -1.000000000000000000, -0.0000000000000000000 ) ) ;
#5772 = CARTESIAN_POINT ( 'NONE',  ( 4.988478172493477900, 2.089000844326607700, 6.509291471950550800 ) ) ;
#5773 = VERTEX_POINT ( 'NONE', #197 ) ;
#5774 = CARTESIAN_POINT ( 'NONE',  ( -1.128707723675023400, 3.900000000000000400, 1.854677317267176400 ) ) ;
#5775 = B_SPLINE_SURFACE_WITH_KNOTS ( 'NONE', 3, 1, ( 
 ( #8670, #7276 ),
 ( #1365, #6044 ),
 ( #4655, #2599 ),
 ( #6730, #2702 ),
 ( #4047, #5255 ),
 ( #1254, #6617 ),
 ( #5934, #7951 ) ),
 .UNSPECIFIED., .F., .F., .F.,
 ( 4, 1, 1, 1, 4 ),
 ( 2, 2 ),
 ( 0.0000000000000000000, 0.2293805487812669300, 0.4721227502139387400, 0.7299846586571563400, 1.000000000000000000 ),
 ( 0.0000000000000000000, 1.000000000000000000 ),
 .UNSPECIFIED. ) ;
#5776 = CARTESIAN_POINT ( 'NONE',  ( -1.611097369212351100, 3.909999999999999300, 1.696136435398698700 ) ) ;
#5777 = STYLED_ITEM ( 'NONE', ( #6021 ), #3556 ) ;
#5778 = DIRECTION ( 'NONE',  ( 1.000000000000000000, 0.0000000000000000000, 0.0000000000000000000 ) ) ;
#5779 = VECTOR ( 'NONE', #7116, 1000.000000000000000 ) ;
#5780 = CARTESIAN_POINT ( 'NONE',  ( 1.175270800272036000, 3.910000000000001900, 1.787869176903695800 ) ) ;
#5781 = EDGE_LOOP ( 'NONE', ( #4482, #6802, #5263, #4940 ) ) ;
#5782 = EDGE_CURVE ( 'NONE', #6529, #6398, #6747, .T. ) ;
#5783 = CARTESIAN_POINT ( 'NONE',  ( -0.9231787534171956900, 3.899999999999999900, 1.230266600275668800 ) ) ;
#5784 = EDGE_CURVE ( 'NONE', #8287, #44, #6328, .T. ) ;
#5785 = ORIENTED_EDGE ( 'NONE', *, *, #2666, .T. ) ;
#5786 = FILL_AREA_STYLE_COLOUR ( '', #7661 ) ;
#5787 = CARTESIAN_POINT ( 'NONE',  ( -0.8308266442118046300, 3.899999999999999500, 2.036430294566037500 ) ) ;
#5788 =( LENGTH_UNIT ( ) NAMED_UNIT ( * ) SI_UNIT ( .MILLI., .METRE. ) );
#5789 = CARTESIAN_POINT ( 'NONE',  ( -1.089706419775347000, 3.909999999999999300, 1.609857265321739800 ) ) ;
#5790 = VECTOR ( 'NONE', #7144, 1000.000000000000000 ) ;
#5791 = CARTESIAN_POINT ( 'NONE',  ( -1.511109039464497000, 3.910000000000000100, 1.256404290951386600 ) ) ;
#5792 = ORIENTED_EDGE ( 'NONE', *, *, #7613, .T. ) ;
#5793 = CARTESIAN_POINT ( 'NONE',  ( -0.2810016057758080700, 3.900000000000001200, 2.146582693392264900 ) ) ;
#5794 = CARTESIAN_POINT ( 'NONE',  ( -1.113884668045848300, 3.909999999999999300, 1.772576268388230700 ) ) ;
#5795 = FILL_AREA_STYLE_COLOUR ( '', #748 ) ;
#5796 = CARTESIAN_POINT ( 'NONE',  ( -0.7513876340053785600, 3.910000000000001000, 1.956782462294852900 ) ) ;
#5797 = LINE ( 'NONE', #7618, #2095 ) ;
#5798 =( GEOMETRIC_REPRESENTATION_CONTEXT ( 3 ) GLOBAL_UNCERTAINTY_ASSIGNED_CONTEXT ( ( #3328 ) ) GLOBAL_UNIT_ASSIGNED_CONTEXT ( ( #4544, #3211, #5907 ) ) REPRESENTATION_CONTEXT ( 'NONE', 'WORKASPACE' ) );
#5799 = CARTESIAN_POINT ( 'NONE',  ( 0.0000000000000000000, 3.900000000000000400, 6.049999999999998000 ) ) ;
#5800 = B_SPLINE_CURVE_WITH_KNOTS ( 'NONE', 3,
 ( #303, #969, #4345, #4266, #5703, #7021, #6303, #8330, #7052, #8364, #4967, #4318, #7748, #356, #3686, #3714, #939, #6425, #5737 ),
 .UNSPECIFIED., .F., .F.,
 ( 4, 1, 1, 1, 1, 1, 1, 1, 1, 1, 1, 1, 1, 1, 1, 1, 4 ),
 ( 0.0000000000000000000, 0.04846002508828542400, 0.09493506346992376700, 0.1402108469583504000, 0.1851200762343128100, 0.2309306074514619600, 0.2784169223974175500, 0.3290115419617173400, 0.3833911951500226200, 0.4415360846121133000, 0.5048496297884519400, 0.5729898469418285300, 0.6466616241752301000, 0.7261786861426278200, 0.8112384529176143200, 0.9024787417738853200, 1.000000000000000000 ),
 .UNSPECIFIED. ) ;
#5801 = CARTESIAN_POINT ( 'NONE',  ( -0.3102621378589839900, 3.909999999999999300, 1.994347555481315000 ) ) ;
#5802 = CARTESIAN_POINT ( 'NONE',  ( -0.9897979145519502100, 3.899999999999998100, 1.659266255552924700 ) ) ;
#5803 =( GEOMETRIC_REPRESENTATION_CONTEXT ( 3 ) GLOBAL_UNCERTAINTY_ASSIGNED_CONTEXT ( ( #6449 ) ) GLOBAL_UNIT_ASSIGNED_CONTEXT ( ( #6781, #2756, #4769 ) ) REPRESENTATION_CONTEXT ( 'NONE', 'WORKASPACE' ) );
#5804 = CARTESIAN_POINT ( 'NONE',  ( 1.070893835725775800, 3.900000000000000400, 1.870071291022347600 ) ) ;
#5805 = SURFACE_STYLE_FILL_AREA ( #5192 ) ;
#5806 = CARTESIAN_POINT ( 'NONE',  ( -1.071827819776806500, 3.900000000000000400, 1.707831333054794300 ) ) ;
#5807 = VERTEX_POINT ( 'NONE', #8081 ) ;
#5808 = UNCERTAINTY_MEASURE_WITH_UNIT (LENGTH_MEASURE( 1.000000000000000100E-005 ), #300, 'distance_accuracy_value', 'NONE');
#5809 = B_SPLINE_SURFACE_WITH_KNOTS ( 'NONE', 3, 1, ( 
 ( #2115, #6822 ),
 ( #6179, #905 ),
 ( #4227, #6270 ),
 ( #4943, #5573 ),
 ( #159, #7484 ),
 ( #1580, #4814 ),
 ( #855, #8272 ),
 ( #246, #2240 ),
 ( #3476, #820 ),
 ( #6210, #8147 ),
 ( #4142, #2920 ),
 ( #272, #4902 ),
 ( #2863, #7541 ),
 ( #2146, #6851 ),
 ( #4200, #5486 ),
 ( #1488, #2834 ),
 ( #1517, #7598 ),
 ( #937, #6872 ),
 ( #6239, #3594 ) ),
 .UNSPECIFIED., .F., .F., .F.,
 ( 4, 1, 1, 1, 1, 1, 1, 1, 1, 1, 1, 1, 1, 1, 1, 1, 4 ),
 ( 2, 2 ),
 ( 0.0000000000000000000, 0.07088122456531613400, 0.1397513464861760100, 0.2066981375000645500, 0.2723314033248935800, 0.3367201738396918800, 0.3992083183904052700, 0.4603187995202969700, 0.5204598130973493400, 0.5799274380173117200, 0.6389295717607930100, 0.6975863482601698500, 0.7569807171128661900, 0.8166189229218459000, 0.8767478700857536100, 0.9374712265911598900, 0.9999999999999998900 ),
 ( 0.0000000000000000000, 1.000000000000000000 ),
 .UNSPECIFIED. ) ;
#5810 = CARTESIAN_POINT ( 'NONE',  ( -1.697723022216395900, 3.909999999999998400, 1.952661931281668200 ) ) ;
#5811 = FACE_OUTER_BOUND ( 'NONE', #7046, .T. ) ;
#5812 = CARTESIAN_POINT ( 'NONE',  ( -1.040640484948569300, 3.909999999999999300, 1.156257861320475900 ) ) ;
#5813 = ADVANCED_FACE ( 'NONE', ( #1919 ), #349, .T. ) ;
#5814 = CARTESIAN_POINT ( 'NONE',  ( 5.061399190919205500, 0.6999999999999999600, 6.308813961546988500 ) ) ;
#5815 = LINE ( 'NONE', #215, #5175 ) ;
#5816 = CARTESIAN_POINT ( 'NONE',  ( 0.7587313304137581800, 3.900000000000000400, 1.919173634155718400 ) ) ;
#5817 =( NAMED_UNIT ( * ) SI_UNIT ( $, .STERADIAN. ) SOLID_ANGLE_UNIT ( ) );
#5818 = B_SPLINE_CURVE_WITH_KNOTS ( 'NONE', 3,
 ( #1530, #1474, #1416, #6222, #2787, #782, #8135 ),
 .UNSPECIFIED., .F., .F.,
 ( 4, 1, 1, 1, 4 ),
 ( 0.0000000000000000000, 0.2491494048076365000, 0.5137230259008200800, 0.7714948216242317700, 0.9999999999999998900 ),
 .UNSPECIFIED. ) ;
#5819 = CARTESIAN_POINT ( 'NONE',  ( -0.9288721973592338800, 3.910000000000000100, 1.230088501477702500 ) ) ;
#5820 = SURFACE_STYLE_USAGE ( .BOTH. , #7767 ) ;
#5821 = CARTESIAN_POINT ( 'NONE',  ( -0.4803475336890499800, 3.910000000000000100, 1.493900912537324600 ) ) ;
#5822 =( NAMED_UNIT ( * ) SI_UNIT ( $, .STERADIAN. ) SOLID_ANGLE_UNIT ( ) );
#5823 = EDGE_CURVE ( 'NONE', #7502, #5773, #6615, .T. ) ;
#5824 = CARTESIAN_POINT ( 'NONE',  ( -5.052755109473112700, 1.354312092788057600, 6.462881863136895600 ) ) ;
#5825 = EDGE_CURVE ( 'NONE', #3895, #3882, #6433, .T. ) ;
#5826 = FILL_AREA_STYLE_COLOUR ( '', #5989 ) ;
#5827 = CARTESIAN_POINT ( 'NONE',  ( -0.7365301716344396800, 3.909999999999999300, 1.919222734824205700 ) ) ;
#5828 = CARTESIAN_POINT ( 'NONE',  ( -0.3749878892586037700, 3.899999999999999500, 1.713876823927808200 ) ) ;
#5829 = FILL_AREA_STYLE_COLOUR ( '', #638 ) ;
#5830 = CARTESIAN_POINT ( 'NONE',  ( 2.319894250009187300, 3.900000000000000400, 1.942465146214544800 ) ) ;
#5831 = ORIENTED_EDGE ( 'NONE', *, *, #4250, .F. ) ;
#5832 = CARTESIAN_POINT ( 'NONE',  ( 0.09702779018110308000, 3.900000000000000800, 1.299446016513179600 ) ) ;
#5833 = ORIENTED_EDGE ( 'NONE', *, *, #5144, .F. ) ;
#5834 =( GEOMETRIC_REPRESENTATION_CONTEXT ( 3 ) GLOBAL_UNCERTAINTY_ASSIGNED_CONTEXT ( ( #1923 ) ) GLOBAL_UNIT_ASSIGNED_CONTEXT ( ( #8049, #6033, #2017 ) ) REPRESENTATION_CONTEXT ( 'NONE', 'WORKASPACE' ) );
#5835 = ORIENTED_EDGE ( 'NONE', *, *, #7714, .F. ) ;
#5836 = EDGE_CURVE ( 'NONE', #4667, #1123, #8187, .T. ) ;
#5837 = EDGE_LOOP ( 'NONE', ( #5752, #827, #6028, #4483 ) ) ;
#5838 = CARTESIAN_POINT ( 'NONE',  ( 0.03967221053550280800, 3.910000000000000100, 1.658131264635597500 ) ) ;
#5839 = CARTESIAN_POINT ( 'NONE',  ( -1.402739152704132400, 3.909999999999998400, 1.264161370123481700 ) ) ;
#5840 = CARTESIAN_POINT ( 'NONE',  ( 1.167855107594425000, 3.910000000000000100, 1.572513345770795400 ) ) ;
#5841 = ORIENTED_EDGE ( 'NONE', *, *, #4862, .F. ) ;
#5842 = AXIS2_PLACEMENT_3D ( 'NONE', #5519, #6148, #7599 ) ;
#5843 = CARTESIAN_POINT ( 'NONE',  ( -4.830036276717043700, 3.900000000000000400, -0.9500000000000029500 ) ) ;
#5844 = LINE ( 'NONE', #7921, #7095 ) ;
#5845 = CARTESIAN_POINT ( 'NONE',  ( -1.697723022216395900, 3.909999999999998400, 1.952661931281668200 ) ) ;
#5846 = DIRECTION ( 'NONE',  ( -1.000000000000000000, 0.0000000000000000000, 0.0000000000000000000 ) ) ;
#5847 = CARTESIAN_POINT ( 'NONE',  ( -0.7286502517556378000, 3.900000000000000400, 1.862221583346773000 ) ) ;
#5848 = PRESENTATION_STYLE_ASSIGNMENT (( #220 ) ) ;
#5849 = ORIENTED_EDGE ( 'NONE', *, *, #6829, .F. ) ;
#5850 = SPHERICAL_SURFACE ( 'NONE', #6416, 0.1499999999999999900 ) ;
#5851 = CARTESIAN_POINT ( 'NONE',  ( -0.9466349231778292700, 3.909999999999999300, 1.230532160052763400 ) ) ;
#5852 = ORIENTED_EDGE ( 'NONE', *, *, #4122, .T. ) ;
#5853 = ORIENTED_EDGE ( 'NONE', *, *, #1329, .F. ) ;
#5854 = CARTESIAN_POINT ( 'NONE',  ( -0.4917133078841706100, 3.910000000000000100, 1.649832091238682600 ) ) ;
#5855 = CARTESIAN_POINT ( 'NONE',  ( -0.4602285931185369800, 3.910000000000000100, 1.924272198604710400 ) ) ;
#5856 = SURFACE_STYLE_FILL_AREA ( #5194 ) ;
#5857 = CARTESIAN_POINT ( 'NONE',  ( -0.9288721973592338800, 3.910000000000000100, 1.651141133056649900 ) ) ;
#5858 = B_SPLINE_SURFACE_WITH_KNOTS ( 'NONE', 3, 1, ( 
 ( #451, #4532 ),
 ( #625, #5920 ),
 ( #7265, #2609 ),
 ( #3922, #1882 ),
 ( #5289, #7938 ),
 ( #8655, #4558 ),
 ( #2554, #1934 ),
 ( #1958, #8603 ),
 ( #1321, #7909 ),
 ( #1300, #1855 ),
 ( #6652, #7314 ),
 ( #6545, #3254 ),
 ( #7288, #3200 ),
 ( #6573, #2634 ),
 ( #2529, #4642 ),
 ( #543, #5321 ),
 ( #4587, #3300 ) ),
 .UNSPECIFIED., .F., .F., .F.,
 ( 4, 1, 1, 1, 1, 1, 1, 1, 1, 1, 1, 1, 1, 1, 4 ),
 ( 2, 2 ),
 ( 0.0000000000000000000, 0.06708806273708449500, 0.1327880499269306600, 0.1980511568040838900, 0.2631809601748217900, 0.3279483554575568500, 0.3913625438678287000, 0.4533093078524584900, 0.5154282802912345500, 0.5767315996058715000, 0.6378307859775379500, 0.6993051709372197800, 0.7611583331851504700, 0.8823091019113470400, 0.9999999999999998900 ),
 ( 0.0000000000000000000, 1.000000000000000000 ),
 .UNSPECIFIED. ) ;
#5859 = CARTESIAN_POINT ( 'NONE',  ( -1.090285881716937200, 3.900000000000000400, 1.428421817870622300 ) ) ;
#5860 = CARTESIAN_POINT ( 'NONE',  ( -0.3752717916245227300, 3.899999999999999500, 1.682120494873963200 ) ) ;
#5861 = ORIENTED_EDGE ( 'NONE', *, *, #3251, .F. ) ;
#5862 = B_SPLINE_CURVE_WITH_KNOTS ( 'NONE', 3,
 ( #2877, #7558, #1135, #3725, #342, #2372, #5100, #2345, #7040, #3027, #366, #5014, #7130, #3108, #5816, #8436, #7790, #7067, #7698 ),
 .UNSPECIFIED., .F., .F.,
 ( 4, 1, 1, 1, 1, 1, 1, 1, 1, 1, 1, 1, 1, 1, 1, 1, 4 ),
 ( 0.0000000000000000000, 0.07241630037921351100, 0.1419048323535755700, 0.2083174432551981600, 0.2730362286386504000, 0.3358352471311769600, 0.3957966158000121900, 0.4547555793623830300, 0.5128847855547215000, 0.5708818922534653100, 0.6289973520918410400, 0.6872693281346847800, 0.7469689604807713300, 0.8079319788552079600, 0.8704760266704265600, 0.9337970489698189700, 0.9999999999999998900 ),
 .UNSPECIFIED. ) ;
#5863 = CARTESIAN_POINT ( 'NONE',  ( -0.3010657046971524400, 3.900000000000000400, 1.171541333878115100 ) ) ;
#5864 = ORIENTED_EDGE ( 'NONE', *, *, #5640, .F. ) ;
#5865 = CARTESIAN_POINT ( 'NONE',  ( 0.6657983777873967000, 3.899999999999999500, 1.669332695977600900 ) ) ;
#5866 = CARTESIAN_POINT ( 'NONE',  ( 2.229639315798661100, 3.900000000000000400, 2.151141133056650100 ) ) ;
#5867 = SURFACE_STYLE_FILL_AREA ( #4398 ) ;
#5868 = CARTESIAN_POINT ( 'NONE',  ( 1.176290614910595800, 3.909999999999999300, 1.530557889706127800 ) ) ;
#5869 = CARTESIAN_POINT ( 'NONE',  ( -0.3466108078798337800, 3.899999999999999900, 1.912708354699103100 ) ) ;
#5870 = CARTESIAN_POINT ( 'NONE',  ( -5.110000000000000300, 0.0000000000000000000, 7.549999999999998000 ) ) ;
#5871 = CARTESIAN_POINT ( 'NONE',  ( -1.139206125532739500, 3.910000000000000100, 2.100722587764040300 ) ) ;
#5872 = CARTESIAN_POINT ( 'NONE',  ( 2.276159578296244500, 3.910000000000000100, 1.950534581343006600 ) ) ;
#5873 = ORIENTED_EDGE ( 'NONE', *, *, #64, .F. ) ;
#5874 = SURFACE_SIDE_STYLE ('',( #5805 ) ) ;
#5875 = ADVANCED_FACE ( 'NONE', ( #7887 ), #7357, .F. ) ;
#5876 = PRESENTATION_STYLE_ASSIGNMENT (( #4551 ) ) ;
#5877 = CARTESIAN_POINT ( 'NONE',  ( -0.4919889736750234800, 3.910000000000000100, 1.670877975161913200 ) ) ;
#5878 = CARTESIAN_POINT ( 'NONE',  ( -0.4710209838189259900, 3.909999999999999300, 1.442075395987101800 ) ) ;
#5879 = CARTESIAN_POINT ( 'NONE',  ( -0.4919889736750234800, 3.900000000000000400, 1.670877975161913200 ) ) ;
#5880 = CARTESIAN_POINT ( 'NONE',  ( -5.110000000000000300, 0.6999999999999999600, 6.420401500533658100 ) ) ;
#5881 = ORIENTED_EDGE ( 'NONE', *, *, #3817, .F. ) ;
#5882 = CARTESIAN_POINT ( 'NONE',  ( -4.692586600614427900, 3.750000000000000400, 4.549999999999998000 ) ) ;
#5883 = CARTESIAN_POINT ( 'NONE',  ( -3.753226867404377800, 0.6999999999999999600, -7.550000000000000700 ) ) ;
#5884 = MECHANICAL_DESIGN_GEOMETRIC_PRESENTATION_REPRESENTATION (  '', ( #7225 ), #7662 ) ;
#5885 = CARTESIAN_POINT ( 'NONE',  ( -1.084314272602862900, 3.900000000000000400, 1.722175675452908500 ) ) ;
#5886 = CARTESIAN_POINT ( 'NONE',  ( -0.2330625149138065800, 3.910000000000001900, 1.145825320469301900 ) ) ;
#5887 = MECHANICAL_DESIGN_GEOMETRIC_PRESENTATION_REPRESENTATION (  '', ( #4972 ), #6338 ) ;
#5888 = CARTESIAN_POINT ( 'NONE',  ( -0.3754182499908129700, 3.910000000000000100, 1.665738172530334200 ) ) ;
#5889 = FACE_OUTER_BOUND ( 'NONE', #818, .T. ) ;
#5890 = CARTESIAN_POINT ( 'NONE',  ( 0.7584057640405843500, 3.900000000000002100, 1.781885736676398900 ) ) ;
#5891 = ORIENTED_EDGE ( 'NONE', *, *, #8005, .T. ) ;
#5892 = CARTESIAN_POINT ( 'NONE',  ( 0.3313456764201587700, 3.900000000000001200, 2.127076062527145400 ) ) ;
#5893 = CARTESIAN_POINT ( 'NONE',  ( -0.04018780284172589900, 3.900000000000001200, 2.013932225071909600 ) ) ;
#5894 = ORIENTED_EDGE ( 'NONE', *, *, #6883, .F. ) ;
#5895 = DIRECTION ( 'NONE',  ( -0.0000000000000000000, -0.0000000000000000000, 1.000000000000000000 ) ) ;
#5896 = PRESENTATION_LAYER_ASSIGNMENT (  '', '', ( #3923 ) ) ;
#5897 = CARTESIAN_POINT ( 'NONE',  ( 1.162306653748395900, 3.910000000000000100, 1.647153725290866100 ) ) ;
#5898 = PRESENTATION_STYLE_ASSIGNMENT (( #6436 ) ) ;
#5899 = FILL_AREA_STYLE_COLOUR ( '', #8638 ) ;
#5900 = CARTESIAN_POINT ( 'NONE',  ( -1.417203490018489300, 3.900000000000001200, 1.290093409785066500 ) ) ;
#5901 = VECTOR ( 'NONE', #1560, 1000.000000000000000 ) ;
#5902 = CARTESIAN_POINT ( 'NONE',  ( -0.9288721973592338800, 3.900000000000000400, 2.059035869898755400 ) ) ;
#5903 = STYLED_ITEM ( 'NONE', ( #4511 ), #6207 ) ;
#5904 = B_SPLINE_CURVE_WITH_KNOTS ( 'NONE', 3,
 ( #4388, #2464, #578, #7186, #479, #8490, #7808, #1192, #7876, #7158, #6574, #2555, #7939, #5812, #3812, #5155, #3872, #4476, #6546 ),
 .UNSPECIFIED., .F., .F.,
 ( 4, 1, 1, 1, 1, 1, 1, 1, 1, 1, 1, 1, 1, 1, 1, 1, 4 ),
 ( 0.0000000000000000000, 0.06302121243441040400, 0.1247942029306974300, 0.1849242747124382500, 0.2447438031171066700, 0.3041392828484988400, 0.3633389662207690600, 0.4220277584773130500, 0.4814964956461120200, 0.5416386340666808900, 0.6027502581724623100, 0.6650088361332504600, 0.7293988109392095500, 0.7953531427241117300, 0.8617169510124527100, 0.9301002113787625300, 1.000000000000000000 ),
 .UNSPECIFIED. ) ;
#5905 = SURFACE_SIDE_STYLE ('',( #5856 ) ) ;
#5906 = LINE ( 'NONE', #3446, #4109 ) ;
#5907 =( NAMED_UNIT ( * ) SI_UNIT ( $, .STERADIAN. ) SOLID_ANGLE_UNIT ( ) );
#5908 = CARTESIAN_POINT ( 'NONE',  ( -0.02460630987556983200, 3.910000000000000100, 1.992832853183943200 ) ) ;
#5909 = B_SPLINE_SURFACE_WITH_KNOTS ( 'NONE', 3, 1, ( 
 ( #8444, #8475 ),
 ( #2450, #7173 ),
 ( #493, #7827 ),
 ( #5108, #5859 ),
 ( #7861, #2385 ),
 ( #469, #3091 ),
 ( #8420, #4404 ),
 ( #3772, #1177 ),
 ( #1109, #5138 ),
 ( #7139, #3125 ),
 ( #6534, #1085 ),
 ( #3828, #8508 ),
 ( #3186, #7799 ),
 ( #1148, #3860 ),
 ( #5764, #8535 ),
 ( #1753, #4519 ),
 ( #3273, #6592 ) ),
 .UNSPECIFIED., .F., .F., .F.,
 ( 4, 1, 1, 1, 1, 1, 1, 1, 1, 1, 1, 1, 1, 1, 4 ),
 ( 2, 2 ),
 ( 0.0000000000000000000, 0.06613274076734919300, 0.1305135343407428400, 0.1936325188339119700, 0.2563235730743754200, 0.3182573568440819100, 0.3800939092469432500, 0.4404217096773609400, 0.5012409657749500300, 0.6229237305092810700, 0.7461453223066113500, 0.8088363765470748500, 0.8711829718386071600, 0.9346621817426257200, 1.000000000000000000 ),
 ( 0.0000000000000000000, 1.000000000000000000 ),
 .UNSPECIFIED. ) ;
#5910 =( NAMED_UNIT ( * ) SI_UNIT ( $, .STERADIAN. ) SOLID_ANGLE_UNIT ( ) );
#5911 = CARTESIAN_POINT ( 'NONE',  ( -1.209299828938181100, 3.910000000000000100, 1.387160869898755200 ) ) ;
#5912 = CARTESIAN_POINT ( 'NONE',  ( -5.021954075435902900, 1.706369522812508600, 2.613645323939529000 ) ) ;
#5913 = CARTESIAN_POINT ( 'NONE',  ( -1.090794820488981700, 3.910000000000001000, 1.361715875541393600 ) ) ;
#5914 = CARTESIAN_POINT ( 'NONE',  ( 0.7672626710618188900, 3.910000000000000100, 1.850154290951386800 ) ) ;
#5915 = CARTESIAN_POINT ( 'NONE',  ( 0.6999999999999995100, 2.860000000000000300, 7.549999999999998000 ) ) ;
#5916 = ADVANCED_FACE ( 'NONE', ( #1086 ), #3163, .T. ) ;
#5917 = LINE ( 'NONE', #4864, #3811 ) ;
#5918 = CARTESIAN_POINT ( 'NONE',  ( 0.4111334274871026900, 3.909999999999999300, 2.154688638912246400 ) ) ;
#5919 = CARTESIAN_POINT ( 'NONE',  ( -0.09625178356323778300, 3.910000000000000100, 2.058128637103567200 ) ) ;
#5920 = CARTESIAN_POINT ( 'NONE',  ( -0.7824325557962129600, 3.900000000000000400, 1.603938348708468400 ) ) ;
#5921 = CARTESIAN_POINT ( 'NONE',  ( 1.532457630958893300, 3.909999999999999300, 1.243594874084015000 ) ) ;
#5922 = CARTESIAN_POINT ( 'NONE',  ( 0.6426934834061551700, 3.899999999999999900, 2.152268123654015300 ) ) ;
#5923 = LINE ( 'NONE', #8340, #6245 ) ;
#5924 = SURFACE_SIDE_STYLE ('',( #2839 ) ) ;
#5925 =( LENGTH_UNIT ( ) NAMED_UNIT ( * ) SI_UNIT ( .MILLI., .METRE. ) );
#5926 = DIRECTION ( 'NONE',  ( -0.0000000000000000000, -1.000000000000000000, -0.0000000000000000000 ) ) ;
#5927 = CARTESIAN_POINT ( 'NONE',  ( -1.448990024945062500, 3.899999999999999900, 1.348691512597970800 ) ) ;
#5928 = ORIENTED_EDGE ( 'NONE', *, *, #5144, .T. ) ;
#5929 = VERTEX_POINT ( 'NONE', #4128 ) ;
#5930 = DIRECTION ( 'NONE',  ( -1.000000000000000000, 0.0000000000000000000, 0.0000000000000000000 ) ) ;
#5931 = CARTESIAN_POINT ( 'NONE',  ( -4.842396214715554600, 3.758725262218097100, 7.549809614101125300 ) ) ;
#5932 = DIRECTION ( 'NONE',  ( 1.000000000000000000, 0.0000000000000000000, 0.0000000000000000000 ) ) ;
#5933 = EDGE_CURVE ( 'NONE', #1428, #5005, #7395, .T. ) ;
#5934 = CARTESIAN_POINT ( 'NONE',  ( 2.294195236851292600, 3.910000000000000100, 2.032514488319807600 ) ) ;
#5935 = B_SPLINE_SURFACE_WITH_KNOTS ( 'NONE', 3, 1, ( 
 ( #5029, #6988 ),
 ( #4286, #4376 ),
 ( #6358, #968 ),
 ( #5637, #2984 ),
 ( #1025, #1053 ),
 ( #7658, #4998 ),
 ( #1702, #6424 ),
 ( #8329, #327 ),
 ( #995, #2328 ),
 ( #7084, #3069 ),
 ( #7020, #3012 ) ),
 .UNSPECIFIED., .F., .F., .F.,
 ( 4, 1, 1, 1, 1, 1, 1, 1, 4 ),
 ( 2, 2 ),
 ( 0.0000000000000000000, 0.1217588295021965500, 0.2508684131790955300, 0.3824120950847659800, 0.5140458985609305300, 0.6444634894700723700, 0.7713728384166754800, 0.8910874254412335400, 1.000000000000000000 ),
 ( 0.0000000000000000000, 1.000000000000000000 ),
 .UNSPECIFIED. ) ;
#5936 = EDGE_CURVE ( 'NONE', #547, #6485, #7147, .T. ) ;
#5937 = CARTESIAN_POINT ( 'NONE',  ( 0.4640122358174305600, 3.900000000000000400, 1.548852904799822700 ) ) ;
#5938 = CARTESIAN_POINT ( 'NONE',  ( -0.9638264707711589100, 3.900000000000000400, 1.233117503579911100 ) ) ;
#5939 = UNCERTAINTY_MEASURE_WITH_UNIT (LENGTH_MEASURE( 1.000000000000000100E-005 ), #2283, 'distance_accuracy_value', 'NONE');
#5940 = ORIENTED_EDGE ( 'NONE', *, *, #5043, .F. ) ;
#5941 = CARTESIAN_POINT ( 'NONE',  ( -1.093151709803181300, 3.909999999999999300, 1.389349461485516200 ) ) ;
#5942 = CARTESIAN_POINT ( 'NONE',  ( 0.8342515837180390900, 3.909999999999999300, 1.668090404621739100 ) ) ;
#5943 = MECHANICAL_DESIGN_GEOMETRIC_PRESENTATION_REPRESENTATION (  '', ( #7955 ), #1294 ) ;
#5944 = ORIENTED_EDGE ( 'NONE', *, *, #7731, .T. ) ;
#5945 = EDGE_CURVE ( 'NONE', #2902, #4768, #1299, .T. ) ;
#5946 = VERTEX_POINT ( 'NONE', #2075 ) ;
#5947 = CARTESIAN_POINT ( 'NONE',  ( -0.4000000000000000200, 2.299999999999999400, 12.04999999999999900 ) ) ;
#5948 = EDGE_CURVE ( 'NONE', #7307, #3356, #2954, .T. ) ;
#5949 = FACE_OUTER_BOUND ( 'NONE', #1289, .T. ) ;
#5950 = B_SPLINE_CURVE_WITH_KNOTS ( 'NONE', 3,
 ( #942, #1585, #2923, #2334, #2275, #7576, #4908, #8308, #3565, #6963, #358, #4293, #8278, #2891, #6244, #306, #8248, #4946, #7605 ),
 .UNSPECIFIED., .F., .F.,
 ( 4, 1, 1, 1, 1, 1, 1, 1, 1, 1, 1, 1, 1, 1, 1, 1, 4 ),
 ( 0.0000000000000000000, 0.07079570527834713700, 0.1388647686969372000, 0.2041275587501510900, 0.2676266321517518600, 0.3293082876095158000, 0.3883688492131451800, 0.4469042947911828200, 0.5042866857190101400, 0.5620395740266847000, 0.6195386642338772700, 0.6783579784434101700, 0.7391272557922703400, 0.8016105364760481900, 0.8654923300083337000, 0.9311151762345898400, 0.9999999999999998900 ),
 .UNSPECIFIED. ) ;
#5951 = ORIENTED_EDGE ( 'NONE', *, *, #1007, .T. ) ;
#5952 =( NAMED_UNIT ( * ) PLANE_ANGLE_UNIT ( ) SI_UNIT ( $, .RADIAN. ) );
#5953 = CARTESIAN_POINT ( 'NONE',  ( -0.4870320144072295400, 3.900000000000002100, 1.549504502689441000 ) ) ;
#5954 = STYLED_ITEM ( 'NONE', ( #7679 ), #5484 ) ;
#5955 = DIRECTION ( 'NONE',  ( 0.0000000000000000000, -0.0000000000000000000, 1.000000000000000000 ) ) ;
#5956 = CARTESIAN_POINT ( 'NONE',  ( 0.6426934834061551700, 3.899999999999999500, 2.152268123654015300 ) ) ;
#5957 = CARTESIAN_POINT ( 'NONE',  ( 0.8342515837180390900, 3.909999999999999300, 1.668090404621739100 ) ) ;
#5958 = ORIENTED_EDGE ( 'NONE', *, *, #7601, .F. ) ;
#5959 = FILL_AREA_STYLE_COLOUR ( '', #7654 ) ;
#5960 = CARTESIAN_POINT ( 'NONE',  ( -1.432781115264406300, 3.900000000000000400, 1.318243043508941800 ) ) ;
#5961 = VERTEX_POINT ( 'NONE', #957 ) ;
#5962 = VECTOR ( 'NONE', #406, 1000.000000000000000 ) ;
#5963 = MECHANICAL_DESIGN_GEOMETRIC_PRESENTATION_REPRESENTATION (  '', ( #5488 ), #8237 ) ;
#5964 = DIRECTION ( 'NONE',  ( -0.0000000000000000000, -0.0000000000000000000, -1.000000000000000000 ) ) ;
#5965 = MECHANICAL_DESIGN_GEOMETRIC_PRESENTATION_REPRESENTATION (  '', ( #6174 ), #3539 ) ;
#5966 = ORIENTED_EDGE ( 'NONE', *, *, #4694, .F. ) ;
#5967 =( LENGTH_UNIT ( ) NAMED_UNIT ( * ) SI_UNIT ( .MILLI., .METRE. ) );
#5968 = UNCERTAINTY_MEASURE_WITH_UNIT (LENGTH_MEASURE( 1.000000000000000100E-005 ), #4167, 'distance_accuracy_value', 'NONE');
#5969 = CARTESIAN_POINT ( 'NONE',  ( 7.654042494670961600E-017, 3.900000000000000400, 6.674999999999998000 ) ) ;
#5970 = CYLINDRICAL_SURFACE ( 'NONE', #1737, 0.1499999999999999700 ) ;
#5971 = DIRECTION ( 'NONE',  ( -1.000000000000000000, 0.0000000000000000000, -0.0000000000000000000 ) ) ;
#5972 = CARTESIAN_POINT ( 'NONE',  ( -5.509999999999998900, 3.900000000000000400, 4.549999999999998000 ) ) ;
#5973 = VERTEX_POINT ( 'NONE', #1419 ) ;
#5974 = FACE_OUTER_BOUND ( 'NONE', #4595, .T. ) ;
#5975 = VERTEX_POINT ( 'NONE', #4274 ) ;
#5976 = CARTESIAN_POINT ( 'NONE',  ( -0.3624921638896957400, 3.909999999999999300, 1.476171991709532400 ) ) ;
#5977 = CARTESIAN_POINT ( 'NONE',  ( 1.662486546796158900, 3.900000000000000400, 2.043015870845977600 ) ) ;
#5978 = PRESENTATION_STYLE_ASSIGNMENT (( #7739 ) ) ;
#5979 = B_SPLINE_SURFACE_WITH_KNOTS ( 'NONE', 3, 1, ( 
 ( #4950, #5487 ),
 ( #2808, #4228 ),
 ( #1518, #8273 ),
 ( #1546, #6240 ),
 ( #4840, #5548 ),
 ( #3595, #1489 ),
 ( #2208, #247 ),
 ( #4815, #8149 ),
 ( #821, #4201 ),
 ( #4903, #2180 ),
 ( #133, #6181 ),
 ( #4786, #856 ),
 ( #1581, #6898 ),
 ( #3477, #2116 ),
 ( #7485, #906 ),
 ( #2147, #3559 ),
 ( #794, #6925 ),
 ( #6271, #2888 ),
 ( #4143, #6211 ) ),
 .UNSPECIFIED., .F., .F., .F.,
 ( 4, 1, 1, 1, 1, 1, 1, 1, 1, 1, 1, 1, 1, 1, 1, 1, 4 ),
 ( 2, 2 ),
 ( 0.0000000000000000000, 0.09882383166773400800, 0.1914619423708988900, 0.2780815784855980600, 0.3583298531453780700, 0.4329274324757354000, 0.5019708550484021100, 0.5654585644292790000, 0.6245161701057832000, 0.6783736910484322600, 0.7288400722739270000, 0.7763176158241708000, 0.8211502311720169100, 0.8649278953437881100, 0.9086194296397367400, 0.9532337462823268200, 1.000000000000000000 ),
 ( 0.0000000000000000000, 1.000000000000000000 ),
 .UNSPECIFIED. ) ;
#5980 = SURFACE_SIDE_STYLE ('',( #7415 ) ) ;
#5981 = ORIENTED_EDGE ( 'NONE', *, *, #1134, .F. ) ;
#5982 = ORIENTED_EDGE ( 'NONE', *, *, #3119, .T. ) ;
#5983 = CARTESIAN_POINT ( 'NONE',  ( -0.6076307331420622800, 3.910000000000000100, 1.898894977236431000 ) ) ;
#5984 = DIRECTION ( 'NONE',  ( 0.0000000000000000000, -0.0000000000000000000, -1.000000000000000000 ) ) ;
#5985 =( NAMED_UNIT ( * ) SI_UNIT ( $, .STERADIAN. ) SOLID_ANGLE_UNIT ( ) );
#5986 = CARTESIAN_POINT ( 'NONE',  ( 0.5481014868512924500, 3.900000000000000400, 1.545877975161913200 ) ) ;
#5987 = DIRECTION ( 'NONE',  ( -1.000000000000000000, -0.0000000000000000000, -0.0000000000000000000 ) ) ;
#5988 = DIRECTION ( 'NONE',  ( 0.0000000000000000000, -1.000000000000000000, 0.0000000000000000000 ) ) ;
#5989 = COLOUR_RGB ( '',1.000000000000000000, 1.000000000000000000, 1.000000000000000000 ) ;
#5990 = CARTESIAN_POINT ( 'NONE',  ( 1.041079630601460900, 3.910000000000001000, 1.612436623302257100 ) ) ;
#5991 = FACE_OUTER_BOUND ( 'NONE', #7004, .T. ) ;
#5992 = EDGE_LOOP ( 'NONE', ( #2608, #609, #7702, #7597 ) ) ;
#5993 = EDGE_LOOP ( 'NONE', ( #4562, #4014, #3076, #1978 ) ) ;
#5994 = CARTESIAN_POINT ( 'NONE',  ( -0.8230439223616944400, 3.899999999999999500, 1.266603749959042600 ) ) ;
#5995 = ORIENTED_EDGE ( 'NONE', *, *, #7892, .T. ) ;
#5996 = FILL_AREA_STYLE_COLOUR ( '', #7407 ) ;
#5997 = CARTESIAN_POINT ( 'NONE',  ( -0.6547731177838360700, 3.910000000000000100, 1.335947807604843000 ) ) ;
#5998 = CARTESIAN_POINT ( 'NONE',  ( -1.068469236832918100, 3.910000000000000100, 1.600976659372439500 ) ) ;
#5999 = CARTESIAN_POINT ( 'NONE',  ( -1.058604334488350200, 3.899999999999999500, 1.289754400462821200 ) ) ;
#6000 = MECHANICAL_DESIGN_GEOMETRIC_PRESENTATION_REPRESENTATION (  '', ( #5416 ), #495 ) ;
#6001 = EDGE_CURVE ( 'NONE', #4748, #8548, #250, .T. ) ;
#6002 = CARTESIAN_POINT ( 'NONE',  ( 2.540000000000000000, 0.0000000000000000000, 21.14999999999999900 ) ) ;
#6003 = MECHANICAL_DESIGN_GEOMETRIC_PRESENTATION_REPRESENTATION (  '', ( #621 ), #7059 ) ;
#6004 = PLANE ( 'NONE',  #6132 ) ;
#6005 = CARTESIAN_POINT ( 'NONE',  ( 0.0000000000000000000, 0.0000000000000000000, 12.04999999999999900 ) ) ;
#6006 = CARTESIAN_POINT ( 'NONE',  ( 1.594898212877813100, 3.900000000000001200, 2.055302748613490900 ) ) ;
#6007 = FILL_AREA_STYLE ('',( #3395 ) ) ;
#6008 = MECHANICAL_DESIGN_GEOMETRIC_PRESENTATION_REPRESENTATION (  '', ( #5332 ), #5798 ) ;
#6009 = CARTESIAN_POINT ( 'NONE',  ( 0.3441541184302398000, 3.900000000000000800, 1.646412514635597700 ) ) ;
#6010 = DIRECTION ( 'NONE',  ( -0.0000000000000000000, 1.000000000000000000, -0.0000000000000000000 ) ) ;
#6011 = SURFACE_STYLE_FILL_AREA ( #2973 ) ;
#6012 = CARTESIAN_POINT ( 'NONE',  ( 0.7726713304068235600, 3.910000000000001900, 1.607203094833265800 ) ) ;
#6013 = CARTESIAN_POINT ( 'NONE',  ( 5.509999999999998900, 0.6999999999999999600, 4.549999999999998000 ) ) ;
#6014 = EDGE_LOOP ( 'NONE', ( #1362, #4083, #167, #5544 ) ) ;
#6015 = CARTESIAN_POINT ( 'NONE',  ( -1.058604334488350200, 3.909999999999999300, 1.289754400462821200 ) ) ;
#6016 = FACE_OUTER_BOUND ( 'NONE', #4973, .T. ) ;
#6017 = CARTESIAN_POINT ( 'NONE',  ( -0.7764997297053620700, 3.910000000000001000, 1.329380680444239000 ) ) ;
#6018 =( LENGTH_UNIT ( ) NAMED_UNIT ( * ) SI_UNIT ( .MILLI., .METRE. ) );
#6019 = CARTESIAN_POINT ( 'NONE',  ( 1.357165876052278900, 3.910000000000002800, 1.287198416390129800 ) ) ;
#6020 = CARTESIAN_POINT ( 'NONE',  ( 1.442840669498248300, 3.900000000000000400, 1.146461441858375200 ) ) ;
#6021 = PRESENTATION_STYLE_ASSIGNMENT (( #3214 ) ) ;
#6022 = CARTESIAN_POINT ( 'NONE',  ( -1.543798169392944300, 3.899999999999999900, 1.315552795442013000 ) ) ;
#6023 = CARTESIAN_POINT ( 'NONE',  ( 0.6848944206929769000, 3.910000000000001000, 1.680988359934537200 ) ) ;
#6024 = CARTESIAN_POINT ( 'NONE',  ( 1.507599842114450300, 3.899999999999999500, 2.164299027793492100 ) ) ;
#6025 = ORIENTED_EDGE ( 'NONE', *, *, #8515, .T. ) ;
#6026 = LINE ( 'NONE', #7993, #7376 ) ;
#6027 = SURFACE_STYLE_USAGE ( .BOTH. , #738 ) ;
#6028 = ORIENTED_EDGE ( 'NONE', *, *, #2169, .T. ) ;
#6029 = CARTESIAN_POINT ( 'NONE',  ( 1.691809781930920600, 3.909999999999998400, 2.142228933956671800 ) ) ;
#6030 = CARTESIAN_POINT ( 'NONE',  ( 1.586014430195768800, 3.900000000000000400, 2.160893326586983900 ) ) ;
#6031 = CARTESIAN_POINT ( 'NONE',  ( 0.7369131593986076900, 3.910000000000001000, 2.114347808166223700 ) ) ;
#6032 = EDGE_LOOP ( 'NONE', ( #4756, #5110, #2492, #4175 ) ) ;
#6033 =( NAMED_UNIT ( * ) PLANE_ANGLE_UNIT ( ) SI_UNIT ( $, .RADIAN. ) );
#6034 = DIRECTION ( 'NONE',  ( -0.9961946980917458800, -0.08715574274765489100, -0.0000000000000000000 ) ) ;
#6035 = CARTESIAN_POINT ( 'NONE',  ( -0.6087074640789441600, 3.910000000000000100, 1.826162998467451400 ) ) ;
#6036 = COLOUR_RGB ( '',1.000000000000000000, 1.000000000000000000, 1.000000000000000000 ) ;
#6037 = CARTESIAN_POINT ( 'NONE',  ( -0.9958415155878631600, 3.909999999999998400, 1.242777731406501400 ) ) ;
#6038 = CARTESIAN_POINT ( 'NONE',  ( -0.6710967484884621200, 3.909999999999997500, 1.482080723548723700 ) ) ;
#6039 = SURFACE_STYLE_FILL_AREA ( #6041 ) ;
#6040 = ORIENTED_EDGE ( 'NONE', *, *, #6219, .F. ) ;
#6041 = FILL_AREA_STYLE ('',( #4684 ) ) ;
#6042 = SURFACE_STYLE_FILL_AREA ( #4010 ) ;
#6043 = EDGE_CURVE ( 'NONE', #7039, #751, #2739, .T. ) ;
#6044 = CARTESIAN_POINT ( 'NONE',  ( 2.276159578296244500, 3.900000000000000400, 1.950534581343006600 ) ) ;
#6045 = EDGE_CURVE ( 'NONE', #214, #3392, #5797, .T. ) ;
#6046 = CARTESIAN_POINT ( 'NONE',  ( -1.093197903960340300, 3.910000000000000100, 1.400671849017370200 ) ) ;
#6047 = CARTESIAN_POINT ( 'NONE',  ( -5.087709164116777300, 0.6999999999999999600, 6.340052971090474700 ) ) ;
#6048 = ORIENTED_EDGE ( 'NONE', *, *, #5581, .T. ) ;
#6049 = EDGE_LOOP ( 'NONE', ( #7504, #680, #8612, #6629 ) ) ;
#6050 = CARTESIAN_POINT ( 'NONE',  ( 0.7667029290875319000, 3.910000000000000100, 1.826420203373336800 ) ) ;
#6051 = SURFACE_STYLE_FILL_AREA ( #1310 ) ;
#6052 = ORIENTED_EDGE ( 'NONE', *, *, #6570, .F. ) ;
#6053 = CARTESIAN_POINT ( 'NONE',  ( 1.360408753277859000, 3.910000000000000100, 2.146115958734564600 ) ) ;
#6054 = LINE ( 'NONE', #3649, #7723 ) ;
#6055 = MECHANICAL_DESIGN_GEOMETRIC_PRESENTATION_REPRESENTATION (  '', ( #7340 ), #6518 ) ;
#6056 = B_SPLINE_SURFACE_WITH_KNOTS ( 'NONE', 3, 1, ( 
 ( #1583, #3625 ),
 ( #305, #4968 ),
 ( #4346, #2333 ),
 ( #5034, #1029 ),
 ( #2391, #1057 ),
 ( #1850, #4440 ),
 ( #2427, #5830 ) ),
 .UNSPECIFIED., .F., .F., .F.,
 ( 4, 1, 1, 1, 4 ),
 ( 2, 2 ),
 ( 0.0000000000000000000, 0.2326757221944789900, 0.4752905695134564400, 0.7318801894094765200, 1.000000000000000000 ),
 ( 0.0000000000000000000, 1.000000000000000000 ),
 .UNSPECIFIED. ) ;
#6057 = EDGE_CURVE ( 'NONE', #7039, #8344, #2728, .T. ) ;
#6058 = ORIENTED_EDGE ( 'NONE', *, *, #7379, .F. ) ;
#6059 = EDGE_CURVE ( 'NONE', #2674, #5929, #4305, .T. ) ;
#6060 = CARTESIAN_POINT ( 'NONE',  ( 1.646764713780497000, 3.910000000000001000, 1.144233208708766300 ) ) ;
#6061 = PRESENTATION_STYLE_ASSIGNMENT (( #8071 ) ) ;
#6062 = CLOSED_SHELL ( 'NONE', ( #3173, #2995, #5875, #7644, #3736, #4867, #1160, #6340, #5448, #1724, #6584, #5010, #7271, #6985, #7809, #6859, #8303, #8584, #114, #6123, #5205, #5527, #3516, #3504, #3609, #4540, #1498, #325, #4341, #8388, #2942, #1839, #1879, #494, #6159, #8432, #8543, #3694, #4210, #200, #2420, #7594, #1021, #242, #890, #1221, #2326, #4297, #4917, #1110, #4827, #1918, #8209, #2143, #190, #7196, #1823, #771, #1681, #2817, #2768, #5692, #3434, #1770, #8119, #3473, #8256, #157, #2280, #1593, #4166, #4498, #3237, #4964, #7033, #5139, #6517, #2367, #5813, #453, #4782, #6207, #2862, #3126, #2236, #7685, #284, #3785, #5619, #570, #935, #3556, #7427, #6894, #4581, #5916, #7081, #2057, #2097, #5716, #7726, #4736, #2491, #1066, #6937, #7470, #4085, #1262, #5249, #2577, #8343, #7772, #5484, #7885, #7837, #3933 ) ) ;
#6063 = VECTOR ( 'NONE', #814, 1000.000000000000000 ) ;
#6064 = MECHANICAL_DESIGN_GEOMETRIC_PRESENTATION_REPRESENTATION (  '', ( #3038 ), #6234 ) ;
#6065 = CARTESIAN_POINT ( 'NONE',  ( -0.7191298574561196800, 3.909999999999999300, 2.100557795713382500 ) ) ;
#6066 = DIRECTION ( 'NONE',  ( 1.936075308009828400E-016, -1.000000000000000000, -0.0000000000000000000 ) ) ;
#6067 = CARTESIAN_POINT ( 'NONE',  ( 0.8716196480839347700, 3.910000000000001000, 1.748521913094515300 ) ) ;
#6068 = CARTESIAN_POINT ( 'NONE',  ( -0.9288721973592338800, 3.910000000000000100, 1.230088501477702500 ) ) ;
#6069 = CARTESIAN_POINT ( 'NONE',  ( -1.737260355253970700, 3.900000000000000400, 2.151141133056650100 ) ) ;
#6070 = VERTEX_POINT ( 'NONE', #6862 ) ;
#6071 = UNCERTAINTY_MEASURE_WITH_UNIT (LENGTH_MEASURE( 1.000000000000000100E-005 ), #6490, 'distance_accuracy_value', 'NONE');
#6072 = CARTESIAN_POINT ( 'NONE',  ( -1.081895450179053900, 3.900000000000000400, 1.330532897697733800 ) ) ;
#6073 = PRESENTATION_STYLE_ASSIGNMENT (( #2230 ) ) ;
#6074 = CARTESIAN_POINT ( 'NONE',  ( 0.0000000000000000000, 3.950000000000000200, 6.049999999999998000 ) ) ;
#6075 = CARTESIAN_POINT ( 'NONE',  ( 2.540000000000000000, 0.0000000000000000000, 12.04999999999999900 ) ) ;
#6076 = COLOUR_RGB ( '',1.000000000000000000, 1.000000000000000000, 1.000000000000000000 ) ;
#6077 = B_SPLINE_SURFACE_WITH_KNOTS ( 'NONE', 3, 1, ( 
 ( #4212, #7669 ),
 ( #2281, #3722 ),
 ( #4299, #6368 ),
 ( #6402, #2996 ),
 ( #5780, #7063 ),
 ( #1739, #7645 ),
 ( #3754, #8345 ),
 ( #1099, #3696 ),
 ( #1682, #5070 ),
 ( #6341, #2313 ),
 ( #312, #3079 ),
 ( #4975, #1654 ),
 ( #981, #7695 ),
 ( #5041, #5011 ),
 ( #6971, #1036 ),
 ( #2340, #4328 ),
 ( #5650, #8433 ),
 ( #5717, #2402 ),
 ( #7000, #2966 ) ),
 .UNSPECIFIED., .F., .F., .F.,
 ( 4, 1, 1, 1, 1, 1, 1, 1, 1, 1, 1, 1, 1, 1, 1, 1, 4 ),
 ( 2, 2 ),
 ( 0.0000000000000000000, 0.07322922213345251000, 0.1427279882952142700, 0.2096797059372922700, 0.2738726736699622600, 0.3361920986707582800, 0.3972400440621241000, 0.4575625659684194900, 0.5180078741286698900, 0.5779402354934601900, 0.6363612727659563300, 0.6944482114327743500, 0.7524553191892829900, 0.8115506496700302100, 0.8720649156133133400, 0.9345931227092997300, 1.000000000000000000 ),
 ( 0.0000000000000000000, 1.000000000000000000 ),
 .UNSPECIFIED. ) ;
#6078 = ORIENTED_EDGE ( 'NONE', *, *, #5046, .T. ) ;
#6079 =( GEOMETRIC_REPRESENTATION_CONTEXT ( 3 ) GLOBAL_UNCERTAINTY_ASSIGNED_CONTEXT ( ( #872 ) ) GLOBAL_UNIT_ASSIGNED_CONTEXT ( ( #7342, #3951, #8020 ) ) REPRESENTATION_CONTEXT ( 'NONE', 'WORKASPACE' ) );
#6080 = ORIENTED_EDGE ( 'NONE', *, *, #7275, .F. ) ;
#6081 = CARTESIAN_POINT ( 'NONE',  ( 1.187973024019666000, 3.900000000000001700, 1.491052278804117800 ) ) ;
#6082 = CARTESIAN_POINT ( 'NONE',  ( 1.058967164623789700, 3.900000000000001200, 1.504205225862763200 ) ) ;
#6083 = LINE ( 'NONE', #2790, #3249 ) ;
#6084 = CARTESIAN_POINT ( 'NONE',  ( 4.960711766278841100, 0.6999999999999999600, 2.679704016591727600 ) ) ;
#6085 = CARTESIAN_POINT ( 'NONE',  ( 4.934940317502062100, 2.700941327056178800, -0.9500000000000029500 ) ) ;
#6086 = CARTESIAN_POINT ( 'NONE',  ( 1.360408753277859000, 3.899999999999999500, 2.146115958734564600 ) ) ;
#6087 = ORIENTED_EDGE ( 'NONE', *, *, #7451, .F. ) ;
#6088 = CARTESIAN_POINT ( 'NONE',  ( 1.490309400050153600, 3.910000000000000100, 2.163939242289035100 ) ) ;
#6089 = MANIFOLD_SOLID_BREP ( 'LPattern1[2]', #3619 ) ;
#6090 = VECTOR ( 'NONE', #6798, 1000.000000000000000 ) ;
#6091 = ORIENTED_EDGE ( 'NONE', *, *, #1452, .T. ) ;
#6092 = CARTESIAN_POINT ( 'NONE',  ( -4.830036276717042800, 3.900000000000000400, 4.549999999999998000 ) ) ;
#6093 = B_SPLINE_SURFACE_WITH_KNOTS ( 'NONE', 3, 1, ( 
 ( #3307, #5383 ),
 ( #1307, #3991 ),
 ( #5990, #6694 ),
 ( #1967, #6662 ),
 ( #750, #4794 ),
 ( #4121, #77 ),
 ( #5496, #6104 ),
 ( #2753, #780 ),
 ( #3513, #8192 ),
 ( #4824, #2069 ),
 ( #1495, #7492 ),
 ( #5444, #1469 ),
 ( #8158, #3489 ),
 ( #4764, #8105 ),
 ( #4182, #4096 ),
 ( #6857, #1440 ),
 ( #2724, #4156 ),
 ( #111, #7439 ),
 ( #6830, #7468 ) ),
 .UNSPECIFIED., .F., .F., .F.,
 ( 4, 1, 1, 1, 1, 1, 1, 1, 1, 1, 1, 1, 1, 1, 1, 1, 4 ),
 ( 2, 2 ),
 ( 0.0000000000000000000, 0.07051335168162369000, 0.1379899219887873500, 0.2028866898409043600, 0.2658780540109378400, 0.3274375356822436500, 0.3883063854445388800, 0.4493760383183943400, 0.5109294778354235300, 0.5722452924862500000, 0.6321491960886902500, 0.6914582368923339900, 0.7508257792212185100, 0.8105867089308199700, 0.8716472256436542700, 0.9347108786775254500, 1.000000000000000000 ),
 ( 0.0000000000000000000, 1.000000000000000000 ),
 .UNSPECIFIED. ) ;
#6094 = CARTESIAN_POINT ( 'NONE',  ( 1.732716328008646800, 3.899999999999998600, 1.163839488419106600 ) ) ;
#6095 = VECTOR ( 'NONE', #1195, 1000.000000000000000 ) ;
#6096 = CARTESIAN_POINT ( 'NONE',  ( -0.6966731059368948000, 3.900000000000001200, 2.082103198912841800 ) ) ;
#6097 = CARTESIAN_POINT ( 'NONE',  ( 0.0000000000000000000, 0.6999999999999999600, 0.0000000000000000000 ) ) ;
#6098 = CARTESIAN_POINT ( 'NONE',  ( 0.5699437120046827500, 3.909999999999999300, 2.163552524498489700 ) ) ;
#6099 = CARTESIAN_POINT ( 'NONE',  ( 4.988478172493478800, 2.089000844326601500, 2.590708528049444400 ) ) ;
#6100 = CARTESIAN_POINT ( 'NONE',  ( 0.0000000000000000000, 3.950000000000000200, 5.424999999999998000 ) ) ;
#6101 = CARTESIAN_POINT ( 'NONE',  ( -1.146652127513195600, 3.900000000000000400, 1.646522173728578000 ) ) ;
#6102 = CARTESIAN_POINT ( 'NONE',  ( 1.581980468423654500, 3.899999999999999900, 1.138548041998455700 ) ) ;
#6103 = EDGE_CURVE ( 'NONE', #375, #4153, #563, .T. ) ;
#6104 = CARTESIAN_POINT ( 'NONE',  ( 1.095088095279679800, 3.899999999999998600, 1.407481040668759500 ) ) ;
#6105 = EDGE_CURVE ( 'NONE', #2411, #1151, #6868, .T. ) ;
#6106 = VECTOR ( 'NONE', #8261, 1000.000000000000000 ) ;
#6107 = CARTESIAN_POINT ( 'NONE',  ( -0.7323572038368511000, 3.910000000000000100, 1.561121554976336400 ) ) ;
#6108 = CARTESIAN_POINT ( 'NONE',  ( -5.002686081600998600, 0.6999999999999999600, 2.822970009467507900 ) ) ;
#6109 = DIRECTION ( 'NONE',  ( 0.0000000000000000000, 0.0000000000000000000, -1.000000000000000000 ) ) ;
#6110 = DIRECTION ( 'NONE',  ( -1.000000000000000000, 0.0000000000000000000, 0.0000000000000000000 ) ) ;
#6111 = CARTESIAN_POINT ( 'NONE',  ( 0.4041719890133336200, 3.910000000000000100, 1.641346401975208000 ) ) ;
#6112 = CARTESIAN_POINT ( 'NONE',  ( 1.095088095279679800, 3.899999999999998600, 1.407481040668759500 ) ) ;
#6113 = DIRECTION ( 'NONE',  ( 0.0000000000000000000, 0.0000000000000000000, -1.000000000000000000 ) ) ;
#6114 = EDGE_CURVE ( 'NONE', #423, #7305, #5862, .T. ) ;
#6115 = DIRECTION ( 'NONE',  ( 0.0000000000000000000, 0.0000000000000000000, 1.000000000000000000 ) ) ;
#6116 =( GEOMETRIC_REPRESENTATION_CONTEXT ( 3 ) GLOBAL_UNCERTAINTY_ASSIGNED_CONTEXT ( ( #6952 ) ) GLOBAL_UNIT_ASSIGNED_CONTEXT ( ( #6213, #2183, #3508 ) ) REPRESENTATION_CONTEXT ( 'NONE', 'WORKASPACE' ) );
#6117 = VECTOR ( 'NONE', #709, 1000.000000000000000 ) ;
#6118 = CARTESIAN_POINT ( 'NONE',  ( 0.7420612409602007600, 3.910000000000001900, 1.742736755420176300 ) ) ;
#6119 = ORIENTED_EDGE ( 'NONE', *, *, #7181, .F. ) ;
#6120 = CARTESIAN_POINT ( 'NONE',  ( 0.5240384140259224400, 3.900000000000000400, 2.071996227915149800 ) ) ;
#6121 = AXIS2_PLACEMENT_3D ( 'NONE', #6084, #31, #6113 ) ;
#6122 = CARTESIAN_POINT ( 'NONE',  ( 0.03967221053550280800, 3.910000000000000100, 1.658131264635597500 ) ) ;
#6123 = ADVANCED_FACE ( 'NONE', ( #2213 ), #6632, .T. ) ;
#6124 = UNCERTAINTY_MEASURE_WITH_UNIT (LENGTH_MEASURE( 1.000000000000000100E-005 ), #567, 'distance_accuracy_value', 'NONE');
#6125 = SURFACE_STYLE_USAGE ( .BOTH. , #4171 ) ;
#6126 = CARTESIAN_POINT ( 'NONE',  ( -0.6430140253467751000, 3.909999999999997500, 2.014334209296312100 ) ) ;
#6127 = CARTESIAN_POINT ( 'NONE',  ( 4.975639817291987100, 1.027149429359546000, 2.801083641941262100 ) ) ;
#6128 = CARTESIAN_POINT ( 'NONE',  ( -0.8287806611635252200, 3.900000000000000800, 1.675938976614938800 ) ) ;
#6129 = FILL_AREA_STYLE_COLOUR ( '', #612 ) ;
#6130 = CARTESIAN_POINT ( 'NONE',  ( -1.233148344142500900, 3.900000000000001200, 1.766449654053789100 ) ) ;
#6131 = CARTESIAN_POINT ( 'NONE',  ( 1.646764713780497000, 3.910000000000001000, 1.144233208708766300 ) ) ;
#6132 = AXIS2_PLACEMENT_3D ( 'NONE', #4608, #6564, #8596 ) ;
#6133 = CARTESIAN_POINT ( 'NONE',  ( -4.692586600614427900, 3.900000000000000400, 7.549999999999998000 ) ) ;
#6134 = DIRECTION ( 'NONE',  ( -1.000000000000000000, 0.0000000000000000000, -0.0000000000000000000 ) ) ;
#6135 = CARTESIAN_POINT ( 'NONE',  ( -0.6710967484884621200, 3.909999999999997500, 1.482080723548723700 ) ) ;
#6136 = CARTESIAN_POINT ( 'NONE',  ( 0.1553992177029787100, 3.900000000000000400, 1.705958964105465500 ) ) ;
#6137 = CARTESIAN_POINT ( 'NONE',  ( 0.0000000000000000000, 0.0000000000000000000, -4.800000000000001600 ) ) ;
#6138 = ORIENTED_EDGE ( 'NONE', *, *, #6990, .F. ) ;
#6139 = CARTESIAN_POINT ( 'NONE',  ( 4.829676781972098700, 2.782834188699375900, 6.412034523928423500 ) ) ;
#6140 = FACE_BOUND ( 'NONE', #3956, .T. ) ;
#6141 = CARTESIAN_POINT ( 'NONE',  ( -1.114903468992906900, 3.899999999999999500, 1.939312735260871900 ) ) ;
#6142 = CARTESIAN_POINT ( 'NONE',  ( 0.5423341003550030700, 3.900000000000000400, 1.638365378109065500 ) ) ;
#6143 = DIRECTION ( 'NONE',  ( 0.0000000000000000000, 0.0000000000000000000, -1.000000000000000000 ) ) ;
#6144 = CARTESIAN_POINT ( 'NONE',  ( -2.501857394727655200, 3.900000000000000400, 1.151141133056649900 ) ) ;
#6145 = VECTOR ( 'NONE', #2472, 1000.000000000000000 ) ;
#6146 = PLANE ( 'NONE',  #783 ) ;
#6147 = CARTESIAN_POINT ( 'NONE',  ( 0.3441541184302397400, 3.900000000000000400, 1.646412514635597500 ) ) ;
#6148 = DIRECTION ( 'NONE',  ( 0.0000000000000000000, -0.7071067811865456900, 0.7071067811865493500 ) ) ;
#6149 = CARTESIAN_POINT ( 'NONE',  ( -0.7703836869116869000, 3.910000000000000100, 2.131090679568931300 ) ) ;
#6150 = CARTESIAN_POINT ( 'NONE',  ( -0.7361868275978017400, 3.900000000000000800, 1.794760381410794600 ) ) ;
#6151 = CARTESIAN_POINT ( 'NONE',  ( -0.4917133078841706100, 3.900000000000000800, 1.649832091238682600 ) ) ;
#6152 = DIRECTION ( 'NONE',  ( 0.0000000000000000000, 0.0000000000000000000, -1.000000000000000000 ) ) ;
#6153 = VERTEX_POINT ( 'NONE', #398 ) ;
#6154 = COLOUR_RGB ( '',0.07843137254901960700, 0.07843137254901960700, 0.07843137254901960700 ) ;
#6155 = EDGE_LOOP ( 'NONE', ( #8593, #3665, #256, #5497 ) ) ;
#6156 = LINE ( 'NONE', #6133, #8654 ) ;
#6157 = CARTESIAN_POINT ( 'NONE',  ( 1.676900978506909600, 3.909999999999999300, 1.149344296245509200 ) ) ;
#6158 = MECHANICAL_DESIGN_GEOMETRIC_PRESENTATION_REPRESENTATION (  '', ( #8562 ), #6620 ) ;
#6159 = ADVANCED_FACE ( 'NONE', ( #344 ), #6407, .T. ) ;
#6160 = VERTEX_POINT ( 'NONE', #3701 ) ;
#6161 = EDGE_LOOP ( 'NONE', ( #5958, #6442, #7719, #2488, #7119, #8380, #2127, #5329, #2687, #1818, #3058, #5712, #4265, #5575 ) ) ;
#6162 = DIRECTION ( 'NONE',  ( -0.0000000000000000000, -1.000000000000000000, -0.0000000000000000000 ) ) ;
#6163 = EDGE_CURVE ( 'NONE', #3409, #5975, #769, .T. ) ;
#6164 = CARTESIAN_POINT ( 'NONE',  ( -2.102186342096076000, 3.910000000000000100, 2.045877975161913400 ) ) ;
#6165 = DIRECTION ( 'NONE',  ( -0.06860987332813538200, 0.0000000000000000000, 0.9976435662509417500 ) ) ;
#6166 = AXIS2_PLACEMENT_3D ( 'NONE', #3543, #171, #6835 ) ;
#6167 = CARTESIAN_POINT ( 'NONE',  ( 1.221133823445108800, 3.909999999999999300, 1.419138475765487700 ) ) ;
#6168 = CARTESIAN_POINT ( 'NONE',  ( 0.5444838344832431100, 3.900000000000001200, 2.164046245521639400 ) ) ;
#6169 = ORIENTED_EDGE ( 'NONE', *, *, #6623, .F. ) ;
#6170 = CARTESIAN_POINT ( 'NONE',  ( 4.788727906727287700, 3.272939828439252800, 6.442497498117854900 ) ) ;
#6171 = DIRECTION ( 'NONE',  ( 0.4999999999999980000, -0.0000000000000000000, 0.8660254037844397100 ) ) ;
#6172 = ORIENTED_EDGE ( 'NONE', *, *, #8282, .T. ) ;
#6173 = CARTESIAN_POINT ( 'NONE',  ( 1.047137412170090500, 3.910000000000000100, 1.774756962514419100 ) ) ;
#6174 = STYLED_ITEM ( 'NONE', ( #4842 ), #4085 ) ;
#6175 = CARTESIAN_POINT ( 'NONE',  ( 2.940000000000000400, 2.860000000000000300, 12.04999999999999900 ) ) ;
#6176 = MECHANICAL_DESIGN_GEOMETRIC_PRESENTATION_REPRESENTATION (  '', ( #5429 ), #6791 ) ;
#6177 = FILL_AREA_STYLE_COLOUR ( '', #8191 ) ;
#6178 = VECTOR ( 'NONE', #5086, 1000.000000000000000 ) ;
#6179 = CARTESIAN_POINT ( 'NONE',  ( -0.9198159226569496700, 3.909999999999999300, 1.138231436595838100 ) ) ;
#6180 = ORIENTED_EDGE ( 'NONE', *, *, #2455, .T. ) ;
#6181 = CARTESIAN_POINT ( 'NONE',  ( -0.02353772402664755200, 3.900000000000002100, 1.312374184758465800 ) ) ;
#6182 = B_SPLINE_CURVE_WITH_KNOTS ( 'NONE', 3,
 ( #5242, #5185, #8460, #6520, #2556, #1161, #7810, #3813, #6547, #2436, #7878, #514, #4445, #1835, #548, #1858, #8492 ),
 .UNSPECIFIED., .F., .F.,
 ( 4, 1, 1, 1, 1, 1, 1, 1, 1, 1, 1, 1, 1, 1, 4 ),
 ( 0.0000000000000000000, 0.06613274076734919300, 0.1305135343407428400, 0.1936325188339119700, 0.2563235730743754200, 0.3182573568440819100, 0.3800939092469432500, 0.4404217096773609400, 0.5012409657749500300, 0.6229237305092810700, 0.7461453223066113500, 0.8088363765470748500, 0.8711829718386071600, 0.9346621817426257200, 1.000000000000000000 ),
 .UNSPECIFIED. ) ;
#6183 = PRESENTATION_LAYER_ASSIGNMENT (  '', '', ( #2699 ) ) ;
#6184 = CARTESIAN_POINT ( 'NONE',  ( -0.7288552030981930700, 3.900000000000000400, 1.834178597729667800 ) ) ;
#6185 = CARTESIAN_POINT ( 'NONE',  ( -0.4587138573963736000, 3.900000000000001200, 1.394203403358762500 ) ) ;
#6186 = CARTESIAN_POINT ( 'NONE',  ( -3.240000000000000700, 2.299999999999999800, 12.04999999999999900 ) ) ;
#6187 = CARTESIAN_POINT ( 'NONE',  ( -1.178098609362589100, 3.900000000000000800, 1.677039835935692400 ) ) ;
#6188 = VECTOR ( 'NONE', #3213, 1000.000000000000000 ) ;
#6189 = CARTESIAN_POINT ( 'NONE',  ( 1.758294505416235800, 3.910000000000000100, 1.173543097049812400 ) ) ;
#6190 = ORIENTED_EDGE ( 'NONE', *, *, #498, .F. ) ;
#6191 = VECTOR ( 'NONE', #7585, 1000.000000000000000 ) ;
#6192 = CARTESIAN_POINT ( 'NONE',  ( 4.692586600614429700, 3.750000000000000400, 0.1121320343559607200 ) ) ;
#6193 = CARTESIAN_POINT ( 'NONE',  ( 0.1069447386735843700, 3.909999999999998400, 1.955571255347878800 ) ) ;
#6194 = CARTESIAN_POINT ( 'NONE',  ( 0.4765554342197135800, 3.910000000000000100, 1.256404290951386600 ) ) ;
#6195 = DIRECTION ( 'NONE',  ( 0.0000000000000000000, -0.0000000000000000000, 1.000000000000000000 ) ) ;
#6196 = CARTESIAN_POINT ( 'NONE',  ( -0.05517998672457518500, 3.900000000000000800, 1.271715082657333100 ) ) ;
#6197 = ADVANCED_FACE ( 'NONE', ( #7159 ), #4447, .F. ) ;
#6198 = CARTESIAN_POINT ( 'NONE',  ( 4.948522762288408000, 1.354317167633843000, 6.320444104980486700 ) ) ;
#6199 = ORIENTED_EDGE ( 'NONE', *, *, #7728, .T. ) ;
#6200 = ORIENTED_EDGE ( 'NONE', *, *, #384, .F. ) ;
#6201 = DIRECTION ( 'NONE',  ( -0.0000000000000000000, -1.000000000000000000, -0.0000000000000000000 ) ) ;
#6202 = ORIENTED_EDGE ( 'NONE', *, *, #1800, .F. ) ;
#6203 = CARTESIAN_POINT ( 'NONE',  ( 1.070893835725775800, 3.899999999999999500, 1.870071291022347600 ) ) ;
#6204 = CARTESIAN_POINT ( 'NONE',  ( -1.207819787775421800, 3.900000000000000400, 1.419908058522540100 ) ) ;
#6205 = LINE ( 'NONE', #5409, #3791 ) ;
#6206 = CARTESIAN_POINT ( 'NONE',  ( -0.7288552030981930700, 3.910000000000000100, 1.834178597729667800 ) ) ;
#6207 = ADVANCED_FACE ( 'NONE', ( #4825 ), #7162, .T. ) ;
#6208 = VERTEX_POINT ( 'NONE', #3146 ) ;
#6209 = CARTESIAN_POINT ( 'NONE',  ( 4.692586600614427000, 3.750000000000000400, 0.1121320343559608100 ) ) ;
#6210 = CARTESIAN_POINT ( 'NONE',  ( -0.7290286605075013700, 3.909999999999999300, 1.209159682273929000 ) ) ;
#6211 = CARTESIAN_POINT ( 'NONE',  ( -0.1624248289381811400, 3.900000000000000400, 1.230088501477702800 ) ) ;
#6212 = DIRECTION ( 'NONE',  ( -0.0000000000000000000, -1.000000000000000000, -0.0000000000000000000 ) ) ;
#6213 =( LENGTH_UNIT ( ) NAMED_UNIT ( * ) SI_UNIT ( .MILLI., .METRE. ) );
#6214 = VECTOR ( 'NONE', #7255, 1000.000000000000000 ) ;
#6215 = CARTESIAN_POINT ( 'NONE',  ( 1.648635869006409800, 3.910000000000001000, 2.151689667416788700 ) ) ;
#6216 = SURFACE_STYLE_FILL_AREA ( #2144 ) ;
#6217 = UNCERTAINTY_MEASURE_WITH_UNIT (LENGTH_MEASURE( 1.000000000000000100E-005 ), #6924, 'distance_accuracy_value', 'NONE');
#6218 = CARTESIAN_POINT ( 'NONE',  ( -3.240000000000000700, 2.860000000000000300, 12.04999999999999900 ) ) ;
#6219 = EDGE_CURVE ( 'NONE', #6660, #7096, #3571, .T. ) ;
#6220 = LINE ( 'NONE', #7385, #7996 ) ;
#6221 = CARTESIAN_POINT ( 'NONE',  ( 0.1069447386735843700, 3.899999999999998100, 1.955571255347878800 ) ) ;
#6222 = CARTESIAN_POINT ( 'NONE',  ( 0.5032809901046397800, 3.910000000000000100, 1.546944058618824800 ) ) ;
#6223 = ORIENTED_EDGE ( 'NONE', *, *, #2666, .F. ) ;
#6224 =( NAMED_UNIT ( * ) SI_UNIT ( $, .STERADIAN. ) SOLID_ANGLE_UNIT ( ) );
#6225 = AXIS2_PLACEMENT_3D ( 'NONE', #6933, #6750, #5381 ) ;
#6226 = VECTOR ( 'NONE', #8014, 1000.000000000000000 ) ;
#6227 = DIRECTION ( 'NONE',  ( -0.0000000000000000000, -1.000000000000000000, -0.0000000000000000000 ) ) ;
#6228 = EDGE_CURVE ( 'NONE', #5304, #5056, #2202, .T. ) ;
#6229 = VECTOR ( 'NONE', #1115, 1000.000000000000000 ) ;
#6230 = EDGE_CURVE ( 'NONE', #7493, #7305, #8178, .T. ) ;
#6231 = UNCERTAINTY_MEASURE_WITH_UNIT (LENGTH_MEASURE( 1.000000000000000100E-005 ), #2243, 'distance_accuracy_value', 'NONE');
#6232 =( NAMED_UNIT ( * ) SI_UNIT ( $, .STERADIAN. ) SOLID_ANGLE_UNIT ( ) );
#6233 = CARTESIAN_POINT ( 'NONE',  ( 2.286120583362959200, 3.900000000000000400, 1.985619484039658400 ) ) ;
#6234 =( GEOMETRIC_REPRESENTATION_CONTEXT ( 3 ) GLOBAL_UNCERTAINTY_ASSIGNED_CONTEXT ( ( #4812 ) ) GLOBAL_UNIT_ASSIGNED_CONTEXT ( ( #4656, #699, #4631 ) ) REPRESENTATION_CONTEXT ( 'NONE', 'WORKASPACE' ) );
#6235 = CARTESIAN_POINT ( 'NONE',  ( -0.9296945657802865300, 3.910000000000000100, 2.164299027793492100 ) ) ;
#6236 = SURFACE_STYLE_FILL_AREA ( #867 ) ;
#6237 = B_SPLINE_SURFACE_WITH_KNOTS ( 'NONE', 3, 1, ( 
 ( #5280, #8133 ),
 ( #4708, #3405 ),
 ( #4098, #2129 ),
 ( #2816, #8082 ),
 ( #6038, #3458 ),
 ( #7442, #2754 ),
 ( #4766, #4042 ),
 ( #6107, #2023 ),
 ( #5447, #3380 ),
 ( #7377, #8056 ),
 ( #1442, #755 ) ),
 .UNSPECIFIED., .F., .F., .F.,
 ( 4, 1, 1, 1, 1, 1, 1, 1, 4 ),
 ( 2, 2 ),
 ( 0.0000000000000000000, 0.1231809017403232400, 0.2435080848451684800, 0.3644021375639719400, 0.4879127519494564400, 0.6132212795269740300, 0.7386238437599362800, 0.8675146942542655300, 1.000000000000000000 ),
 ( 0.0000000000000000000, 1.000000000000000000 ),
 .UNSPECIFIED. ) ;
#6238 = DIRECTION ( 'NONE',  ( -0.0000000000000000000, -1.000000000000000000, -0.0000000000000000000 ) ) ;
#6239 = CARTESIAN_POINT ( 'NONE',  ( -0.6500893026223919500, 3.910000000000000100, 1.387160869898755200 ) ) ;
#6240 = CARTESIAN_POINT ( 'NONE',  ( 0.03706541763754463800, 3.899999999999998600, 1.558821861531088000 ) ) ;
#6241 = CARTESIAN_POINT ( 'NONE',  ( 0.5416703088339140900, 3.899999999999999500, 2.072010904736111900 ) ) ;
#6242 = CARTESIAN_POINT ( 'NONE',  ( -4.975639817291988000, 1.027149429359546200, 6.298916358058734000 ) ) ;
#6243 = CARTESIAN_POINT ( 'NONE',  ( -1.674180493807334400, 3.910000000000001000, 1.574649632401552900 ) ) ;
#6244 = CARTESIAN_POINT ( 'NONE',  ( -0.9921607838806190100, 3.909999999999998400, 2.051490080775399100 ) ) ;
#6245 = VECTOR ( 'NONE', #7754, 1000.000000000000000 ) ;
#6246 = PLANE ( 'NONE',  #2969 ) ;
#6247 = PLANE ( 'NONE',  #2187 ) ;
#6248 = CARTESIAN_POINT ( 'NONE',  ( -0.7668577119125314900, 3.910000000000000100, 1.360915138338812900 ) ) ;
#6249 = ADVANCED_FACE ( 'NONE', ( #1591 ), #2504, .F. ) ;
#6250 = ORIENTED_EDGE ( 'NONE', *, *, #8346, .T. ) ;
#6251 = CARTESIAN_POINT ( 'NONE',  ( -0.1030091852293679900, 3.909999999999999300, 2.156321914213956200 ) ) ;
#6252 = VECTOR ( 'NONE', #2122, 1000.000000000000000 ) ;
#6253 = DIRECTION ( 'NONE',  ( -1.000000000000000000, 0.0000000000000000000, 0.0000000000000000000 ) ) ;
#6254 = ORIENTED_EDGE ( 'NONE', *, *, #5420, .F. ) ;
#6255 = CARTESIAN_POINT ( 'NONE',  ( -1.040640484948569300, 3.899999999999999900, 1.156257861320475900 ) ) ;
#6256 =( NAMED_UNIT ( * ) PLANE_ANGLE_UNIT ( ) SI_UNIT ( $, .RADIAN. ) );
#6257 = CARTESIAN_POINT ( 'NONE',  ( -0.02353772402664755200, 3.900000000000002100, 1.312374184758465800 ) ) ;
#6258 = CARTESIAN_POINT ( 'NONE',  ( -0.01963041662163735700, 3.899999999999999000, 1.169190127424122100 ) ) ;
#6259 = CARTESIAN_POINT ( 'NONE',  ( 5.509999999999998900, 0.6999999999999999600, 4.549999999999998000 ) ) ;
#6260 = VECTOR ( 'NONE', #3406, 1000.000000000000000 ) ;
#6261 = ORIENTED_EDGE ( 'NONE', *, *, #3514, .T. ) ;
#6262 = CARTESIAN_POINT ( 'NONE',  ( 1.040267554296862700, 3.899999999999998600, 1.687891119244534500 ) ) ;
#6263 = FACE_OUTER_BOUND ( 'NONE', #140, .T. ) ;
#6264 = CARTESIAN_POINT ( 'NONE',  ( -0.3749938046900587700, 3.910000000000000100, 1.614037456691020500 ) ) ;
#6265 = CARTESIAN_POINT ( 'NONE',  ( 2.280507361410212900, 3.900000000000000800, 1.964181383354076400 ) ) ;
#6266 = CARTESIAN_POINT ( 'NONE',  ( -0.8287806611635252200, 3.910000000000000100, 1.675938976614938800 ) ) ;
#6267 = VERTEX_POINT ( 'NONE', #4592 ) ;
#6268 = CARTESIAN_POINT ( 'NONE',  ( -1.197886889983963900, 3.910000000000001900, 1.310969706782600500 ) ) ;
#6269 = EDGE_LOOP ( 'NONE', ( #1233, #4585, #5235, #4044, #6202 ) ) ;
#6270 = CARTESIAN_POINT ( 'NONE',  ( -0.9003389217105201000, 3.900000000000000400, 1.138720791054420400 ) ) ;
#6271 = CARTESIAN_POINT ( 'NONE',  ( -0.1542366415767934300, 3.910000000000000100, 1.230359226066783300 ) ) ;
#6272 = LINE ( 'NONE', #4839, #3014 ) ;
#6273 = EDGE_CURVE ( 'NONE', #2603, #3687, #658, .T. ) ;
#6274 = EDGE_CURVE ( 'NONE', #7595, #5319, #382, .T. ) ;
#6275 = DIRECTION ( 'NONE',  ( 1.000000000000000000, 0.0000000000000000000, 0.0000000000000000000 ) ) ;
#6276 = CARTESIAN_POINT ( 'NONE',  ( -1.762575582290498300, 3.910000000000000100, 1.787227002494349100 ) ) ;
#6277 = CARTESIAN_POINT ( 'NONE',  ( -0.6500893026223919500, 3.900000000000000400, 1.387160869898755200 ) ) ;
#6278 = ORIENTED_EDGE ( 'NONE', *, *, #1344, .T. ) ;
#6279 = CARTESIAN_POINT ( 'NONE',  ( 2.234980408443919700E-016, 0.6999999999999999600, -2.975000000000001000 ) ) ;
#6280 = DIRECTION ( 'NONE',  ( -0.9961946980917458800, -0.08715574274765450200, -2.307235037058896000E-016 ) ) ;
#6281 = STYLED_ITEM ( 'NONE', ( #3418 ), #2420 ) ;
#6282 = DIRECTION ( 'NONE',  ( 2.316048300074779300E-016, -0.0000000000000000000, 1.000000000000000000 ) ) ;
#6283 = B_SPLINE_SURFACE_WITH_KNOTS ( 'NONE', 3, 1, ( 
 ( #2413, #6644 ),
 ( #3347, #2668 ),
 ( #3238, #1280 ),
 ( #3995, #3268 ),
 ( #1309, #7981 ),
 ( #6017, #640 ),
 ( #7354, #2642 ),
 ( #6614, #7949 ),
 ( #3963, #3935 ),
 ( #8586, #1993 ),
 ( #8641, #5994 ),
 ( #8029, #6696 ),
 ( #4627, #2594 ),
 ( #4018, #25 ),
 ( #4568, #1364 ),
 ( #1920, #8615 ),
 ( #2618, #5333 ),
 ( #8667, #5299 ),
 ( #3905, #4682 ) ),
 .UNSPECIFIED., .F., .F., .F.,
 ( 4, 1, 1, 1, 1, 1, 1, 1, 1, 1, 1, 1, 1, 1, 1, 1, 4 ),
 ( 2, 2 ),
 ( 0.0000000000000000000, 0.06729626932412012500, 0.1320539232380009700, 0.1955436087984787900, 0.2588557280789731700, 0.3211119072606449800, 0.3817393933578831500, 0.4415306698600330300, 0.5014316791883020000, 0.5613326885165697000, 0.6219188963206165900, 0.6825463824178550400, 0.7444650999492774500, 0.8075049716482012300, 0.8704207050050507500, 0.9342836314125359000, 1.000000000000000000 ),
 ( 0.0000000000000000000, 1.000000000000000000 ),
 .UNSPECIFIED. ) ;
#6284 =( LENGTH_UNIT ( ) NAMED_UNIT ( * ) SI_UNIT ( .MILLI., .METRE. ) );
#6285 = EDGE_CURVE ( 'NONE', #1039, #5615, #760, .T. ) ;
#6286 = CARTESIAN_POINT ( 'NONE',  ( 0.7672626710618188900, 3.900000000000000400, 1.850154290951386800 ) ) ;
#6287 = CARTESIAN_POINT ( 'NONE',  ( -1.209105062418845300, 3.900000000000001200, 1.378370687880165100 ) ) ;
#6288 = STYLED_ITEM ( 'NONE', ( #546 ), #890 ) ;
#6289 = CARTESIAN_POINT ( 'NONE',  ( 1.040284246703544900, 3.910000000000000100, 1.650433481825076500 ) ) ;
#6290 = CARTESIAN_POINT ( 'NONE',  ( 2.234980408443919200E-016, 0.6999999999999999600, -2.975000000000001000 ) ) ;
#6291 = LINE ( 'NONE', #8320, #4489 ) ;
#6292 = CARTESIAN_POINT ( 'NONE',  ( -0.8237186330725897500, 3.900000000000000400, 1.521687686171195900 ) ) ;
#6293 = CARTESIAN_POINT ( 'NONE',  ( -4.931991158743369600, 2.734650365917180400, 6.550140271213337900 ) ) ;
#6294 = ORIENTED_EDGE ( 'NONE', *, *, #1437, .T. ) ;
#6295 = ORIENTED_EDGE ( 'NONE', *, *, #5046, .F. ) ;
#6296 = CARTESIAN_POINT ( 'NONE',  ( 3.239999999999999800, 2.299999999999999800, 7.549999999999998000 ) ) ;
#6297 = CIRCLE ( 'NONE', #5707, 0.1500000000000004400 ) ;
#6298 = ORIENTED_EDGE ( 'NONE', *, *, #2210, .T. ) ;
#6299 = ADVANCED_FACE ( 'NONE', ( #7867 ), #583, .F. ) ;
#6300 = CARTESIAN_POINT ( 'NONE',  ( -1.065500429022089500, 3.910000000000000100, 1.166462742149714500 ) ) ;
#6301 = B_SPLINE_SURFACE_WITH_KNOTS ( 'NONE', 3, 1, ( 
 ( #4294, #308 ),
 ( #4948, #5678 ),
 ( #2309, #3692 ),
 ( #360, #5090 ),
 ( #7089, #1831 ),
 ( #3045, #387 ),
 ( #7720, #475 ),
 ( #1032, #2362 ),
 ( #505, #1059 ),
 ( #3718, #5806 ),
 ( #7753, #2394 ),
 ( #5744, #3075 ),
 ( #5708, #1799 ),
 ( #3747, #1732 ),
 ( #8454, #1093 ),
 ( #3806, #8397 ),
 ( #1709, #2431 ),
 ( #7153, #8486 ),
 ( #1122, #5774 ) ),
 .UNSPECIFIED., .F., .F., .F.,
 ( 4, 1, 1, 1, 1, 1, 1, 1, 1, 1, 1, 1, 1, 1, 1, 1, 4 ),
 ( 2, 2 ),
 ( 0.0000000000000000000, 0.06644460918966486900, 0.1307813420030963000, 0.1931354849450426000, 0.2552895606024469000, 0.3164029184847909600, 0.3756326518857742700, 0.4350408570157903700, 0.4943336417801352200, 0.5536754201777416300, 0.6136019979437515900, 0.6745009879961109100, 0.7370545583436367600, 0.8004257709261303200, 0.8652862936912301100, 0.9316245964407601200, 1.000000000000000000 ),
 ( 0.0000000000000000000, 1.000000000000000000 ),
 .UNSPECIFIED. ) ;
#6302 = DIRECTION ( 'NONE',  ( -1.000000000000000000, 0.0000000000000000000, -0.0000000000000000000 ) ) ;
#6303 = CARTESIAN_POINT ( 'NONE',  ( -0.05717836370713935700, 3.899999999999999900, 2.031909474401548900 ) ) ;
#6304 = ORIENTED_EDGE ( 'NONE', *, *, #2797, .F. ) ;
#6305 = MECHANICAL_DESIGN_GEOMETRIC_PRESENTATION_REPRESENTATION (  '', ( #8019 ), #191 ) ;
#6306 = CARTESIAN_POINT ( 'NONE',  ( 1.609506431519733600, 3.910000000000001000, 1.247019785449618100 ) ) ;
#6307 = DIRECTION ( 'NONE',  ( -0.0000000000000000000, -0.0000000000000000000, -1.000000000000000000 ) ) ;
#6308 = ORIENTED_EDGE ( 'NONE', *, *, #3631, .T. ) ;
#6309 = CARTESIAN_POINT ( 'NONE',  ( 1.483864348711328600, 3.899999999999999900, 2.058207962310592400 ) ) ;
#6310 = CARTESIAN_POINT ( 'NONE',  ( -2.009875486832918100, 3.910000000000000100, 1.256404290951386600 ) ) ;
#6311 = CARTESIAN_POINT ( 'NONE',  ( -4.960711766278859800, 0.6999999999999999600, 6.420295983408254700 ) ) ;
#6312 = CARTESIAN_POINT ( 'NONE',  ( -0.8953688156990530200, 3.910000000000000100, 1.232803288742701600 ) ) ;
#6313 = CARTESIAN_POINT ( 'NONE',  ( 0.1344274596123030400, 3.909999999999999300, 1.866582175986806400 ) ) ;
#6314 = CARTESIAN_POINT ( 'NONE',  ( 1.998553789482871500, 3.910000000000000100, 1.151141133056649900 ) ) ;
#6315 = SURFACE_STYLE_USAGE ( .BOTH. , #3669 ) ;
#6316 = CARTESIAN_POINT ( 'NONE',  ( 1.119985859480619800, 3.910000000000001000, 1.363426126197635700 ) ) ;
#6317 = CARTESIAN_POINT ( 'NONE',  ( -0.9069054326620372700, 3.910000000000001000, 1.651679951926762900 ) ) ;
#6318 = CARTESIAN_POINT ( 'NONE',  ( -0.1442386185950866600, 3.900000000000000400, 1.138370366952471000 ) ) ;
#6319 =( NAMED_UNIT ( * ) SI_UNIT ( $, .STERADIAN. ) SOLID_ANGLE_UNIT ( ) );
#6320 = B_SPLINE_CURVE_WITH_KNOTS ( 'NONE', 3,
 ( #5857, #1872, #7199, #3185, #1146, #5226, #1821, #530, #4488, #1785, #2566, #6501, #8589, #5794, #6470, #4517, #2482, #559, #4573 ),
 .UNSPECIFIED., .F., .F.,
 ( 4, 1, 1, 1, 1, 1, 1, 1, 1, 1, 1, 1, 1, 1, 1, 1, 4 ),
 ( 0.0000000000000000000, 0.06644460918966486900, 0.1307813420030963000, 0.1931354849450426000, 0.2552895606024469000, 0.3164029184847909600, 0.3756326518857742700, 0.4350408570157903700, 0.4943336417801352200, 0.5536754201777416300, 0.6136019979437515900, 0.6745009879961109100, 0.7370545583436367600, 0.8004257709261303200, 0.8652862936912301100, 0.9316245964407601200, 1.000000000000000000 ),
 .UNSPECIFIED. ) ;
#6321 = LINE ( 'NONE', #5044, #5455 ) ;
#6322 = ORIENTED_EDGE ( 'NONE', *, *, #3689, .T. ) ;
#6323 = CARTESIAN_POINT ( 'NONE',  ( -0.9198159226569496700, 3.899999999999999900, 1.138231436595838100 ) ) ;
#6324 = CARTESIAN_POINT ( 'NONE',  ( 1.727793061249243100, 3.899999999999998600, 1.279987264546943700 ) ) ;
#6325 = CARTESIAN_POINT ( 'NONE',  ( -0.7606753243722614900, 3.899999999999998600, 1.973909119346862500 ) ) ;
#6326 = EDGE_LOOP ( 'NONE', ( #3682, #1544, #5966, #8399, #235 ) ) ;
#6327 = CARTESIAN_POINT ( 'NONE',  ( 4.931991162772789900, 2.734650319860687100, 6.550140268476544800 ) ) ;
#6328 = LINE ( 'NONE', #7410, #874 ) ;
#6329 = CARTESIAN_POINT ( 'NONE',  ( -0.3116194461628074600, 3.910000000000000100, 2.132068948935130300 ) ) ;
#6330 = CARTESIAN_POINT ( 'NONE',  ( -0.4000000000000000200, 2.299999999999999400, 21.14999999999999900 ) ) ;
#6331 = ORIENTED_EDGE ( 'NONE', *, *, #1403, .T. ) ;
#6332 = B_SPLINE_CURVE_WITH_KNOTS ( 'NONE', 3,
 ( #7756, #4387, #7120, #5839, #425, #1833, #5119, #391, #3841, #3141, #1096, #1125, #5776, #3783, #1736, #5810, #2462, #1768, #8519, #1803, #7185 ),
 .UNSPECIFIED., .F., .F.,
 ( 4, 1, 1, 1, 1, 1, 1, 1, 1, 1, 1, 1, 1, 1, 1, 1, 1, 1, 4 ),
 ( 0.0000000000000000000, 0.02409652232115020900, 0.05100988149170289400, 0.08048546387731381200, 0.1127022574965740700, 0.1470092030223501800, 0.1834115044193925000, 0.2214562578665820700, 0.2614211825009101200, 0.3456651829338394100, 0.4354475418537445700, 0.5285713383436830800, 0.6235195233837477200, 0.7190324211410643600, 0.8146214701394451900, 0.8620363981615487600, 0.9086404887170506100, 0.9547692771864023700, 1.000000000000000000 ),
 .UNSPECIFIED. ) ;
#6333 = SURFACE_STYLE_USAGE ( .BOTH. , #6360 ) ;
#6334 = MECHANICAL_DESIGN_GEOMETRIC_PRESENTATION_REPRESENTATION (  '', ( #168 ), #2569 ) ;
#6335 = SURFACE_STYLE_USAGE ( .BOTH. , #8310 ) ;
#6336 = EDGE_CURVE ( 'NONE', #1505, #7968, #3165, .T. ) ;
#6337 =( NAMED_UNIT ( * ) SI_UNIT ( $, .STERADIAN. ) SOLID_ANGLE_UNIT ( ) );
#6338 =( GEOMETRIC_REPRESENTATION_CONTEXT ( 3 ) GLOBAL_UNCERTAINTY_ASSIGNED_CONTEXT ( ( #2972 ) ) GLOBAL_UNIT_ASSIGNED_CONTEXT ( ( #4813, #4086, #4752 ) ) REPRESENTATION_CONTEXT ( 'NONE', 'WORKASPACE' ) );
#6339 = FACE_OUTER_BOUND ( 'NONE', #8456, .T. ) ;
#6340 = ADVANCED_FACE ( 'NONE', ( #7765 ), #2018, .F. ) ;
#6341 = CARTESIAN_POINT ( 'NONE',  ( 1.260927809620414000, 3.910000000000000100, 1.951895792831960200 ) ) ;
#6342 = CARTESIAN_POINT ( 'NONE',  ( 0.7672626710618188900, 3.910000000000000100, 1.850154290951386800 ) ) ;
#6343 = CIRCLE ( 'NONE', #1028, 0.1492882710109593700 ) ;
#6344 = CARTESIAN_POINT ( 'NONE',  ( -1.177032122664005900, 3.900000000000000800, 1.265644110828410000 ) ) ;
#6345 =( LENGTH_UNIT ( ) NAMED_UNIT ( * ) SI_UNIT ( .MILLI., .METRE. ) );
#6346 = CARTESIAN_POINT ( 'NONE',  ( 4.830036276717042800, 3.856066017177981900, 0.006066017177978376800 ) ) ;
#6347 = B_SPLINE_CURVE_WITH_KNOTS ( 'NONE', 3,
 ( #3013, #5176, #4522, #7204, #5802, #3775, #7175, #3161, #497, #1206, #5885, #7830, #7109, #7898, #1179, #4408, #3189, #414, #5085 ),
 .UNSPECIFIED., .F., .F.,
 ( 4, 1, 1, 1, 1, 1, 1, 1, 1, 1, 1, 1, 1, 1, 1, 1, 4 ),
 ( 0.0000000000000000000, 0.06644460918966486900, 0.1307813420030963000, 0.1931354849450426000, 0.2552895606024469000, 0.3164029184847909600, 0.3756326518857742700, 0.4350408570157903700, 0.4943336417801352200, 0.5536754201777416300, 0.6136019979437515900, 0.6745009879961109100, 0.7370545583436367600, 0.8004257709261303200, 0.8652862936912301100, 0.9316245964407601200, 1.000000000000000000 ),
 .UNSPECIFIED. ) ;
#6348 = CARTESIAN_POINT ( 'NONE',  ( -0.7637817368329178300, 3.900000000000000400, 1.394973369898755200 ) ) ;
#6349 = VECTOR ( 'NONE', #6630, 1000.000000000000000 ) ;
#6350 = CARTESIAN_POINT ( 'NONE',  ( -0.2929727316544045200, 3.900000000000001700, 1.291409143732949800 ) ) ;
#6351 = CARTESIAN_POINT ( 'NONE',  ( -0.6952908793786035700, 3.899999999999999000, 1.245536063442694000 ) ) ;
#6352 = COLOUR_RGB ( '',1.000000000000000000, 1.000000000000000000, 1.000000000000000000 ) ;
#6353 =( NAMED_UNIT ( * ) SI_UNIT ( $, .STERADIAN. ) SOLID_ANGLE_UNIT ( ) );
#6354 = CARTESIAN_POINT ( 'NONE',  ( 1.557086645155343600, 3.900000000000000800, 1.243440320561385500 ) ) ;
#6355 = ORIENTED_EDGE ( 'NONE', *, *, #3137, .T. ) ;
#6356 = B_SPLINE_SURFACE_WITH_KNOTS ( 'NONE', 3, 1, ( 
 ( #6445, #5699 ),
 ( #8387, #6418 ),
 ( #5763, #4992 ),
 ( #7744, #3734 ),
 ( #5082, #5137 ),
 ( #7860, #6560 ),
 ( #4458, #531 ),
 ( #3771, #8534 ),
 ( #2515, #5199 ),
 ( #5228, #1895 ),
 ( #7798, #3859 ) ),
 .UNSPECIFIED., .F., .F., .F.,
 ( 4, 1, 1, 1, 1, 1, 1, 1, 4 ),
 ( 2, 2 ),
 ( 0.0000000000000000000, 0.1357697446369216200, 0.2674295086385849500, 0.3954588996377332900, 0.5203793465897467200, 0.6427520264582974300, 0.7631737400076839000, 0.8815808016434340000, 1.000000000000000000 ),
 ( 0.0000000000000000000, 1.000000000000000000 ),
 .UNSPECIFIED. ) ;
#6357 = CARTESIAN_POINT ( 'NONE',  ( -0.1897966761022942000, 3.910000000000000100, 2.163925877867408900 ) ) ;
#6358 = CARTESIAN_POINT ( 'NONE',  ( 0.4917644771169407700, 3.910000000000001000, 1.638084626339237700 ) ) ;
#6359 = CARTESIAN_POINT ( 'NONE',  ( 0.6569676468652899700, 3.899999999999999900, 1.557069048524879900 ) ) ;
#6360 = SURFACE_SIDE_STYLE ('',( #8146 ) ) ;
#6361 = CARTESIAN_POINT ( 'NONE',  ( -0.6515849515221188200, 3.900000000000000400, 1.419901928366185100 ) ) ;
#6362 = ADVANCED_FACE ( 'NONE', ( #8497 ), #2695, .F. ) ;
#6363 = EDGE_LOOP ( 'NONE', ( #3275, #8307, #1270, #8219 ) ) ;
#6364 = CARTESIAN_POINT ( 'NONE',  ( 4.692586600614428800, 3.750000000000000400, 2.488748555299566500 ) ) ;
#6365 = CARTESIAN_POINT ( 'NONE',  ( -0.7284198947276548900, 3.910000000000000100, 1.854677317267176400 ) ) ;
#6366 = CARTESIAN_POINT ( 'NONE',  ( -0.6071568913746683300, 3.900000000000000800, 1.877652889797587500 ) ) ;
#6367 = VERTEX_POINT ( 'NONE', #1988 ) ;
#6368 = CARTESIAN_POINT ( 'NONE',  ( 1.162990883198760800, 3.900000000000000400, 1.706138365768524500 ) ) ;
#6369 = LINE ( 'NONE', #3239, #7615 ) ;
#6370 = CARTESIAN_POINT ( 'NONE',  ( -1.087917964932716000, 3.909999999999999300, 2.131230919400495700 ) ) ;
#6371 = B_SPLINE_SURFACE_WITH_KNOTS ( 'NONE', 3, 1, ( 
 ( #4232, #6876 ),
 ( #3601, #2212 ),
 ( #193, #2870 ),
 ( #3538, #4178 ),
 ( #8215, #249 ),
 ( #1549, #908 ),
 ( #4204, #5577 ),
 ( #6276, #4873 ),
 ( #885, #858 ),
 ( #2244, #5551 ),
 ( #6243, #6928 ),
 ( #6902, #7603 ),
 ( #2890, #7574 ),
 ( #3564, #4676 ),
 ( #2693, #6606 ),
 ( #2638, #631 ),
 ( #2016, #1246 ),
 ( #3260, #8022 ),
 ( #3953, #6717 ),
 ( #4590, #1964 ),
 ( #16, #8577 ),
 ( #4645, #1937 ),
 ( #7344, #7972 ) ),
 .UNSPECIFIED., .F., .F., .F.,
 ( 4, 1, 1, 1, 1, 1, 1, 1, 1, 1, 1, 1, 1, 1, 1, 1, 1, 1, 1, 1, 4 ),
 ( 2, 2 ),
 ( 0.0000000000000000000, 0.04703142702276246600, 0.09474054418417983400, 0.1432611495992458200, 0.1928093647437366700, 0.2924776409957790500, 0.3912355770159735000, 0.4887465024505026600, 0.5838172037023338100, 0.6298643998844117900, 0.6744670214049288700, 0.7171530676845365700, 0.7582120413206531200, 0.7973652412660359200, 0.8344233127280489300, 0.8690081901814087400, 0.9014113212805551200, 0.9310598904866521600, 0.9574614256845501700, 0.9804480420125327700, 1.000000000000000000 ),
 ( 0.0000000000000000000, 1.000000000000000000 ),
 .UNSPECIFIED. ) ;
#6372 = CARTESIAN_POINT ( 'NONE',  ( -0.6087074640789441600, 3.900000000000000400, 1.826162998467451400 ) ) ;
#6373 = DIRECTION ( 'NONE',  ( -1.156482317317871600E-014, 1.000000000000000000, 0.0000000000000000000 ) ) ;
#6374 = COLOUR_RGB ( '',1.000000000000000000, 1.000000000000000000, 1.000000000000000000 ) ;
#6375 = CARTESIAN_POINT ( 'NONE',  ( -1.857068292732090300, 3.910000000000001000, 2.136187429778765500 ) ) ;
#6376 = CARTESIAN_POINT ( 'NONE',  ( -1.250407892516748300, 3.900000000000000400, 1.826194540831338900 ) ) ;
#6377 = ORIENTED_EDGE ( 'NONE', *, *, #5825, .F. ) ;
#6378 = CARTESIAN_POINT ( 'NONE',  ( -0.6507249342669952900, 3.900000000000000400, 1.361257628603722800 ) ) ;
#6379 = EDGE_LOOP ( 'NONE', ( #504, #3985, #1758, #6828, #7300, #2285, #7479, #3155 ) ) ;
#6380 = CARTESIAN_POINT ( 'NONE',  ( 1.699316436933737700, 3.900000000000000400, 1.268573229746119200 ) ) ;
#6381 = CARTESIAN_POINT ( 'NONE',  ( -4.854893818033383800, 2.878182130953735700, -0.9500000000000028400 ) ) ;
#6382 = COLOUR_RGB ( '',1.000000000000000000, 1.000000000000000000, 1.000000000000000000 ) ;
#6383 = CARTESIAN_POINT ( 'NONE',  ( -1.246789291387010700, 3.909999999999999300, 1.930007885782540200 ) ) ;
#6384 = CARTESIAN_POINT ( 'NONE',  ( 4.747671247539717100, 3.763073361412150300, 6.472345833242489000 ) ) ;
#6385 = DIRECTION ( 'NONE',  ( 0.0000000000000000000, -1.000000000000000000, 0.0000000000000000000 ) ) ;
#6386 = CARTESIAN_POINT ( 'NONE',  ( -0.1395974306546843600, 3.909999999999999300, 2.163322073163305600 ) ) ;
#6387 = CARTESIAN_POINT ( 'NONE',  ( 0.8838333947460294000, 3.900000000000000400, 1.844397712004018500 ) ) ;
#6388 = EDGE_CURVE ( 'NONE', #7110, #3957, #6526, .T. ) ;
#6389 = EDGE_CURVE ( 'NONE', #6070, #7110, #553, .T. ) ;
#6390 =( NAMED_UNIT ( * ) SI_UNIT ( $, .STERADIAN. ) SOLID_ANGLE_UNIT ( ) );
#6391 = VERTEX_POINT ( 'NONE', #8050 ) ;
#6392 = CARTESIAN_POINT ( 'NONE',  ( 0.05795191970768268800, 3.899999999999999900, 1.235379416592985700 ) ) ;
#6393 = UNCERTAINTY_MEASURE_WITH_UNIT (LENGTH_MEASURE( 1.000000000000000100E-005 ), #660, 'distance_accuracy_value', 'NONE');
#6394 = PRODUCT ( '7805VoltageRegulator', '7805VoltageRegulator', '', ( #219 ) ) ;
#6395 = DIRECTION ( 'NONE',  ( -1.000000000000000000, 0.0000000000000000000, -0.0000000000000000000 ) ) ;
#6396 = CARTESIAN_POINT ( 'NONE',  ( 0.3780768157986610400, 3.910000000000000100, 1.151141133056649900 ) ) ;
#6397 = VERTEX_POINT ( 'NONE', #18 ) ;
#6398 = VERTEX_POINT ( 'NONE', #3374 ) ;
#6399 = CARTESIAN_POINT ( 'NONE',  ( -1.208802642462145200, 3.909999999999999300, 1.398161549961988200 ) ) ;
#6400 = FACE_OUTER_BOUND ( 'NONE', #1871, .T. ) ;
#6401 =( NAMED_UNIT ( * ) SI_UNIT ( $, .STERADIAN. ) SOLID_ANGLE_UNIT ( ) );
#6402 = CARTESIAN_POINT ( 'NONE',  ( 1.167504176217848900, 3.909999999999999300, 1.748174722623288400 ) ) ;
#6403 = EDGE_CURVE ( 'NONE', #2224, #6897, #6205, .T. ) ;
#6404 = FILL_AREA_STYLE_COLOUR ( '', #6833 ) ;
#6405 = CARTESIAN_POINT ( 'NONE',  ( -1.029100782353641800, 3.899999999999999500, 2.152518915096310400 ) ) ;
#6406 = EDGE_CURVE ( 'NONE', #2273, #3383, #240, .T. ) ;
#6407 = PLANE ( 'NONE',  #8585 ) ;
#6408 = SURFACE_STYLE_FILL_AREA ( #2015 ) ;
#6409 = VERTEX_POINT ( 'NONE', #715 ) ;
#6410 = CARTESIAN_POINT ( 'NONE',  ( 5.111895643751281200, 0.6783326927753095000, 2.681017931949331700 ) ) ;
#6411 = MECHANICAL_DESIGN_GEOMETRIC_PRESENTATION_REPRESENTATION (  '', ( #2229 ), #3143 ) ;
#6412 = ORIENTED_EDGE ( 'NONE', *, *, #3296, .T. ) ;
#6413 = CARTESIAN_POINT ( 'NONE',  ( -1.109844246121374000, 3.910000000000000100, 1.620610455993554400 ) ) ;
#6414 = CARTESIAN_POINT ( 'NONE',  ( 0.0000000000000000000, 3.950000000000000200, 6.049999999999998000 ) ) ;
#6415 = CARTESIAN_POINT ( 'NONE',  ( -1.859382065780286400, 3.900000000000000400, 2.151141133056650100 ) ) ;
#6416 = AXIS2_PLACEMENT_3D ( 'NONE', #4091, #3398, #2837 ) ;
#6417 = CARTESIAN_POINT ( 'NONE',  ( 1.640152401786954000, 3.899999999999999500, 1.252101816194034900 ) ) ;
#6418 = CARTESIAN_POINT ( 'NONE',  ( 1.535087307113200100, 3.900000000000000400, 2.058844812211908100 ) ) ;
#6419 = DIRECTION ( 'NONE',  ( 0.06174578541844670500, 0.7057575568079537100, 0.7057575568079501600 ) ) ;
#6420 = MECHANICAL_DESIGN_GEOMETRIC_PRESENTATION_REPRESENTATION (  '', ( #1812 ), #2641 ) ;
#6421 = COLOUR_RGB ( '',1.000000000000000000, 1.000000000000000000, 1.000000000000000000 ) ;
#6422 = ORIENTED_EDGE ( 'NONE', *, *, #3365, .T. ) ;
#6423 = ORIENTED_EDGE ( 'NONE', *, *, #2341, .F. ) ;
#6424 = CARTESIAN_POINT ( 'NONE',  ( 0.4041719890133336200, 3.900000000000000400, 1.641346401975208000 ) ) ;
#6425 = CARTESIAN_POINT ( 'NONE',  ( 0.03953319639758609600, 3.900000000000001200, 1.674856771182281300 ) ) ;
#6426 = VECTOR ( 'NONE', #5926, 1000.000000000000000 ) ;
#6427 = CARTESIAN_POINT ( 'NONE',  ( 4.842015805328189900, 3.763073361412149000, 6.611251444700425100 ) ) ;
#6428 = ORIENTED_EDGE ( 'NONE', *, *, #6045, .F. ) ;
#6429 = ORIENTED_EDGE ( 'NONE', *, *, #2663, .F. ) ;
#6430 =( LENGTH_UNIT ( ) NAMED_UNIT ( * ) SI_UNIT ( .MILLI., .METRE. ) );
#6431 = FILL_AREA_STYLE ('',( #4503 ) ) ;
#6432 = CARTESIAN_POINT ( 'NONE',  ( 0.3435924233868263300, 3.900000000000002600, 2.133881175500733200 ) ) ;
#6433 = LINE ( 'NONE', #4022, #6214 ) ;
#6434 = CARTESIAN_POINT ( 'NONE',  ( -4.842015805328189900, 3.763073361412148500, 6.611251444700425100 ) ) ;
#6435 = SURFACE_STYLE_FILL_AREA ( #212 ) ;
#6436 = SURFACE_STYLE_USAGE ( .BOTH. , #7006 ) ;
#6437 = CARTESIAN_POINT ( 'NONE',  ( 2.296867934219713800, 3.910000000000000100, 2.032514488319807600 ) ) ;
#6438 = CARTESIAN_POINT ( 'NONE',  ( -0.9233112827703966500, 3.900000000000000400, 1.558881026491032000 ) ) ;
#6439 = FILL_AREA_STYLE_COLOUR ( '', #7844 ) ;
#6440 = FACE_OUTER_BOUND ( 'NONE', #67, .T. ) ;
#6441 = CARTESIAN_POINT ( 'NONE',  ( -0.4919889736750234800, 3.910000000000000100, 1.670877975161913200 ) ) ;
#6442 = ORIENTED_EDGE ( 'NONE', *, *, #517, .F. ) ;
#6443 = CARTESIAN_POINT ( 'NONE',  ( -0.3659979244030027700, 3.910000000000001000, 2.091250884246925500 ) ) ;
#6444 = CARTESIAN_POINT ( 'NONE',  ( -0.4602285931185369800, 3.900000000000000400, 1.924272198604710400 ) ) ;
#6445 = CARTESIAN_POINT ( 'NONE',  ( 1.522813657903924400, 3.910000000000000100, 2.059035869898755400 ) ) ;
#6446 = COLOUR_RGB ( '',1.000000000000000000, 1.000000000000000000, 1.000000000000000000 ) ;
#6447 = CARTESIAN_POINT ( 'NONE',  ( -0.8484661555105674800, 3.910000000000000100, 2.044883865654965900 ) ) ;
#6448 = LINE ( 'NONE', #4549, #6951 ) ;
#6449 = UNCERTAINTY_MEASURE_WITH_UNIT (LENGTH_MEASURE( 1.000000000000000100E-005 ), #6781, 'distance_accuracy_value', 'NONE');
#6450 = CARTESIAN_POINT ( 'NONE',  ( -0.1749881482277788900, 3.910000000000000100, 2.071876328824597400 ) ) ;
#6451 = CARTESIAN_POINT ( 'NONE',  ( -0.3626791518646519900, 3.900000000000000400, 1.842696373210834800 ) ) ;
#6452 = CARTESIAN_POINT ( 'NONE',  ( -0.9296945657802865300, 3.910000000000000100, 2.164299027793492100 ) ) ;
#6453 = CARTESIAN_POINT ( 'NONE',  ( 0.1263743337883811700, 3.900000000000000800, 1.379272787007396400 ) ) ;
#6454 = FACE_OUTER_BOUND ( 'NONE', #6161, .T. ) ;
#6455 = CARTESIAN_POINT ( 'NONE',  ( -3.240000000000000700, 2.299999999999999800, 12.04999999999999900 ) ) ;
#6456 = EDGE_CURVE ( 'NONE', #26, #2374, #1072, .T. ) ;
#6457 = CARTESIAN_POINT ( 'NONE',  ( -4.692586600614429700, 3.900000000000000400, 0.1121320343559608100 ) ) ;
#6458 = B_SPLINE_CURVE_WITH_KNOTS ( 'NONE', 3,
 ( #4775, #2795, #1566, #6948, #4833, #292, #5538 ),
 .UNSPECIFIED., .F., .F.,
 ( 4, 1, 1, 1, 4 ),
 ( 0.0000000000000000000, 0.2491494048076365000, 0.5137230259008200800, 0.7714948216242317700, 0.9999999999999998900 ),
 .UNSPECIFIED. ) ;
#6459 = VERTEX_POINT ( 'NONE', #4011 ) ;
#6460 = CARTESIAN_POINT ( 'NONE',  ( -1.126594924093775400, 3.910000000000000100, 1.561116106028191300 ) ) ;
#6461 = CARTESIAN_POINT ( 'NONE',  ( 5.002686081600999500, 0.6999999999999999600, 6.277029990532487800 ) ) ;
#6462 = CARTESIAN_POINT ( 'NONE',  ( -2.501857394727655200, 3.910000000000000100, 2.045877975161913400 ) ) ;
#6463 = CARTESIAN_POINT ( 'NONE',  ( -0.7987768350996865600, 3.910000000000000100, 2.015879866625088100 ) ) ;
#6464 =( GEOMETRIC_REPRESENTATION_CONTEXT ( 3 ) GLOBAL_UNCERTAINTY_ASSIGNED_CONTEXT ( ( #4502 ) ) GLOBAL_UNIT_ASSIGNED_CONTEXT ( ( #5281, #7252, #5254 ) ) REPRESENTATION_CONTEXT ( 'NONE', 'WORKASPACE' ) );
#6465 = PLANE ( 'NONE',  #850 ) ;
#6466 = CARTESIAN_POINT ( 'NONE',  ( -1.075579073957363400, 3.899999999999999500, 1.603949730802726000 ) ) ;
#6467 = VECTOR ( 'NONE', #7851, 1000.000000000000000 ) ;
#6468 = VERTEX_POINT ( 'NONE', #8079 ) ;
#6469 =( NAMED_UNIT ( * ) PLANE_ANGLE_UNIT ( ) SI_UNIT ( $, .RADIAN. ) );
#6470 = CARTESIAN_POINT ( 'NONE',  ( -1.120447029538654600, 3.910000000000000100, 1.791828453429304300 ) ) ;
#6471 = DIRECTION ( 'NONE',  ( 0.0000000000000000000, 1.000000000000000000, 0.0000000000000000000 ) ) ;
#6472 = CARTESIAN_POINT ( 'NONE',  ( -0.7291019453887160900, 3.909999999999999300, 1.877014693781668700 ) ) ;
#6473 = ADVANCED_FACE ( 'NONE', ( #5889 ), #7372, .F. ) ;
#6474 = MANIFOLD_SOLID_BREP ( 'Boss-Extrude4', #329 ) ;
#6475 = DIRECTION ( 'NONE',  ( 0.0000000000000000000, 0.0000000000000000000, -1.000000000000000000 ) ) ;
#6476 = ORIENTED_EDGE ( 'NONE', *, *, #8461, .T. ) ;
#6477 = CARTESIAN_POINT ( 'NONE',  ( -0.2773838231186910300, 3.910000000000001000, 2.032850870514823600 ) ) ;
#6478 = CARTESIAN_POINT ( 'NONE',  ( -0.3239094077480848500, 3.899999999999999500, 1.970137351496767700 ) ) ;
#6479 = LINE ( 'NONE', #5870, #1757 ) ;
#6480 = EDGE_LOOP ( 'NONE', ( #4889, #4412, #3448, #1851 ) ) ;
#6481 = CIRCLE ( 'NONE', #4693, 0.1500000000000001100 ) ;
#6482 = CARTESIAN_POINT ( 'NONE',  ( -1.093345881569760300, 3.910000000000000100, 1.394973369898755200 ) ) ;
#6483 = CARTESIAN_POINT ( 'NONE',  ( -0.01963041662163735700, 3.899999999999999000, 1.169190127424122100 ) ) ;
#6484 = PLANE ( 'NONE',  #4029 ) ;
#6485 = VERTEX_POINT ( 'NONE', #4622 ) ;
#6486 = SURFACE_STYLE_USAGE ( .BOTH. , #8569 ) ;
#6487 = LINE ( 'NONE', #7747, #5626 ) ;
#6488 = CARTESIAN_POINT ( 'NONE',  ( -1.207819787775421800, 3.910000000000000100, 1.419908058522540100 ) ) ;
#6489 = PLANE ( 'NONE',  #7341 ) ;
#6490 =( LENGTH_UNIT ( ) NAMED_UNIT ( * ) SI_UNIT ( .MILLI., .METRE. ) );
#6491 = CARTESIAN_POINT ( 'NONE',  ( -1.737260355253970700, 3.910000000000000100, 2.151141133056650100 ) ) ;
#6492 = CARTESIAN_POINT ( 'NONE',  ( 2.286120583362959200, 3.910000000000000100, 1.985619484039658400 ) ) ;
#6493 = FACE_OUTER_BOUND ( 'NONE', #3105, .T. ) ;
#6494 = CIRCLE ( 'NONE', #2584, 0.1499999999999998800 ) ;
#6495 = CARTESIAN_POINT ( 'NONE',  ( -1.674180493807334400, 3.910000000000001000, 1.574649632401552900 ) ) ;
#6496 = CARTESIAN_POINT ( 'NONE',  ( -0.3754182499908129700, 3.910000000000000100, 1.665738172530334200 ) ) ;
#6497 = CARTESIAN_POINT ( 'NONE',  ( -0.4439962342204196200, 3.910000000000000100, 1.350236713813091700 ) ) ;
#6498 = ORIENTED_EDGE ( 'NONE', *, *, #719, .F. ) ;
#6499 = EDGE_LOOP ( 'NONE', ( #8028, #3216, #2794, #847 ) ) ;
#6500 = CARTESIAN_POINT ( 'NONE',  ( -0.3116194461628074600, 3.900000000000000400, 2.132068948935130300 ) ) ;
#6501 = CARTESIAN_POINT ( 'NONE',  ( -1.095819900880390800, 3.909999999999999300, 1.737547918765163000 ) ) ;
#6502 = CARTESIAN_POINT ( 'NONE',  ( -0.7284198947276548900, 3.910000000000000100, 1.854677317267176400 ) ) ;
#6503 = AXIS2_PLACEMENT_3D ( 'NONE', #4831, #5419, #148 ) ;
#6504 = CARTESIAN_POINT ( 'NONE',  ( -0.2376452185246475100, 3.910000000000001000, 2.058378348507226900 ) ) ;
#6505 = UNCERTAINTY_MEASURE_WITH_UNIT (LENGTH_MEASURE( 1.000000000000000100E-005 ), #4292, 'distance_accuracy_value', 'NONE');
#6506 = CARTESIAN_POINT ( 'NONE',  ( 4.885218250763395900, 2.837867965644031500, -0.9500000000000029500 ) ) ;
#6507 = FACE_OUTER_BOUND ( 'NONE', #4413, .T. ) ;
#6508 = EDGE_CURVE ( 'NONE', #37, #3517, #1999, .T. ) ;
#6509 = CARTESIAN_POINT ( 'NONE',  ( 0.6569676468652899700, 3.909999999999999300, 1.557069048524879900 ) ) ;
#6510 = CARTESIAN_POINT ( 'NONE',  ( 0.1375158661093489100, 3.910000000000000100, 1.425053101743081900 ) ) ;
#6511 = DIRECTION ( 'NONE',  ( 0.0000000000000000000, -1.000000000000000000, 0.0000000000000000000 ) ) ;
#6512 = CARTESIAN_POINT ( 'NONE',  ( -0.9288721973592338800, 3.900000000000000400, 2.059035869898755400 ) ) ;
#6513 = LINE ( 'NONE', #6819, #2085 ) ;
#6514 = CARTESIAN_POINT ( 'NONE',  ( -1.150996861508605300, 3.910000000000000100, 1.537165121249110900 ) ) ;
#6515 =( GEOMETRIC_REPRESENTATION_CONTEXT ( 3 ) GLOBAL_UNCERTAINTY_ASSIGNED_CONTEXT ( ( #2174 ) ) GLOBAL_UNIT_ASSIGNED_CONTEXT ( ( #3626, #5552, #5578 ) ) REPRESENTATION_CONTEXT ( 'NONE', 'WORKASPACE' ) );
#6516 = CARTESIAN_POINT ( 'NONE',  ( -2.102186342096076000, 3.910000000000000100, 2.151141133056650100 ) ) ;
#6517 = ADVANCED_FACE ( 'NONE', ( #4410 ), #5293, .F. ) ;
#6518 =( GEOMETRIC_REPRESENTATION_CONTEXT ( 3 ) GLOBAL_UNCERTAINTY_ASSIGNED_CONTEXT ( ( #6124 ) ) GLOBAL_UNIT_ASSIGNED_CONTEXT ( ( #567, #1261, #4638 ) ) REPRESENTATION_CONTEXT ( 'NONE', 'WORKASPACE' ) );
#6519 = COLOUR_RGB ( '',1.000000000000000000, 1.000000000000000000, 1.000000000000000000 ) ;
#6520 = CARTESIAN_POINT ( 'NONE',  ( -1.090285881716937200, 3.900000000000000400, 1.428421817870622300 ) ) ;
#6521 = EDGE_CURVE ( 'NONE', #3733, #404, #5349, .T. ) ;
#6522 = CARTESIAN_POINT ( 'NONE',  ( -1.381135549158646100, 3.900000000000000400, 1.225754464599981200 ) ) ;
#6523 = EDGE_CURVE ( 'NONE', #5743, #4377, #5147, .T. ) ;
#6524 =( NAMED_UNIT ( * ) PLANE_ANGLE_UNIT ( ) SI_UNIT ( $, .RADIAN. ) );
#6525 = CARTESIAN_POINT ( 'NONE',  ( -0.7000000000000004000, 2.860000000000000300, 12.04999999999999900 ) ) ;
#6526 = LINE ( 'NONE', #4039, #4616 ) ;
#6527 = CARTESIAN_POINT ( 'NONE',  ( -4.692586600614427900, 3.750000000000000400, 6.611251444700425100 ) ) ;
#6528 = LINE ( 'NONE', #229, #3574 ) ;
#6529 = VERTEX_POINT ( 'NONE', #8024 ) ;
#6530 = CARTESIAN_POINT ( 'NONE',  ( 4.747671247539718000, 3.763073361412148500, 2.627654166757507100 ) ) ;
#6531 = ORIENTED_EDGE ( 'NONE', *, *, #5945, .F. ) ;
#6532 = EDGE_LOOP ( 'NONE', ( #2664, #2715, #1767, #8501 ) ) ;
#6533 = CARTESIAN_POINT ( 'NONE',  ( -0.4917820340010258300, 3.900000000000000400, 1.690073392518776100 ) ) ;
#6534 = CARTESIAN_POINT ( 'NONE',  ( -1.021179848997892300, 3.910000000000001900, 1.532117000069512100 ) ) ;
#6535 = CARTESIAN_POINT ( 'NONE',  ( -0.3362501616213826600, 3.900000000000001200, 1.943065703735617200 ) ) ;
#6536 = LINE ( 'NONE', #1712, #4621 ) ;
#6537 = ORIENTED_EDGE ( 'NONE', *, *, #7129, .T. ) ;
#6538 = CARTESIAN_POINT ( 'NONE',  ( -1.024165167550078700, 3.909999999999998400, 1.258006657645721800 ) ) ;
#6539 = MECHANICAL_DESIGN_GEOMETRIC_PRESENTATION_REPRESENTATION (  '', ( #4711 ), #3385 ) ;
#6540 = DIRECTION ( 'NONE',  ( 0.0000000000000000000, -1.000000000000000000, 0.0000000000000000000 ) ) ;
#6541 = CARTESIAN_POINT ( 'NONE',  ( 0.5707121930532261800, 3.899999999999999900, 1.641095550203297100 ) ) ;
#6542 = ADVANCED_FACE ( 'NONE', ( #4936 ), #2750, .F. ) ;
#6543 = CARTESIAN_POINT ( 'NONE',  ( 0.001004805290555698100, 3.909999999999999300, 1.940596479836321100 ) ) ;
#6544 = ORIENTED_EDGE ( 'NONE', *, *, #6228, .T. ) ;
#6545 = CARTESIAN_POINT ( 'NONE',  ( -0.6343704865761062800, 3.909999999999999300, 1.747057138348007100 ) ) ;
#6546 = CARTESIAN_POINT ( 'NONE',  ( -0.9296945657802865300, 3.910000000000000100, 1.137983238319807900 ) ) ;
#6547 = CARTESIAN_POINT ( 'NONE',  ( -1.056167915246535700, 3.899999999999999900, 1.500280752588890600 ) ) ;
#6548 = CARTESIAN_POINT ( 'NONE',  ( -1.377062986832918300, 3.900000000000000400, 1.218780935688228700 ) ) ;
#6549 = SURFACE_SIDE_STYLE ('',( #2940 ) ) ;
#6550 =( NAMED_UNIT ( * ) PLANE_ANGLE_UNIT ( ) SI_UNIT ( $, .RADIAN. ) );
#6551 = CARTESIAN_POINT ( 'NONE',  ( -1.557659568017615300, 3.909999999999999300, 1.340406770688171300 ) ) ;
#6552 = DIRECTION ( 'NONE',  ( -0.0000000000000000000, -1.000000000000000000, -0.0000000000000000000 ) ) ;
#6553 = B_SPLINE_CURVE_WITH_KNOTS ( 'NONE', 3,
 ( #1409, #2150, #194, #2064, #6099, #2748, #4148, #3423, #6854, #4760 ),
 .UNSPECIFIED., .F., .F.,
 ( 4, 3, 3, 4 ),
 ( 0.0000000000000000000, 0.001478626591243837300, 0.002093419358292415300, 0.003080694219086972700 ),
 .UNSPECIFIED. ) ;
#6554 = CARTESIAN_POINT ( 'NONE',  ( -0.4911775860447786800, 3.909999999999998400, 1.608932059312018200 ) ) ;
#6555 = CARTESIAN_POINT ( 'NONE',  ( -0.4919889736750234800, 3.910000000000000100, 1.670877975161913200 ) ) ;
#6556 = EDGE_CURVE ( 'NONE', #1960, #2547, #3465, .T. ) ;
#6557 = ORIENTED_EDGE ( 'NONE', *, *, #4571, .F. ) ;
#6558 = CARTESIAN_POINT ( 'NONE',  ( -5.110000000000000300, 0.6999999999999999600, 7.549999999999998000 ) ) ;
#6559 = EDGE_CURVE ( 'NONE', #7593, #1123, #8425, .T. ) ;
#6560 = CARTESIAN_POINT ( 'NONE',  ( 1.662486546796158900, 3.900000000000000400, 2.043015870845977600 ) ) ;
#6561 = CARTESIAN_POINT ( 'NONE',  ( -1.087017123774129500, 3.899999999999999000, 1.345834253934258900 ) ) ;
#6562 = FILL_AREA_STYLE_COLOUR ( '', #886 ) ;
#6563 = CARTESIAN_POINT ( 'NONE',  ( -0.1957218937029105400, 3.909999999999999300, 1.138991997791358300 ) ) ;
#6564 = DIRECTION ( 'NONE',  ( 0.0000000000000000000, 0.0000000000000000000, 1.000000000000000000 ) ) ;
#6565 = CARTESIAN_POINT ( 'NONE',  ( 0.6848944206929769000, 3.900000000000001200, 1.680988359934537200 ) ) ;
#6566 = EDGE_LOOP ( 'NONE', ( #795, #196, #7118, #1653 ) ) ;
#6567 = MECHANICAL_DESIGN_GEOMETRIC_PRESENTATION_REPRESENTATION (  '', ( #5647 ), #1450 ) ;
#6568 = CIRCLE ( 'NONE', #6225, 0.1499999999999999700 ) ;
#6569 =( LENGTH_UNIT ( ) NAMED_UNIT ( * ) SI_UNIT ( .MILLI., .METRE. ) );
#6570 = EDGE_CURVE ( 'NONE', #5656, #1794, #2842, .T. ) ;
#6571 =( NAMED_UNIT ( * ) PLANE_ANGLE_UNIT ( ) SI_UNIT ( $, .RADIAN. ) );
#6572 = STYLED_ITEM ( 'NONE', ( #5553 ), #1021 ) ;
#6573 = CARTESIAN_POINT ( 'NONE',  ( -0.6170052491270225900, 3.909999999999999300, 1.792710520532924800 ) ) ;
#6574 = CARTESIAN_POINT ( 'NONE',  ( -1.110154909999724300, 3.910000000000000100, 1.192637757694089600 ) ) ;
#6575 = PRESENTATION_LAYER_ASSIGNMENT (  '', '', ( #2229 ) ) ;
#6576 = CARTESIAN_POINT ( 'NONE',  ( -0.3362501616213826600, 3.900000000000001700, 1.943065703735617200 ) ) ;
#6577 = CARTESIAN_POINT ( 'NONE',  ( -1.389756748468415500, 3.910000000000000100, 1.240516714464361400 ) ) ;
#6578 = CARTESIAN_POINT ( 'NONE',  ( -0.9296945657802865300, 3.910000000000000100, 2.164299027793492100 ) ) ;
#6579 = LINE ( 'NONE', #7435, #6252 ) ;
#6580 = EDGE_LOOP ( 'NONE', ( #2652, #4449, #537, #2218, #4576, #8571, #3683, #6780 ) ) ;
#6581 = VECTOR ( 'NONE', #1883, 1000.000000000000000 ) ;
#6582 =( GEOMETRIC_REPRESENTATION_CONTEXT ( 3 ) GLOBAL_UNCERTAINTY_ASSIGNED_CONTEXT ( ( #2237 ) ) GLOBAL_UNIT_ASSIGNED_CONTEXT ( ( #2088, #4117, #1466 ) ) REPRESENTATION_CONTEXT ( 'NONE', 'WORKASPACE' ) );
#6583 = CARTESIAN_POINT ( 'NONE',  ( -1.511109039464497000, 3.910000000000000100, 1.256404290951386600 ) ) ;
#6584 = ADVANCED_FACE ( 'NONE', ( #3264 ), #4751, .F. ) ;
#6585 = ORIENTED_EDGE ( 'NONE', *, *, #3916, .F. ) ;
#6586 = DIRECTION ( 'NONE',  ( 0.0000000000000000000, 0.0000000000000000000, -1.000000000000000000 ) ) ;
#6587 = ORIENTED_EDGE ( 'NONE', *, *, #7667, .F. ) ;
#6588 = CARTESIAN_POINT ( 'NONE',  ( 1.161999513167082200, 3.910000000000000100, 1.662654290951386600 ) ) ;
#6589 = VECTOR ( 'NONE', #5253, 1000.000000000000000 ) ;
#6590 = CARTESIAN_POINT ( 'NONE',  ( 0.4765554342197135800, 3.910000000000000100, 1.256404290951386600 ) ) ;
#6591 = AXIS2_PLACEMENT_3D ( 'NONE', #5351, #6010, #4059 ) ;
#6592 = CARTESIAN_POINT ( 'NONE',  ( -0.9288721973592338800, 3.900000000000000400, 1.559035869898755200 ) ) ;
#6593 = DIRECTION ( 'NONE',  ( -0.0000000000000000000, -1.000000000000000000, -0.0000000000000000000 ) ) ;
#6594 = ORIENTED_EDGE ( 'NONE', *, *, #4253, .F. ) ;
#6595 = FILL_AREA_STYLE ('',( #5829 ) ) ;
#6596 = VERTEX_POINT ( 'NONE', #6144 ) ;
#6597 = CARTESIAN_POINT ( 'NONE',  ( 0.8835427747281274800, 3.910000000000000100, 1.833148103052939100 ) ) ;
#6598 = CARTESIAN_POINT ( 'NONE',  ( 1.187973024019666000, 3.900000000000002100, 1.491052278804117800 ) ) ;
#6599 = CARTESIAN_POINT ( 'NONE',  ( 0.4381000232379503900, 3.909999999999999300, 2.158783930003583200 ) ) ;
#6600 = CARTESIAN_POINT ( 'NONE',  ( 0.02013762012109985100, 3.909999999999999300, 1.875634546402740900 ) ) ;
#6601 = B_SPLINE_CURVE_WITH_KNOTS ( 'NONE', 3,
 ( #1796, #2457, #7177, #3166, #5890, #7232, #1209, #1878, #7868, #5180, #6565, #5865, #1852, #1182, #2550, #6541, #3193, #3865, #538 ),
 .UNSPECIFIED., .F., .F.,
 ( 4, 1, 1, 1, 1, 1, 1, 1, 1, 1, 1, 1, 1, 1, 1, 1, 4 ),
 ( 0.0000000000000000000, 0.06401380869464726200, 0.1252409858030348000, 0.1842413316980119600, 0.2409432472345501300, 0.2964360505006012300, 0.3514828389583271000, 0.4069837184079805900, 0.4634215341598046900, 0.5211470703281393400, 0.5800206698986522000, 0.6416418765252398500, 0.7057746029191758200, 0.7728585332628690200, 0.8443916067200143400, 0.9196159926438419700, 1.000000000000000000 ),
 .UNSPECIFIED. ) ;
#6602 =( NAMED_UNIT ( * ) SI_UNIT ( $, .STERADIAN. ) SOLID_ANGLE_UNIT ( ) );
#6603 = FACE_OUTER_BOUND ( 'NONE', #3627, .T. ) ;
#6604 = CARTESIAN_POINT ( 'NONE',  ( 1.267888462574892100, 3.910000000000001000, 1.357200701928039200 ) ) ;
#6605 = SURFACE_STYLE_USAGE ( .BOTH. , #3926 ) ;
#6606 = CARTESIAN_POINT ( 'NONE',  ( -1.603919386531124300, 3.900000000000000400, 1.429297165972993400 ) ) ;
#6607 = CARTESIAN_POINT ( 'NONE',  ( -1.537979650881102100, 3.909999999999998400, 1.528767046122729400 ) ) ;
#6608 = CARTESIAN_POINT ( 'NONE',  ( -1.537979650881102100, 3.899999999999998600, 1.528767046122729400 ) ) ;
#6609 = LINE ( 'NONE', #2835, #7638 ) ;
#6610 = ORIENTED_EDGE ( 'NONE', *, *, #8052, .F. ) ;
#6611 = EDGE_LOOP ( 'NONE', ( #4614, #4716, #6727, #2269 ) ) ;
#6612 = FILL_AREA_STYLE_COLOUR ( '', #1499 ) ;
#6613 = LINE ( 'NONE', #6836, #3037 ) ;
#6614 = CARTESIAN_POINT ( 'NONE',  ( -0.7913875730598417500, 3.910000000000000100, 1.301070224401710900 ) ) ;
#6615 = B_SPLINE_CURVE_WITH_KNOTS ( 'NONE', 3,
 ( #3293, #6046, #7984, #2648, #7326, #676, #7923, #5364, #7278, #5256, #3272, #7953, #2027, #8033, #5283, #2567, #3998 ),
 .UNSPECIFIED., .F., .F.,
 ( 4, 1, 1, 1, 1, 1, 1, 1, 1, 1, 1, 1, 1, 1, 4 ),
 ( 0.0000000000000000000, 0.06613274076734919300, 0.1305135343407428400, 0.1936325188339119700, 0.2563235730743754200, 0.3182573568440819100, 0.3800939092469432500, 0.4404217096773609400, 0.5012409657749500300, 0.6229237305092810700, 0.7461453223066113500, 0.8088363765470748500, 0.8711829718386071600, 0.9346621817426257200, 1.000000000000000000 ),
 .UNSPECIFIED. ) ;
#6616 = LINE ( 'NONE', #4618, #127 ) ;
#6617 = CARTESIAN_POINT ( 'NONE',  ( 2.292939897005607200, 3.900000000000000400, 2.024420548133252700 ) ) ;
#6618 = CARTESIAN_POINT ( 'NONE',  ( 0.5411103786576866300, 3.909999999999999300, 1.545903487279179700 ) ) ;
#6619 = DIRECTION ( 'NONE',  ( -0.0000000000000000000, -1.000000000000000000, -0.0000000000000000000 ) ) ;
#6620 =( GEOMETRIC_REPRESENTATION_CONTEXT ( 3 ) GLOBAL_UNCERTAINTY_ASSIGNED_CONTEXT ( ( #5288 ) ) GLOBAL_UNIT_ASSIGNED_CONTEXT ( ( #7678, #5628, #6319 ) ) REPRESENTATION_CONTEXT ( 'NONE', 'WORKASPACE' ) );
#6621 = FACE_OUTER_BOUND ( 'NONE', #2497, .T. ) ;
#6622 = CARTESIAN_POINT ( 'NONE',  ( 1.522813657903924400, 3.910000000000000100, 2.059035869898755400 ) ) ;
#6623 = EDGE_CURVE ( 'NONE', #4784, #1689, #4609, .T. ) ;
#6624 = CARTESIAN_POINT ( 'NONE',  ( 0.5971759169463135600, 3.910000000000000100, 1.645542522493724300 ) ) ;
#6625 = MECHANICAL_DESIGN_GEOMETRIC_PRESENTATION_REPRESENTATION (  '', ( #1062 ), #2851 ) ;
#6626 = CARTESIAN_POINT ( 'NONE',  ( -0.3749938046900587700, 3.910000000000000100, 1.614037456691020500 ) ) ;
#6627 = LINE ( 'NONE', #6765, #3990 ) ;
#6628 = CARTESIAN_POINT ( 'NONE',  ( -1.737260355253970700, 3.900000000000000400, 2.151141133056650100 ) ) ;
#6629 = ORIENTED_EDGE ( 'NONE', *, *, #7285, .T. ) ;
#6630 = DIRECTION ( 'NONE',  ( -0.0000000000000000000, -1.000000000000000000, -0.0000000000000000000 ) ) ;
#6631 =( GEOMETRIC_REPRESENTATION_CONTEXT ( 3 ) GLOBAL_UNCERTAINTY_ASSIGNED_CONTEXT ( ( #2415 ) ) GLOBAL_UNIT_ASSIGNED_CONTEXT ( ( #6863, #4190, #1563 ) ) REPRESENTATION_CONTEXT ( 'NONE', 'WORKASPACE' ) );
#6632 = TOROIDAL_SURFACE ( 'NONE', #4865, 2.217413399385571800, 0.1499999999999999900 ) ;
#6633 = UNCERTAINTY_MEASURE_WITH_UNIT (LENGTH_MEASURE( 1.000000000000000100E-005 ), #2161, 'distance_accuracy_value', 'NONE');
#6634 = STYLED_ITEM ( 'NONE', ( #2916 ), #7772 ) ;
#6635 = CARTESIAN_POINT ( 'NONE',  ( 1.507599842114450300, 3.899999999999999500, 2.164299027793492100 ) ) ;
#6636 = CARTESIAN_POINT ( 'NONE',  ( 0.8290725790402853100, 3.900000000000000400, 2.030454723436396800 ) ) ;
#6637 =( LENGTH_UNIT ( ) NAMED_UNIT ( * ) SI_UNIT ( .MILLI., .METRE. ) );
#6638 = ORIENTED_EDGE ( 'NONE', *, *, #2526, .T. ) ;
#6639 = CARTESIAN_POINT ( 'NONE',  ( -4.692586600614428800, 3.750000000000000400, 2.488748555299569200 ) ) ;
#6640 = CARTESIAN_POINT ( 'NONE',  ( -1.713270751476662500, 3.900000000000001200, 2.014287945653671300 ) ) ;
#6641 = ORIENTED_EDGE ( 'NONE', *, *, #6949, .F. ) ;
#6642 = CARTESIAN_POINT ( 'NONE',  ( -0.9348442858229137900, 3.900000000000000400, 1.230237665985728800 ) ) ;
#6643 = MECHANICAL_DESIGN_GEOMETRIC_PRESENTATION_REPRESENTATION (  '', ( #3308 ), #2867 ) ;
#6644 = CARTESIAN_POINT ( 'NONE',  ( -0.7637817368329178300, 3.900000000000000400, 1.394973369898755200 ) ) ;
#6645 = DIRECTION ( 'NONE',  ( 0.0000000000000000000, -0.0000000000000000000, 1.000000000000000000 ) ) ;
#6646 = SURFACE_SIDE_STYLE ('',( #571 ) ) ;
#6647 = SURFACE_SIDE_STYLE ('',( #4743 ) ) ;
#6648 = CARTESIAN_POINT ( 'NONE',  ( -1.793897507391519500, 3.899999999999999900, 1.877159357313850100 ) ) ;
#6649 = ORIENTED_EDGE ( 'NONE', *, *, #6883, .T. ) ;
#6650 = CARTESIAN_POINT ( 'NONE',  ( 2.600733065798660700, 3.910000000000000100, 1.151141133056649900 ) ) ;
#6651 = LINE ( 'NONE', #93, #2119 ) ;
#6652 = CARTESIAN_POINT ( 'NONE',  ( -0.6441691866073752100, 3.910000000000001000, 1.728528659317969600 ) ) ;
#6653 = CARTESIAN_POINT ( 'NONE',  ( -0.6197062744454552300, 3.909999999999999300, 1.959718573949905500 ) ) ;
#6654 = LINE ( 'NONE', #5911, #4848 ) ;
#6655 = CARTESIAN_POINT ( 'NONE',  ( 1.691809781930920600, 3.899999999999999000, 2.142228933956671800 ) ) ;
#6656 = CARTESIAN_POINT ( 'NONE',  ( 0.8828039963106326700, 3.909999999999999300, 1.879334318922876400 ) ) ;
#6657 = CARTESIAN_POINT ( 'NONE',  ( 0.5609261239771388100, 3.900000000000000400, 1.546093332519671500 ) ) ;
#6658 = CARTESIAN_POINT ( 'NONE',  ( -5.509999999999998900, 3.900000000000000400, 4.549999999999998000 ) ) ;
#6659 = CARTESIAN_POINT ( 'NONE',  ( -0.7124983845207706300, 3.910000000000000100, 1.646656640748002100 ) ) ;
#6660 = VERTEX_POINT ( 'NONE', #6628 ) ;
#6661 = ORIENTED_EDGE ( 'NONE', *, *, #2344, .F. ) ;
#6662 = CARTESIAN_POINT ( 'NONE',  ( 1.048117236072085800, 3.899999999999998600, 1.556947249668818800 ) ) ;
#6663 = ORIENTED_EDGE ( 'NONE', *, *, #2797, .T. ) ;
#6664 = LINE ( 'NONE', #1588, #2781 ) ;
#6665 = CARTESIAN_POINT ( 'NONE',  ( 5.110000000000000300, 0.6999999999999999600, 7.549999999999998000 ) ) ;
#6666 = SURFACE_SIDE_STYLE ('',( #496 ) ) ;
#6667 = CARTESIAN_POINT ( 'NONE',  ( -5.110000000000000300, 0.6999999999999999600, 7.549999999999998000 ) ) ;
#6668 = EDGE_CURVE ( 'NONE', #5773, #644, #1444, .T. ) ;
#6669 = CARTESIAN_POINT ( 'NONE',  ( 1.465121474973054600, 3.899999999999999900, 1.249806366674734800 ) ) ;
#6670 =( NAMED_UNIT ( * ) SI_UNIT ( $, .STERADIAN. ) SOLID_ANGLE_UNIT ( ) );
#6671 = VECTOR ( 'NONE', #6307, 1000.000000000000000 ) ;
#6672 = CARTESIAN_POINT ( 'NONE',  ( 0.7174421778824939800, 3.910000000000001900, 1.709031265253677700 ) ) ;
#6673 = VERTEX_POINT ( 'NONE', #5915 ) ;
#6674 = SURFACE_STYLE_USAGE ( .BOTH. , #4552 ) ;
#6675 = PRESENTATION_LAYER_ASSIGNMENT (  '', '', ( #2006 ) ) ;
#6676 = CARTESIAN_POINT ( 'NONE',  ( 0.4799573386815111900, 3.909999999999999300, 2.068398028029802700 ) ) ;
#6677 = EDGE_CURVE ( 'NONE', #644, #5017, #1478, .T. ) ;
#6678 = CARTESIAN_POINT ( 'NONE',  ( 1.559263061336032100, 3.899999999999999900, 2.058468480478707900 ) ) ;
#6679 = EDGE_CURVE ( 'NONE', #948, #87, #5302, .T. ) ;
#6680 = LINE ( 'NONE', #6800, #3946 ) ;
#6681 = ORIENTED_EDGE ( 'NONE', *, *, #8017, .T. ) ;
#6682 = CIRCLE ( 'NONE', #1514, 0.6249999999999996700 ) ;
#6683 = CARTESIAN_POINT ( 'NONE',  ( -2.501857394727655200, 3.910000000000000100, 1.151141133056649900 ) ) ;
#6684 = ORIENTED_EDGE ( 'NONE', *, *, #3296, .F. ) ;
#6685 = AXIS2_PLACEMENT_3D ( 'NONE', #1657, #8228, #2163 ) ;
#6686 = FILL_AREA_STYLE_COLOUR ( '', #2459 ) ;
#6687 = CARTESIAN_POINT ( 'NONE',  ( -5.509999999999998900, 3.750000000000000400, 7.399999999999997700 ) ) ;
#6688 = CARTESIAN_POINT ( 'NONE',  ( 0.8838333947460294000, 3.900000000000000400, 1.844397712004018500 ) ) ;
#6689 = DIRECTION ( 'NONE',  ( 0.0000000000000000000, 0.0000000000000000000, -1.000000000000000000 ) ) ;
#6690 = CARTESIAN_POINT ( 'NONE',  ( -0.7298392871529417700, 3.909999999999999300, 1.632709313591214100 ) ) ;
#6691 = VECTOR ( 'NONE', #1082, 1000.000000000000000 ) ;
#6692 = ORIENTED_EDGE ( 'NONE', *, *, #8064, .F. ) ;
#6693 = COLOUR_RGB ( '',1.000000000000000000, 1.000000000000000000, 1.000000000000000000 ) ;
#6694 = CARTESIAN_POINT ( 'NONE',  ( 1.041079630601460900, 3.900000000000001200, 1.612436623302257100 ) ) ;
#6695 = AXIS2_PLACEMENT_3D ( 'NONE', #1477, #6914, #5565 ) ;
#6696 = CARTESIAN_POINT ( 'NONE',  ( -0.8358268959603332200, 3.900000000000001200, 1.257449253445890800 ) ) ;
#6697 = ORIENTED_EDGE ( 'NONE', *, *, #287, .F. ) ;
#6698 = ORIENTED_EDGE ( 'NONE', *, *, #3525, .T. ) ;
#6699 =( NAMED_UNIT ( * ) SI_UNIT ( $, .STERADIAN. ) SOLID_ANGLE_UNIT ( ) );
#6700 = PRESENTATION_STYLE_ASSIGNMENT (( #577 ) ) ;
#6701 = STYLED_ITEM ( 'NONE', ( #1417 ), #4736 ) ;
#6702 = DIRECTION ( 'NONE',  ( -0.0000000000000000000, -1.000000000000000000, -0.0000000000000000000 ) ) ;
#6703 = DIRECTION ( 'NONE',  ( 1.000000000000000000, 0.0000000000000000000, 0.0000000000000000000 ) ) ;
#6704 = CARTESIAN_POINT ( 'NONE',  ( -4.842015805328190800, 3.763073361412149000, 2.488748555299568300 ) ) ;
#6705 = CARTESIAN_POINT ( 'NONE',  ( 0.6218422651487591800, 3.910000000000000100, 1.651770624579194100 ) ) ;
#6706 = ORIENTED_EDGE ( 'NONE', *, *, #6057, .F. ) ;
#6707 = SURFACE_SIDE_STYLE ('',( #727 ) ) ;
#6708 = VECTOR ( 'NONE', #6171, 1000.000000000000100 ) ;
#6709 = UNCERTAINTY_MEASURE_WITH_UNIT (LENGTH_MEASURE( 1.000000000000000100E-005 ), #4999, 'distance_accuracy_value', 'NONE');
#6710 = LINE ( 'NONE', #4789, #6806 ) ;
#6711 = CARTESIAN_POINT ( 'NONE',  ( 1.676900978506909600, 3.909999999999999300, 1.149344296245509200 ) ) ;
#6712 = VERTEX_POINT ( 'NONE', #6122 ) ;
#6713 = PRESENTATION_STYLE_ASSIGNMENT (( #674 ) ) ;
#6714 = ORIENTED_EDGE ( 'NONE', *, *, #997, .F. ) ;
#6715 = CARTESIAN_POINT ( 'NONE',  ( 1.507599842114450300, 3.910000000000000100, 2.164299027793492100 ) ) ;
#6716 = SURFACE_SIDE_STYLE ('',( #6408 ) ) ;
#6717 = CARTESIAN_POINT ( 'NONE',  ( -1.543798169392944300, 3.899999999999999500, 1.315552795442013000 ) ) ;
#6718 = CARTESIAN_POINT ( 'NONE',  ( 0.5860212024127132700, 3.899999999999999500, 1.546514740917553000 ) ) ;
#6719 = CARTESIAN_POINT ( 'NONE',  ( 4.830036276717042800, 3.900000000000000400, 4.549999999999998000 ) ) ;
#6720 = CARTESIAN_POINT ( 'NONE',  ( -0.6262344767444689700, 3.910000000000000100, 1.766448311413542100 ) ) ;
#6721 = UNCERTAINTY_MEASURE_WITH_UNIT (LENGTH_MEASURE( 1.000000000000000100E-005 ), #7216, 'distance_accuracy_value', 'NONE');
#6722 = EDGE_CURVE ( 'NONE', #2774, #3351, #1582, .T. ) ;
#6723 = LINE ( 'NONE', #468, #4925 ) ;
#6724 = CARTESIAN_POINT ( 'NONE',  ( -1.093345881569760300, 3.910000000000000100, 1.394973369898755200 ) ) ;
#6725 = EDGE_CURVE ( 'NONE', #1178, #836, #6513, .T. ) ;
#6726 = FACE_OUTER_BOUND ( 'NONE', #3114, .T. ) ;
#6727 = ORIENTED_EDGE ( 'NONE', *, *, #237, .T. ) ;
#6728 = DIRECTION ( 'NONE',  ( -0.0000000000000000000, -0.0000000000000000000, 1.000000000000000000 ) ) ;
#6729 =( LENGTH_UNIT ( ) NAMED_UNIT ( * ) SI_UNIT ( .MILLI., .METRE. ) );
#6730 = CARTESIAN_POINT ( 'NONE',  ( 2.286120583362959200, 3.910000000000000100, 1.985619484039658400 ) ) ;
#6731 = CARTESIAN_POINT ( 'NONE',  ( 1.202816250877112100, 3.909999999999999300, 1.453866898743363200 ) ) ;
#6732 = CARTESIAN_POINT ( 'NONE',  ( -5.066810982101541700, 0.6999999999999999600, 6.313954399954345900 ) ) ;
#6733 = STYLED_ITEM ( 'NONE', ( #6700 ), #1918 ) ;
#6734 = VECTOR ( 'NONE', #2247, 1000.000000000000000 ) ;
#6735 = EDGE_CURVE ( 'NONE', #5633, #2961, #6627, .T. ) ;
#6736 = CARTESIAN_POINT ( 'NONE',  ( 0.8290725790402853100, 3.910000000000000100, 2.030454723436396800 ) ) ;
#6737 = ORIENTED_EDGE ( 'NONE', *, *, #4733, .T. ) ;
#6738 = PRESENTATION_LAYER_ASSIGNMENT (  '', '', ( #6288 ) ) ;
#6739 = CARTESIAN_POINT ( 'NONE',  ( 0.5971759169463135600, 3.900000000000000400, 1.645542522493724300 ) ) ;
#6740 = ORIENTED_EDGE ( 'NONE', *, *, #2209, .F. ) ;
#6741 = PLANE ( 'NONE',  #3760 ) ;
#6742 = CARTESIAN_POINT ( 'NONE',  ( -4.988478172493477900, 2.089000844326607700, 2.590708528049444000 ) ) ;
#6743 = ORIENTED_EDGE ( 'NONE', *, *, #1441, .T. ) ;
#6744 = CARTESIAN_POINT ( 'NONE',  ( -0.9296945657802865300, 3.910000000000000100, 2.164299027793492100 ) ) ;
#6745 = DIRECTION ( 'NONE',  ( 0.0000000000000000000, 0.0000000000000000000, -1.000000000000000000 ) ) ;
#6746 = CARTESIAN_POINT ( 'NONE',  ( 5.107120527070664600, 0.6999999999999999600, 2.713300225432428500 ) ) ;
#6747 = LINE ( 'NONE', #1526, #3483 ) ;
#6748 = CARTESIAN_POINT ( 'NONE',  ( 0.8838333947460294000, 3.910000000000000100, 1.844397712004018500 ) ) ;
#6749 = DIRECTION ( 'NONE',  ( -0.0000000000000000000, -1.000000000000000000, -0.0000000000000000000 ) ) ;
#6750 = DIRECTION ( 'NONE',  ( 2.321799783783530100E-014, 0.0000000000000000000, -1.000000000000000000 ) ) ;
#6751 = ORIENTED_EDGE ( 'NONE', *, *, #5599, .F. ) ;
#6752 = CARTESIAN_POINT ( 'NONE',  ( -0.9803619019949807400, 3.910000000000000100, 1.236915878337080800 ) ) ;
#6753 =( GEOMETRIC_REPRESENTATION_CONTEXT ( 3 ) GLOBAL_UNCERTAINTY_ASSIGNED_CONTEXT ( ( #7945 ) ) GLOBAL_UNIT_ASSIGNED_CONTEXT ( ( #3827, #8560, #5910 ) ) REPRESENTATION_CONTEXT ( 'NONE', 'WORKASPACE' ) );
#6754 = FILL_AREA_STYLE ('',( #1945 ) ) ;
#6755 = CARTESIAN_POINT ( 'NONE',  ( 4.842396214715554600, 3.758725262218097600, 7.549809614101125300 ) ) ;
#6756 = SURFACE_SIDE_STYLE ('',( #6039 ) ) ;
#6757 = DIRECTION ( 'NONE',  ( -1.000000000000000000, -0.0000000000000000000, -0.0000000000000000000 ) ) ;
#6758 = CARTESIAN_POINT ( 'NONE',  ( 0.3630491322219410200, 3.910000000000000100, 1.644418214119111000 ) ) ;
#6759 = DIRECTION ( 'NONE',  ( -2.316048300074778800E-016, 1.172599182806446300E-035, -1.000000000000000000 ) ) ;
#6760 = VECTOR ( 'NONE', #4657, 1000.000000000000000 ) ;
#6761 = CARTESIAN_POINT ( 'NONE',  ( 0.4799573386815111900, 3.909999999999999300, 2.068398028029802700 ) ) ;
#6762 = CARTESIAN_POINT ( 'NONE',  ( 1.316393669210319300, 3.899999999999999500, 2.131024860114059100 ) ) ;
#6763 = ORIENTED_EDGE ( 'NONE', *, *, #685, .T. ) ;
#6764 = CARTESIAN_POINT ( 'NONE',  ( 1.089012689413345800, 3.909999999999999300, 1.913696062998571500 ) ) ;
#6765 = CARTESIAN_POINT ( 'NONE',  ( 2.274047210535503600, 3.910000000000000100, 1.943904290951386800 ) ) ;
#6766 = SURFACE_STYLE_FILL_AREA ( #8487 ) ;
#6767 = B_SPLINE_CURVE_WITH_KNOTS ( 'NONE', 3,
 ( #145, #4796, #2845, #199, #7552, #2158, #8255, #4951, #7528, #6970, #3542, #4849, #311, #7611, #866, #2897, #6909, #6881, #257 ),
 .UNSPECIFIED., .F., .F.,
 ( 4, 1, 1, 1, 1, 1, 1, 1, 1, 1, 1, 1, 1, 1, 1, 1, 4 ),
 ( 0.0000000000000000000, 0.07027108577833221500, 0.1384877423347384300, 0.2043081144259955900, 0.2686796438734483400, 0.3316244802875681400, 0.3923952255208286700, 0.4524373546698944900, 0.5115117557542040400, 0.5703194672694907900, 0.6286036243839796500, 0.6876129459881489300, 0.7474204521315639400, 0.8085136668813347500, 0.8705459375803507000, 0.9339042387389909800, 1.000000000000000000 ),
 .UNSPECIFIED. ) ;
#6768 = FILL_AREA_STYLE_COLOUR ( '', #2610 ) ;
#6769 = ORIENTED_EDGE ( 'NONE', *, *, #6935, .F. ) ;
#6770 = CARTESIAN_POINT ( 'NONE',  ( -0.8615413476701310200, 3.910000000000000100, 2.159269009683194400 ) ) ;
#6771 = CARTESIAN_POINT ( 'NONE',  ( -1.171769989302602100, 3.900000000000000400, 1.510696780504523700 ) ) ;
#6772 = CARTESIAN_POINT ( 'NONE',  ( 5.066810982101541700, 0.6999999999999999600, 2.786045600045650600 ) ) ;
#6773 = CARTESIAN_POINT ( 'NONE',  ( -0.4267610349048702700, 3.899999999999999500, 1.310242977802196000 ) ) ;
#6774 = DIRECTION ( 'NONE',  ( 1.000000000000000000, 0.0000000000000000000, 0.0000000000000000000 ) ) ;
#6775 = CARTESIAN_POINT ( 'NONE',  ( -1.215222432378078000, 3.899999999999999900, 1.728526308594131400 ) ) ;
#6776 = DIRECTION ( 'NONE',  ( 1.000000000000000000, 0.0000000000000000000, 0.0000000000000000000 ) ) ;
#6777 = SURFACE_STYLE_FILL_AREA ( #7030 ) ;
#6778 = ADVANCED_FACE ( 'NONE', ( #134 ), #568, .F. ) ;
#6779 = LINE ( 'NONE', #5466, #3310 ) ;
#6780 = ORIENTED_EDGE ( 'NONE', *, *, #2784, .F. ) ;
#6781 =( LENGTH_UNIT ( ) NAMED_UNIT ( * ) SI_UNIT ( .MILLI., .METRE. ) );
#6782 = COLOUR_RGB ( '',1.000000000000000000, 1.000000000000000000, 1.000000000000000000 ) ;
#6783 = EDGE_CURVE ( 'NONE', #8653, #7325, #1837, .T. ) ;
#6784 = CARTESIAN_POINT ( 'NONE',  ( -0.7323572038368511000, 3.910000000000000100, 1.561121554976336400 ) ) ;
#6785 = CARTESIAN_POINT ( 'NONE',  ( -2.940000000000000400, 2.860000000000000300, 12.04999999999999900 ) ) ;
#6786 = CARTESIAN_POINT ( 'NONE',  ( 1.594898212877813100, 3.910000000000001000, 2.055302748613490900 ) ) ;
#6787 = CARTESIAN_POINT ( 'NONE',  ( -1.011257968582079100, 3.910000000000001000, 2.044992542928446300 ) ) ;
#6788 = CARTESIAN_POINT ( 'NONE',  ( 0.6848944206929769000, 3.910000000000001000, 1.680988359934537200 ) ) ;
#6789 = CYLINDRICAL_SURFACE ( 'NONE', #7676, 0.1499999999999999700 ) ;
#6790 =( GEOMETRIC_REPRESENTATION_CONTEXT ( 3 ) GLOBAL_UNCERTAINTY_ASSIGNED_CONTEXT ( ( #5142 ) ) GLOBAL_UNIT_ASSIGNED_CONTEXT ( ( #4557, #6571, #7906 ) ) REPRESENTATION_CONTEXT ( 'NONE', 'WORKASPACE' ) );
#6791 =( GEOMETRIC_REPRESENTATION_CONTEXT ( 3 ) GLOBAL_UNCERTAINTY_ASSIGNED_CONTEXT ( ( #2072 ) ) GLOBAL_UNIT_ASSIGNED_CONTEXT ( ( #4881, #5526, #1527 ) ) REPRESENTATION_CONTEXT ( 'NONE', 'WORKASPACE' ) );
#6792 = CARTESIAN_POINT ( 'NONE',  ( 1.267888462574892100, 3.900000000000001700, 1.357200701928039200 ) ) ;
#6793 = EDGE_LOOP ( 'NONE', ( #5417, #59, #5498, #3959 ) ) ;
#6794 = CARTESIAN_POINT ( 'NONE',  ( -5.052755109473111800, 1.354312092788061900, 2.637118136863100000 ) ) ;
#6795 = VECTOR ( 'NONE', #3587, 1000.000000000000000 ) ;
#6796 = PRESENTATION_LAYER_ASSIGNMENT (  '', '', ( #3038 ) ) ;
#6797 = DIRECTION ( 'NONE',  ( 0.0000000000000000000, 0.0000000000000000000, -1.000000000000000000 ) ) ;
#6798 = DIRECTION ( 'NONE',  ( -0.0000000000000000000, -0.0000000000000000000, -1.000000000000000000 ) ) ;
#6799 = CARTESIAN_POINT ( 'NONE',  ( -5.002686081600998600, 0.6999999999999999600, 2.822970009467507900 ) ) ;
#6800 = CARTESIAN_POINT ( 'NONE',  ( 0.0000000000000000000, 3.950000000000000200, 5.424999999999998000 ) ) ;
#6801 = CARTESIAN_POINT ( 'NONE',  ( -1.192071970853660200, 3.900000000000001200, 1.693266042696734800 ) ) ;
#6802 = ORIENTED_EDGE ( 'NONE', *, *, #7957, .F. ) ;
#6803 = CARTESIAN_POINT ( 'NONE',  ( 1.774501998497679300, 3.910000000000000100, 1.181126845897752000 ) ) ;
#6804 = PLANE ( 'NONE',  #4439 ) ;
#6805 = CARTESIAN_POINT ( 'NONE',  ( -0.7793144170510151200, 3.910000000000000100, 1.594909424573505200 ) ) ;
#6806 = VECTOR ( 'NONE', #6825, 999.9999999999998900 ) ;
#6807 = DIRECTION ( 'NONE',  ( -0.3457053588273560400, 0.0000000000000000000, 0.9383431168171101300 ) ) ;
#6808 = EDGE_LOOP ( 'NONE', ( #400, #3030, #3065, #1650 ) ) ;
#6809 = ORIENTED_EDGE ( 'NONE', *, *, #3412, .T. ) ;
#6810 = CARTESIAN_POINT ( 'NONE',  ( 0.02142306236143133200, 3.900000000000000800, 2.088066757721329200 ) ) ;
#6811 = CARTESIAN_POINT ( 'NONE',  ( 2.726349842114450500, 3.900000000000000400, 1.151141133056649900 ) ) ;
#6812 = CARTESIAN_POINT ( 'NONE',  ( 0.4017739023496890700, 3.909999999999998400, 2.046695227055730400 ) ) ;
#6813 =( NAMED_UNIT ( * ) SI_UNIT ( $, .STERADIAN. ) SOLID_ANGLE_UNIT ( ) );
#6814 = CARTESIAN_POINT ( 'NONE',  ( -6.084166049839540200, -0.0000000000000000000, -3.512694906669222100 ) ) ;
#6815 = LINE ( 'NONE', #630, #1687 ) ;
#6816 = ORIENTED_EDGE ( 'NONE', *, *, #1455, .F. ) ;
#6817 = CARTESIAN_POINT ( 'NONE',  ( -1.068469236832918100, 3.900000000000000400, 1.600976659372439500 ) ) ;
#6818 = EDGE_LOOP ( 'NONE', ( #4876, #3947, #3838, #5001, #8582, #3276 ) ) ;
#6819 = CARTESIAN_POINT ( 'NONE',  ( 0.4765554342197135800, 3.910000000000000100, 1.256404290951386600 ) ) ;
#6820 = ADVANCED_FACE ( 'NONE', ( #4816 ), #8238, .F. ) ;
#6821 = DIRECTION ( 'NONE',  ( -1.451124864864697800E-015, 0.0000000000000000000, -1.000000000000000000 ) ) ;
#6822 = CARTESIAN_POINT ( 'NONE',  ( -0.9296945657802865300, 3.900000000000000400, 1.137983238319807900 ) ) ;
#6823 = FILL_AREA_STYLE ('',( #7542 ) ) ;
#6824 = FACE_OUTER_BOUND ( 'NONE', #1033, .T. ) ;
#6825 = DIRECTION ( 'NONE',  ( 0.06833305240914022700, 0.0000000000000000000, -0.9976625651734407600 ) ) ;
#6826 = DIRECTION ( 'NONE',  ( -2.316048300074779300E-016, -1.172599182806446300E-035, 1.000000000000000000 ) ) ;
#6827 = CARTESIAN_POINT ( 'NONE',  ( -1.225019581849234400, 3.900000000000001200, 1.747057396793478400 ) ) ;
#6828 = ORIENTED_EDGE ( 'NONE', *, *, #501, .F. ) ;
#6829 = EDGE_CURVE ( 'NONE', #3112, #7609, #3759, .T. ) ;
#6830 = CARTESIAN_POINT ( 'NONE',  ( 1.547895894746029500, 3.910000000000000100, 1.137983238319807900 ) ) ;
#6831 = EDGE_CURVE ( 'NONE', #1292, #7595, #3648, .T. ) ;
#6832 = CARTESIAN_POINT ( 'NONE',  ( -5.110000000000000300, 0.0000000000000000000, -0.9500000000000029500 ) ) ;
#6833 = COLOUR_RGB ( '',1.000000000000000000, 1.000000000000000000, 1.000000000000000000 ) ;
#6834 = CARTESIAN_POINT ( 'NONE',  ( 0.1441589798641549900, 3.899999999999999000, 1.816555647917334800 ) ) ;
#6835 = DIRECTION ( 'NONE',  ( -1.000000000000000000, 0.0000000000000000000, -0.0000000000000000000 ) ) ;
#6836 = CARTESIAN_POINT ( 'NONE',  ( 1.839999999999999900, 2.299999999999999800, 12.04999999999999900 ) ) ;
#6837 = CARTESIAN_POINT ( 'NONE',  ( 0.1344274596123030400, 3.899999999999999500, 1.866582175986806400 ) ) ;
#6838 = PLANE ( 'NONE',  #6695 ) ;
#6839 = AXIS2_PLACEMENT_3D ( 'NONE', #7134, #7072, #3793 ) ;
#6840 = SURFACE_STYLE_FILL_AREA ( #2843 ) ;
#6841 = CARTESIAN_POINT ( 'NONE',  ( 4.870496662869750400, 2.292762391869667100, 6.380876478523570800 ) ) ;
#6842 = EDGE_CURVE ( 'NONE', #3553, #3743, #7755, .T. ) ;
#6843 = CARTESIAN_POINT ( 'NONE',  ( -1.045712931891316500, 3.910000000000001000, 2.027528821900392900 ) ) ;
#6844 = EDGE_CURVE ( 'NONE', #415, #1078, #3488, .T. ) ;
#6845 = CARTESIAN_POINT ( 'NONE',  ( 1.047137412170090500, 3.899999999999999500, 1.774756962514419100 ) ) ;
#6846 = DIRECTION ( 'NONE',  ( -0.0000000000000000000, -1.000000000000000000, -0.0000000000000000000 ) ) ;
#6847 =( GEOMETRIC_REPRESENTATION_CONTEXT ( 3 ) GLOBAL_UNCERTAINTY_ASSIGNED_CONTEXT ( ( #6709 ) ) GLOBAL_UNIT_ASSIGNED_CONTEXT ( ( #4999, #2388, #7085 ) ) REPRESENTATION_CONTEXT ( 'NONE', 'WORKASPACE' ) );
#6848 = DIRECTION ( 'NONE',  ( 1.000000000000000000, 0.0000000000000000000, 0.0000000000000000000 ) ) ;
#6849 = LINE ( 'NONE', #1779, #1609 ) ;
#6850 = CARTESIAN_POINT ( 'NONE',  ( -1.209105062418845300, 3.910000000000001000, 1.378370687880165100 ) ) ;
#6851 = CARTESIAN_POINT ( 'NONE',  ( -0.6703827633157696300, 3.900000000000000400, 1.288293455037891100 ) ) ;
#6852 =( NAMED_UNIT ( * ) PLANE_ANGLE_UNIT ( ) SI_UNIT ( $, .RADIAN. ) );
#6853 = DIRECTION ( 'NONE',  ( 1.000000000000000000, 0.0000000000000000000, 0.0000000000000000000 ) ) ;
#6854 = CARTESIAN_POINT ( 'NONE',  ( 5.081378602532078400, 1.027144070036338100, 2.658175314955611300 ) ) ;
#6855 = SURFACE_SIDE_STYLE ('',( #2153 ) ) ;
#6856 = SURFACE_STYLE_FILL_AREA ( #1727 ) ;
#6857 = CARTESIAN_POINT ( 'NONE',  ( 1.442840669498248300, 3.910000000000000100, 1.146461441858375200 ) ) ;
#6858 = STYLED_ITEM ( 'NONE', ( #4746 ), #4827 ) ;
#6859 = ADVANCED_FACE ( 'NONE', ( #1275 ), #8580, .T. ) ;
#6860 = CARTESIAN_POINT ( 'NONE',  ( 0.1562429342197137700, 3.910000000000000100, 1.646618106740860500 ) ) ;
#6861 = PRESENTATION_STYLE_ASSIGNMENT (( #6605 ) ) ;
#6862 = CARTESIAN_POINT ( 'NONE',  ( -0.4000000000000000200, 2.860000000000000300, 21.14999999999999900 ) ) ;
#6863 =( LENGTH_UNIT ( ) NAMED_UNIT ( * ) SI_UNIT ( .MILLI., .METRE. ) );
#6864 = ORIENTED_EDGE ( 'NONE', *, *, #1175, .T. ) ;
#6865 = CARTESIAN_POINT ( 'NONE',  ( -0.08382159086548622600, 3.900000000000000400, 1.145234742077572100 ) ) ;
#6866 = LINE ( 'NONE', #1002, #596 ) ;
#6867 = SURFACE_SIDE_STYLE ('',( #7952 ) ) ;
#6868 = B_SPLINE_CURVE_WITH_KNOTS ( 'NONE', 3,
 ( #7534, #3546, #5564, #458, #5688, #4331, #8406, #5125, #7732, #3670, #5721, #429, #1011, #1685, #6372, #4358, #8351 ),
 .UNSPECIFIED., .F., .F.,
 ( 4, 1, 1, 1, 1, 1, 1, 1, 1, 1, 1, 1, 1, 1, 4 ),
 ( 0.0000000000000000000, 0.06708806273708449500, 0.1327880499269306600, 0.1980511568040838900, 0.2631809601748217900, 0.3279483554575568500, 0.3913625438678287000, 0.4533093078524584900, 0.5154282802912345500, 0.5767315996058715000, 0.6378307859775379500, 0.6993051709372197800, 0.7611583331851504700, 0.8823091019113470400, 0.9999999999999998900 ),
 .UNSPECIFIED. ) ;
#6869 = CARTESIAN_POINT ( 'NONE',  ( 1.110941551413664200, 3.909999999999999300, 1.954806222716752000 ) ) ;
#6870 = CARTESIAN_POINT ( 'NONE',  ( -1.099265424936660500, 3.900000000000000400, 1.583005077371607800 ) ) ;
#6871 = CARTESIAN_POINT ( 'NONE',  ( -0.7705444870946540600, 3.910000000000000100, 1.725721205425626300 ) ) ;
#6872 = CARTESIAN_POINT ( 'NONE',  ( -0.6503032388578496900, 3.899999999999999500, 1.378442546989780700 ) ) ;
#6873 = CARTESIAN_POINT ( 'NONE',  ( -5.002686081600998600, 0.6999999999999999600, 2.822970009467507900 ) ) ;
#6874 = ORIENTED_EDGE ( 'NONE', *, *, #6559, .T. ) ;
#6875 = CARTESIAN_POINT ( 'NONE',  ( 5.002686081600998600, 0.6999999999999999600, 2.822970009467507900 ) ) ;
#6876 = CARTESIAN_POINT ( 'NONE',  ( -1.859382065780286600, 3.900000000000000400, 2.151141133056650600 ) ) ;
#6877 = FILL_AREA_STYLE ('',( #1467 ) ) ;
#6878 = EDGE_LOOP ( 'NONE', ( #1983, #2804, #1992, #5055 ) ) ;
#6879 = EDGE_LOOP ( 'NONE', ( #3324, #4660, #5669, #7125, #1853, #5944, #3693, #3520 ) ) ;
#6880 = MECHANICAL_DESIGN_GEOMETRIC_PRESENTATION_REPRESENTATION (  '', ( #4066 ), #1058 ) ;
#6881 = CARTESIAN_POINT ( 'NONE',  ( -1.252027982200463600, 3.900000000000000400, 1.877653359963737500 ) ) ;
#6882 = CARTESIAN_POINT ( 'NONE',  ( -0.1647890366558613100, 3.899999999999999900, 2.163969030857071400 ) ) ;
#6883 = EDGE_CURVE ( 'NONE', #6712, #8136, #1196, .T. ) ;
#6884 =( NAMED_UNIT ( * ) PLANE_ANGLE_UNIT ( ) SI_UNIT ( $, .RADIAN. ) );
#6885 = CIRCLE ( 'NONE', #2406, 0.1499999999999999700 ) ;
#6886 = CARTESIAN_POINT ( 'NONE',  ( -1.208719386999422800, 3.900000000000000400, 1.360964425508310900 ) ) ;
#6887 = MECHANICAL_DESIGN_GEOMETRIC_PRESENTATION_REPRESENTATION (  '', ( #1348 ), #3579 ) ;
#6888 = CARTESIAN_POINT ( 'NONE',  ( 1.839999999999999600, 2.860000000000000300, 12.04999999999999900 ) ) ;
#6889 = LINE ( 'NONE', #296, #8665 ) ;
#6890 = CARTESIAN_POINT ( 'NONE',  ( 0.09702779018110308000, 3.900000000000000800, 1.299446016513179600 ) ) ;
#6891 = CARTESIAN_POINT ( 'NONE',  ( -0.1710188891030609000, 3.900000000000001200, 1.230373098610325200 ) ) ;
#6892 = CARTESIAN_POINT ( 'NONE',  ( 1.070893835725775800, 3.910000000000000100, 1.870071291022347600 ) ) ;
#6893 = CARTESIAN_POINT ( 'NONE',  ( 0.008761499728821467400, 3.910000000000001900, 1.187173393383042000 ) ) ;
#6894 = ADVANCED_FACE ( 'NONE', ( #2195 ), #6356, .T. ) ;
#6895 = CARTESIAN_POINT ( 'NONE',  ( -1.147452964479560400, 3.900000000000001200, 1.226019535180878900 ) ) ;
#6896 = CARTESIAN_POINT ( 'NONE',  ( 0.06914668343406905900, 3.910000000000000100, 2.029593427474174500 ) ) ;
#6897 = VERTEX_POINT ( 'NONE', #2203 ) ;
#6898 = CARTESIAN_POINT ( 'NONE',  ( -0.05517998672457518500, 3.900000000000000400, 1.271715082657333100 ) ) ;
#6899 = DIRECTION ( 'NONE',  ( 0.0000000000000000000, 0.0000000000000000000, 1.000000000000000000 ) ) ;
#6900 = PRESENTATION_LAYER_ASSIGNMENT (  '', '', ( #3432 ) ) ;
#6901 = CARTESIAN_POINT ( 'NONE',  ( -1.209299828938181100, 3.900000000000000400, 1.387160869898755200 ) ) ;
#6902 = CARTESIAN_POINT ( 'NONE',  ( -1.656167650695364000, 3.909999999999999300, 1.535717478932880200 ) ) ;
#6903 = CARTESIAN_POINT ( 'NONE',  ( -0.7083798163763765900, 3.900000000000000800, 1.537094973212721000 ) ) ;
#6904 = CARTESIAN_POINT ( 'NONE',  ( 1.175270800272036000, 3.900000000000002100, 1.787869176903695800 ) ) ;
#6905 = SURFACE_SIDE_STYLE ('',( #7182 ) ) ;
#6906 = EDGE_LOOP ( 'NONE', ( #6531, #928, #5674, #3879 ) ) ;
#6907 = SURFACE_STYLE_FILL_AREA ( #3292 ) ;
#6908 = ORIENTED_EDGE ( 'NONE', *, *, #996, .T. ) ;
#6909 = CARTESIAN_POINT ( 'NONE',  ( -1.251556753418039200, 3.900000000000001200, 1.898896368262210600 ) ) ;
#6910 = FILL_AREA_STYLE ('',( #228 ) ) ;
#6911 = CARTESIAN_POINT ( 'NONE',  ( 0.7634101016885068700, 3.900000000000001200, 1.896980288456649600 ) ) ;
#6912 = DIRECTION ( 'NONE',  ( -1.000000000000000000, 0.0000000000000000000, 0.0000000000000000000 ) ) ;
#6913 = DIRECTION ( 'NONE',  ( -0.0000000000000000000, -0.0000000000000000000, -1.000000000000000000 ) ) ;
#6914 = DIRECTION ( 'NONE',  ( 0.0000000000000000000, -1.000000000000000000, 0.0000000000000000000 ) ) ;
#6915 = VECTOR ( 'NONE', #6471, 1000.000000000000000 ) ;
#6916 = PRESENTATION_STYLE_ASSIGNMENT (( #8636 ) ) ;
#6917 = ORIENTED_EDGE ( 'NONE', *, *, #6230, .F. ) ;
#6918 = ORIENTED_EDGE ( 'NONE', *, *, #397, .F. ) ;
#6919 = CARTESIAN_POINT ( 'NONE',  ( -0.7667814173996148100, 3.909999999999999300, 1.428044760200098300 ) ) ;
#6920 = CARTESIAN_POINT ( 'NONE',  ( -5.022501097577957400, 1.700117031113884500, 6.377978906993385900 ) ) ;
#6921 = CARTESIAN_POINT ( 'NONE',  ( -0.3752736302402334100, 3.909999999999999300, 1.648122369937675900 ) ) ;
#6922 = CARTESIAN_POINT ( 'NONE',  ( -0.6071568913746683300, 3.910000000000000100, 1.877652889797587500 ) ) ;
#6923 = ORIENTED_EDGE ( 'NONE', *, *, #8463, .F. ) ;
#6924 =( LENGTH_UNIT ( ) NAMED_UNIT ( * ) SI_UNIT ( .MILLI., .METRE. ) );
#6925 = CARTESIAN_POINT ( 'NONE',  ( -0.1382370441786905400, 3.900000000000000400, 1.230888217922963900 ) ) ;
#6926 = ORIENTED_EDGE ( 'NONE', *, *, #5599, .T. ) ;
#6927 = CARTESIAN_POINT ( 'NONE',  ( 0.3254452368512926700, 3.900000000000000400, 2.006404290951386800 ) ) ;
#6928 = CARTESIAN_POINT ( 'NONE',  ( -1.674180493807334400, 3.900000000000001200, 1.574649632401552900 ) ) ;
#6929 = CARTESIAN_POINT ( 'NONE',  ( 1.456496119262840700, 3.900000000000000800, 2.163235643836190800 ) ) ;
#6930 = MECHANICAL_DESIGN_GEOMETRIC_PRESENTATION_REPRESENTATION (  '', ( #5088 ), #943 ) ;
#6931 = FACE_BOUND ( 'NONE', #3232, .T. ) ;
#6932 = CARTESIAN_POINT ( 'NONE',  ( -2.009875486832918100, 3.910000000000000100, 1.256404290951386600 ) ) ;
#6933 = CARTESIAN_POINT ( 'NONE',  ( 4.692586600614427000, 3.750000000000000400, 6.611251444700425100 ) ) ;
#6934 = DIRECTION ( 'NONE',  ( 0.0000000000000000000, 0.0000000000000000000, -1.000000000000000000 ) ) ;
#6935 = EDGE_CURVE ( 'NONE', #3383, #6208, #8488, .T. ) ;
#6936 = CARTESIAN_POINT ( 'NONE',  ( -0.8641136625365593000, 3.909999999999998400, 1.242579230259875700 ) ) ;
#6937 = ADVANCED_FACE ( 'NONE', ( #6824 ), #7138, .T. ) ;
#6938 = LINE ( 'NONE', #7649, #8513 ) ;
#6939 = CARTESIAN_POINT ( 'NONE',  ( 0.1219324867809170300, 3.910000000000001000, 1.912898093246453200 ) ) ;
#6940 = DIRECTION ( 'NONE',  ( 0.0000000000000000000, 1.000000000000000000, 0.0000000000000000000 ) ) ;
#6941 = SURFACE_STYLE_USAGE ( .BOTH. , #2316 ) ;
#6942 = ORIENTED_EDGE ( 'NONE', *, *, #1678, .T. ) ;
#6943 = CARTESIAN_POINT ( 'NONE',  ( 0.3502508957219991900, 3.899999999999999900, 1.645769021794793300 ) ) ;
#6944 = CARTESIAN_POINT ( 'NONE',  ( 0.03277659187058014300, 3.900000000000000800, 1.513661975317568900 ) ) ;
#6945 = AXIS2_PLACEMENT_3D ( 'NONE', #802, #6152, #2838 ) ;
#6946 = SURFACE_STYLE_FILL_AREA ( #3768 ) ;
#6947 = MECHANICAL_DESIGN_GEOMETRIC_PRESENTATION_REPRESENTATION (  '', ( #7969 ), #7242 ) ;
#6948 = CARTESIAN_POINT ( 'NONE',  ( 0.5032809901046397800, 3.900000000000000400, 1.546944058618824800 ) ) ;
#6949 = EDGE_CURVE ( 'NONE', #6070, #1810, #3782, .T. ) ;
#6950 = CARTESIAN_POINT ( 'NONE',  ( -0.7667814173996148100, 3.899999999999999500, 1.428044760200098300 ) ) ;
#6951 = VECTOR ( 'NONE', #1341, 1000.000000000000000 ) ;
#6952 = UNCERTAINTY_MEASURE_WITH_UNIT (LENGTH_MEASURE( 1.000000000000000100E-005 ), #6213, 'distance_accuracy_value', 'NONE');
#6953 = EDGE_CURVE ( 'NONE', #2093, #6596, #5549, .T. ) ;
#6954 = CARTESIAN_POINT ( 'NONE',  ( -0.6547731177838360700, 3.900000000000000400, 1.335947807604843000 ) ) ;
#6955 = CARTESIAN_POINT ( 'NONE',  ( -0.3754182499908129700, 3.900000000000000400, 1.665738172530334200 ) ) ;
#6956 = FILL_AREA_STYLE_COLOUR ( '', #46 ) ;
#6957 = CARTESIAN_POINT ( 'NONE',  ( -5.109999999999999400, 0.6999999999999999600, 2.679598499466337500 ) ) ;
#6958 = CARTESIAN_POINT ( 'NONE',  ( -0.9296945657802865300, 3.910000000000000100, 1.137983238319807900 ) ) ;
#6959 = CARTESIAN_POINT ( 'NONE',  ( -0.06829533501776372000, 3.910000000000001000, 2.146111917725651800 ) ) ;
#6960 = CARTESIAN_POINT ( 'NONE',  ( 0.8716196480839347700, 3.900000000000001200, 1.748521913094515300 ) ) ;
#6961 = ORIENTED_EDGE ( 'NONE', *, *, #2277, .F. ) ;
#6962 = FILL_AREA_STYLE_COLOUR ( '', #2820 ) ;
#6963 = CARTESIAN_POINT ( 'NONE',  ( -1.074688062141427900, 3.910000000000000100, 2.004034300741170500 ) ) ;
#6964 = FACE_OUTER_BOUND ( 'NONE', #7859, .T. ) ;
#6965 = FILL_AREA_STYLE_COLOUR ( '', #7152 ) ;
#6966 = COLOUR_RGB ( '',1.000000000000000000, 1.000000000000000000, 1.000000000000000000 ) ;
#6967 = CARTESIAN_POINT ( 'NONE',  ( 1.782476486851292600, 3.900000000000000400, 1.184858238319807900 ) ) ;
#6968 = CARTESIAN_POINT ( 'NONE',  ( 3.753226867404377800, 0.6999999999999999600, -7.550000000000000700 ) ) ;
#6969 = EDGE_LOOP ( 'NONE', ( #7711, #2135, #1201, #4046 ) ) ;
#6970 = CARTESIAN_POINT ( 'NONE',  ( -1.161668914274490500, 3.899999999999999900, 2.082010034441768900 ) ) ;
#6971 = CARTESIAN_POINT ( 'NONE',  ( 1.410459685737353300, 3.909999999999999300, 2.044502409914685300 ) ) ;
#6972 = CARTESIAN_POINT ( 'NONE',  ( -0.7637817368329178300, 3.900000000000000400, 1.394973369898755200 ) ) ;
#6973 = CARTESIAN_POINT ( 'NONE',  ( 1.529915227025167200, 3.910000000000000100, 1.138376377057249500 ) ) ;
#6974 =( LENGTH_UNIT ( ) NAMED_UNIT ( * ) SI_UNIT ( .MILLI., .METRE. ) );
#6975 = B_SPLINE_CURVE_WITH_KNOTS ( 'NONE', 3,
 ( #2649, #5337, #2732, #7418, #1368, #6047, #2028, #6732, #55, #5389, #2076, #2672, #8034 ),
 .UNSPECIFIED., .F., .F.,
 ( 4, 3, 3, 3, 4 ),
 ( 1.734723475976806900E-018, 5.020540680055797900E-005, 0.0001004200091544053900, 0.0001505121327927130200, 0.0001910120720682482900 ),
 .UNSPECIFIED. ) ;
#6976 = DIRECTION ( 'NONE',  ( -0.9961946980917457700, 0.08715574274765462700, 0.0000000000000000000 ) ) ;
#6977 = CARTESIAN_POINT ( 'NONE',  ( -0.7915347307138745900, 3.910000000000001000, 1.487088337467782100 ) ) ;
#6978 = EDGE_LOOP ( 'NONE', ( #3026, #6278, #1240, #6091 ) ) ;
#6979 = DIRECTION ( 'NONE',  ( -0.0000000000000000000, -1.000000000000000000, -0.0000000000000000000 ) ) ;
#6980 = ORIENTED_EDGE ( 'NONE', *, *, #6336, .T. ) ;
#6981 = COLOUR_RGB ( '',1.000000000000000000, 1.000000000000000000, 1.000000000000000000 ) ;
#6982 = CARTESIAN_POINT ( 'NONE',  ( -0.3754182499908129700, 3.910000000000000100, 1.665738172530334200 ) ) ;
#6983 = CARTESIAN_POINT ( 'NONE',  ( -1.068469236832918100, 3.900000000000000400, 1.600976659372439500 ) ) ;
#6984 = SURFACE_STYLE_USAGE ( .BOTH. , #5059 ) ;
#6985 = ADVANCED_FACE ( 'NONE', ( #5343 ), #651, .T. ) ;
#6986 = CARTESIAN_POINT ( 'NONE',  ( -1.040640484948569300, 3.899999999999999500, 1.156257861320475900 ) ) ;
#6987 = COLOUR_RGB ( '',1.000000000000000000, 1.000000000000000000, 1.000000000000000000 ) ;
#6988 = CARTESIAN_POINT ( 'NONE',  ( 0.5127396447460295100, 3.900000000000000400, 1.637983238319807900 ) ) ;
#6989 = CARTESIAN_POINT ( 'NONE',  ( 2.357928789482871800, 3.910000000000000100, 2.151141133056650100 ) ) ;
#6990 = EDGE_CURVE ( 'NONE', #7820, #4055, #7031, .T. ) ;
#6991 = SURFACE_STYLE_FILL_AREA ( #6754 ) ;
#6992 = EDGE_CURVE ( 'NONE', #87, #415, #6723, .T. ) ;
#6993 = CARTESIAN_POINT ( 'NONE',  ( 0.4017739023496890700, 3.899999999999998600, 2.046695227055730400 ) ) ;
#6994 = ORIENTED_EDGE ( 'NONE', *, *, #2663, .T. ) ;
#6995 = DIRECTION ( 'NONE',  ( -0.0000000000000000000, -1.000000000000000000, -0.0000000000000000000 ) ) ;
#6996 = ORIENTED_EDGE ( 'NONE', *, *, #6508, .F. ) ;
#6997 = CARTESIAN_POINT ( 'NONE',  ( -1.086856968785536900, 3.899999999999999900, 1.989823775481545800 ) ) ;
#6998 = MECHANICAL_DESIGN_GEOMETRIC_PRESENTATION_REPRESENTATION (  '', ( #2219 ), #3135 ) ;
#6999 = DIRECTION ( 'NONE',  ( 0.0000000000000000000, 0.0000000000000000000, -1.000000000000000000 ) ) ;
#7000 = CARTESIAN_POINT ( 'NONE',  ( 1.522813657903924400, 3.910000000000000100, 2.059035869898755400 ) ) ;
#7001 = EDGE_CURVE ( 'NONE', #5005, #4768, #3776, .T. ) ;
#7002 = CARTESIAN_POINT ( 'NONE',  ( 0.6511515637161926500, 3.900000000000001200, 2.047371605744499100 ) ) ;
#7003 = CARTESIAN_POINT ( 'NONE',  ( 2.319894250009187300, 3.900000000000000400, 1.942465146214544800 ) ) ;
#7004 = EDGE_LOOP ( 'NONE', ( #4659, #5881, #2709, #6663 ) ) ;
#7005 = STYLED_ITEM ( 'NONE', ( #1076 ), #453 ) ;
#7006 = SURFACE_SIDE_STYLE ('',( #4097 ) ) ;
#7007 = SURFACE_STYLE_USAGE ( .BOTH. , #2373 ) ;
#7008 = CARTESIAN_POINT ( 'NONE',  ( 4.932279398502956300, 2.731355770375607500, 2.654574198170610800 ) ) ;
#7009 =( GEOMETRIC_REPRESENTATION_CONTEXT ( 3 ) GLOBAL_UNCERTAINTY_ASSIGNED_CONTEXT ( ( #5968 ) ) GLOBAL_UNIT_ASSIGNED_CONTEXT ( ( #4167, #961, #5691 ) ) REPRESENTATION_CONTEXT ( 'NONE', 'WORKASPACE' ) );
#7010 = CARTESIAN_POINT ( 'NONE',  ( -0.3229153731559653600, 3.899999999999999900, 1.339509731114002300 ) ) ;
#7011 = DIRECTION ( 'NONE',  ( 0.0000000000000000000, 1.000000000000000000, 0.0000000000000000000 ) ) ;
#7012 = CARTESIAN_POINT ( 'NONE',  ( -0.3624921638896957400, 3.899999999999999500, 1.476171991709532400 ) ) ;
#7013 = ORIENTED_EDGE ( 'NONE', *, *, #3700, .F. ) ;
#7014 = ORIENTED_EDGE ( 'NONE', *, *, #8620, .T. ) ;
#7015 = CARTESIAN_POINT ( 'NONE',  ( -0.7429777148007563600, 3.900000000000000400, 1.938682609743902700 ) ) ;
#7016 = STYLED_ITEM ( 'NONE', ( #5402 ), #8361 ) ;
#7017 = CARTESIAN_POINT ( 'NONE',  ( -1.239525872732949900, 3.910000000000001900, 1.959760749347987400 ) ) ;
#7018 = CARTESIAN_POINT ( 'NONE',  ( 4.919496506819767100, 1.706369795367110900, 6.344405856898337200 ) ) ;
#7019 = CARTESIAN_POINT ( 'NONE',  ( -1.110154909999724300, 3.910000000000000100, 1.192637757694089600 ) ) ;
#7020 = CARTESIAN_POINT ( 'NONE',  ( 0.3441541184302398000, 3.910000000000000100, 1.646412514635597700 ) ) ;
#7021 = CARTESIAN_POINT ( 'NONE',  ( -0.07579749804865271200, 3.899999999999999900, 2.046736351836811800 ) ) ;
#7022 = LINE ( 'NONE', #743, #1266 ) ;
#7023 = VERTEX_POINT ( 'NONE', #4491 ) ;
#7024 =( GEOMETRIC_REPRESENTATION_CONTEXT ( 3 ) GLOBAL_UNCERTAINTY_ASSIGNED_CONTEXT ( ( #6393 ) ) GLOBAL_UNIT_ASSIGNED_CONTEXT ( ( #660, #7432, #39 ) ) REPRESENTATION_CONTEXT ( 'NONE', 'WORKASPACE' ) );
#7025 = CARTESIAN_POINT ( 'NONE',  ( 0.4799573386815111900, 3.899999999999999900, 2.068398028029802700 ) ) ;
#7026 = CARTESIAN_POINT ( 'NONE',  ( 1.200150568772855300, 3.900000000000001200, 2.060251412385745200 ) ) ;
#7027 = SURFACE_STYLE_FILL_AREA ( #4710 ) ;
#7028 = ORIENTED_EDGE ( 'NONE', *, *, #5465, .F. ) ;
#7029 = B_SPLINE_CURVE_WITH_KNOTS ( 'NONE', 3,
 ( #4734, #8132, #5523, #5464, #6131, #6157, #5415, #829, #6189, #6803, #2783 ),
 .UNSPECIFIED., .F., .F.,
 ( 4, 1, 1, 1, 1, 1, 1, 1, 4 ),
 ( 0.0000000000000000000, 0.1431580258023320000, 0.2805765707932493200, 0.4126606844312306100, 0.5388467975875644900, 0.6603568481537153100, 0.7776116560006640600, 0.8905794221049208000, 1.000000000000000000 ),
 .UNSPECIFIED. ) ;
#7030 = FILL_AREA_STYLE ('',( #4415 ) ) ;
#7031 = LINE ( 'NONE', #7770, #6915 ) ;
#7032 = FILL_AREA_STYLE ('',( #953 ) ) ;
#7033 = ADVANCED_FACE ( 'NONE', ( #4808 ), #293, .T. ) ;
#7034 = VERTEX_POINT ( 'NONE', #5601 ) ;
#7035 = CARTESIAN_POINT ( 'NONE',  ( 0.5588805050762663000, 3.909999999999999300, 2.071652577905761700 ) ) ;
#7036 = EDGE_LOOP ( 'NONE', ( #7760, #3749, #7143 ) ) ;
#7037 = CARTESIAN_POINT ( 'NONE',  ( 0.6078453161211405700, 3.900000000000000400, 2.063651380491140900 ) ) ;
#7038 = CARTESIAN_POINT ( 'NONE',  ( -1.114401914326816000, 3.910000000000000100, 2.116777130934691900 ) ) ;
#7039 = VERTEX_POINT ( 'NONE', #5696 ) ;
#7040 = CARTESIAN_POINT ( 'NONE',  ( 0.6882647245613420200, 3.900000000000001200, 2.024661558839084800 ) ) ;
#7041 = CARTESIAN_POINT ( 'NONE',  ( -0.7423042388991956100, 3.909999999999999300, 1.776094555636466000 ) ) ;
#7042 = CARTESIAN_POINT ( 'NONE',  ( 4.919496499146031700, 1.706369887467821000, 2.755594137254567100 ) ) ;
#7043 = CARTESIAN_POINT ( 'NONE',  ( -1.109844246121374000, 3.900000000000000400, 1.620610455993554400 ) ) ;
#7044 = LINE ( 'NONE', #1683, #3691 ) ;
#7045 = VERTEX_POINT ( 'NONE', #2913 ) ;
#7046 = EDGE_LOOP ( 'NONE', ( #5346, #4507, #4062, #2446 ) ) ;
#7047 = CARTESIAN_POINT ( 'NONE',  ( -0.7987768350996865600, 3.900000000000000400, 2.015879866625088100 ) ) ;
#7048 = CARTESIAN_POINT ( 'NONE',  ( 1.773501924813881500, 3.900000000000000800, 1.303764259004436300 ) ) ;
#7049 = DIRECTION ( 'NONE',  ( 0.0000000000000000000, 0.0000000000000000000, 1.000000000000000000 ) ) ;
#7050 = FILL_AREA_STYLE_COLOUR ( '', #8608 ) ;
#7051 = DIRECTION ( 'NONE',  ( -0.0000000000000000000, -0.0000000000000000000, -1.000000000000000000 ) ) ;
#7052 = CARTESIAN_POINT ( 'NONE',  ( -0.02460630987556983200, 3.900000000000000800, 1.992832853183943200 ) ) ;
#7053 = DIRECTION ( 'NONE',  ( -0.06860987332813538200, 0.0000000000000000000, 0.9976435662509417500 ) ) ;
#7054 = CARTESIAN_POINT ( 'NONE',  ( 5.006304347208872400, 1.885246734971486100, 6.496513851135413000 ) ) ;
#7055 = FACE_OUTER_BOUND ( 'NONE', #2378, .T. ) ;
#7056 = DIRECTION ( 'NONE',  ( -0.3686337421845059000, 0.0000000000000000000, 0.9295747221837775700 ) ) ;
#7057 = EDGE_CURVE ( 'NONE', #5169, #8570, #2080, .T. ) ;
#7058 = CARTESIAN_POINT ( 'NONE',  ( -0.9921607838806190100, 3.899999999999999000, 2.051490080775399100 ) ) ;
#7059 =( GEOMETRIC_REPRESENTATION_CONTEXT ( 3 ) GLOBAL_UNCERTAINTY_ASSIGNED_CONTEXT ( ( #6633 ) ) GLOBAL_UNIT_ASSIGNED_CONTEXT ( ( #2161, #7498, #8166 ) ) REPRESENTATION_CONTEXT ( 'NONE', 'WORKASPACE' ) );
#7060 = CARTESIAN_POINT ( 'NONE',  ( -1.250407892516748300, 3.910000000000000100, 1.826194540831338900 ) ) ;
#7061 = LINE ( 'NONE', #3361, #2653 ) ;
#7062 = DIRECTION ( 'NONE',  ( -0.0000000000000000000, -1.000000000000000000, -0.0000000000000000000 ) ) ;
#7063 = CARTESIAN_POINT ( 'NONE',  ( 1.175270800272036000, 3.900000000000002100, 1.787869176903695800 ) ) ;
#7064 = SURFACE_STYLE_USAGE ( .BOTH. , #3081 ) ;
#7065 = VECTOR ( 'NONE', #7549, 1000.000000000000000 ) ;
#7066 = B_SPLINE_CURVE_WITH_KNOTS ( 'NONE', 3,
 ( #7464, #4727, #6746, #102, #7520, #5406, #2063, #6772, #137, #4790, #2747, #7433, #2810 ),
 .UNSPECIFIED., .F., .F.,
 ( 4, 3, 3, 3, 4 ),
 ( 1.734723475976807100E-018, 5.020540680055783700E-005, 0.0001004200091544054300, 0.0001505121327927140800, 0.0001910120720682484000 ),
 .UNSPECIFIED. ) ;
#7067 = CARTESIAN_POINT ( 'NONE',  ( 0.7670852199908819700, 3.900000000000000800, 1.858185034836737700 ) ) ;
#7068 = CARTESIAN_POINT ( 'NONE',  ( -0.7315376400043432900, 3.909999999999999300, 1.814125251715867900 ) ) ;
#7069 = STYLED_ITEM ( 'NONE', ( #2053 ), #8432 ) ;
#7070 = CARTESIAN_POINT ( 'NONE',  ( 4.842015805328190800, 3.763073361412149400, 2.488748555299568300 ) ) ;
#7071 = VECTOR ( 'NONE', #3938, 1000.000000000000000 ) ;
#7072 = DIRECTION ( 'NONE',  ( -0.06174578541844680900, 0.7057575568079538200, 0.7057575568079501600 ) ) ;
#7073 = CARTESIAN_POINT ( 'NONE',  ( -0.9003389217105201000, 3.900000000000000400, 1.138720791054420400 ) ) ;
#7074 = LINE ( 'NONE', #580, #2132 ) ;
#7075 = CARTESIAN_POINT ( 'NONE',  ( 1.546456750009187500, 3.900000000000000400, 1.243246396214544600 ) ) ;
#7076 = ORIENTED_EDGE ( 'NONE', *, *, #4289, .T. ) ;
#7077 = CARTESIAN_POINT ( 'NONE',  ( -1.252268578938181100, 3.900000000000000400, 1.866807251477702500 ) ) ;
#7078 = ORIENTED_EDGE ( 'NONE', *, *, #3802, .F. ) ;
#7079 = STYLED_ITEM ( 'NONE', ( #1371 ), #6937 ) ;
#7080 = CARTESIAN_POINT ( 'NONE',  ( -0.05517998672457518500, 3.910000000000000100, 1.271715082657333100 ) ) ;
#7081 = ADVANCED_FACE ( 'NONE', ( #2826 ), #3229, .T. ) ;
#7082 = COLOUR_RGB ( '',1.000000000000000000, 1.000000000000000000, 1.000000000000000000 ) ;
#7083 = SURFACE_SIDE_STYLE ('',( #7258 ) ) ;
#7084 = CARTESIAN_POINT ( 'NONE',  ( 0.3502508957219991900, 3.909999999999999300, 1.645769021794793300 ) ) ;
#7085 =( NAMED_UNIT ( * ) SI_UNIT ( $, .STERADIAN. ) SOLID_ANGLE_UNIT ( ) );
#7086 = PLANE ( 'NONE',  #7634 ) ;
#7087 = FILL_AREA_STYLE ('',( #385 ) ) ;
#7088 = ORIENTED_EDGE ( 'NONE', *, *, #5091, .F. ) ;
#7089 = CARTESIAN_POINT ( 'NONE',  ( -0.9897979145519502100, 3.909999999999997500, 1.659266255552924700 ) ) ;
#7090 = DIRECTION ( 'NONE',  ( -0.06833305240914022700, 0.0000000000000000000, 0.9976625651734407600 ) ) ;
#7091 = B_SPLINE_CURVE_WITH_KNOTS ( 'NONE', 3,
 ( #2118, #135, #69, #7462, #5404, #3449, #4088, #7431, #8122, #8096, #4788, #798, #2007, #4420, #5922, #4617, #4924, #6168, #223 ),
 .UNSPECIFIED., .F., .F.,
 ( 4, 1, 1, 1, 1, 1, 1, 1, 1, 1, 1, 1, 1, 1, 1, 1, 4 ),
 ( 0.0000000000000000000, 0.06605401043310672700, 0.1295312762030290900, 0.1912178369542039700, 0.2511633297015322700, 0.3096676142633240100, 0.3675726688950614600, 0.4246702570180906400, 0.4827225302790728600, 0.5413210682092898200, 0.6003749124170664200, 0.6618020813789856600, 0.7249888849963990200, 0.7902832552103048500, 0.8575427221927944800, 0.9270627082144848900, 1.000000000000000000 ),
 .UNSPECIFIED. ) ;
#7092 = CARTESIAN_POINT ( 'NONE',  ( -1.075579073957363400, 3.909999999999999300, 1.603949730802726000 ) ) ;
#7093 = ORIENTED_EDGE ( 'NONE', *, *, #4859, .T. ) ;
#7094 = CARTESIAN_POINT ( 'NONE',  ( 0.7587313304137581800, 3.910000000000000100, 1.919173634155718400 ) ) ;
#7095 = VECTOR ( 'NONE', #8642, 1000.000000000000000 ) ;
#7096 = VERTEX_POINT ( 'NONE', #6415 ) ;
#7097 = CARTESIAN_POINT ( 'NONE',  ( -0.7830402230316069200, 3.910000000000000100, 1.711206062528254800 ) ) ;
#7098 = LINE ( 'NONE', #3399, #7607 ) ;
#7099 = CARTESIAN_POINT ( 'NONE',  ( -0.3624921638896957400, 3.899999999999999500, 1.476171991709532400 ) ) ;
#7100 = EDGE_LOOP ( 'NONE', ( #8581, #3545, #3941, #2125 ) ) ;
#7101 = ORIENTED_EDGE ( 'NONE', *, *, #4574, .F. ) ;
#7102 = CARTESIAN_POINT ( 'NONE',  ( -0.2682640426263929700, 3.909999999999998400, 1.156494406157290200 ) ) ;
#7103 = ORIENTED_EDGE ( 'NONE', *, *, #3366, .F. ) ;
#7104 = CARTESIAN_POINT ( 'NONE',  ( -0.4917820340010258300, 3.910000000000000100, 1.690073392518776100 ) ) ;
#7105 = CARTESIAN_POINT ( 'NONE',  ( -0.4917820340010258300, 3.900000000000000400, 1.690073392518776100 ) ) ;
#7106 = SURFACE_SIDE_STYLE ('',( #4402 ) ) ;
#7107 = CARTESIAN_POINT ( 'NONE',  ( -0.8308266442118046300, 3.909999999999999300, 2.036430294566037500 ) ) ;
#7108 = SURFACE_STYLE_USAGE ( .BOTH. , #5083 ) ;
#7109 = CARTESIAN_POINT ( 'NONE',  ( -1.105334198985121800, 3.900000000000001700, 1.754616079202461700 ) ) ;
#7110 = VERTEX_POINT ( 'NONE', #8383 ) ;
#7111 = LINE ( 'NONE', #1191, #3651 ) ;
#7112 = EDGE_CURVE ( 'NONE', #948, #407, #4181, .T. ) ;
#7113 = SURFACE_STYLE_USAGE ( .BOTH. , #8511 ) ;
#7114 = PRESENTATION_STYLE_ASSIGNMENT (( #6674 ) ) ;
#7115 = CARTESIAN_POINT ( 'NONE',  ( 0.1555922329846570800, 3.909999999999998400, 1.586258882805175600 ) ) ;
#7116 = DIRECTION ( 'NONE',  ( 1.000000000000000000, 0.0000000000000000000, 0.0000000000000000000 ) ) ;
#7117 = CARTESIAN_POINT ( 'NONE',  ( -1.128297548306725700, 3.900000000000000400, 1.877227528634111100 ) ) ;
#7118 = ORIENTED_EDGE ( 'NONE', *, *, #8332, .T. ) ;
#7119 = ORIENTED_EDGE ( 'NONE', *, *, #8109, .F. ) ;
#7120 = CARTESIAN_POINT ( 'NONE',  ( -1.389756748468415500, 3.910000000000000100, 1.240516714464361400 ) ) ;
#7121 = AXIS2_PLACEMENT_3D ( 'NONE', #7279, #3909, #7896 ) ;
#7122 = VECTOR ( 'NONE', #8137, 1000.000000000000000 ) ;
#7123 = CARTESIAN_POINT ( 'NONE',  ( -0.6966731059368948000, 3.900000000000001200, 2.082103198912841800 ) ) ;
#7124 = ADVANCED_FACE ( 'NONE', ( #8068 ), #3061, .F. ) ;
#7125 = ORIENTED_EDGE ( 'NONE', *, *, #8296, .T. ) ;
#7126 = CARTESIAN_POINT ( 'NONE',  ( -0.2944498371675710600, 3.900000000000000400, 2.014977960415515100 ) ) ;
#7127 = EDGE_CURVE ( 'NONE', #6409, #5391, #6815, .T. ) ;
#7128 = CARTESIAN_POINT ( 'NONE',  ( 5.083081513076295200, 0.6999999999999999600, 6.334782212955348200 ) ) ;
#7129 = EDGE_CURVE ( 'NONE', #5533, #7251, #1717, .T. ) ;
#7130 = CARTESIAN_POINT ( 'NONE',  ( 0.7423504594364278600, 3.900000000000000400, 1.959933446027256800 ) ) ;
#7131 = CARTESIAN_POINT ( 'NONE',  ( -0.9288721973592338800, 3.910000000000000100, 2.059035869898755400 ) ) ;
#7132 = ORIENTED_EDGE ( 'NONE', *, *, #4013, .T. ) ;
#7133 = PRESENTATION_LAYER_ASSIGNMENT (  '', '', ( #8121 ) ) ;
#7134 = CARTESIAN_POINT ( 'NONE',  ( 4.493182566233560500, 6.029198542355046300, 2.391330576710994900 ) ) ;
#7135 = DIRECTION ( 'NONE',  ( -1.000000000000000000, -0.0000000000000000000, 0.0000000000000000000 ) ) ;
#7136 = CARTESIAN_POINT ( 'NONE',  ( -0.1776386447276548700, 3.900000000000000400, 2.164299027793492100 ) ) ;
#7137 = CARTESIAN_POINT ( 'NONE',  ( 5.509999999999998900, 3.900000000000000400, 4.549999999999998000 ) ) ;
#7138 = PLANE ( 'NONE',  #2070 ) ;
#7139 = CARTESIAN_POINT ( 'NONE',  ( -1.041806511305071600, 3.909999999999998400, 1.515545610938371100 ) ) ;
#7140 = PRESENTATION_LAYER_ASSIGNMENT (  '', '', ( #1308 ) ) ;
#7141 = SURFACE_STYLE_FILL_AREA ( #218 ) ;
#7142 = ORIENTED_EDGE ( 'NONE', *, *, #2633, .T. ) ;
#7143 = ORIENTED_EDGE ( 'NONE', *, *, #4237, .F. ) ;
#7144 = DIRECTION ( 'NONE',  ( 0.0000000000000000000, 0.0000000000000000000, 1.000000000000000000 ) ) ;
#7145 = CARTESIAN_POINT ( 'NONE',  ( -0.3362501616213826600, 3.910000000000001000, 1.943065703735617200 ) ) ;
#7146 = CARTESIAN_POINT ( 'NONE',  ( -0.3685043043371373800, 3.910000000000000100, 1.802924374241174500 ) ) ;
#7147 = B_SPLINE_CURVE_WITH_KNOTS ( 'NONE', 3,
 ( #1313, #2704, #6136, #4105, #726, #6837, #5450, #54, #8167, #7474, #758, #6810, #7446, #3438, #2791, #2822, #7500, #4164, #175 ),
 .UNSPECIFIED., .F., .F.,
 ( 4, 1, 1, 1, 1, 1, 1, 1, 1, 1, 1, 1, 1, 1, 1, 1, 4 ),
 ( 0.0000000000000000000, 0.08743627912959312000, 0.1700077694689458600, 0.2480077300108582400, 0.3216520361470753300, 0.3909634990383414900, 0.4559429689286111400, 0.5176799716278736000, 0.5760210157402069200, 0.6313908648380881500, 0.6846141173303920100, 0.7365027186354732300, 0.7877191505335768800, 0.8389278149779618700, 0.8908436669125352500, 0.9443220849570865800, 0.9999999999999998900 ),
 .UNSPECIFIED. ) ;
#7148 = CARTESIAN_POINT ( 'NONE',  ( -0.1568738420960761300, 3.910000000000000100, 1.137983238319808100 ) ) ;
#7149 = MECHANICAL_DESIGN_GEOMETRIC_PRESENTATION_REPRESENTATION (  '', ( #6701 ), #3997 ) ;
#7150 = DIRECTION ( 'NONE',  ( -0.0000000000000000000, -1.000000000000000000, -0.0000000000000000000 ) ) ;
#7151 = CARTESIAN_POINT ( 'NONE',  ( 0.1562429342197137500, 3.910000000000000100, 1.646618106740860300 ) ) ;
#7152 = COLOUR_RGB ( '',1.000000000000000000, 1.000000000000000000, 1.000000000000000000 ) ;
#7153 = CARTESIAN_POINT ( 'NONE',  ( -1.128502065523205000, 3.910000000000001000, 1.847403293166318700 ) ) ;
#7154 = CARTESIAN_POINT ( 'NONE',  ( 0.03926412148800440700, 3.900000000000000400, 1.707230558691957400 ) ) ;
#7155 = EDGE_LOOP ( 'NONE', ( #5392, #5445, #6594, #6740, #5024, #3246, #4579, #7093 ) ) ;
#7156 = ORIENTED_EDGE ( 'NONE', *, *, #722, .T. ) ;
#7157 = CARTESIAN_POINT ( 'NONE',  ( -1.242413034622522000, 3.909999999999999300, 1.792687993740372800 ) ) ;
#7158 = CARTESIAN_POINT ( 'NONE',  ( -1.129725157407028200, 3.909999999999999300, 1.208554377402427000 ) ) ;
#7159 = FACE_OUTER_BOUND ( 'NONE', #2896, .T. ) ;
#7160 = CARTESIAN_POINT ( 'NONE',  ( 0.7670852199908819700, 3.910000000000000100, 1.858185034836737700 ) ) ;
#7161 = CARTESIAN_POINT ( 'NONE',  ( -1.448990024945062500, 3.899999999999999500, 1.348691512597970800 ) ) ;
#7162 = PLANE ( 'NONE',  #8468 ) ;
#7163 = CARTESIAN_POINT ( 'NONE',  ( 2.292939897005607200, 3.910000000000000100, 2.024420548133252700 ) ) ;
#7164 = CARTESIAN_POINT ( 'NONE',  ( -1.531904637726565500, 3.910000000000001000, 1.293074726176022500 ) ) ;
#7165 = CARTESIAN_POINT ( 'NONE',  ( -1.242413034622522000, 3.909999999999999300, 1.792687993740372800 ) ) ;
#7166 = VECTOR ( 'NONE', #1630, 1000.000000000000100 ) ;
#7167 = ORIENTED_EDGE ( 'NONE', *, *, #2102, .F. ) ;
#7168 = EDGE_CURVE ( 'NONE', #3379, #3825, #6616, .T. ) ;
#7169 = CARTESIAN_POINT ( 'NONE',  ( -0.09625178356323778300, 3.910000000000000100, 2.058128637103567200 ) ) ;
#7170 = EDGE_CURVE ( 'NONE', #5807, #5390, #3454, .T. ) ;
#7171 = FILL_AREA_STYLE ('',( #5826 ) ) ;
#7172 = LINE ( 'NONE', #6296, #5173 ) ;
#7173 = CARTESIAN_POINT ( 'NONE',  ( -1.093197903960340300, 3.900000000000000400, 1.400671849017370200 ) ) ;
#7174 = ADVANCED_FACE ( 'NONE', ( #1891 ), #8157, .F. ) ;
#7175 = CARTESIAN_POINT ( 'NONE',  ( -1.026091537301878000, 3.899999999999999900, 1.673990436537735400 ) ) ;
#7176 = CARTESIAN_POINT ( 'NONE',  ( -0.4710209838189259900, 3.909999999999999300, 1.442075395987101800 ) ) ;
#7177 = CARTESIAN_POINT ( 'NONE',  ( 0.7667029290875319000, 3.900000000000000800, 1.826420203373336800 ) ) ;
#7178 = PRESENTATION_LAYER_ASSIGNMENT (  '', '', ( #6281 ) ) ;
#7179 = SPHERICAL_SURFACE ( 'NONE', #7121, 0.1499999999999999900 ) ;
#7180 = DIRECTION ( 'NONE',  ( 0.0000000000000000000, 0.0000000000000000000, -1.000000000000000000 ) ) ;
#7181 = EDGE_CURVE ( 'NONE', #4624, #3383, #7022, .T. ) ;
#7182 = SURFACE_STYLE_FILL_AREA ( #280 ) ;
#7183 = CARTESIAN_POINT ( 'NONE',  ( -0.1665366710434444400, 3.910000000000000100, 2.072193764635597500 ) ) ;
#7184 =( GEOMETRIC_REPRESENTATION_CONTEXT ( 3 ) GLOBAL_UNCERTAINTY_ASSIGNED_CONTEXT ( ( #1574 ) ) GLOBAL_UNIT_ASSIGNED_CONTEXT ( ( #3094, #1755, #5766 ) ) REPRESENTATION_CONTEXT ( 'NONE', 'WORKASPACE' ) );
#7185 = CARTESIAN_POINT ( 'NONE',  ( -1.737260355253970700, 3.910000000000000100, 2.151141133056650100 ) ) ;
#7186 = CARTESIAN_POINT ( 'NONE',  ( -1.204375383640067200, 3.909999999999998400, 1.335489400738944800 ) ) ;
#7187 = PRESENTATION_LAYER_ASSIGNMENT (  '', '', ( #7289 ) ) ;
#7188 = CARTESIAN_POINT ( 'NONE',  ( -0.3752717916245227300, 3.899999999999999900, 1.682120494873963200 ) ) ;
#7189 = FACE_OUTER_BOUND ( 'NONE', #3443, .T. ) ;
#7190 = CARTESIAN_POINT ( 'NONE',  ( -1.575106228161395000, 3.910000000000001000, 1.610241719261201500 ) ) ;
#7191 = CARTESIAN_POINT ( 'NONE',  ( -0.9972308168998975700, 3.910000000000000100, 2.159265894435384400 ) ) ;
#7192 = CARTESIAN_POINT ( 'NONE',  ( -0.7721475842367933100, 3.900000000000001200, 1.989211366430743600 ) ) ;
#7193 = PRESENTATION_LAYER_ASSIGNMENT (  '', '', ( #5488 ) ) ;
#7194 = ORIENTED_EDGE ( 'NONE', *, *, #4120, .F. ) ;
#7195 = CARTESIAN_POINT ( 'NONE',  ( -1.698869437260167600, 3.910000000000000100, 1.629062245633781800 ) ) ;
#7196 = ADVANCED_FACE ( 'NONE', ( #3042 ), #3175, .T. ) ;
#7197 = DIRECTION ( 'NONE',  ( 0.0000000000000000000, 1.000000000000000000, 1.535953077687798300E-015 ) ) ;
#7198 = CARTESIAN_POINT ( 'NONE',  ( 1.782476486851292600, 3.900000000000000400, 1.993246396214544800 ) ) ;
#7199 = CARTESIAN_POINT ( 'NONE',  ( -0.9498434917317273300, 3.909999999999998400, 1.651827229470181000 ) ) ;
#7200 = STYLED_ITEM ( 'NONE', ( #4600 ), #7196 ) ;
#7201 = CARTESIAN_POINT ( 'NONE',  ( -0.4000000000000000200, 2.299999999999999400, 21.14999999999999900 ) ) ;
#7202 = SURFACE_SIDE_STYLE ('',( #1216 ) ) ;
#7203 = SPHERICAL_SURFACE ( 'NONE', #1925, 0.1499999999999999900 ) ;
#7204 = CARTESIAN_POINT ( 'NONE',  ( -0.9702686164744144200, 3.900000000000001700, 1.654413022565876000 ) ) ;
#7205 = CARTESIAN_POINT ( 'NONE',  ( -1.048215396690304700, 3.910000000000001900, 1.278177088924518300 ) ) ;
#7206 = ORIENTED_EDGE ( 'NONE', *, *, #7665, .T. ) ;
#7207 = CARTESIAN_POINT ( 'NONE',  ( -0.3724786630610507100, 3.910000000000000100, 1.564663321777841400 ) ) ;
#7208 = CARTESIAN_POINT ( 'NONE',  ( 4.843159576245931000, 3.750000000000000400, 7.549999999999998000 ) ) ;
#7209 = VERTEX_POINT ( 'NONE', #217 ) ;
#7210 = DIRECTION ( 'NONE',  ( -0.3393973368153482300, 0.0000000000000000000, -0.9406431032876650900 ) ) ;
#7211 = CARTESIAN_POINT ( 'NONE',  ( -0.07579749804865271200, 3.899999999999999500, 2.046736351836811800 ) ) ;
#7212 = LINE ( 'NONE', #7323, #4572 ) ;
#7213 =( LENGTH_UNIT ( ) NAMED_UNIT ( * ) SI_UNIT ( .MILLI., .METRE. ) );
#7214 = CARTESIAN_POINT ( 'NONE',  ( -0.2582332747462331400, 3.899999999999999000, 2.047068854742370100 ) ) ;
#7215 = CARTESIAN_POINT ( 'NONE',  ( -1.611097369212351100, 3.909999999999999300, 1.696136435398698700 ) ) ;
#7216 =( LENGTH_UNIT ( ) NAMED_UNIT ( * ) SI_UNIT ( .MILLI., .METRE. ) );
#7217 = CARTESIAN_POINT ( 'NONE',  ( -1.638474734836133000, 3.910000000000001000, 1.498406925767418200 ) ) ;
#7218 = CARTESIAN_POINT ( 'NONE',  ( 1.039877802640766200, 3.900000000000000400, 1.669850014635597200 ) ) ;
#7219 = DIRECTION ( 'NONE',  ( -0.0000000000000000000, -1.000000000000000000, -0.0000000000000000000 ) ) ;
#7220 = VERTEX_POINT ( 'NONE', #3507 ) ;
#7221 = DIRECTION ( 'NONE',  ( -0.0000000000000000000, -1.000000000000000000, -0.0000000000000000000 ) ) ;
#7222 = CARTESIAN_POINT ( 'NONE',  ( -0.3626791518646519900, 3.910000000000000100, 1.842696373210834800 ) ) ;
#7223 = CIRCLE ( 'NONE', #8106, 1.800000000000000500 ) ;
#7224 = DIRECTION ( 'NONE',  ( 0.0000000000000000000, 0.0000000000000000000, -1.000000000000000000 ) ) ;
#7225 = STYLED_ITEM ( 'NONE', ( #733 ), #1681 ) ;
#7226 = CARTESIAN_POINT ( 'NONE',  ( -0.3752717916245227300, 3.909999999999999300, 1.682120494873963200 ) ) ;
#7227 = EDGE_CURVE ( 'NONE', #7045, #8640, #6609, .T. ) ;
#7228 = CARTESIAN_POINT ( 'NONE',  ( 4.913049285819602700, 2.800868594279512200, -0.9500000000000032900 ) ) ;
#7229 = VERTEX_POINT ( 'NONE', #5490 ) ;
#7230 = STYLED_ITEM ( 'NONE', ( #4628 ), #190 ) ;
#7231 = DIRECTION ( 'NONE',  ( 2.316048300074778800E-016, -0.0000000000000000000, 1.000000000000000000 ) ) ;
#7232 = CARTESIAN_POINT ( 'NONE',  ( 0.7515464129553546300, 3.899999999999997700, 1.761486130818927100 ) ) ;
#7233 = ADVANCED_FACE ( 'NONE', ( #6507 ), #2182, .F. ) ;
#7234 = FACE_OUTER_BOUND ( 'NONE', #5522, .T. ) ;
#7235 = CARTESIAN_POINT ( 'NONE',  ( -2.140000000000000100, 2.299999999999999400, 21.14999999999999900 ) ) ;
#7236 = CARTESIAN_POINT ( 'NONE',  ( -0.02460630987556983200, 3.910000000000000100, 1.992832853183943200 ) ) ;
#7237 = UNCERTAINTY_MEASURE_WITH_UNIT (LENGTH_MEASURE( 1.000000000000000100E-005 ), #4007, 'distance_accuracy_value', 'NONE');
#7238 = CARTESIAN_POINT ( 'NONE',  ( -2.140000000000000100, 2.860000000000000300, 12.04999999999999900 ) ) ;
#7239 = STYLED_ITEM ( 'NONE', ( #1525 ), #2862 ) ;
#7240 = VERTEX_POINT ( 'NONE', #4699 ) ;
#7241 = CARTESIAN_POINT ( 'NONE',  ( 2.319894250009187300, 3.910000000000000100, 1.942465146214544800 ) ) ;
#7242 =( GEOMETRIC_REPRESENTATION_CONTEXT ( 3 ) GLOBAL_UNCERTAINTY_ASSIGNED_CONTEXT ( ( #3913 ) ) GLOBAL_UNIT_ASSIGNED_CONTEXT ( ( #5395, #766, #2681 ) ) REPRESENTATION_CONTEXT ( 'NONE', 'WORKASPACE' ) );
#7243 = FACE_OUTER_BOUND ( 'NONE', #4912, .T. ) ;
#7244 = FILL_AREA_STYLE ('',( #5899 ) ) ;
#7245 = CARTESIAN_POINT ( 'NONE',  ( -2.501857394727655200, 3.910000000000000100, 1.151141133056649900 ) ) ;
#7246 = CARTESIAN_POINT ( 'NONE',  ( -0.7316713006405116700, 3.900000000000001200, 1.898671382226820600 ) ) ;
#7247 = CARTESIAN_POINT ( 'NONE',  ( -1.543798169392944300, 3.909999999999999300, 1.315552795442013000 ) ) ;
#7248 = STYLED_ITEM ( 'NONE', ( #865 ), #6474 ) ;
#7249 = LINE ( 'NONE', #4324, #8598 ) ;
#7250 = ORIENTED_EDGE ( 'NONE', *, *, #1952, .T. ) ;
#7251 = VERTEX_POINT ( 'NONE', #7519 ) ;
#7252 =( NAMED_UNIT ( * ) PLANE_ANGLE_UNIT ( ) SI_UNIT ( $, .RADIAN. ) );
#7253 = B_SPLINE_CURVE_WITH_KNOTS ( 'NONE', 3,
 ( #8185, #8213, #3624, #2272, #6359, #3070, #5673, #1612, #3658, #3041, #7633, #8305, #4287, #2303, #6960, #5063, #1054, #3740, #6387 ),
 .UNSPECIFIED., .F., .F.,
 ( 4, 1, 1, 1, 1, 1, 1, 1, 1, 1, 1, 1, 1, 1, 1, 1, 4 ),
 ( 0.0000000000000000000, 0.07560767746224589200, 0.1479480922249864200, 0.2162655927369586100, 0.2821555443803390700, 0.3453469549767202400, 0.4060726426924603500, 0.4649301550499601000, 0.5221728983266263900, 0.5784663242674427100, 0.6348249843553591700, 0.6915864228146049200, 0.7496168433220877800, 0.8090431739049736000, 0.8701081026758743500, 0.9336654250818127200, 1.000000000000000000 ),
 .UNSPECIFIED. ) ;
#7254 = DIRECTION ( 'NONE',  ( -0.0000000000000000000, 1.000000000000000000, -0.0000000000000000000 ) ) ;
#7255 = DIRECTION ( 'NONE',  ( 1.000000000000000000, 0.0000000000000000000, 0.0000000000000000000 ) ) ;
#7256 = FILL_AREA_STYLE_COLOUR ( '', #888 ) ;
#7257 = FILL_AREA_STYLE ('',( #6562 ) ) ;
#7258 = SURFACE_STYLE_FILL_AREA ( #7710 ) ;
#7259 = EDGE_LOOP ( 'NONE', ( #2806, #5023, #5452, #1462 ) ) ;
#7260 = CARTESIAN_POINT ( 'NONE',  ( -0.3010657046971524400, 3.910000000000000100, 1.171541333878115100 ) ) ;
#7261 = CARTESIAN_POINT ( 'NONE',  ( 0.8838333947460294000, 3.910000000000000100, 1.844397712004018500 ) ) ;
#7262 = DIRECTION ( 'NONE',  ( 0.0000000000000000000, 0.0000000000000000000, -1.000000000000000000 ) ) ;
#7263 = CARTESIAN_POINT ( 'NONE',  ( 0.4672283241112190100, 3.900000000000001200, 2.162211178697344600 ) ) ;
#7264 = CARTESIAN_POINT ( 'NONE',  ( 0.03667093720568644100, 3.910000000000001000, 1.754127161767315800 ) ) ;
#7265 = CARTESIAN_POINT ( 'NONE',  ( -0.7684819970168509400, 3.909999999999999300, 1.609800448989436200 ) ) ;
#7266 = CARTESIAN_POINT ( 'NONE',  ( 1.243153488889616700, 3.910000000000000100, 1.386990946289460500 ) ) ;
#7267 = CARTESIAN_POINT ( 'NONE',  ( 0.6761794897898786300, 3.910000000000000100, 2.142015036109619500 ) ) ;
#7268 = CARTESIAN_POINT ( 'NONE',  ( -1.507333708195010700, 3.900000000000001200, 1.463925571378989600 ) ) ;
#7269 = CARTESIAN_POINT ( 'NONE',  ( 0.0000000000000000000, 0.6999999999999999600, 0.0000000000000000000 ) ) ;
#7270 = CARTESIAN_POINT ( 'NONE',  ( -1.611097369212351100, 3.899999999999999900, 1.696136435398698700 ) ) ;
#7271 = ADVANCED_FACE ( 'NONE', ( #5021 ), #3552, .T. ) ;
#7272 = FACE_OUTER_BOUND ( 'NONE', #5296, .T. ) ;
#7273 =( NAMED_UNIT ( * ) PLANE_ANGLE_UNIT ( ) SI_UNIT ( $, .RADIAN. ) );
#7274 = DIRECTION ( 'NONE',  ( -1.000000000000000000, -0.0000000000000000000, -0.0000000000000000000 ) ) ;
#7275 = EDGE_CURVE ( 'NONE', #6596, #7430, #534, .T. ) ;
#7276 = CARTESIAN_POINT ( 'NONE',  ( 2.274047210535503600, 3.900000000000000400, 1.943904290951386800 ) ) ;
#7277 = EDGE_CURVE ( 'NONE', #7820, #2774, #3148, .T. ) ;
#7278 = CARTESIAN_POINT ( 'NONE',  ( -1.056167915246535700, 3.909999999999999300, 1.500280752588890600 ) ) ;
#7279 = CARTESIAN_POINT ( 'NONE',  ( -4.692586600614428800, 3.750000000000000400, 2.488748555299569200 ) ) ;
#7280 = CARTESIAN_POINT ( 'NONE',  ( 0.7078145572778672400, 3.910000000000000100, 2.129627484780230800 ) ) ;
#7281 = VECTOR ( 'NONE', #4355, 1000.000000000000000 ) ;
#7282 = CARTESIAN_POINT ( 'NONE',  ( 0.7667029290875319000, 3.910000000000000100, 1.826420203373336800 ) ) ;
#7283 = VERTEX_POINT ( 'NONE', #1522 ) ;
#7284 =( GEOMETRIC_REPRESENTATION_CONTEXT ( 3 ) GLOBAL_UNCERTAINTY_ASSIGNED_CONTEXT ( ( #6217 ) ) GLOBAL_UNIT_ASSIGNED_CONTEXT ( ( #6924, #7570, #8212 ) ) REPRESENTATION_CONTEXT ( 'NONE', 'WORKASPACE' ) );
#7285 = EDGE_CURVE ( 'NONE', #2441, #7968, #4020, .T. ) ;
#7286 = CARTESIAN_POINT ( 'NONE',  ( 0.4564074079039239800, 3.900000000000000400, 1.549373040951386800 ) ) ;
#7287 = EDGE_CURVE ( 'NONE', #5005, #5434, #6710, .T. ) ;
#7288 = CARTESIAN_POINT ( 'NONE',  ( -0.6262344767444689700, 3.910000000000000100, 1.766448311413542100 ) ) ;
#7289 = STYLED_ITEM ( 'NONE', ( #2557 ), #5139 ) ;
#7290 =( LENGTH_UNIT ( ) NAMED_UNIT ( * ) SI_UNIT ( .MILLI., .METRE. ) );
#7291 = CARTESIAN_POINT ( 'NONE',  ( 0.7369131593986076900, 3.900000000000001200, 2.114347808166223700 ) ) ;
#7292 = ORIENTED_EDGE ( 'NONE', *, *, #4136, .T. ) ;
#7293 = CARTESIAN_POINT ( 'NONE',  ( 0.8716196480839347700, 3.900000000000001200, 1.748521913094515300 ) ) ;
#7294 = CARTESIAN_POINT ( 'NONE',  ( 0.0000000000000000000, 0.0000000000000000000, 12.04999999999999900 ) ) ;
#7295 = CARTESIAN_POINT ( 'NONE',  ( -0.7894807499908128600, 3.910000000000000100, 1.600976659372439500 ) ) ;
#7296 = PRESENTATION_STYLE_ASSIGNMENT (( #8367 ) ) ;
#7297 = ORIENTED_EDGE ( 'NONE', *, *, #5945, .T. ) ;
#7298 = FACE_OUTER_BOUND ( 'NONE', #3897, .T. ) ;
#7299 =( NAMED_UNIT ( * ) SI_UNIT ( $, .STERADIAN. ) SOLID_ANGLE_UNIT ( ) );
#7300 = ORIENTED_EDGE ( 'NONE', *, *, #1231, .F. ) ;
#7301 = VERTEX_POINT ( 'NONE', #4758 ) ;
#7302 = STYLED_ITEM ( 'NONE', ( #3197 ), #4964 ) ;
#7303 = SURFACE_STYLE_USAGE ( .BOTH. , #6646 ) ;
#7304 = CARTESIAN_POINT ( 'NONE',  ( -0.9803619019949807400, 3.900000000000000800, 1.236915878337080800 ) ) ;
#7305 = VERTEX_POINT ( 'NONE', #4146 ) ;
#7306 = CARTESIAN_POINT ( 'NONE',  ( -4.932279402606690500, 2.731355723469001800, 2.654574201094672200 ) ) ;
#7307 = VERTEX_POINT ( 'NONE', #799 ) ;
#7308 = DIRECTION ( 'NONE',  ( -1.000000000000000000, -0.0000000000000000000, -0.0000000000000000000 ) ) ;
#7309 = CARTESIAN_POINT ( 'NONE',  ( -0.1878888892066339900, 3.910000000000000100, 1.230931758145481100 ) ) ;
#7310 = ORIENTED_EDGE ( 'NONE', *, *, #7548, .F. ) ;
#7311 = CIRCLE ( 'NONE', #7846, 0.1499999999999999700 ) ;
#7312 = DIRECTION ( 'NONE',  ( -0.0000000000000000000, 1.000000000000000000, -0.0000000000000000000 ) ) ;
#7313 = EDGE_LOOP ( 'NONE', ( #484, #977, #1528, #2725, #6087, #4386, #3674, #6706, #3344, #647 ) ) ;
#7314 = CARTESIAN_POINT ( 'NONE',  ( -0.6441691866073752100, 3.900000000000001200, 1.728528659317969600 ) ) ;
#7315 = FACE_OUTER_BOUND ( 'NONE', #118, .T. ) ;
#7316 = CARTESIAN_POINT ( 'NONE',  ( -0.6299767819684721800, 3.900000000000002100, 1.987915415908439300 ) ) ;
#7317 = DIRECTION ( 'NONE',  ( 0.0000000000000000000, -1.000000000000000000, 0.0000000000000000000 ) ) ;
#7318 = CARTESIAN_POINT ( 'NONE',  ( 0.8454816522401992200, 3.910000000000000100, 2.004097177205171200 ) ) ;
#7319 = DIRECTION ( 'NONE',  ( -0.0000000000000000000, -1.000000000000000000, -0.0000000000000000000 ) ) ;
#7320 = CARTESIAN_POINT ( 'NONE',  ( 4.830036276717043700, 3.900000000000000400, -0.9500000000000029500 ) ) ;
#7321 = DIRECTION ( 'NONE',  ( 0.8660254037844398200, 0.0000000000000000000, 0.4999999999999980600 ) ) ;
#7322 = CARTESIAN_POINT ( 'NONE',  ( -1.075288730041826100, 3.899999999999998600, 1.316076527357130000 ) ) ;
#7323 = CARTESIAN_POINT ( 'NONE',  ( -1.737260355253970700, 3.910000000000000100, 2.151141133056650100 ) ) ;
#7324 = CARTESIAN_POINT ( 'NONE',  ( -0.7701536242591993100, 3.909999999999998400, 1.179343350149740100 ) ) ;
#7325 = VERTEX_POINT ( 'NONE', #161 ) ;
#7326 = CARTESIAN_POINT ( 'NONE',  ( -1.086469832027814800, 3.909999999999998400, 1.444372197287717700 ) ) ;
#7327 = CARTESIAN_POINT ( 'NONE',  ( -1.024165167550078700, 3.899999999999999000, 1.258006657645721800 ) ) ;
#7328 = AXIS2_PLACEMENT_3D ( 'NONE', #757, #2850, #6110 ) ;
#7329 = CARTESIAN_POINT ( 'NONE',  ( -5.004477282108057400, 0.6783325546574635600, 2.824420093359887800 ) ) ;
#7330 = EDGE_CURVE ( 'NONE', #1572, #7283, #320, .T. ) ;
#7331 = CARTESIAN_POINT ( 'NONE',  ( 0.8783814108842615800, 3.910000000000001000, 1.913291880281531700 ) ) ;
#7332 = CARTESIAN_POINT ( 'NONE',  ( 1.507599842114450300, 3.910000000000000100, 2.164299027793492100 ) ) ;
#7333 = DIRECTION ( 'NONE',  ( -0.0000000000000000000, -0.0000000000000000000, -1.000000000000000000 ) ) ;
#7334 = SURFACE_STYLE_FILL_AREA ( #7671 ) ;
#7335 = ORIENTED_EDGE ( 'NONE', *, *, #558, .T. ) ;
#7336 = ORIENTED_EDGE ( 'NONE', *, *, #7728, .F. ) ;
#7337 = UNCERTAINTY_MEASURE_WITH_UNIT (LENGTH_MEASURE( 1.000000000000000100E-005 ), #5788, 'distance_accuracy_value', 'NONE');
#7338 = CARTESIAN_POINT ( 'NONE',  ( -0.9296945657802865300, 3.910000000000000100, 2.164299027793492100 ) ) ;
#7339 = CARTESIAN_POINT ( 'NONE',  ( -4.927776414419628100, 2.782825113980314800, 2.547612832178300900 ) ) ;
#7340 = STYLED_ITEM ( 'NONE', ( #7114 ), #7685 ) ;
#7341 = AXIS2_PLACEMENT_3D ( 'NONE', #4588, #4533, #8574 ) ;
#7342 =( LENGTH_UNIT ( ) NAMED_UNIT ( * ) SI_UNIT ( .MILLI., .METRE. ) );
#7343 = CARTESIAN_POINT ( 'NONE',  ( -1.126594924093775400, 3.900000000000000400, 1.561116106028191300 ) ) ;
#7344 = CARTESIAN_POINT ( 'NONE',  ( -1.511109039464497000, 3.910000000000000100, 1.256404290951386600 ) ) ;
#7345 = CARTESIAN_POINT ( 'NONE',  ( 0.6892890289514700400, 3.909999999999999300, 1.565976141233017100 ) ) ;
#7346 = PRESENTATION_STYLE_ASSIGNMENT (( #8242 ) ) ;
#7347 = CARTESIAN_POINT ( 'NONE',  ( -0.4000000000000000200, 2.860000000000000300, 21.14999999999999900 ) ) ;
#7348 = CARTESIAN_POINT ( 'NONE',  ( -0.6810732108207676600, 3.909999999999999300, 1.676973832692825200 ) ) ;
#7349 = VERTEX_POINT ( 'NONE', #2869 ) ;
#7350 = UNCERTAINTY_MEASURE_WITH_UNIT (LENGTH_MEASURE( 1.000000000000000100E-005 ), #6430, 'distance_accuracy_value', 'NONE');
#7351 = ORIENTED_EDGE ( 'NONE', *, *, #4905, .T. ) ;
#7352 = CARTESIAN_POINT ( 'NONE',  ( -1.087017123774129500, 3.909999999999998400, 1.345834253934258900 ) ) ;
#7353 = MECHANICAL_DESIGN_GEOMETRIC_PRESENTATION_REPRESENTATION (  '', ( #3432 ), #4945 ) ;
#7354 = CARTESIAN_POINT ( 'NONE',  ( -0.7834803228500482100, 3.909999999999999300, 1.314831013041593000 ) ) ;
#7355 = SURFACE_SIDE_STYLE ('',( #1860 ) ) ;
#7356 = EDGE_LOOP ( 'NONE', ( #8390, #2060, #7429, #8502 ) ) ;
#7357 = PLANE ( 'NONE',  #2298 ) ;
#7358 = CARTESIAN_POINT ( 'NONE',  ( 1.393390416433276700, 3.899999999999998600, 1.157555277550721000 ) ) ;
#7359 = CARTESIAN_POINT ( 'NONE',  ( -1.514185045998168900, 3.900000000000000800, 1.261891108194567000 ) ) ;
#7360 = CARTESIAN_POINT ( 'NONE',  ( 0.6426934834061551700, 3.909999999999999300, 2.152268123654015300 ) ) ;
#7361 = ORIENTED_EDGE ( 'NONE', *, *, #3512, .F. ) ;
#7362 = PLANE ( 'NONE',  #5594 ) ;
#7363 = CIRCLE ( 'NONE', #859, 0.1492882709582688500 ) ;
#7364 = CARTESIAN_POINT ( 'NONE',  ( 0.5240384140259224400, 3.910000000000000100, 2.071996227915149800 ) ) ;
#7365 = LINE ( 'NONE', #1670, #8422 ) ;
#7366 = PLANE ( 'NONE',  #8512 ) ;
#7367 = CARTESIAN_POINT ( 'NONE',  ( 1.782476486851292600, 3.899999999999999500, 2.106322054109281500 ) ) ;
#7368 = VECTOR ( 'NONE', #4741, 1000.000000000000000 ) ;
#7369 = CARTESIAN_POINT ( 'NONE',  ( -1.150996861508605300, 3.910000000000000100, 1.537165121249110900 ) ) ;
#7370 = CARTESIAN_POINT ( 'NONE',  ( 0.8834857413199410600, 3.909999999999999300, 1.856196672128298100 ) ) ;
#7371 = CARTESIAN_POINT ( 'NONE',  ( 0.7956649967780823300, 3.909999999999997500, 1.625341085292820100 ) ) ;
#7372 = PLANE ( 'NONE',  #3934 ) ;
#7373 = DIRECTION ( 'NONE',  ( -0.06174578541844671200, -0.7057575568079538200, -0.7057575568079501600 ) ) ;
#7374 = CARTESIAN_POINT ( 'NONE',  ( -1.048215396690304700, 3.910000000000001900, 1.278177088924518300 ) ) ;
#7375 = PRESENTATION_LAYER_ASSIGNMENT (  '', '', ( #2276 ) ) ;
#7376 = VECTOR ( 'NONE', #3945, 1000.000000000000000 ) ;
#7377 = CARTESIAN_POINT ( 'NONE',  ( -0.7793144170510151200, 3.910000000000000100, 1.594909424573505200 ) ) ;
#7378 = CARTESIAN_POINT ( 'NONE',  ( -4.788727906727287700, 3.272939828439252800, 2.657502501882139900 ) ) ;
#7379 = EDGE_CURVE ( 'NONE', #2197, #5807, #5456, .T. ) ;
#7380 = SURFACE_SIDE_STYLE ('',( #6907 ) ) ;
#7381 = EDGE_CURVE ( 'NONE', #5079, #427, #1259, .T. ) ;
#7382 = CARTESIAN_POINT ( 'NONE',  ( 0.5127396447460295100, 3.900000000000000400, 1.637983238319807900 ) ) ;
#7383 = CARTESIAN_POINT ( 'NONE',  ( 1.048117236072085800, 3.899999999999998600, 1.556947249668818800 ) ) ;
#7384 = ORIENTED_EDGE ( 'NONE', *, *, #7285, .F. ) ;
#7385 = CARTESIAN_POINT ( 'NONE',  ( 5.110000000000000300, 0.6999999999999999600, 7.549999999999998000 ) ) ;
#7386 = CYLINDRICAL_SURFACE ( 'NONE', #3078, 0.1499999999999996100 ) ;
#7387 = CARTESIAN_POINT ( 'NONE',  ( -4.885218250763395000, 2.837867965644031500, -0.9500000000000029500 ) ) ;
#7388 = CARTESIAN_POINT ( 'NONE',  ( 0.7420612409602007600, 3.900000000000002100, 1.742736755420176300 ) ) ;
#7389 = CARTESIAN_POINT ( 'NONE',  ( 1.200150568772855300, 3.910000000000001000, 2.060251412385745200 ) ) ;
#7390 = MECHANICAL_DESIGN_GEOMETRIC_PRESENTATION_REPRESENTATION (  '', ( #2860 ), #2110 ) ;
#7391 = DIRECTION ( 'NONE',  ( -0.0000000000000000000, -1.000000000000000000, -0.0000000000000000000 ) ) ;
#7392 = EDGE_CURVE ( 'NONE', #4487, #2461, #5127, .T. ) ;
#7393 = VECTOR ( 'NONE', #4797, 1000.000000000000000 ) ;
#7394 = EDGE_CURVE ( 'NONE', #1178, #2171, #3878, .T. ) ;
#7395 = B_SPLINE_CURVE_WITH_KNOTS ( 'NONE', 3,
 ( #2045, #4712, #119, #5502, #8112, #4048, #6111, #5469, #6758, #3407, #8085 ),
 .UNSPECIFIED., .F., .F.,
 ( 4, 1, 1, 1, 1, 1, 1, 1, 4 ),
 ( 0.0000000000000000000, 0.1217588295021965500, 0.2508684131790955300, 0.3824120950847659800, 0.5140458985609305300, 0.6444634894700723700, 0.7713728384166754800, 0.8910874254412335400, 1.000000000000000000 ),
 .UNSPECIFIED. ) ;
#7396 = ORIENTED_EDGE ( 'NONE', *, *, #3688, .F. ) ;
#7397 = LINE ( 'NONE', #5749, #7703 ) ;
#7398 = CARTESIAN_POINT ( 'NONE',  ( -5.109999999999999400, 0.6999999999999999600, 2.679598499466337500 ) ) ;
#7399 = MECHANICAL_DESIGN_GEOMETRIC_PRESENTATION_REPRESENTATION (  '', ( #5436 ), #5604 ) ;
#7400 = CARTESIAN_POINT ( 'NONE',  ( -0.6584209387155964800, 3.910000000000001000, 2.038944409398149900 ) ) ;
#7401 = CARTESIAN_POINT ( 'NONE',  ( -0.7423042388991956100, 3.899999999999999900, 1.776094555636466000 ) ) ;
#7402 = CARTESIAN_POINT ( 'NONE',  ( -0.3010657046971524400, 3.900000000000000400, 1.171541333878115100 ) ) ;
#7403 = CARTESIAN_POINT ( 'NONE',  ( -0.9288721973592338800, 3.900000000000000400, 1.230088501477702500 ) ) ;
#7404 = ORIENTED_EDGE ( 'NONE', *, *, #6668, .F. ) ;
#7405 = CARTESIAN_POINT ( 'NONE',  ( -2.940000000000000400, 2.299999999999999400, 21.14999999999999900 ) ) ;
#7406 = CARTESIAN_POINT ( 'NONE',  ( 1.162335678169964700, 3.910000000000000100, 1.677399364606168200 ) ) ;
#7407 = COLOUR_RGB ( '',0.8941176470588234600, 0.9137254901960784000, 0.9294117647058823800 ) ;
#7408 = ORIENTED_EDGE ( 'NONE', *, *, #4847, .F. ) ;
#7409 = VECTOR ( 'NONE', #8163, 1000.000000000000000 ) ;
#7410 = CARTESIAN_POINT ( 'NONE',  ( 5.110000000000000300, 0.6999999999999999600, -0.9500000000000029500 ) ) ;
#7411 = DIRECTION ( 'NONE',  ( 0.0000000000000000000, -0.0000000000000000000, -1.000000000000000000 ) ) ;
#7412 = ORIENTED_EDGE ( 'NONE', *, *, #1676, .T. ) ;
#7413 = DIRECTION ( 'NONE',  ( 1.000000000000000000, 0.0000000000000000000, 0.0000000000000000000 ) ) ;
#7414 = DIRECTION ( 'NONE',  ( 1.000000000000000000, 0.0000000000000000000, 0.0000000000000000000 ) ) ;
#7415 = SURFACE_STYLE_FILL_AREA ( #6431 ) ;
#7416 = STYLED_ITEM ( 'NONE', ( #8634 ), #4520 ) ;
#7417 = CARTESIAN_POINT ( 'NONE',  ( 1.267888462574892100, 3.910000000000001000, 1.357200701928039200 ) ) ;
#7418 = CARTESIAN_POINT ( 'NONE',  ( -5.101586716960993000, 0.6999999999999999600, 6.370906050838607700 ) ) ;
#7419 = ORIENTED_EDGE ( 'NONE', *, *, #51, .F. ) ;
#7420 = CARTESIAN_POINT ( 'NONE',  ( 1.559263061336032100, 3.909999999999999300, 2.058468480478707900 ) ) ;
#7421 = CARTESIAN_POINT ( 'NONE',  ( -0.9288721973592338800, 3.910000000000000100, 2.059035869898755400 ) ) ;
#7422 = EDGE_LOOP ( 'NONE', ( #6684, #7194, #739, #1595 ) ) ;
#7423 = CARTESIAN_POINT ( 'NONE',  ( 1.274940300984805700, 3.910000000000000100, 2.111802903177828500 ) ) ;
#7424 = LINE ( 'NONE', #2627, #8264 ) ;
#7425 = CARTESIAN_POINT ( 'NONE',  ( -3.240000000000000700, 2.299999999999999800, 7.549999999999998000 ) ) ;
#7426 = CARTESIAN_POINT ( 'NONE',  ( -0.9233112827703966500, 3.910000000000000100, 1.558881026491032000 ) ) ;
#7427 = ADVANCED_FACE ( 'NONE', ( #1793 ), #7660, .T. ) ;
#7428 = CARTESIAN_POINT ( 'NONE',  ( -4.884897671125799000, 3.272931392505477300, 2.517873877331969100 ) ) ;
#7429 = ORIENTED_EDGE ( 'NONE', *, *, #8350, .T. ) ;
#7430 = VERTEX_POINT ( 'NONE', #7463 ) ;
#7431 = CARTESIAN_POINT ( 'NONE',  ( 0.8290725790402853100, 3.900000000000000400, 2.030454723436396800 ) ) ;
#7432 =( NAMED_UNIT ( * ) PLANE_ANGLE_UNIT ( ) SI_UNIT ( $, .RADIAN. ) );
#7433 = CARTESIAN_POINT ( 'NONE',  ( 5.015703029680703500, 0.6999999999999999600, 2.819146289571424100 ) ) ;
#7434 = DIRECTION ( 'NONE',  ( 0.0000000000000000000, 1.000000000000000000, 0.0000000000000000000 ) ) ;
#7435 = CARTESIAN_POINT ( 'NONE',  ( -0.4000000000000000200, 2.299999999999999400, 12.04999999999999900 ) ) ;
#7436 = DIRECTION ( 'NONE',  ( 0.0000000000000000000, -0.0000000000000000000, 1.000000000000000000 ) ) ;
#7437 = CARTESIAN_POINT ( 'NONE',  ( 1.217206637967704500, 3.909999999999999300, 1.893381040405937900 ) ) ;
#7438 = EDGE_CURVE ( 'NONE', #1689, #423, #1551, .T. ) ;
#7439 = CARTESIAN_POINT ( 'NONE',  ( 1.529915227025167200, 3.900000000000000400, 1.138376377057249500 ) ) ;
#7440 = EDGE_CURVE ( 'NONE', #2091, #6485, #4495, .T. ) ;
#7441 = ORIENTED_EDGE ( 'NONE', *, *, #7497, .T. ) ;
#7442 = CARTESIAN_POINT ( 'NONE',  ( -0.6878134213606585900, 3.910000000000000100, 1.510648474564415300 ) ) ;
#7443 = DIRECTION ( 'NONE',  ( 0.0000000000000000000, 1.000000000000000000, 0.0000000000000000000 ) ) ;
#7444 = PLANE ( 'NONE',  #5210 ) ;
#7445 = DIRECTION ( 'NONE',  ( -0.0000000000000000000, -1.000000000000000000, -0.0000000000000000000 ) ) ;
#7446 = CARTESIAN_POINT ( 'NONE',  ( -0.005949408346254834500, 3.900000000000000400, 2.111643970565081600 ) ) ;
#7447 = CARTESIAN_POINT ( 'NONE',  ( 1.494566787039994100, 3.900000000000000800, 1.139149253864833300 ) ) ;
#7448 =( GEOMETRIC_REPRESENTATION_CONTEXT ( 3 ) GLOBAL_UNCERTAINTY_ASSIGNED_CONTEXT ( ( #368 ) ) GLOBAL_UNIT_ASSIGNED_CONTEXT ( ( #6637, #632, #8660 ) ) REPRESENTATION_CONTEXT ( 'NONE', 'WORKASPACE' ) );
#7449 = DIRECTION ( 'NONE',  ( -0.3282545778954752400, 0.0000000000000000000, -0.9445892928096651900 ) ) ;
#7450 = EDGE_LOOP ( 'NONE', ( #6585, #2043, #8663, #5639 ) ) ;
#7451 = EDGE_CURVE ( 'NONE', #921, #917, #2581, .T. ) ;
#7452 = CARTESIAN_POINT ( 'NONE',  ( -0.9288721973592338800, 3.910000000000000100, 1.559035869898755200 ) ) ;
#7453 = AXIS2_PLACEMENT_3D ( 'NONE', #823, #2836, #40 ) ;
#7454 = DIRECTION ( 'NONE',  ( 0.0000000000000000000, 1.000000000000000000, 0.0000000000000000000 ) ) ;
#7455 = VERTEX_POINT ( 'NONE', #5676 ) ;
#7456 = DIRECTION ( 'NONE',  ( -0.0000000000000000000, -1.000000000000000000, -0.0000000000000000000 ) ) ;
#7457 = VECTOR ( 'NONE', #8375, 1000.000000000000000 ) ;
#7458 = PRESENTATION_LAYER_ASSIGNMENT (  '', '', ( #5214 ) ) ;
#7459 = CARTESIAN_POINT ( 'NONE',  ( 1.162306653748395900, 3.900000000000000400, 1.647153725290866100 ) ) ;
#7460 = ORIENTED_EDGE ( 'NONE', *, *, #2967, .F. ) ;
#7461 =( NAMED_UNIT ( * ) SI_UNIT ( $, .STERADIAN. ) SOLID_ANGLE_UNIT ( ) );
#7462 = CARTESIAN_POINT ( 'NONE',  ( 0.8783814108842615800, 3.900000000000001200, 1.913291880281531700 ) ) ;
#7463 = CARTESIAN_POINT ( 'NONE',  ( -2.501857394727655200, 3.900000000000000400, 2.045877975161913400 ) ) ;
#7464 = CARTESIAN_POINT ( 'NONE',  ( 5.109999999999999400, 0.6999999999999999600, 2.679598499466338000 ) ) ;
#7465 = VECTOR ( 'NONE', #7524, 1000.000000000000000 ) ;
#7466 = CARTESIAN_POINT ( 'NONE',  ( -1.109844246121374000, 3.900000000000000800, 1.620610455993554400 ) ) ;
#7467 = PRESENTATION_STYLE_ASSIGNMENT (( #7108 ) ) ;
#7468 = CARTESIAN_POINT ( 'NONE',  ( 1.547895894746029500, 3.900000000000000400, 1.137983238319807900 ) ) ;
#7469 = AXIS2_PLACEMENT_3D ( 'NONE', #4872, #4177, #822 ) ;
#7470 = ADVANCED_FACE ( 'NONE', ( #7852 ), #6056, .T. ) ;
#7471 = CARTESIAN_POINT ( 'NONE',  ( -2.102186342096076000, 3.900000000000000400, 2.045877975161913400 ) ) ;
#7472 = CARTESIAN_POINT ( 'NONE',  ( 0.1562429342197137700, 3.900000000000000800, 1.646618106740860500 ) ) ;
#7473 = CARTESIAN_POINT ( 'NONE',  ( -1.377062986832918300, 3.900000000000000400, 1.151141133056649900 ) ) ;
#7474 = CARTESIAN_POINT ( 'NONE',  ( 0.06914668343406905900, 3.900000000000000400, 2.029593427474174500 ) ) ;
#7475 = DIRECTION ( 'NONE',  ( 0.0000000000000000000, 0.0000000000000000000, -1.000000000000000000 ) ) ;
#7476 = CARTESIAN_POINT ( 'NONE',  ( -1.128707723675023400, 3.910000000000000100, 1.854677317267176400 ) ) ;
#7477 = FACE_OUTER_BOUND ( 'NONE', #1613, .T. ) ;
#7478 = CARTESIAN_POINT ( 'NONE',  ( 1.089012689413345800, 3.909999999999999300, 1.913696062998571500 ) ) ;
#7479 = ORIENTED_EDGE ( 'NONE', *, *, #1894, .F. ) ;
#7480 = CARTESIAN_POINT ( 'NONE',  ( -1.171769989302602100, 3.900000000000000400, 1.510696780504523700 ) ) ;
#7481 = CARTESIAN_POINT ( 'NONE',  ( -0.6764979180002941300, 3.909999999999998400, 2.061425689060935700 ) ) ;
#7482 =( BOUNDED_CURVE ( )  B_SPLINE_CURVE ( 3, ( #7941, #1380, #4817, #1408 ),
 .UNSPECIFIED., .F., .T. ) 
 B_SPLINE_CURVE_WITH_KNOTS ( ( 4, 4 ),
 ( 1.570796326794894600, 2.294526995227493100 ),
 .UNSPECIFIED. ) 
 CURVE ( )  GEOMETRIC_REPRESENTATION_ITEM ( )  RATIONAL_B_SPLINE_CURVE ( ( 1.000000000000000000, 0.9568253911102330100, 0.9568253911102330100, 1.000000000000000000 ) ) 
 REPRESENTATION_ITEM ( '' )  );
#7483 =( NAMED_UNIT ( * ) SI_UNIT ( $, .STERADIAN. ) SOLID_ANGLE_UNIT ( ) );
#7484 = CARTESIAN_POINT ( 'NONE',  ( -0.8442104331868866000, 3.899999999999999500, 1.148141941281181300 ) ) ;
#7485 = CARTESIAN_POINT ( 'NONE',  ( -0.09344368223167978700, 3.909999999999999300, 1.244463635455028000 ) ) ;
#7486 = EDGE_LOOP ( 'NONE', ( #624, #3015, #938, #7014, #7979 ) ) ;
#7487 = CARTESIAN_POINT ( 'NONE',  ( 4.948522762288408000, 1.354317167633839000, 2.779555895019509400 ) ) ;
#7488 = APPLICATION_CONTEXT ( 'automotive_design' ) ;
#7489 =( NAMED_UNIT ( * ) PLANE_ANGLE_UNIT ( ) SI_UNIT ( $, .RADIAN. ) );
#7490 = FACE_BOUND ( 'NONE', #4514, .T. ) ;
#7491 = B_SPLINE_CURVE_WITH_KNOTS ( 'NONE', 3,
 ( #2089, #4118, #2184, #2812, #3424, #776, #164, #8101, #4819, #4205, #825 ),
 .UNSPECIFIED., .F., .F.,
 ( 4, 1, 1, 1, 1, 1, 1, 1, 4 ),
 ( 0.0000000000000000000, 0.1108890911034687600, 0.2251806054128327500, 0.3430216572823192600, 0.4645161983063916800, 0.5904953694681990300, 0.7212296700324456500, 0.8578891006234438100, 0.9999999999999998900 ),
 .UNSPECIFIED. ) ;
#7492 = CARTESIAN_POINT ( 'NONE',  ( 1.219982390591733100, 3.900000000000001200, 1.250075881753932800 ) ) ;
#7493 = VERTEX_POINT ( 'NONE', #7717 ) ;
#7494 = CARTESIAN_POINT ( 'NONE',  ( 0.3780768157986610400, 3.900000000000000400, 1.151141133056649900 ) ) ;
#7495 = EDGE_LOOP ( 'NONE', ( #4893, #6692, #4238, #1340 ) ) ;
#7496 = CARTESIAN_POINT ( 'NONE',  ( 0.04681852138494551500, 3.899999999999999900, 2.061048293229351500 ) ) ;
#7497 = EDGE_CURVE ( 'NONE', #2224, #7946, #420, .T. ) ;
#7498 =( NAMED_UNIT ( * ) PLANE_ANGLE_UNIT ( ) SI_UNIT ( $, .RADIAN. ) );
#7499 = AXIS2_PLACEMENT_3D ( 'NONE', #967, #6385, #2982 ) ;
#7500 = CARTESIAN_POINT ( 'NONE',  ( -0.1395974306546843600, 3.899999999999999900, 2.163322073163305600 ) ) ;
#7501 =( LENGTH_UNIT ( ) NAMED_UNIT ( * ) SI_UNIT ( .MILLI., .METRE. ) );
#7502 = VERTEX_POINT ( 'NONE', #6482 ) ;
#7503 = CARTESIAN_POINT ( 'NONE',  ( 1.522813657903924400, 3.900000000000000400, 2.059035869898755400 ) ) ;
#7504 = ORIENTED_EDGE ( 'NONE', *, *, #3242, .T. ) ;
#7505 = COLOUR_RGB ( '',0.07843137254901960700, 0.07843137254901960700, 0.07843137254901960700 ) ;
#7506 = ORIENTED_EDGE ( 'NONE', *, *, #8294, .F. ) ;
#7507 = B_SPLINE_CURVE_WITH_KNOTS ( 'NONE', 3,
 ( #978, #889, #5559, #6248, #7643, #2220, #1622, #2964, #3608, #4916, #2250, #3515, #3635, #6936, #2930, #6312, #8285, #4272, #1497 ),
 .UNSPECIFIED., .F., .F.,
 ( 4, 1, 1, 1, 1, 1, 1, 1, 1, 1, 1, 1, 1, 1, 1, 1, 4 ),
 ( 0.0000000000000000000, 0.06729626932412012500, 0.1320539232380009700, 0.1955436087984787900, 0.2588557280789731700, 0.3211119072606449800, 0.3817393933578831500, 0.4415306698600330300, 0.5014316791883020000, 0.5613326885165697000, 0.6219188963206165900, 0.6825463824178550400, 0.7444650999492774500, 0.8075049716482012300, 0.8704207050050507500, 0.9342836314125359000, 1.000000000000000000 ),
 .UNSPECIFIED. ) ;
#7508 = CARTESIAN_POINT ( 'NONE',  ( 1.166910803952484700, 3.910000000000000100, 2.028467308535777400 ) ) ;
#7509 = ORIENTED_EDGE ( 'NONE', *, *, #8055, .T. ) ;
#7510 = AXIS2_PLACEMENT_3D ( 'NONE', #3573, #4209, #4239 ) ;
#7511 = CARTESIAN_POINT ( 'NONE',  ( -5.109999999999987000, 0.6999999999999999600, 2.693165449023601400 ) ) ;
#7512 = ADVANCED_FACE ( 'NONE', ( #1045, #7531 ), #7086, .F. ) ;
#7513 = ORIENTED_EDGE ( 'NONE', *, *, #7716, .T. ) ;
#7514 = CARTESIAN_POINT ( 'NONE',  ( -1.209105062418845300, 3.900000000000001200, 1.378370687880165100 ) ) ;
#7515 = ORIENTED_EDGE ( 'NONE', *, *, #3560, .F. ) ;
#7516 = DIRECTION ( 'NONE',  ( 0.06833305240914022700, 0.0000000000000000000, -0.9976625651734407600 ) ) ;
#7517 = PLANE ( 'NONE',  #5842 ) ;
#7518 = MECHANICAL_DESIGN_GEOMETRIC_PRESENTATION_REPRESENTATION (  '', ( #21 ), #6753 ) ;
#7519 = CARTESIAN_POINT ( 'NONE',  ( 1.507599842114450300, 3.899999999999999500, 2.164299027793492100 ) ) ;
#7520 = CARTESIAN_POINT ( 'NONE',  ( 5.096052272829132900, 0.6999999999999999600, 2.744889482415990000 ) ) ;
#7521 = CARTESIAN_POINT ( 'NONE',  ( -0.4710209838189259900, 3.899999999999999500, 1.442075395987101800 ) ) ;
#7522 = CARTESIAN_POINT ( 'NONE',  ( 2.140000000000000100, 2.299999999999999400, 12.04999999999999900 ) ) ;
#7523 = VERTEX_POINT ( 'NONE', #3131 ) ;
#7524 = DIRECTION ( 'NONE',  ( 0.0000000000000000000, 1.000000000000000000, 0.0000000000000000000 ) ) ;
#7525 = COLOUR_RGB ( '',1.000000000000000000, 1.000000000000000000, 1.000000000000000000 ) ;
#7526 = COLOUR_RGB ( '',1.000000000000000000, 1.000000000000000000, 1.000000000000000000 ) ;
#7527 = B_SPLINE_CURVE_WITH_KNOTS ( 'NONE', 3,
 ( #6972, #919, #7614, #5561, #5621, #1625, #982, #2282, #2968, #7646, #5123, #8462, #1772, #3724, #3052, #3755, #456, #5783, #1131 ),
 .UNSPECIFIED., .F., .F.,
 ( 4, 1, 1, 1, 1, 1, 1, 1, 1, 1, 1, 1, 1, 1, 1, 1, 4 ),
 ( 0.0000000000000000000, 0.06729626932412012500, 0.1320539232380009700, 0.1955436087984787900, 0.2588557280789731700, 0.3211119072606449800, 0.3817393933578831500, 0.4415306698600330300, 0.5014316791883020000, 0.5613326885165697000, 0.6219188963206165900, 0.6825463824178550400, 0.7444650999492774500, 0.8075049716482012300, 0.8704207050050507500, 0.9342836314125359000, 1.000000000000000000 ),
 .UNSPECIFIED. ) ;
#7528 = CARTESIAN_POINT ( 'NONE',  ( -1.139206125532739500, 3.900000000000000400, 2.100722587764040300 ) ) ;
#7529 = CARTESIAN_POINT ( 'NONE',  ( -0.1776386447276548700, 3.899999999999999900, 2.164299027793492100 ) ) ;
#7530 = DIRECTION ( 'NONE',  ( 0.0000000000000000000, 0.0000000000000000000, -1.000000000000000000 ) ) ;
#7531 = FACE_OUTER_BOUND ( 'NONE', #2389, .T. ) ;
#7532 = ORIENTED_EDGE ( 'NONE', *, *, #2099, .T. ) ;
#7533 = ORIENTED_EDGE ( 'NONE', *, *, #4027, .T. ) ;
#7534 = CARTESIAN_POINT ( 'NONE',  ( -0.7894807499908128600, 3.900000000000000400, 1.600976659372439500 ) ) ;
#7535 = CARTESIAN_POINT ( 'NONE',  ( -0.1382370441786905400, 3.900000000000000400, 1.230888217922963900 ) ) ;
#7536 = EDGE_LOOP ( 'NONE', ( #6498, #8148, #1174, #5835 ) ) ;
#7537 = CARTESIAN_POINT ( 'NONE',  ( 0.008761499728821467400, 3.900000000000002100, 1.187173393383042000 ) ) ;
#7538 = DIRECTION ( 'NONE',  ( 0.0000000000000000000, -0.0000000000000000000, 1.000000000000000000 ) ) ;
#7539 = CARTESIAN_POINT ( 'NONE',  ( -0.7830402230316069200, 3.910000000000000100, 1.711206062528254800 ) ) ;
#7540 = DIRECTION ( 'NONE',  ( 1.000000000000000000, 0.0000000000000000000, 0.0000000000000000000 ) ) ;
#7541 = CARTESIAN_POINT ( 'NONE',  ( -0.6820442844285585800, 3.900000000000000400, 1.266412966853142500 ) ) ;
#7542 = FILL_AREA_STYLE_COLOUR ( '', #2124 ) ;
#7543 = VECTOR ( 'NONE', #5442, 1000.000000000000000 ) ;
#7544 = CARTESIAN_POINT ( 'NONE',  ( -2.501857394727655200, 3.900000000000000400, 1.151141133056649900 ) ) ;
#7545 = SURFACE_SIDE_STYLE ('',( #7141 ) ) ;
#7546 = SURFACE_SIDE_STYLE ('',( #3729 ) ) ;
#7547 = EDGE_LOOP ( 'NONE', ( #7335, #8062, #5861, #8493, #5738, #4031 ) ) ;
#7548 = EDGE_CURVE ( 'NONE', #2299, #5556, #5759, .T. ) ;
#7549 = DIRECTION ( 'NONE',  ( 0.0000000000000000000, -1.000000000000000000, 0.0000000000000000000 ) ) ;
#7550 = EDGE_CURVE ( 'NONE', #2377, #4718, #7738, .T. ) ;
#7551 = VECTOR ( 'NONE', #42, 1000.000000000000100 ) ;
#7552 = CARTESIAN_POINT ( 'NONE',  ( -1.029100782353641800, 3.899999999999999900, 2.152518915096310400 ) ) ;
#7553 = ADVANCED_FACE ( 'NONE', ( #5974 ), #1181, .F. ) ;
#7554 = SURFACE_STYLE_FILL_AREA ( #4102 ) ;
#7555 = DIRECTION ( 'NONE',  ( 1.000000000000000000, 0.0000000000000000000, 0.0000000000000000000 ) ) ;
#7556 = CARTESIAN_POINT ( 'NONE',  ( -0.7592575736757893900, 3.909999999999999300, 1.582939564959073400 ) ) ;
#7557 = CARTESIAN_POINT ( 'NONE',  ( -1.014458481653567800, 3.900000000000000800, 1.148008398768112700 ) ) ;
#7558 = CARTESIAN_POINT ( 'NONE',  ( 0.5416703088339140900, 3.899999999999999900, 2.072010904736111900 ) ) ;
#7559 = CARTESIAN_POINT ( 'NONE',  ( 0.03967221053550280800, 3.900000000000000400, 1.658131264635597500 ) ) ;
#7560 = DIRECTION ( 'NONE',  ( 0.9961946980917458800, -0.08715574274765475200, 0.0000000000000000000 ) ) ;
#7561 = EDGE_CURVE ( 'NONE', #44, #8531, #2179, .T. ) ;
#7562 = CARTESIAN_POINT ( 'NONE',  ( -0.9122034220396312300, 3.909999999999999300, 1.558571728626339000 ) ) ;
#7563 = EDGE_CURVE ( 'NONE', #6267, #4569, #635, .T. ) ;
#7564 = CARTESIAN_POINT ( 'NONE',  ( 1.040267554296862700, 3.909999999999999300, 1.687891119244534500 ) ) ;
#7565 = ORIENTED_EDGE ( 'NONE', *, *, #436, .T. ) ;
#7566 = DIRECTION ( 'NONE',  ( -1.000000000000000000, 0.0000000000000000000, 0.0000000000000000000 ) ) ;
#7567 = AXIS2_PLACEMENT_3D ( 'NONE', #7405, #8661, #1383 ) ;
#7568 = CARTESIAN_POINT ( 'NONE',  ( -5.047803825984892100, 0.6999999999999999600, 2.800947949698801700 ) ) ;
#7569 =( NAMED_UNIT ( * ) PLANE_ANGLE_UNIT ( ) SI_UNIT ( $, .RADIAN. ) );
#7570 =( NAMED_UNIT ( * ) PLANE_ANGLE_UNIT ( ) SI_UNIT ( $, .RADIAN. ) );
#7571 = CARTESIAN_POINT ( 'NONE',  ( -0.7000000000000004000, 2.860000000000000300, 7.549999999999998000 ) ) ;
#7572 = ORIENTED_EDGE ( 'NONE', *, *, #1452, .F. ) ;
#7573 = VECTOR ( 'NONE', #6846, 1000.000000000000000 ) ;
#7574 = CARTESIAN_POINT ( 'NONE',  ( -1.638474734836133000, 3.900000000000001200, 1.498406925767418200 ) ) ;
#7575 = STYLED_ITEM ( 'NONE', ( #4996 ), #4170 ) ;
#7576 = CARTESIAN_POINT ( 'NONE',  ( -1.114903468992906900, 3.909999999999999300, 1.939312735260871900 ) ) ;
#7577 = VECTOR ( 'NONE', #1874, 1000.000000000000000 ) ;
#7578 = CARTESIAN_POINT ( 'NONE',  ( 1.446213678798884600, 3.900000000000001200, 2.052867178905379800 ) ) ;
#7579 = DIRECTION ( 'NONE',  ( -1.000000000000000000, -0.0000000000000000000, -0.0000000000000000000 ) ) ;
#7580 = DIRECTION ( 'NONE',  ( -0.0000000000000000000, 1.000000000000000000, -0.0000000000000000000 ) ) ;
#7581 = PRESENTATION_LAYER_ASSIGNMENT (  '', '', ( #4711 ) ) ;
#7582 = VECTOR ( 'NONE', #7924, 1000.000000000000000 ) ;
#7583 = CARTESIAN_POINT ( 'NONE',  ( 2.305550740924505100, 3.910000000000000100, 1.988697149356042600 ) ) ;
#7584 = CARTESIAN_POINT ( 'NONE',  ( 0.7423504594364278600, 3.900000000000000400, 1.959933446027256800 ) ) ;
#7585 = DIRECTION ( 'NONE',  ( -0.0000000000000000000, -0.0000000000000000000, -1.000000000000000000 ) ) ;
#7586 = CARTESIAN_POINT ( 'NONE',  ( 0.4260509994940482900, 3.899999999999999500, 1.640509709325735500 ) ) ;
#7587 = DIRECTION ( 'NONE',  ( -0.0000000000000000000, 1.000000000000000000, -0.0000000000000000000 ) ) ;
#7588 = CARTESIAN_POINT ( 'NONE',  ( -4.747671247539718000, 3.763073361412148500, 2.627654166757507100 ) ) ;
#7589 = CARTESIAN_POINT ( 'NONE',  ( -0.7709204712759448700, 3.900000000000000400, 1.443820634674098000 ) ) ;
#7590 = CARTESIAN_POINT ( 'NONE',  ( 1.041030007304795600, 3.909999999999999300, 1.723184091731848400 ) ) ;
#7591 = CARTESIAN_POINT ( 'NONE',  ( 1.782476486851292600, 3.900000000000000400, 1.309035869898755000 ) ) ;
#7592 =( NAMED_UNIT ( * ) SI_UNIT ( $, .STERADIAN. ) SOLID_ANGLE_UNIT ( ) );
#7593 = VERTEX_POINT ( 'NONE', #8395 ) ;
#7594 = ADVANCED_FACE ( 'NONE', ( #4172 ), #1828, .T. ) ;
#7595 = VERTEX_POINT ( 'NONE', #6452 ) ;
#7596 = VECTOR ( 'NONE', #1714, 1000.000000000000000 ) ;
#7597 = ORIENTED_EDGE ( 'NONE', *, *, #4421, .T. ) ;
#7598 = CARTESIAN_POINT ( 'NONE',  ( -0.6507249342669952900, 3.900000000000000400, 1.361257628603722800 ) ) ;
#7599 = DIRECTION ( 'NONE',  ( -1.000000000000000000, 0.0000000000000000000, 0.0000000000000000000 ) ) ;
#7600 = EDGE_CURVE ( 'NONE', #3632, #423, #1558, .T. ) ;
#7601 = EDGE_CURVE ( 'NONE', #2849, #3379, #3277, .T. ) ;
#7602 = CARTESIAN_POINT ( 'NONE',  ( 0.3338015204694452200, 3.899999999999999900, 2.011669555954342000 ) ) ;
#7603 = CARTESIAN_POINT ( 'NONE',  ( -1.656167650695364000, 3.899999999999999500, 1.535717478932880200 ) ) ;
#7604 = EDGE_LOOP ( 'NONE', ( #6980, #7509, #3269 ) ) ;
#7605 = CARTESIAN_POINT ( 'NONE',  ( -0.9288721973592338800, 3.910000000000000100, 2.059035869898755400 ) ) ;
#7606 = ORIENTED_EDGE ( 'NONE', *, *, #5584, .T. ) ;
#7607 = VECTOR ( 'NONE', #7319, 1000.000000000000000 ) ;
#7608 = CARTESIAN_POINT ( 'NONE',  ( -0.6069149605171285700, 3.910000000000000100, 1.866807251477702500 ) ) ;
#7609 = VERTEX_POINT ( 'NONE', #3073 ) ;
#7610 = CARTESIAN_POINT ( 'NONE',  ( 0.0000000000000000000, 3.900000000000000400, 5.424999999999998000 ) ) ;
#7611 = CARTESIAN_POINT ( 'NONE',  ( -1.228981197506169700, 3.899999999999999000, 1.987918722858096300 ) ) ;
#7612 = CARTESIAN_POINT ( 'NONE',  ( 0.02142306236143133200, 3.899999999999999900, 2.088066757721329200 ) ) ;
#7613 = EDGE_CURVE ( 'NONE', #4696, #7251, #2279, .T. ) ;
#7614 = CARTESIAN_POINT ( 'NONE',  ( -0.7642069400478802600, 3.900000000000000400, 1.377685238877304400 ) ) ;
#7615 = VECTOR ( 'NONE', #1223, 1000.000000000000000 ) ;
#7616 = ORIENTED_EDGE ( 'NONE', *, *, #2222, .F. ) ;
#7617 = CARTESIAN_POINT ( 'NONE',  ( -1.197886889983963900, 3.900000000000002100, 1.310969706782600500 ) ) ;
#7618 = CARTESIAN_POINT ( 'NONE',  ( -0.7000000000000002900, 2.299999999999999800, 12.04999999999999900 ) ) ;
#7619 = CARTESIAN_POINT ( 'NONE',  ( -0.1151468915772477000, 3.900000000000000400, 1.236368768048215800 ) ) ;
#7620 = UNCERTAINTY_MEASURE_WITH_UNIT (LENGTH_MEASURE( 1.000000000000000100E-005 ), #8529, 'distance_accuracy_value', 'NONE');
#7621 = EDGE_LOOP ( 'NONE', ( #5681, #7028, #4793, #2828 ) ) ;
#7622 = VECTOR ( 'NONE', #7768, 1000.000000000000000 ) ;
#7623 = CARTESIAN_POINT ( 'NONE',  ( 4.975639817291988000, 1.027149429359548200, 6.298916358058734000 ) ) ;
#7624 = CARTESIAN_POINT ( 'NONE',  ( -0.8799301209050811600, 3.899999999999999500, 1.552142879652233200 ) ) ;
#7625 = DIRECTION ( 'NONE',  ( -0.0000000000000000000, -1.000000000000000000, 0.0000000000000000000 ) ) ;
#7626 = CARTESIAN_POINT ( 'NONE',  ( 1.640152401786954000, 3.899999999999999500, 1.252101816194034900 ) ) ;
#7627 = CARTESIAN_POINT ( 'NONE',  ( -0.8673503343869906100, 3.900000000000000800, 2.051127919004307000 ) ) ;
#7628 = EDGE_LOOP ( 'NONE', ( #2251, #3544, #4463, #2530 ) ) ;
#7629 = ORIENTED_EDGE ( 'NONE', *, *, #7550, .T. ) ;
#7630 = ORIENTED_EDGE ( 'NONE', *, *, #1295, .F. ) ;
#7631 = CARTESIAN_POINT ( 'NONE',  ( 4.774491059806748300, 3.899999999999999500, 7.481904459192318100 ) ) ;
#7632 = CARTESIAN_POINT ( 'NONE',  ( -0.2482733581678711900, 3.910000000000000100, 2.156816410673561900 ) ) ;
#7633 = CARTESIAN_POINT ( 'NONE',  ( 0.8161895126739070500, 3.900000000000001200, 1.645643487964091300 ) ) ;
#7634 = AXIS2_PLACEMENT_3D ( 'NONE', #3834, #6540, #5146 ) ;
#7635 = FILL_AREA_STYLE ('',( #276 ) ) ;
#7636 = CARTESIAN_POINT ( 'NONE',  ( -0.7323572038368511000, 3.900000000000000800, 1.561121554976336400 ) ) ;
#7637 = CARTESIAN_POINT ( 'NONE',  ( -0.6500893026223919500, 3.910000000000000100, 1.387160869898755200 ) ) ;
#7638 = VECTOR ( 'NONE', #6853, 1000.000000000000000 ) ;
#7639 = CARTESIAN_POINT ( 'NONE',  ( 0.3254452368512926700, 3.910000000000000100, 2.123797383056650100 ) ) ;
#7640 = ORIENTED_EDGE ( 'NONE', *, *, #2277, .T. ) ;
#7641 = VECTOR ( 'NONE', #3209, 1000.000000000000000 ) ;
#7642 = ORIENTED_EDGE ( 'NONE', *, *, #5196, .T. ) ;
#7643 = CARTESIAN_POINT ( 'NONE',  ( -0.7706045137590549200, 3.910000000000000100, 1.344713350844105100 ) ) ;
#7644 = ADVANCED_FACE ( 'NONE', ( #628 ), #6004, .F. ) ;
#7645 = CARTESIAN_POINT ( 'NONE',  ( 1.186167998627903700, 3.899999999999999500, 1.825328867333498400 ) ) ;
#7646 = CARTESIAN_POINT ( 'NONE',  ( -0.8115100228532468000, 3.900000000000000800, 1.277208340471333200 ) ) ;
#7647 = CARTESIAN_POINT ( 'NONE',  ( -2.501857394727655200, 3.910000000000000100, 2.045877975161913400 ) ) ;
#7648 =( LENGTH_UNIT ( ) NAMED_UNIT ( * ) SI_UNIT ( .MILLI., .METRE. ) );
#7649 = CARTESIAN_POINT ( 'NONE',  ( -2.140000000000000100, 2.299999999999999400, 21.14999999999999900 ) ) ;
#7650 = VECTOR ( 'NONE', #6066, 1000.000000000000000 ) ;
#7651 = ORIENTED_EDGE ( 'NONE', *, *, #6842, .F. ) ;
#7652 = CARTESIAN_POINT ( 'NONE',  ( -0.3685043043371373800, 3.910000000000000100, 1.802924374241174500 ) ) ;
#7653 = CARTESIAN_POINT ( 'NONE',  ( 0.1263743337883811700, 3.910000000000000100, 1.379272787007396400 ) ) ;
#7654 = COLOUR_RGB ( '',0.8941176470588234600, 0.9137254901960784000, 0.9294117647058823800 ) ;
#7655 = DIRECTION ( 'NONE',  ( -0.0000000000000000000, -1.000000000000000000, -0.0000000000000000000 ) ) ;
#7656 = CARTESIAN_POINT ( 'NONE',  ( 0.03967221053550280800, 3.910000000000000100, 1.658131264635597500 ) ) ;
#7657 = ORIENTED_EDGE ( 'NONE', *, *, #4847, .T. ) ;
#7658 = CARTESIAN_POINT ( 'NONE',  ( 0.4260509994940482900, 3.909999999999999300, 1.640509709325735500 ) ) ;
#7659 = CARTESIAN_POINT ( 'NONE',  ( 4.692586600614427000, 3.900000000000000400, 0.1121320343559608100 ) ) ;
#7660 = PLANE ( 'NONE',  #639 ) ;
#7661 = COLOUR_RGB ( '',0.07843137254901960700, 0.07843137254901960700, 0.07843137254901960700 ) ;
#7662 =( GEOMETRIC_REPRESENTATION_CONTEXT ( 3 ) GLOBAL_UNCERTAINTY_ASSIGNED_CONTEXT ( ( #8669 ) ) GLOBAL_UNIT_ASSIGNED_CONTEXT ( ( #5475, #2798, #6813 ) ) REPRESENTATION_CONTEXT ( 'NONE', 'WORKASPACE' ) );
#7663 = B_SPLINE_CURVE_WITH_KNOTS ( 'NONE', 3,
 ( #5682, #3666, #7694, #363, #4444, #3784, #5040, #1710, #6432, #5120, #2366 ),
 .UNSPECIFIED., .F., .F.,
 ( 4, 1, 1, 1, 1, 1, 1, 1, 4 ),
 ( 0.0000000000000000000, 0.1578907994648044700, 0.3063260957189253300, 0.4437597392257223200, 0.5722519151163872900, 0.6915926678361401500, 0.8021746850466995300, 0.9046884597803126500, 1.000000000000000000 ),
 .UNSPECIFIED. ) ;
#7664 = DIRECTION ( 'NONE',  ( -0.0000000000000000000, -0.0000000000000000000, -1.000000000000000000 ) ) ;
#7665 = EDGE_CURVE ( 'NONE', #8136, #1486, #3111, .T. ) ;
#7666 = DIRECTION ( 'NONE',  ( -1.000000000000000000, 0.0000000000000000000, 0.0000000000000000000 ) ) ;
#7667 = EDGE_CURVE ( 'NONE', #3181, #3517, #8045, .T. ) ;
#7668 = CARTESIAN_POINT ( 'NONE',  ( -0.9180320353933566500, 3.900000000000000800, 2.164017078789334000 ) ) ;
#7669 = CARTESIAN_POINT ( 'NONE',  ( 1.161999513167082200, 3.900000000000000400, 1.662654290951386600 ) ) ;
#7670 = CARTESIAN_POINT ( 'NONE',  ( 0.7187980145059021900, 3.910000000000001000, 1.995300671295387100 ) ) ;
#7671 = FILL_AREA_STYLE ('',( #1626 ) ) ;
#7672 = VERTEX_POINT ( 'NONE', #6650 ) ;
#7673 = CARTESIAN_POINT ( 'NONE',  ( -1.377062986832918300, 3.910000000000000100, 1.151141133056649900 ) ) ;
#7674 = CARTESIAN_POINT ( 'NONE',  ( -0.7285655902593656300, 3.910000000000000100, 1.847816498490099800 ) ) ;
#7675 = STYLED_ITEM ( 'NONE', ( #7912 ), #3434 ) ;
#7676 = AXIS2_PLACEMENT_3D ( 'NONE', #2785, #4158, #4123 ) ;
#7677 = CARTESIAN_POINT ( 'NONE',  ( -1.859382065780286400, 3.910000000000000100, 2.151141133056650100 ) ) ;
#7678 =( LENGTH_UNIT ( ) NAMED_UNIT ( * ) SI_UNIT ( .MILLI., .METRE. ) );
#7679 = PRESENTATION_STYLE_ASSIGNMENT (( #430 ) ) ;
#7680 = DIRECTION ( 'NONE',  ( 0.0000000000000000000, 1.000000000000000000, 0.0000000000000000000 ) ) ;
#7681 = CARTESIAN_POINT ( 'NONE',  ( 1.640152401786954000, 3.909999999999999300, 1.252101816194034900 ) ) ;
#7682 = DIRECTION ( 'NONE',  ( 0.0000000000000000000, -1.000000000000000000, 0.0000000000000000000 ) ) ;
#7683 = AXIS2_PLACEMENT_3D ( 'NONE', #4094, #141, #7436 ) ;
#7684 = PRESENTATION_STYLE_ASSIGNMENT (( #2164 ) ) ;
#7685 = ADVANCED_FACE ( 'NONE', ( #1778 ), #525, .T. ) ;
#7686 = CARTESIAN_POINT ( 'NONE',  ( -1.177032122664005900, 3.910000000000000100, 1.265644110828410000 ) ) ;
#7687 = CARTESIAN_POINT ( 'NONE',  ( -0.1776386447276548700, 3.910000000000000100, 2.164299027793492100 ) ) ;
#7688 = CARTESIAN_POINT ( 'NONE',  ( 1.839999999999999900, 2.299999999999999800, 12.04999999999999900 ) ) ;
#7689 =( NAMED_UNIT ( * ) PLANE_ANGLE_UNIT ( ) SI_UNIT ( $, .RADIAN. ) );
#7690 = CARTESIAN_POINT ( 'NONE',  ( 1.136892061629376500, 3.900000000000000800, 1.993199533423862600 ) ) ;
#7691 = CARTESIAN_POINT ( 'NONE',  ( 1.217206637967704500, 3.899999999999999900, 1.893381040405937900 ) ) ;
#7692 = FILL_AREA_STYLE_COLOUR ( '', #5186 ) ;
#7693 = EDGE_LOOP ( 'NONE', ( #3352, #924, #2422, #8646 ) ) ;
#7694 = CARTESIAN_POINT ( 'NONE',  ( 0.4986010974126853200, 3.899999999999999900, 2.163945555607983600 ) ) ;
#7695 = CARTESIAN_POINT ( 'NONE',  ( 1.344641062730253000, 3.900000000000000400, 2.017679013997033500 ) ) ;
#7696 = CARTESIAN_POINT ( 'NONE',  ( 0.7316811889182042200, 3.899999999999999500, 1.978480648037486400 ) ) ;
#7697 = CARTESIAN_POINT ( 'NONE',  ( -0.9412201273748439500, 3.909999999999999300, 2.164014981173039600 ) ) ;
#7698 = CARTESIAN_POINT ( 'NONE',  ( 0.7672626710618188900, 3.900000000000000400, 1.850154290951386800 ) ) ;
#7699 = FILL_AREA_STYLE ('',( #1658 ) ) ;
#7700 =( NAMED_UNIT ( * ) SI_UNIT ( $, .STERADIAN. ) SOLID_ANGLE_UNIT ( ) );
#7701 = VECTOR ( 'NONE', #4149, 1000.000000000000000 ) ;
#7702 = ORIENTED_EDGE ( 'NONE', *, *, #6163, .T. ) ;
#7703 = VECTOR ( 'NONE', #7062, 1000.000000000000000 ) ;
#7704 = CARTESIAN_POINT ( 'NONE',  ( -0.3229153731559653600, 3.909999999999999300, 1.339509731114002300 ) ) ;
#7705 = CARTESIAN_POINT ( 'NONE',  ( 0.1562429342197137700, 3.910000000000000100, 1.646618106740860500 ) ) ;
#7706 = CARTESIAN_POINT ( 'NONE',  ( -0.1776386447276548700, 3.900000000000000400, 2.164299027793492100 ) ) ;
#7707 = CARTESIAN_POINT ( 'NONE',  ( 0.03915238891503592500, 3.910000000000000100, 1.607399048611615000 ) ) ;
#7708 = EDGE_LOOP ( 'NONE', ( #3402, #5831, #261, #405 ) ) ;
#7709 = ORIENTED_EDGE ( 'NONE', *, *, #3191, .F. ) ;
#7710 = FILL_AREA_STYLE ('',( #7050 ) ) ;
#7711 = ORIENTED_EDGE ( 'NONE', *, *, #7892, .F. ) ;
#7712 = CARTESIAN_POINT ( 'NONE',  ( -2.009875486832918100, 3.910000000000000100, 1.151141133056649900 ) ) ;
#7713 = CARTESIAN_POINT ( 'NONE',  ( -2.618428118411865800, 3.910000000000000100, 1.151141133056649900 ) ) ;
#7714 = EDGE_CURVE ( 'NONE', #7961, #1648, #5634, .T. ) ;
#7715 = VERTEX_POINT ( 'NONE', #3917 ) ;
#7716 = EDGE_CURVE ( 'NONE', #7209, #7740, #6494, .T. ) ;
#7717 = CARTESIAN_POINT ( 'NONE',  ( 0.7672626710618188900, 3.910000000000000100, 1.850154290951386800 ) ) ;
#7718 = CARTESIAN_POINT ( 'NONE',  ( 0.1263743337883811700, 3.910000000000000100, 1.379272787007396400 ) ) ;
#7719 = ORIENTED_EDGE ( 'NONE', *, *, #7394, .F. ) ;
#7720 = CARTESIAN_POINT ( 'NONE',  ( -1.026091537301878000, 3.909999999999999300, 1.673990436537735400 ) ) ;
#7721 = DIRECTION ( 'NONE',  ( 0.0000000000000000000, 0.0000000000000000000, -1.000000000000000000 ) ) ;
#7722 = UNCERTAINTY_MEASURE_WITH_UNIT (LENGTH_MEASURE( 1.000000000000000100E-005 ), #8288, 'distance_accuracy_value', 'NONE');
#7723 = VECTOR ( 'NONE', #8357, 1000.000000000000000 ) ;
#7724 = CARTESIAN_POINT ( 'NONE',  ( -1.233148344142500900, 3.910000000000001000, 1.766449654053789100 ) ) ;
#7725 = AXIS2_PLACEMENT_3D ( 'NONE', #7967, #8631, #5239 ) ;
#7726 = ADVANCED_FACE ( 'NONE', ( #8674 ), #3321, .T. ) ;
#7727 = CARTESIAN_POINT ( 'NONE',  ( 0.7423504594364278600, 3.910000000000000100, 1.959933446027256800 ) ) ;
#7728 = EDGE_CURVE ( 'NONE', #8136, #7220, #3132, .T. ) ;
#7729 = CARTESIAN_POINT ( 'NONE',  ( 5.109999999999988800, 0.6999999999999999600, 6.406834550976392400 ) ) ;
#7730 = ORIENTED_EDGE ( 'NONE', *, *, #170, .F. ) ;
#7731 = EDGE_CURVE ( 'NONE', #415, #2735, #4271, .T. ) ;
#7732 = CARTESIAN_POINT ( 'NONE',  ( -0.6673336429022610500, 3.900000000000000800, 1.693337139261887900 ) ) ;
#7733 = CARTESIAN_POINT ( 'NONE',  ( -0.7423042388991956100, 3.899999999999999500, 1.776094555636466000 ) ) ;
#7734 = CYLINDRICAL_SURFACE ( 'NONE', #6839, 0.1500000000000002200 ) ;
#7735 = CARTESIAN_POINT ( 'NONE',  ( 5.110000000000000300, 0.0000000000000000000, 7.549999999999998000 ) ) ;
#7736 = AXIS2_PLACEMENT_3D ( 'NONE', #3466, #4050, #7475 ) ;
#7737 = CARTESIAN_POINT ( 'NONE',  ( -0.3459562851932614400, 3.899999999999999500, 1.401116371270223900 ) ) ;
#7738 = LINE ( 'NONE', #2456, #834 ) ;
#7739 = SURFACE_STYLE_USAGE ( .BOTH. , #1719 ) ;
#7740 = VERTEX_POINT ( 'NONE', #899 ) ;
#7741 = CARTESIAN_POINT ( 'NONE',  ( -0.4110740385277291100, 3.900000000000001200, 2.035471568146076200 ) ) ;
#7742 = CARTESIAN_POINT ( 'NONE',  ( -1.252027982200463600, 3.900000000000000400, 1.877653359963737500 ) ) ;
#7743 = LINE ( 'NONE', #2044, #5537 ) ;
#7744 = CARTESIAN_POINT ( 'NONE',  ( 1.594898212877813100, 3.910000000000001000, 2.055302748613490900 ) ) ;
#7745 = AXIS2_PLACEMENT_3D ( 'NONE', #3035, #1019, #268 ) ;
#7746 = CARTESIAN_POINT ( 'NONE',  ( -0.4720238021178053100, 3.909999999999999300, 1.880212352050526100 ) ) ;
#7747 = CARTESIAN_POINT ( 'NONE',  ( 2.319894250009187300, 3.900000000000000400, 1.942465146214544800 ) ) ;
#7748 = CARTESIAN_POINT ( 'NONE',  ( 0.02013762012109985100, 3.899999999999999500, 1.875634546402740900 ) ) ;
#7749 = ORIENTED_EDGE ( 'NONE', *, *, #8398, .T. ) ;
#7750 = PRESENTATION_LAYER_ASSIGNMENT (  '', '', ( #7302 ) ) ;
#7751 = CARTESIAN_POINT ( 'NONE',  ( 0.6225465820550197800, 3.910000000000000100, 1.550418943781660200 ) ) ;
#7752 = CARTESIAN_POINT ( 'NONE',  ( -0.1195755337181142000, 3.909999999999999300, 1.139126015344834200 ) ) ;
#7753 = CARTESIAN_POINT ( 'NONE',  ( -1.084314272602862900, 3.910000000000000100, 1.722175675452908500 ) ) ;
#7754 = DIRECTION ( 'NONE',  ( -1.000000000000000000, 0.0000000000000000000, 0.0000000000000000000 ) ) ;
#7755 = CIRCLE ( 'NONE', #2476, 1.825000000000000200 ) ;
#7756 = CARTESIAN_POINT ( 'NONE',  ( -1.377062986832918300, 3.910000000000000100, 1.218780935688228700 ) ) ;
#7757 = CARTESIAN_POINT ( 'NONE',  ( 2.726349842114450500, 3.910000000000000100, 1.151141133056649900 ) ) ;
#7758 = CIRCLE ( 'NONE', #1802, 0.1500000000000001100 ) ;
#7759 = CARTESIAN_POINT ( 'NONE',  ( 0.6511515637161926500, 3.910000000000001000, 2.047371605744499100 ) ) ;
#7760 = ORIENTED_EDGE ( 'NONE', *, *, #8016, .T. ) ;
#7761 = CARTESIAN_POINT ( 'NONE',  ( 5.108125756672736300, 0.6999999999999999600, 6.393143555006291800 ) ) ;
#7762 = DIRECTION ( 'NONE',  ( -0.0000000000000000000, -1.000000000000000000, 0.0000000000000000000 ) ) ;
#7763 = CARTESIAN_POINT ( 'NONE',  ( -0.7596300106673319300, 3.900000000000001200, 1.741485688695064000 ) ) ;
#7764 = B_SPLINE_CURVE_WITH_KNOTS ( 'NONE', 3,
 ( #2365, #2433, #7060, #7157, #7724, #3171, #8431, #1064, #5184, #3809, #5748, #7784, #3752, #3103, #4417, #7092, #7842 ),
 .UNSPECIFIED., .F., .F.,
 ( 4, 1, 1, 1, 1, 1, 1, 1, 1, 1, 1, 1, 1, 1, 4 ),
 ( 0.0000000000000000000, 0.1173016550657912400, 0.2379161112571015800, 0.2995647044836553000, 0.3608357731646882300, 0.4217328841644785700, 0.4828334529715652100, 0.5447469772660769000, 0.6068751071409689300, 0.6700795636961021100, 0.7346327516175870100, 0.8004934087845776400, 0.8660447371875079600, 0.9325846402551653000, 1.000000000000000000 ),
 .UNSPECIFIED. ) ;
#7765 = FACE_OUTER_BOUND ( 'NONE', #6326, .T. ) ;
#7766 = CARTESIAN_POINT ( 'NONE',  ( -5.110000000000000300, 0.6999999999999999600, 6.420401500533658100 ) ) ;
#7767 = SURFACE_SIDE_STYLE ('',( #5867 ) ) ;
#7768 = DIRECTION ( 'NONE',  ( -0.0000000000000000000, -1.000000000000000000, -0.0000000000000000000 ) ) ;
#7769 = CARTESIAN_POINT ( 'NONE',  ( -0.4110740385277291100, 3.910000000000001000, 2.035471568146076200 ) ) ;
#7770 = CARTESIAN_POINT ( 'NONE',  ( 2.940000000000000400, 2.299999999999999400, 12.04999999999999900 ) ) ;
#7771 = FILL_AREA_STYLE_COLOUR ( '', #2767 ) ;
#7772 = ADVANCED_FACE ( 'NONE', ( #4899 ), #7362, .T. ) ;
#7773 = CARTESIAN_POINT ( 'NONE',  ( -0.4874218537311628100, 3.910000000000000100, 1.781635934357980000 ) ) ;
#7774 = CARTESIAN_POINT ( 'NONE',  ( -0.3466108078798337800, 3.909999999999999300, 1.912708354699103100 ) ) ;
#7775 = CARTESIAN_POINT ( 'NONE',  ( -0.1665366710434444400, 3.900000000000000400, 2.072193764635597500 ) ) ;
#7776 = UNCERTAINTY_MEASURE_WITH_UNIT (LENGTH_MEASURE( 1.000000000000000100E-005 ), #2404, 'distance_accuracy_value', 'NONE');
#7777 = CARTESIAN_POINT ( 'NONE',  ( 2.294195236851292600, 3.910000000000000100, 2.032514488319807600 ) ) ;
#7778 = CARTESIAN_POINT ( 'NONE',  ( -0.1195755337181142000, 3.899999999999999900, 1.139126015344834200 ) ) ;
#7779 = COLOUR_RGB ( '',1.000000000000000000, 1.000000000000000000, 1.000000000000000000 ) ;
#7780 = CARTESIAN_POINT ( 'NONE',  ( 5.509999999999998900, 3.900000000000000400, 4.549999999999998000 ) ) ;
#7781 = EDGE_CURVE ( 'NONE', #1505, #5131, #5316, .T. ) ;
#7782 = MECHANICAL_DESIGN_GEOMETRIC_PRESENTATION_REPRESENTATION (  '', ( #2528 ), #5 ) ;
#7783 = EDGE_LOOP ( 'NONE', ( #7990, #6587, #1040, #4202 ) ) ;
#7784 = CARTESIAN_POINT ( 'NONE',  ( -1.146652127513195600, 3.910000000000000100, 1.646522173728578000 ) ) ;
#7785 = COLOUR_RGB ( '',1.000000000000000000, 1.000000000000000000, 1.000000000000000000 ) ;
#7786 = CARTESIAN_POINT ( 'NONE',  ( -0.6764979180002941300, 3.899999999999998600, 2.061425689060935700 ) ) ;
#7787 = DIRECTION ( 'NONE',  ( 0.0000000000000000000, 1.000000000000000000, -0.0000000000000000000 ) ) ;
#7788 = PLANE ( 'NONE',  #8517 ) ;
#7789 = VECTOR ( 'NONE', #648, 1000.000000000000100 ) ;
#7790 = CARTESIAN_POINT ( 'NONE',  ( 0.7667380426004228900, 3.899999999999999900, 1.873896930464300300 ) ) ;
#7791 = CARTESIAN_POINT ( 'NONE',  ( -0.7513876340053785600, 3.910000000000001000, 1.956782462294852900 ) ) ;
#7792 = MECHANICAL_DESIGN_GEOMETRIC_PRESENTATION_REPRESENTATION (  '', ( #7575 ), #1754 ) ;
#7793 = CARTESIAN_POINT ( 'NONE',  ( -1.514185045998168900, 3.910000000000000100, 1.261891108194567000 ) ) ;
#7794 = LINE ( 'NONE', #700, #7368 ) ;
#7795 = PRESENTATION_STYLE_ASSIGNMENT (( #2217 ) ) ;
#7796 = CARTESIAN_POINT ( 'NONE',  ( -0.3896676594621690200, 3.909999999999999300, 2.065175310939201000 ) ) ;
#7797 = ORIENTED_EDGE ( 'NONE', *, *, #2395, .T. ) ;
#7798 = CARTESIAN_POINT ( 'NONE',  ( 1.782476486851292600, 3.910000000000000100, 1.993246396214544800 ) ) ;
#7799 = CARTESIAN_POINT ( 'NONE',  ( -0.9777091520105586400, 3.899999999999999500, 1.552307250630343500 ) ) ;
#7800 = VECTOR ( 'NONE', #1265, 1000.000000000000000 ) ;
#7801 = CARTESIAN_POINT ( 'NONE',  ( 0.8381919473776084900, 3.910000000000000100, 1.151141133056649900 ) ) ;
#7802 = CARTESIAN_POINT ( 'NONE',  ( -0.4919889736750234800, 3.900000000000000400, 1.670877975161913200 ) ) ;
#7803 =( NAMED_UNIT ( * ) SI_UNIT ( $, .STERADIAN. ) SOLID_ANGLE_UNIT ( ) );
#7804 = ORIENTED_EDGE ( 'NONE', *, *, #7057, .F. ) ;
#7805 = PRESENTATION_STYLE_ASSIGNMENT (( #4565 ) ) ;
#7806 = CARTESIAN_POINT ( 'NONE',  ( 0.03926412148800440700, 3.910000000000000100, 1.707230558691957400 ) ) ;
#7807 = DIRECTION ( 'NONE',  ( 1.000000000000000000, 0.0000000000000000000, -0.0000000000000000000 ) ) ;
#7808 = CARTESIAN_POINT ( 'NONE',  ( -1.177032122664005900, 3.910000000000000100, 1.265644110828410000 ) ) ;
#7809 = ADVANCED_FACE ( 'NONE', ( #2606 ), #8041, .T. ) ;
#7810 = CARTESIAN_POINT ( 'NONE',  ( -1.073885896203625100, 3.899999999999999000, 1.474067561409570800 ) ) ;
#7811 = VECTOR ( 'NONE', #5386, 1000.000000000000000 ) ;
#7812 = VERTEX_POINT ( 'NONE', #8143 ) ;
#7813 = DIRECTION ( 'NONE',  ( -1.000000000000000000, 0.0000000000000000000, 0.0000000000000000000 ) ) ;
#7814 = CARTESIAN_POINT ( 'NONE',  ( -1.239525872732949900, 3.910000000000001900, 1.959760749347987400 ) ) ;
#7815 = SURFACE_SIDE_STYLE ('',( #903 ) ) ;
#7816 = EDGE_LOOP ( 'NONE', ( #664, #6261, #806, #7606 ) ) ;
#7817 = FACE_OUTER_BOUND ( 'NONE', #5645, .T. ) ;
#7818 = CARTESIAN_POINT ( 'NONE',  ( -0.1665366710434444400, 3.910000000000000100, 2.072193764635597500 ) ) ;
#7819 = CARTESIAN_POINT ( 'NONE',  ( -1.251654134455147900, 3.910000000000000100, 1.853395934175526600 ) ) ;
#7820 = VERTEX_POINT ( 'NONE', #4137 ) ;
#7821 = CARTESIAN_POINT ( 'NONE',  ( -0.3314691536707478600, 3.910000000000000100, 1.190868614611590300 ) ) ;
#7822 = ORIENTED_EDGE ( 'NONE', *, *, #4455, .F. ) ;
#7823 = CARTESIAN_POINT ( 'NONE',  ( -0.4874218537311628100, 3.910000000000000100, 1.781635934357980000 ) ) ;
#7824 = FACE_OUTER_BOUND ( 'NONE', #4093, .T. ) ;
#7825 = CARTESIAN_POINT ( 'NONE',  ( 0.02716066110438799700, 3.910000000000000100, 1.838314141515549900 ) ) ;
#7826 = SURFACE_STYLE_USAGE ( .BOTH. , #1176 ) ;
#7827 = CARTESIAN_POINT ( 'NONE',  ( -1.092905868871751200, 3.900000000000000400, 1.411917846710915000 ) ) ;
#7828 = MECHANICAL_DESIGN_GEOMETRIC_PRESENTATION_REPRESENTATION (  '', ( #2276 ), #1387 ) ;
#7829 = EDGE_LOOP ( 'NONE', ( #225, #4670, #3159, #1480 ) ) ;
#7830 = CARTESIAN_POINT ( 'NONE',  ( -1.095819900880390800, 3.899999999999999500, 1.737547918765163000 ) ) ;
#7831 = EDGE_CURVE ( 'NONE', #7034, #5391, #2382, .T. ) ;
#7832 = CARTESIAN_POINT ( 'NONE',  ( -0.4710209838189259900, 3.899999999999999500, 1.442075395987101800 ) ) ;
#7833 = FACE_OUTER_BOUND ( 'NONE', #5993, .T. ) ;
#7834 = EDGE_CURVE ( 'NONE', #7946, #8491, #6054, .T. ) ;
#7835 = ORIENTED_EDGE ( 'NONE', *, *, #8449, .T. ) ;
#7836 = CARTESIAN_POINT ( 'NONE',  ( 0.1560212357295255900, 3.899999999999999900, 1.626053294359173900 ) ) ;
#7837 = ADVANCED_FACE ( 'NONE', ( #2809 ), #925, .T. ) ;
#7838 = DIRECTION ( 'NONE',  ( -0.0000000000000000000, -1.000000000000000000, 0.0000000000000000000 ) ) ;
#7839 = CARTESIAN_POINT ( 'NONE',  ( 0.02013762012109985100, 3.899999999999999500, 1.875634546402740900 ) ) ;
#7840 = ORIENTED_EDGE ( 'NONE', *, *, #828, .F. ) ;
#7841 = ORIENTED_EDGE ( 'NONE', *, *, #4583, .F. ) ;
#7842 = CARTESIAN_POINT ( 'NONE',  ( -1.068469236832918100, 3.910000000000000100, 1.600976659372439500 ) ) ;
#7843 = MECHANICAL_DESIGN_GEOMETRIC_PRESENTATION_REPRESENTATION (  '', ( #3923 ), #5593 ) ;
#7844 = COLOUR_RGB ( '',1.000000000000000000, 1.000000000000000000, 1.000000000000000000 ) ;
#7845 = CARTESIAN_POINT ( 'NONE',  ( 1.782476486851292600, 3.900000000000000400, 1.184858238319807900 ) ) ;
#7846 = AXIS2_PLACEMENT_3D ( 'NONE', #5133, #1817, #7197 ) ;
#7847 = DIRECTION ( 'NONE',  ( 0.0000000000000000000, 0.0000000000000000000, -1.000000000000000000 ) ) ;
#7848 = EDGE_CURVE ( 'NONE', #2647, #2200, #6889, .T. ) ;
#7849 = CARTESIAN_POINT ( 'NONE',  ( -1.575106228161395000, 3.900000000000001200, 1.610241719261201500 ) ) ;
#7850 = EDGE_CURVE ( 'NONE', #3517, #3160, #3331, .T. ) ;
#7851 = DIRECTION ( 'NONE',  ( -0.0000000000000000000, -0.0000000000000000000, -1.000000000000000000 ) ) ;
#7852 = FACE_OUTER_BOUND ( 'NONE', #6566, .T. ) ;
#7853 = ORIENTED_EDGE ( 'NONE', *, *, #1743, .F. ) ;
#7854 = DIRECTION ( 'NONE',  ( -1.000000000000000000, 0.0000000000000000000, 0.0000000000000000000 ) ) ;
#7855 = CIRCLE ( 'NONE', #8221, 0.1499999999999999700 ) ;
#7856 = VERTEX_POINT ( 'NONE', #3032 ) ;
#7857 = CARTESIAN_POINT ( 'NONE',  ( 5.110000000000000300, 0.6999999999999999600, 7.549999999999998000 ) ) ;
#7858 = CARTESIAN_POINT ( 'NONE',  ( -1.511109039464497000, 3.910000000000000100, 1.256404290951386600 ) ) ;
#7859 = EDGE_LOOP ( 'NONE', ( #1942, #3005, #5061, #8485 ) ) ;
#7860 = CARTESIAN_POINT ( 'NONE',  ( 1.662486546796158900, 3.910000000000000100, 2.043015870845977600 ) ) ;
#7861 = CARTESIAN_POINT ( 'NONE',  ( -1.086469832027814800, 3.909999999999998400, 1.444372197287717700 ) ) ;
#7862 = LINE ( 'NONE', #2087, #6090 ) ;
#7863 = CARTESIAN_POINT ( 'NONE',  ( -0.2773838231186910300, 3.910000000000001000, 2.032850870514823600 ) ) ;
#7864 = CARTESIAN_POINT ( 'NONE',  ( -0.4803475336890499800, 3.900000000000000400, 1.493900912537324600 ) ) ;
#7865 = MECHANICAL_DESIGN_GEOMETRIC_PRESENTATION_REPRESENTATION (  '', ( #5617 ), #8311 ) ;
#7866 = CARTESIAN_POINT ( 'NONE',  ( 0.7515464129553546300, 3.909999999999997500, 1.761486130818927100 ) ) ;
#7867 = FACE_OUTER_BOUND ( 'NONE', #544, .T. ) ;
#7868 = CARTESIAN_POINT ( 'NONE',  ( 0.7174421778824939800, 3.900000000000002100, 1.709031265253677700 ) ) ;
#7869 = ORIENTED_EDGE ( 'NONE', *, *, #4919, .T. ) ;
#7870 = CARTESIAN_POINT ( 'NONE',  ( 0.3435924233868263300, 3.910000000000001900, 2.133881175500733200 ) ) ;
#7871 = VERTEX_POINT ( 'NONE', #4369 ) ;
#7872 = CARTESIAN_POINT ( 'NONE',  ( 0.03300400102540516900, 3.899999999999998600, 1.797859275998574800 ) ) ;
#7873 = EDGE_LOOP ( 'NONE', ( #3885, #6200, #8253, #3376 ) ) ;
#7874 = UNCERTAINTY_MEASURE_WITH_UNIT (LENGTH_MEASURE( 1.000000000000000100E-005 ), #1168, 'distance_accuracy_value', 'NONE');
#7875 = DIRECTION ( 'NONE',  ( -0.0000000000000000000, -1.000000000000000000, -0.0000000000000000000 ) ) ;
#7876 = CARTESIAN_POINT ( 'NONE',  ( -1.147452964479560400, 3.910000000000001000, 1.226019535180878900 ) ) ;
#7877 = PRESENTATION_STYLE_ASSIGNMENT (( #1069 ) ) ;
#7878 = CARTESIAN_POINT ( 'NONE',  ( -1.021179848997892300, 3.900000000000002100, 1.532117000069512100 ) ) ;
#7879 = CARTESIAN_POINT ( 'NONE',  ( -1.722789065521965300, 3.910000000000001000, 2.060286814980153600 ) ) ;
#7880 = COLOUR_RGB ( '',1.000000000000000000, 1.000000000000000000, 1.000000000000000000 ) ;
#7881 = ORIENTED_EDGE ( 'NONE', *, *, #8566, .T. ) ;
#7882 = DIRECTION ( 'NONE',  ( 0.0000000000000000000, -0.0000000000000000000, -1.000000000000000000 ) ) ;
#7883 = CARTESIAN_POINT ( 'NONE',  ( -0.9076696590374734300, 3.899999999999999500, 2.058692085954873600 ) ) ;
#7884 = CARTESIAN_POINT ( 'NONE',  ( -2.140000000000000100, 2.299999999999999400, 21.14999999999999900 ) ) ;
#7885 = ADVANCED_FACE ( 'NONE', ( #7824 ), #5020, .T. ) ;
#7886 = CARTESIAN_POINT ( 'NONE',  ( -0.9803619019949807400, 3.910000000000000100, 1.236915878337080800 ) ) ;
#7887 = FACE_OUTER_BOUND ( 'NONE', #3580, .T. ) ;
#7888 = CARTESIAN_POINT ( 'NONE',  ( -0.4068207136803536600, 3.909999999999999300, 1.274332714198231900 ) ) ;
#7889 = ORIENTED_EDGE ( 'NONE', *, *, #6990, .T. ) ;
#7890 = CARTESIAN_POINT ( 'NONE',  ( -0.7000000000000002900, 2.299999999999999800, 7.549999999999998000 ) ) ;
#7891 = B_SPLINE_CURVE_WITH_KNOTS ( 'NONE', 3,
 ( #2959, #946, #6102, #4703, #5443, #2248, #2067, #5616, #1619, #2723, #6967 ),
 .UNSPECIFIED., .F., .F.,
 ( 4, 1, 1, 1, 1, 1, 1, 1, 4 ),
 ( 0.0000000000000000000, 0.1431580258023320000, 0.2805765707932493200, 0.4126606844312306100, 0.5388467975875644900, 0.6603568481537153100, 0.7776116560006640600, 0.8905794221049208000, 1.000000000000000000 ),
 .UNSPECIFIED. ) ;
#7892 = EDGE_CURVE ( 'NONE', #1139, #4956, #8309, .T. ) ;
#7893 = CARTESIAN_POINT ( 'NONE',  ( 1.839999999999999900, 2.299999999999999800, 12.04999999999999900 ) ) ;
#7894 = EDGE_CURVE ( 'NONE', #2430, #1024, #4787, .T. ) ;
#7895 = DIRECTION ( 'NONE',  ( -0.3344589495901650300, 0.0000000000000000000, 0.9424103198920539300 ) ) ;
#7896 = DIRECTION ( 'NONE',  ( 1.000000000000000000, 0.0000000000000000000, 0.0000000000000000000 ) ) ;
#7897 = LINE ( 'NONE', #7801, #6229 ) ;
#7898 = CARTESIAN_POINT ( 'NONE',  ( -1.113884668045848300, 3.899999999999999500, 1.772576268388230700 ) ) ;
#7899 = CARTESIAN_POINT ( 'NONE',  ( -0.4587138573963736000, 3.910000000000001000, 1.394203403358762500 ) ) ;
#7900 = CARTESIAN_POINT ( 'NONE',  ( -0.2753266109808378300, 3.910000000000000100, 1.272462549946104400 ) ) ;
#7901 = CARTESIAN_POINT ( 'NONE',  ( -0.7785246681016396700, 3.909999999999999300, 1.463854606903506800 ) ) ;
#7902 = VECTOR ( 'NONE', #2081, 1000.000000000000000 ) ;
#7903 = CARTESIAN_POINT ( 'NONE',  ( 0.3254452368512926700, 3.910000000000000100, 2.123797383056650100 ) ) ;
#7904 = EDGE_CURVE ( 'NONE', #7430, #4487, #4890, .T. ) ;
#7905 = FACE_BOUND ( 'NONE', #4240, .T. ) ;
#7906 =( NAMED_UNIT ( * ) SI_UNIT ( $, .STERADIAN. ) SOLID_ANGLE_UNIT ( ) );
#7907 = PRESENTATION_LAYER_ASSIGNMENT (  '', '', ( #6572 ) ) ;
#7908 = ORIENTED_EDGE ( 'NONE', *, *, #2332, .T. ) ;
#7909 = CARTESIAN_POINT ( 'NONE',  ( -0.6673336429022610500, 3.900000000000000400, 1.693337139261887900 ) ) ;
#7910 =( NAMED_UNIT ( * ) PLANE_ANGLE_UNIT ( ) SI_UNIT ( $, .RADIAN. ) );
#7911 = PRESENTATION_LAYER_ASSIGNMENT (  '', '', ( #5954 ) ) ;
#7912 = PRESENTATION_STYLE_ASSIGNMENT (( #2484 ) ) ;
#7913 = CARTESIAN_POINT ( 'NONE',  ( 0.5481014868512924500, 3.910000000000000100, 1.545877975161913200 ) ) ;
#7914 = CARTESIAN_POINT ( 'NONE',  ( -1.246789291387010700, 3.909999999999999300, 1.930007885782540200 ) ) ;
#7915 = LINE ( 'NONE', #3637, #3930 ) ;
#7916 = VERTEX_POINT ( 'NONE', #319 ) ;
#7917 = PRODUCT_RELATED_PRODUCT_CATEGORY ( 'part', '', ( #6394 ) ) ;
#7918 = ORIENTED_EDGE ( 'NONE', *, *, #1906, .F. ) ;
#7919 = FACE_OUTER_BOUND ( 'NONE', #5505, .T. ) ;
#7920 = DIRECTION ( 'NONE',  ( -1.000000000000000000, 0.0000000000000000000, 0.0000000000000000000 ) ) ;
#7921 = CARTESIAN_POINT ( 'NONE',  ( -3.240000000000000700, 2.860000000000000300, 12.04999999999999900 ) ) ;
#7922 = MECHANICAL_DESIGN_GEOMETRIC_PRESENTATION_REPRESENTATION (  '', ( #255 ), #144 ) ;
#7923 = CARTESIAN_POINT ( 'NONE',  ( -1.073885896203625100, 3.909999999999998400, 1.474067561409570800 ) ) ;
#7924 = DIRECTION ( 'NONE',  ( 0.0000000000000000000, 1.000000000000000000, 0.0000000000000000000 ) ) ;
#7925 = CARTESIAN_POINT ( 'NONE',  ( -5.111895655835026800, 0.6783325546574635600, 2.681017941000913400 ) ) ;
#7926 = CIRCLE ( 'NONE', #8013, 0.1499999999999999700 ) ;
#7927 = CARTESIAN_POINT ( 'NONE',  ( -0.1699936456878599600, 3.909999999999999300, 1.138323917596906400 ) ) ;
#7928 = EDGE_LOOP ( 'NONE', ( #3429, #3327, #8518, #3467 ) ) ;
#7929 = VECTOR ( 'NONE', #1935, 1000.000000000000000 ) ;
#7930 = CARTESIAN_POINT ( 'NONE',  ( -0.3229153731559653600, 3.909999999999999300, 1.339509731114002300 ) ) ;
#7931 = CARTESIAN_POINT ( 'NONE',  ( -0.7637817368329178300, 3.910000000000000100, 1.394973369898755200 ) ) ;
#7932 = ADVANCED_FACE ( 'NONE', ( #3960 ), #987, .F. ) ;
#7933 = EDGE_LOOP ( 'NONE', ( #2788, #5036, #4130, #4983, #6698, #2204 ) ) ;
#7934 = SURFACE_SIDE_STYLE ('',( #445 ) ) ;
#7935 = CARTESIAN_POINT ( 'NONE',  ( -0.1582244636513462900, 3.899999999999999500, 2.071867133275934400 ) ) ;
#7936 = VECTOR ( 'NONE', #5672, 1000.000000000000000 ) ;
#7937 = SURFACE_STYLE_FILL_AREA ( #7032 ) ;
#7938 = CARTESIAN_POINT ( 'NONE',  ( -0.7298392871529417700, 3.899999999999999500, 1.632709313591214100 ) ) ;
#7939 = CARTESIAN_POINT ( 'NONE',  ( -1.065500429022089500, 3.910000000000000100, 1.166462742149714500 ) ) ;
#7940 = DIRECTION ( 'NONE',  ( -0.0000000000000000000, -0.0000000000000000000, -1.000000000000000000 ) ) ;
#7941 = CARTESIAN_POINT ( 'NONE',  ( -4.934940317502061200, 2.700941327056179300, -0.9500000000000029500 ) ) ;
#7942 = DIRECTION ( 'NONE',  ( 0.0000000000000000000, 0.0000000000000000000, -1.000000000000000000 ) ) ;
#7943 = CARTESIAN_POINT ( 'NONE',  ( 1.868825171061818400, 3.900000000000000400, 1.151141133056649900 ) ) ;
#7944 =( LENGTH_UNIT ( ) NAMED_UNIT ( * ) SI_UNIT ( .MILLI., .METRE. ) );
#7945 = UNCERTAINTY_MEASURE_WITH_UNIT (LENGTH_MEASURE( 1.000000000000000100E-005 ), #3827, 'distance_accuracy_value', 'NONE');
#7946 = VERTEX_POINT ( 'NONE', #2480 ) ;
#7947 = LINE ( 'NONE', #3883, #4056 ) ;
#7948 = FILL_AREA_STYLE ('',( #1386 ) ) ;
#7949 = CARTESIAN_POINT ( 'NONE',  ( -0.7913875730598417500, 3.900000000000000400, 1.301070224401710900 ) ) ;
#7950 = ORIENTED_EDGE ( 'NONE', *, *, #3512, .T. ) ;
#7951 = CARTESIAN_POINT ( 'NONE',  ( 2.294195236851292600, 3.900000000000000400, 2.032514488319807600 ) ) ;
#7952 = SURFACE_STYLE_FILL_AREA ( #4834 ) ;
#7953 = CARTESIAN_POINT ( 'NONE',  ( -0.9978230206928546700, 3.909999999999999300, 1.544960598544940400 ) ) ;
#7954 = FILL_AREA_STYLE ('',( #7256 ) ) ;
#7955 = STYLED_ITEM ( 'NONE', ( #316 ), #1823 ) ;
#7956 = CARTESIAN_POINT ( 'NONE',  ( -1.852407406776008800, 3.899999999999999900, 2.106064550763634200 ) ) ;
#7957 = EDGE_CURVE ( 'NONE', #1145, #244, #3121, .T. ) ;
#7958 = CARTESIAN_POINT ( 'NONE',  ( 0.7369131593986076900, 3.910000000000001000, 2.114347808166223700 ) ) ;
#7959 = VECTOR ( 'NONE', #3716, 1000.000000000000000 ) ;
#7960 = ORIENTED_EDGE ( 'NONE', *, *, #1501, .T. ) ;
#7961 = VERTEX_POINT ( 'NONE', #1840 ) ;
#7962 = PRESENTATION_LAYER_ASSIGNMENT (  '', '', ( #2528 ) ) ;
#7963 = CARTESIAN_POINT ( 'NONE',  ( 0.8716196480839347700, 3.910000000000001000, 1.748521913094515300 ) ) ;
#7964 = LINE ( 'NONE', #614, #951 ) ;
#7965 = ORIENTED_EDGE ( 'NONE', *, *, #6668, .T. ) ;
#7966 = CARTESIAN_POINT ( 'NONE',  ( 3.239999999999999800, 2.299999999999999800, 7.549999999999998000 ) ) ;
#7967 = CARTESIAN_POINT ( 'NONE',  ( 0.0000000000000000000, 0.6999999999999999600, -4.800000000000001600 ) ) ;
#7968 = VERTEX_POINT ( 'NONE', #6530 ) ;
#7969 = STYLED_ITEM ( 'NONE', ( #1974 ), #7726 ) ;
#7970 = CARTESIAN_POINT ( 'NONE',  ( 1.658142373802859100, 3.899999999999999500, 2.150054730229650000 ) ) ;
#7971 = DIRECTION ( 'NONE',  ( -0.0000000000000000000, -1.000000000000000000, -0.0000000000000000000 ) ) ;
#7972 = CARTESIAN_POINT ( 'NONE',  ( -1.511109039464497000, 3.900000000000000400, 1.256404290951386600 ) ) ;
#7973 = CARTESIAN_POINT ( 'NONE',  ( 0.7193401334593169100, 3.900000000000001200, 1.577615581733054200 ) ) ;
#7974 = FILL_AREA_STYLE ('',( #5959 ) ) ;
#7975 = CARTESIAN_POINT ( 'NONE',  ( -0.6550574750655702200, 3.910000000000000100, 1.710541016711141700 ) ) ;
#7976 = CARTESIAN_POINT ( 'NONE',  ( -0.9466349231778292700, 3.909999999999999300, 1.230532160052763400 ) ) ;
#7977 =( GEOMETRIC_REPRESENTATION_CONTEXT ( 3 ) GLOBAL_UNCERTAINTY_ASSIGNED_CONTEXT ( ( #4550 ) ) GLOBAL_UNIT_ASSIGNED_CONTEXT ( ( #1570, #267, #6353 ) ) REPRESENTATION_CONTEXT ( 'NONE', 'WORKASPACE' ) );
#7978 = VECTOR ( 'NONE', #7180, 1000.000000000000000 ) ;
#7979 = ORIENTED_EDGE ( 'NONE', *, *, #7181, .T. ) ;
#7980 = ORIENTED_EDGE ( 'NONE', *, *, #2526, .F. ) ;
#7981 = CARTESIAN_POINT ( 'NONE',  ( -0.7706045137590549200, 3.900000000000000400, 1.344713350844105100 ) ) ;
#7982 = CARTESIAN_POINT ( 'NONE',  ( -1.599595152270447500, 3.910000000000000100, 1.669141555647476700 ) ) ;
#7983 = CARTESIAN_POINT ( 'NONE',  ( -0.6613773015859564200, 3.910000000000000100, 1.311644271638252400 ) ) ;
#7984 = CARTESIAN_POINT ( 'NONE',  ( -1.092905868871751200, 3.910000000000000100, 1.411917846710915000 ) ) ;
#7985 = CARTESIAN_POINT ( 'NONE',  ( -0.9288721973592338800, 3.900000000000000400, 1.230088501477702500 ) ) ;
#7986 = PLANE ( 'NONE',  #5659 ) ;
#7987 = ORIENTED_EDGE ( 'NONE', *, *, #7057, .T. ) ;
#7988 = CARTESIAN_POINT ( 'NONE',  ( 0.8838333947460294000, 3.910000000000000100, 1.844397712004018500 ) ) ;
#7989 = CARTESIAN_POINT ( 'NONE',  ( -0.3087639489479946900, 3.909999999999998400, 1.313827399236080500 ) ) ;
#7990 = ORIENTED_EDGE ( 'NONE', *, *, #6508, .T. ) ;
#7991 = CARTESIAN_POINT ( 'NONE',  ( 0.4799573386815111900, 3.899999999999999500, 2.068398028029802700 ) ) ;
#7992 = B_SPLINE_CURVE_WITH_KNOTS ( 'NONE', 3,
 ( #7985, #2568, #1873, #5938, #7304, #5229, #3887, #7327, #8561, #1314, #5999, #1896, #646, #8672, #6561, #3999, #3319, #4632, #8621 ),
 .UNSPECIFIED., .F., .F.,
 ( 4, 1, 1, 1, 1, 1, 1, 1, 1, 1, 1, 1, 1, 1, 1, 1, 4 ),
 ( 0.0000000000000000000, 0.06875818221037963100, 0.1357486240460437600, 0.1998968062332245300, 0.2638406168434157500, 0.3259900743426136800, 0.3869190586592183800, 0.4472362958520612600, 0.5075690314573546600, 0.5668386437292460800, 0.6262185740099753800, 0.6859543265852143800, 0.7474383099765010700, 0.8091044985253869100, 0.8715341353244919800, 0.9351848482391245100, 1.000000000000000000 ),
 .UNSPECIFIED. ) ;
#7993 = CARTESIAN_POINT ( 'NONE',  ( 3.239999999999999800, 2.860000000000000300, 12.04999999999999900 ) ) ;
#7994 = CARTESIAN_POINT ( 'NONE',  ( 1.773090641210033600, 3.910000000000000100, 2.111005774791908000 ) ) ;
#7995 = CARTESIAN_POINT ( 'NONE',  ( 0.8099337956197730800, 3.900000000000000400, 2.054818056092219800 ) ) ;
#7996 = VECTOR ( 'NONE', #8087, 1000.000000000000000 ) ;
#7997 = CARTESIAN_POINT ( 'NONE',  ( 5.002686081600998600, 0.6999999999999999600, 2.822970009467507900 ) ) ;
#7998 = DIRECTION ( 'NONE',  ( 1.000000000000000000, 0.0000000000000000000, 1.734723475976807400E-014 ) ) ;
#7999 = CARTESIAN_POINT ( 'NONE',  ( -1.417203490018489300, 3.900000000000001700, 1.290093409785066500 ) ) ;
#8000 = LINE ( 'NONE', #4838, #4319 ) ;
#8001 = B_SPLINE_CURVE_WITH_KNOTS ( 'NONE', 3,
 ( #3389, #4026, #2047, #8063, #6812, #4714, #4077, #6761, #86, #2106, #3440 ),
 .UNSPECIFIED., .F., .F.,
 ( 4, 1, 1, 1, 1, 1, 1, 1, 4 ),
 ( 0.0000000000000000000, 0.1341969422512411200, 0.2654386792434347800, 0.3926515731194141800, 0.5164069476880062100, 0.6391202124764553400, 0.7596934631369024500, 0.8797438203539548200, 1.000000000000000000 ),
 .UNSPECIFIED. ) ;
#8002 = CARTESIAN_POINT ( 'NONE',  ( -1.081895450179053900, 3.910000000000000100, 1.330532897697733800 ) ) ;
#8003 = PLANE ( 'NONE',  #629 ) ;
#8004 = SURFACE_SIDE_STYLE ('',( #7027 ) ) ;
#8005 = EDGE_CURVE ( 'NONE', #8558, #2461, #720, .T. ) ;
#8006 = CARTESIAN_POINT ( 'NONE',  ( 1.427108041921989000, 3.899999999999999900, 1.258491787565391400 ) ) ;
#8007 = CARTESIAN_POINT ( 'NONE',  ( 0.0000000000000000000, 0.6999999999999999600, -6.625000000000001800 ) ) ;
#8008 = VECTOR ( 'NONE', #759, 1000.000000000000100 ) ;
#8009 = CARTESIAN_POINT ( 'NONE',  ( -1.728737377505938500, 3.899999999999999900, 1.699802612383732000 ) ) ;
#8010 = DIRECTION ( 'NONE',  ( -1.000000000000000000, 0.0000000000000000000, -0.0000000000000000000 ) ) ;
#8011 = CARTESIAN_POINT ( 'NONE',  ( 1.456496119262840700, 3.899999999999999500, 2.163235643836190800 ) ) ;
#8012 = ORIENTED_EDGE ( 'NONE', *, *, #2291, .F. ) ;
#8013 = AXIS2_PLACEMENT_3D ( 'NONE', #3702, #3641, #6373 ) ;
#8014 = DIRECTION ( 'NONE',  ( -0.0000000000000000000, -1.000000000000000000, -0.0000000000000000000 ) ) ;
#8015 = SURFACE_STYLE_FILL_AREA ( #5746 ) ;
#8016 = EDGE_CURVE ( 'NONE', #7715, #3181, #7311, .T. ) ;
#8017 = EDGE_CURVE ( 'NONE', #1708, #2507, #5521, .T. ) ;
#8018 = CARTESIAN_POINT ( 'NONE',  ( 1.774501998497679300, 3.900000000000000400, 1.181126845897752000 ) ) ;
#8019 = STYLED_ITEM ( 'NONE', ( #8169 ), #6894 ) ;
#8020 =( NAMED_UNIT ( * ) SI_UNIT ( $, .STERADIAN. ) SOLID_ANGLE_UNIT ( ) );
#8021 = CARTESIAN_POINT ( 'NONE',  ( -1.188545063384979700, 3.900000000000001200, 1.482124857805218600 ) ) ;
#8022 = CARTESIAN_POINT ( 'NONE',  ( -1.557659568017615300, 3.899999999999999500, 1.340406770688171300 ) ) ;
#8023 = SURFACE_SIDE_STYLE ('',( #6042 ) ) ;
#8024 = CARTESIAN_POINT ( 'NONE',  ( -1.840000000000000500, 2.860000000000000300, 7.549999999999998000 ) ) ;
#8025 = CARTESIAN_POINT ( 'NONE',  ( -0.6075066634211094800, 3.910000000000000100, 1.853390640739175800 ) ) ;
#8026 = ORIENTED_EDGE ( 'NONE', *, *, #8156, .F. ) ;
#8027 = SURFACE_STYLE_USAGE ( .BOTH. , #5874 ) ;
#8028 = ORIENTED_EDGE ( 'NONE', *, *, #6521, .T. ) ;
#8029 = CARTESIAN_POINT ( 'NONE',  ( -0.8358268959603332200, 3.910000000000001000, 1.257449253445890800 ) ) ;
#8030 = VERTEX_POINT ( 'NONE', #8470 ) ;
#8031 = CARTESIAN_POINT ( 'NONE',  ( -0.6507249342669952900, 3.910000000000000100, 1.361257628603722800 ) ) ;
#8032 = STYLED_ITEM ( 'NONE', ( #6861 ), #4782 ) ;
#8033 = CARTESIAN_POINT ( 'NONE',  ( -0.9619334798072822800, 3.910000000000000100, 1.556256375192310600 ) ) ;
#8034 = CARTESIAN_POINT ( 'NONE',  ( -5.002686081600999500, 0.6999999999999999600, 6.277029990532487800 ) ) ;
#8035 = EDGE_LOOP ( 'NONE', ( #8280, #202, #1539, #5792 ) ) ;
#8036 = DIRECTION ( 'NONE',  ( 0.9445892928096651900, 0.0000000000000000000, -0.3282545778954752400 ) ) ;
#8037 = CARTESIAN_POINT ( 'NONE',  ( 0.5707121930532261800, 3.909999999999999300, 1.641095550203297100 ) ) ;
#8038 = DIRECTION ( 'NONE',  ( 0.0000000000000000000, 0.0000000000000000000, 1.000000000000000000 ) ) ;
#8039 = ORIENTED_EDGE ( 'NONE', *, *, #3967, .F. ) ;
#8040 = ORIENTED_EDGE ( 'NONE', *, *, #5936, .T. ) ;
#8041 =( BOUNDED_SURFACE ( )  B_SPLINE_SURFACE ( 3, 2, ( 
 ( #3529, #5478, #5600 ),
 ( #8205, #6920, #4222 ),
 ( #6293, #2801, #154 ),
 ( #876, #4194, #4863 ) ),
 .UNSPECIFIED., .F., .F., .F. ) 
 B_SPLINE_SURFACE_WITH_KNOTS ( ( 4, 4 ),
 ( 3, 3 ),
 ( 0.002218824928417784800, 0.005321303921084396600 ),
 ( 0.0000000000000000000, 1.000000000000000000 ),
 .UNSPECIFIED. ) 
 GEOMETRIC_REPRESENTATION_ITEM ( )  RATIONAL_B_SPLINE_SURFACE ( (
 ( 1.000000000000000000, 0.8020606508228473900, 1.000000000000000000),
 ( 1.000000000000000000, 0.8123234415079787500, 1.000000000000000000),
 ( 1.000000000000000000, 0.8210067754515673100, 1.000000000000000000),
 ( 1.000000000000000000, 0.8286825925071529300, 1.000000000000000000) ) ) 
 REPRESENTATION_ITEM ( '' )  SURFACE ( )  );
#8042 = CARTESIAN_POINT ( 'NONE',  ( 1.615135996508305600, 3.899999999999999500, 1.140509986944731700 ) ) ;
#8043 = VECTOR ( 'NONE', #1909, 1000.000000000000000 ) ;
#8044 = ORIENTED_EDGE ( 'NONE', *, *, #6105, .F. ) ;
#8045 = LINE ( 'NONE', #3220, #933 ) ;
#8046 = CARTESIAN_POINT ( 'NONE',  ( 1.521038310878801900, 3.909999999999999300, 2.164187207660412500 ) ) ;
#8047 = DIRECTION ( 'NONE',  ( -0.0000000000000000000, -1.000000000000000000, -0.0000000000000000000 ) ) ;
#8048 = CARTESIAN_POINT ( 'NONE',  ( -0.7285655902593656300, 3.900000000000000800, 1.847816498490099800 ) ) ;
#8049 =( LENGTH_UNIT ( ) NAMED_UNIT ( * ) SI_UNIT ( .MILLI., .METRE. ) );
#8050 = CARTESIAN_POINT ( 'NONE',  ( 0.5314485263249765200, 3.910000000000000100, 2.164299027793492100 ) ) ;
#8051 = CARTESIAN_POINT ( 'NONE',  ( -1.402739152704132400, 3.899999999999999000, 1.264161370123481700 ) ) ;
#8052 = EDGE_CURVE ( 'NONE', #5356, #3808, #1351, .T. ) ;
#8053 = CARTESIAN_POINT ( 'NONE',  ( 1.839999999999999900, 2.299999999999999800, 12.04999999999999900 ) ) ;
#8054 = FACE_OUTER_BOUND ( 'NONE', #6155, .T. ) ;
#8055 = EDGE_CURVE ( 'NONE', #7968, #7871, #3021, .T. ) ;
#8056 = CARTESIAN_POINT ( 'NONE',  ( -0.7793144170510151200, 3.900000000000000400, 1.594909424573505200 ) ) ;
#8057 = CARTESIAN_POINT ( 'NONE',  ( -3.753226867404377800, 0.6999999999999999600, -7.550000000000000700 ) ) ;
#8058 = FILL_AREA_STYLE_COLOUR ( '', #849 ) ;
#8059 = ORIENTED_EDGE ( 'NONE', *, *, #5303, .T. ) ;
#8060 = CARTESIAN_POINT ( 'NONE',  ( 1.221133823445108800, 3.899999999999999000, 1.419138475765487700 ) ) ;
#8061 = DIRECTION ( 'NONE',  ( 0.0000000000000000000, 0.0000000000000000000, 1.000000000000000000 ) ) ;
#8062 = ORIENTED_EDGE ( 'NONE', *, *, #5784, .T. ) ;
#8063 = CARTESIAN_POINT ( 'NONE',  ( 0.3760473379879878400, 3.910000000000000100, 2.035311645391739300 ) ) ;
#8064 = EDGE_CURVE ( 'NONE', #1960, #7812, #3382, .T. ) ;
#8065 = CARTESIAN_POINT ( 'NONE',  ( 0.8099337956197730800, 3.910000000000000100, 2.054818056092219800 ) ) ;
#8066 = AXIS2_PLACEMENT_3D ( 'NONE', #288, #6253, #365 ) ;
#8067 = CARTESIAN_POINT ( 'NONE',  ( 0.6448154754210335700, 3.900000000000000400, 1.659424992064287000 ) ) ;
#8068 = FACE_OUTER_BOUND ( 'NONE', #6808, .T. ) ;
#8069 = AXIS2_PLACEMENT_3D ( 'NONE', #4567, #3904, #1198 ) ;
#8070 = CARTESIAN_POINT ( 'NONE',  ( 1.295436927272325800, 3.899999999999999900, 1.330423816254555400 ) ) ;
#8071 = SURFACE_STYLE_USAGE ( .BOTH. , #3367 ) ;
#8072 = CARTESIAN_POINT ( 'NONE',  ( -0.9180320353933566500, 3.900000000000000400, 2.164017078789334000 ) ) ;
#8073 = CARTESIAN_POINT ( 'NONE',  ( -1.150996861508605300, 3.900000000000000400, 1.537165121249110900 ) ) ;
#8074 = CARTESIAN_POINT ( 'NONE',  ( 0.5444838344832431100, 3.910000000000001000, 2.164046245521639400 ) ) ;
#8075 = DIRECTION ( 'NONE',  ( 0.0000000000000000000, 1.000000000000000000, 0.0000000000000000000 ) ) ;
#8076 = FILL_AREA_STYLE ('',( #3989 ) ) ;
#8077 = COLOUR_RGB ( '',1.000000000000000000, 1.000000000000000000, 1.000000000000000000 ) ;
#8078 = VERTEX_POINT ( 'NONE', #1141 ) ;
#8079 = CARTESIAN_POINT ( 'NONE',  ( -0.7000000000000004000, 2.860000000000000300, 7.549999999999998000 ) ) ;
#8080 = ORIENTED_EDGE ( 'NONE', *, *, #6842, .T. ) ;
#8081 = CARTESIAN_POINT ( 'NONE',  ( -4.747671247539717100, 3.763073361412148500, 6.472345833242488100 ) ) ;
#8082 = CARTESIAN_POINT ( 'NONE',  ( -0.6586842828150809600, 3.900000000000001200, 1.451847415759757600 ) ) ;
#8083 =( NAMED_UNIT ( * ) PLANE_ANGLE_UNIT ( ) SI_UNIT ( $, .RADIAN. ) );
#8084 = PLANE ( 'NONE',  #8675 ) ;
#8085 = CARTESIAN_POINT ( 'NONE',  ( 0.3441541184302398000, 3.910000000000000100, 1.646412514635597700 ) ) ;
#8086 = CARTESIAN_POINT ( 'NONE',  ( 1.529915227025167200, 3.900000000000000400, 1.138376377057249500 ) ) ;
#8087 = DIRECTION ( 'NONE',  ( 0.0000000000000000000, 0.0000000000000000000, -1.000000000000000000 ) ) ;
#8088 = DIRECTION ( 'NONE',  ( -0.0000000000000000000, 1.000000000000000000, -0.0000000000000000000 ) ) ;
#8089 = VECTOR ( 'NONE', #4199, 1000.000000000000000 ) ;
#8090 = CARTESIAN_POINT ( 'NONE',  ( 1.274940300984805700, 3.899999999999999500, 2.111802903177828500 ) ) ;
#8091 = CARTESIAN_POINT ( 'NONE',  ( 0.5328876710618186700, 3.900000000000000400, 2.072193764635597500 ) ) ;
#8092 = CARTESIAN_POINT ( 'NONE',  ( -4.842015805328189900, 3.763073361412148500, 7.549429204713759700 ) ) ;
#8093 = FACE_OUTER_BOUND ( 'NONE', #7873, .T. ) ;
#8094 = DIRECTION ( 'NONE',  ( 0.0000000000000000000, 1.000000000000000000, 0.0000000000000000000 ) ) ;
#8095 = EDGE_LOOP ( 'NONE', ( #7167, #424, #3586, #8348 ) ) ;
#8096 = CARTESIAN_POINT ( 'NONE',  ( 0.7881117752025889000, 3.899999999999999500, 2.076969090235448100 ) ) ;
#8097 = LINE ( 'NONE', #2766, #2868 ) ;
#8098 = CARTESIAN_POINT ( 'NONE',  ( -4.887468565522752300, 2.089002590374164500, 6.367921729468941200 ) ) ;
#8099 = CARTESIAN_POINT ( 'NONE',  ( -0.7705444870946540600, 3.900000000000000400, 1.725721205425626300 ) ) ;
#8100 = CARTESIAN_POINT ( 'NONE',  ( -0.4439962342204196200, 3.900000000000000400, 1.350236713813091700 ) ) ;
#8101 = CARTESIAN_POINT ( 'NONE',  ( 1.586014430195768800, 3.910000000000000100, 2.160893326586983900 ) ) ;
#8102 = CARTESIAN_POINT ( 'NONE',  ( -1.089706419775347000, 3.899999999999999500, 1.609857265321739800 ) ) ;
#8103 = CARTESIAN_POINT ( 'NONE',  ( 1.286767331915341400, 3.910000000000000100, 1.977074447134680600 ) ) ;
#8104 = SURFACE_STYLE_FILL_AREA ( #2658 ) ;
#8105 = CARTESIAN_POINT ( 'NONE',  ( 1.346392155597778300, 3.900000000000001200, 1.173732572752364000 ) ) ;
#8106 = AXIS2_PLACEMENT_3D ( 'NONE', #6259, #3646, #3675 ) ;
#8107 = LINE ( 'NONE', #1932, #6349 ) ;
#8108 = CARTESIAN_POINT ( 'NONE',  ( -0.3754182499908129700, 3.900000000000000400, 1.665738172530334200 ) ) ;
#8109 = EDGE_CURVE ( 'NONE', #7916, #4051, #2498, .T. ) ;
#8110 = VECTOR ( 'NONE', #7940, 1000.000000000000000 ) ;
#8111 = EDGE_CURVE ( 'NONE', #427, #3647, #7947, .T. ) ;
#8112 = CARTESIAN_POINT ( 'NONE',  ( 0.4481736428654256600, 3.910000000000001000, 1.639287185343551100 ) ) ;
#8113 = CARTESIAN_POINT ( 'NONE',  ( 1.547895894746029500, 3.900000000000000400, 1.137983238319807900 ) ) ;
#8114 = EDGE_LOOP ( 'NONE', ( #3169, #1149, #8162, #3206 ) ) ;
#8115 = CARTESIAN_POINT ( 'NONE',  ( -1.128297548306725700, 3.910000000000000100, 1.877227528634111100 ) ) ;
#8116 = STYLED_ITEM ( 'NONE', ( #7805 ), #2817 ) ;
#8117 = AXIS2_PLACEMENT_3D ( 'NONE', #6, #7454, #8038 ) ;
#8118 = CARTESIAN_POINT ( 'NONE',  ( -0.8237186330725897500, 3.910000000000000100, 1.521687686171195900 ) ) ;
#8119 = ADVANCED_FACE ( 'NONE', ( #205 ), #6283, .T. ) ;
#8120 =( LENGTH_UNIT ( ) NAMED_UNIT ( * ) SI_UNIT ( .MILLI., .METRE. ) );
#8121 = STYLED_ITEM ( 'NONE', ( #7877 ), #6159 ) ;
#8122 = CARTESIAN_POINT ( 'NONE',  ( 0.8099337956197730800, 3.900000000000000800, 2.054818056092219800 ) ) ;
#8123 = CARTESIAN_POINT ( 'NONE',  ( 2.357928789482871800, 3.910000000000000100, 2.151141133056650100 ) ) ;
#8124 = ORIENTED_EDGE ( 'NONE', *, *, #1297, .T. ) ;
#8125 = CARTESIAN_POINT ( 'NONE',  ( 0.0000000000000000000, 0.0000000000000000000, 0.0000000000000000000 ) ) ;
#8126 = PLANE ( 'NONE',  #8341 ) ;
#8127 = CARTESIAN_POINT ( 'NONE',  ( -1.204320661028250000, 3.899999999999999900, 1.710550252386181100 ) ) ;
#8128 = FACE_OUTER_BOUND ( 'NONE', #7547, .T. ) ;
#8129 = VERTEX_POINT ( 'NONE', #6665 ) ;
#8130 = UNCERTAINTY_MEASURE_WITH_UNIT (LENGTH_MEASURE( 1.000000000000000100E-005 ), #3780, 'distance_accuracy_value', 'NONE');
#8131 = COLOUR_RGB ( '',1.000000000000000000, 1.000000000000000000, 1.000000000000000000 ) ;
#8132 = CARTESIAN_POINT ( 'NONE',  ( 1.559411311040111300, 3.909999999999999300, 1.138174056299389200 ) ) ;
#8133 = CARTESIAN_POINT ( 'NONE',  ( -0.6500893026223919500, 3.900000000000000400, 1.387160869898755200 ) ) ;
#8134 = EDGE_LOOP ( 'NONE', ( #1219, #8471, #6926, #1332 ) ) ;
#8135 = CARTESIAN_POINT ( 'NONE',  ( 0.5481014868512924500, 3.910000000000000100, 1.545877975161913200 ) ) ;
#8136 = VERTEX_POINT ( 'NONE', #4598 ) ;
#8137 = DIRECTION ( 'NONE',  ( 0.0000000000000000000, 1.000000000000000000, 0.0000000000000000000 ) ) ;
#8138 = CARTESIAN_POINT ( 'NONE',  ( 1.357165876052278900, 3.900000000000002600, 1.287198416390129800 ) ) ;
#8139 = CARTESIAN_POINT ( 'NONE',  ( 1.182951804449895700, 3.899999999999999500, 1.284238236682931000 ) ) ;
#8140 = CARTESIAN_POINT ( 'NONE',  ( -0.9288721973592338800, 3.900000000000000400, 2.059035869898755400 ) ) ;
#8141 = ORIENTED_EDGE ( 'NONE', *, *, #3401, .T. ) ;
#8142 = B_SPLINE_CURVE_WITH_KNOTS ( 'NONE', 3,
 ( #3104, #6366, #1035, #452, #1738, #5069, #5094, #2311, #7786, #7123, #3022, #3753, #2994, #1098, #2339, #5009, #337, #7668, #5715 ),
 .UNSPECIFIED., .F., .F.,
 ( 4, 1, 1, 1, 1, 1, 1, 1, 1, 1, 1, 1, 1, 1, 1, 1, 4 ),
 ( 0.0000000000000000000, 0.06601319087229867700, 0.1292923414249864700, 0.1912471180667967800, 0.2521196505038907900, 0.3116669472146789100, 0.3703789420543912600, 0.4285902874572548600, 0.4870316295789315900, 0.5460322317362409400, 0.6053038721903572000, 0.6667348015106903100, 0.7296010038413096600, 0.7942905844684436900, 0.8604369184128795000, 0.9289826247129325800, 1.000000000000000000 ),
 .UNSPECIFIED. ) ;
#8143 = CARTESIAN_POINT ( 'NONE',  ( -0.1568738420960761300, 3.910000000000000100, 1.137983238319808100 ) ) ;
#8144 = DIRECTION ( 'NONE',  ( -0.0000000000000000000, -1.000000000000000000, -0.0000000000000000000 ) ) ;
#8145 = CARTESIAN_POINT ( 'NONE',  ( -0.7703836869116869000, 3.910000000000000100, 2.131090679568931300 ) ) ;
#8146 = SURFACE_STYLE_FILL_AREA ( #3563 ) ;
#8147 = CARTESIAN_POINT ( 'NONE',  ( -0.7290286605075013700, 3.899999999999999500, 1.209159682273929000 ) ) ;
#8148 = ORIENTED_EDGE ( 'NONE', *, *, #2009, .T. ) ;
#8149 = CARTESIAN_POINT ( 'NONE',  ( 0.01200178049263852400, 3.899999999999999500, 1.398048771928862100 ) ) ;
#8150 = ORIENTED_EDGE ( 'NONE', *, *, #2514, .F. ) ;
#8151 = FACE_OUTER_BOUND ( 'NONE', #5510, .T. ) ;
#8152 = CARTESIAN_POINT ( 'NONE',  ( -0.7969686721725350900, 3.900000000000000800, 1.697948571992520700 ) ) ;
#8153 = FILL_AREA_STYLE ('',( #2811 ) ) ;
#8154 = CARTESIAN_POINT ( 'NONE',  ( -1.840000000000000500, 2.299999999999999800, 12.04999999999999900 ) ) ;
#8155 = CARTESIAN_POINT ( 'NONE',  ( 1.357165876052278900, 3.900000000000003000, 1.287198416390129800 ) ) ;
#8156 = EDGE_CURVE ( 'NONE', #6397, #2929, #7212, .T. ) ;
#8157 = CYLINDRICAL_SURFACE ( 'NONE', #1521, 1.825000000000000200 ) ;
#8158 = CARTESIAN_POINT ( 'NONE',  ( 1.301824872653431800, 3.909999999999999300, 1.194578204157693800 ) ) ;
#8159 = VERTEX_POINT ( 'NONE', #695 ) ;
#8160 = EDGE_CURVE ( 'NONE', #2299, #6160, #5305, .T. ) ;
#8161 = UNCERTAINTY_MEASURE_WITH_UNIT (LENGTH_MEASURE( 1.000000000000000100E-005 ), #4187, 'distance_accuracy_value', 'NONE');
#8162 = ORIENTED_EDGE ( 'NONE', *, *, #7894, .T. ) ;
#8163 = DIRECTION ( 'NONE',  ( 1.000000000000000000, 0.0000000000000000000, 0.0000000000000000000 ) ) ;
#8164 = ADVANCED_FACE ( 'NONE', ( #1439 ), #8003, .F. ) ;
#8165 = CARTESIAN_POINT ( 'NONE',  ( 0.06914668343406905900, 3.899999999999999900, 2.029593427474174500 ) ) ;
#8166 =( NAMED_UNIT ( * ) SI_UNIT ( $, .STERADIAN. ) SOLID_ANGLE_UNIT ( ) );
#8167 = CARTESIAN_POINT ( 'NONE',  ( 0.08936148686771938600, 3.900000000000001200, 1.994507376208873400 ) ) ;
#8168 = CARTESIAN_POINT ( 'NONE',  ( 0.03915238891503592500, 3.900000000000000400, 1.607399048611615000 ) ) ;
#8169 = PRESENTATION_STYLE_ASSIGNMENT (( #6984 ) ) ;
#8170 = CARTESIAN_POINT ( 'NONE',  ( -0.1195755337181142000, 3.899999999999999900, 1.139126015344834200 ) ) ;
#8171 = FACE_BOUND ( 'NONE', #3950, .T. ) ;
#8172 = ORIENTED_EDGE ( 'NONE', *, *, #6829, .T. ) ;
#8173 = EDGE_CURVE ( 'NONE', #1145, #724, #3948, .T. ) ;
#8174 = CARTESIAN_POINT ( 'NONE',  ( -1.121025724862457600, 3.910000000000000100, 1.919742145173487300 ) ) ;
#8175 = EDGE_CURVE ( 'NONE', #5400, #948, #279, .T. ) ;
#8176 = CARTESIAN_POINT ( 'NONE',  ( 4.692586600614427000, 3.900000000000000400, 6.515680143154649600 ) ) ;
#8177 = CARTESIAN_POINT ( 'NONE',  ( -2.618428118411865800, 3.910000000000000100, 2.151141133056650100 ) ) ;
#8178 = LINE ( 'NONE', #1248, #6426 ) ;
#8179 = PRESENTATION_LAYER_ASSIGNMENT (  '', '', ( #1301 ) ) ;
#8180 = DIRECTION ( 'NONE',  ( 0.0000000000000000000, 0.0000000000000000000, -1.000000000000000000 ) ) ;
#8181 = VECTOR ( 'NONE', #6940, 1000.000000000000000 ) ;
#8182 = ORIENTED_EDGE ( 'NONE', *, *, #5823, .F. ) ;
#8183 = CARTESIAN_POINT ( 'NONE',  ( -4.692586600614427900, 3.900000000000000400, 7.399999999999997700 ) ) ;
#8184 = ORIENTED_EDGE ( 'NONE', *, *, #1678, .F. ) ;
#8185 = CARTESIAN_POINT ( 'NONE',  ( 0.5481014868512924500, 3.900000000000000400, 1.545877975161913200 ) ) ;
#8186 = CARTESIAN_POINT ( 'NONE',  ( -4.870496662869751200, 2.292762391869660900, 6.380876478523570800 ) ) ;
#8187 = LINE ( 'NONE', #5998, #2855 ) ;
#8188 = AXIS2_PLACEMENT_3D ( 'NONE', #1287, #2624, #2544 ) ;
#8189 = CARTESIAN_POINT ( 'NONE',  ( -0.3591457065718108300, 3.900000000000001200, 1.214582801693945900 ) ) ;
#8190 = DIRECTION ( 'NONE',  ( 0.0000000000000000000, 0.0000000000000000000, -1.000000000000000000 ) ) ;
#8191 = COLOUR_RGB ( '',1.000000000000000000, 1.000000000000000000, 1.000000000000000000 ) ;
#8192 = CARTESIAN_POINT ( 'NONE',  ( 1.149212106640353300, 3.900000000000001200, 1.322118166689648000 ) ) ;
#8193 = MECHANICAL_DESIGN_GEOMETRIC_PRESENTATION_REPRESENTATION (  '', ( #1470 ), #5065 ) ;
#8194 = CARTESIAN_POINT ( 'NONE',  ( 1.547895894746029500, 3.910000000000000100, 1.137983238319807900 ) ) ;
#8195 = VECTOR ( 'NONE', #4484, 1000.000000000000000 ) ;
#8196 = CARTESIAN_POINT ( 'NONE',  ( 0.1559563809540038500, 3.900000000000000800, 1.666772170493999100 ) ) ;
#8197 = DIRECTION ( 'NONE',  ( -0.0000000000000000000, -1.000000000000000000, -0.0000000000000000000 ) ) ;
#8198 = CARTESIAN_POINT ( 'NONE',  ( 2.726349842114450500, 3.900000000000000400, 1.151141133056649900 ) ) ;
#8199 = ORIENTED_EDGE ( 'NONE', *, *, #1403, .F. ) ;
#8200 = CARTESIAN_POINT ( 'NONE',  ( 1.301824872653431800, 3.909999999999999300, 1.194578204157693800 ) ) ;
#8201 = SURFACE_SIDE_STYLE ('',( #4218 ) ) ;
#8202 = CARTESIAN_POINT ( 'NONE',  ( 0.1562429342197137700, 3.900000000000000800, 1.646618106740860500 ) ) ;
#8203 = FILL_AREA_STYLE_COLOUR ( '', #3029 ) ;
#8204 = COLOUR_RGB ( '',1.000000000000000000, 1.000000000000000000, 1.000000000000000000 ) ;
#8205 = CARTESIAN_POINT ( 'NONE',  ( -5.021954067378135100, 1.706369614913235900, 6.486354681769712200 ) ) ;
#8206 = PLANE ( 'NONE',  #7745 ) ;
#8207 = CARTESIAN_POINT ( 'NONE',  ( -0.8120471937615448800, 3.909999999999998400, 1.685953153342991700 ) ) ;
#8208 = FACE_OUTER_BOUND ( 'NONE', #932, .T. ) ;
#8209 = ADVANCED_FACE ( 'NONE', ( #91 ), #6237, .T. ) ;
#8210 = DIRECTION ( 'NONE',  ( -1.000000000000000000, -0.0000000000000000000, -0.0000000000000000000 ) ) ;
#8211 = LINE ( 'NONE', #2900, #372 ) ;
#8212 =( NAMED_UNIT ( * ) SI_UNIT ( $, .STERADIAN. ) SOLID_ANGLE_UNIT ( ) );
#8213 = CARTESIAN_POINT ( 'NONE',  ( 0.5609261239771388100, 3.900000000000000800, 1.546093332519671500 ) ) ;
#8214 = CARTESIAN_POINT ( 'NONE',  ( -2.102186342096076000, 3.900000000000000400, 2.045877975161913400 ) ) ;
#8215 = CARTESIAN_POINT ( 'NONE',  ( -1.833215576098324900, 3.909999999999999300, 2.015071901444522000 ) ) ;
#8216 = DIRECTION ( 'NONE',  ( 1.000000000000000000, 0.0000000000000000000, 0.0000000000000000000 ) ) ;
#8217 = DIRECTION ( 'NONE',  ( -0.0000000000000000000, -1.000000000000000000, -0.0000000000000000000 ) ) ;
#8218 = DIRECTION ( 'NONE',  ( 2.316048300074779300E-016, 0.0000000000000000000, -1.000000000000000000 ) ) ;
#8219 = ORIENTED_EDGE ( 'NONE', *, *, #515, .T. ) ;
#8220 = ORIENTED_EDGE ( 'NONE', *, *, #5159, .F. ) ;
#8221 = AXIS2_PLACEMENT_3D ( 'NONE', #5387, #2133, #4127 ) ;
#8222 = FILL_AREA_STYLE ('',( #227 ) ) ;
#8223 = EDGE_LOOP ( 'NONE', ( #5670, #7310, #5603, #2716 ) ) ;
#8224 = SURFACE_SIDE_STYLE ('',( #4753 ) ) ;
#8225 = EDGE_CURVE ( 'NONE', #5286, #921, #2155, .T. ) ;
#8226 = CARTESIAN_POINT ( 'NONE',  ( -1.840000000000000500, 2.860000000000000300, 12.04999999999999900 ) ) ;
#8227 = STYLED_ITEM ( 'NONE', ( #7467 ), #242 ) ;
#8228 = DIRECTION ( 'NONE',  ( -0.08700343829513185200, 0.9944538502334670000, 0.05909265166379556300 ) ) ;
#8229 = SURFACE_SIDE_STYLE ('',( #3195 ) ) ;
#8230 = ORIENTED_EDGE ( 'NONE', *, *, #892, .F. ) ;
#8231 = CARTESIAN_POINT ( 'NONE',  ( 0.1518774156887216200, 3.900000000000001700, 1.528550286021487200 ) ) ;
#8232 = CARTESIAN_POINT ( 'NONE',  ( -0.8364303048924921500, 3.899999999999998600, 1.531060509340362900 ) ) ;
#8233 = UNCERTAINTY_MEASURE_WITH_UNIT (LENGTH_MEASURE( 1.000000000000000100E-005 ), #6018, 'distance_accuracy_value', 'NONE');
#8234 = CARTESIAN_POINT ( 'NONE',  ( 4.692586600614427000, 3.900000000000000400, 0.04999999999999622800 ) ) ;
#8235 = PRESENTATION_LAYER_ASSIGNMENT (  '', '', ( #1812 ) ) ;
#8236 = CARTESIAN_POINT ( 'NONE',  ( -1.126594924093775400, 3.900000000000000800, 1.561116106028191300 ) ) ;
#8237 =( GEOMETRIC_REPRESENTATION_CONTEXT ( 3 ) GLOBAL_UNCERTAINTY_ASSIGNED_CONTEXT ( ( #1343 ) ) GLOBAL_UNIT_ASSIGNED_CONTEXT ( ( #3227, #7910, #8604 ) ) REPRESENTATION_CONTEXT ( 'NONE', 'WORKASPACE' ) );
#8238 = PLANE ( 'NONE',  #5323 ) ;
#8239 = ORIENTED_EDGE ( 'NONE', *, *, #2291, .T. ) ;
#8240 = CARTESIAN_POINT ( 'NONE',  ( -1.204375383640067200, 3.899999999999998600, 1.335489400738944800 ) ) ;
#8241 = VERTEX_POINT ( 'NONE', #6832 ) ;
#8242 = SURFACE_STYLE_USAGE ( .BOTH. , #2807 ) ;
#8243 = ORIENTED_EDGE ( 'NONE', *, *, #6336, .F. ) ;
#8244 = VECTOR ( 'NONE', #7135, 1000.000000000000000 ) ;
#8245 = MECHANICAL_DESIGN_GEOMETRIC_PRESENTATION_REPRESENTATION (  '', ( #7079 ), #4320 ) ;
#8246 = CARTESIAN_POINT ( 'NONE',  ( 0.4276476921566728700, 3.900000000000000800, 2.056066271669765300 ) ) ;
#8247 = CARTESIAN_POINT ( 'NONE',  ( 1.546456750009187500, 3.910000000000000100, 1.243246396214544600 ) ) ;
#8248 = CARTESIAN_POINT ( 'NONE',  ( -0.9507658467698252300, 3.909999999999999300, 2.058738467308183200 ) ) ;
#8249 = UNCERTAINTY_MEASURE_WITH_UNIT (LENGTH_MEASURE( 1.000000000000000100E-005 ), #5967, 'distance_accuracy_value', 'NONE');
#8250 = DIRECTION ( 'NONE',  ( -0.0000000000000000000, -1.000000000000000000, -0.0000000000000000000 ) ) ;
#8251 = CARTESIAN_POINT ( 'NONE',  ( -0.7000000000000002900, 2.299999999999999800, 12.04999999999999900 ) ) ;
#8252 = SURFACE_STYLE_FILL_AREA ( #6007 ) ;
#8253 = ORIENTED_EDGE ( 'NONE', *, *, #2631, .T. ) ;
#8254 = SURFACE_STYLE_FILL_AREA ( #4894 ) ;
#8255 = CARTESIAN_POINT ( 'NONE',  ( -1.087917964932716000, 3.899999999999999500, 2.131230919400495700 ) ) ;
#8256 = ADVANCED_FACE ( 'NONE', ( #5511 ), #2727, .F. ) ;
#8257 =( NAMED_UNIT ( * ) PLANE_ANGLE_UNIT ( ) SI_UNIT ( $, .RADIAN. ) );
#8258 = CARTESIAN_POINT ( 'NONE',  ( 0.4000000000000000200, 2.299999999999999400, 12.04999999999999900 ) ) ;
#8259 = CARTESIAN_POINT ( 'NONE',  ( 4.842015805328189900, 3.763073361412149000, 7.549429204713759700 ) ) ;
#8260 = EDGE_LOOP ( 'NONE', ( #5032, #4554, #3117, #7076 ) ) ;
#8261 = DIRECTION ( 'NONE',  ( 1.936075308009828400E-016, -1.000000000000000000, -0.0000000000000000000 ) ) ;
#8262 = CARTESIAN_POINT ( 'NONE',  ( 0.02042736928623779100, 3.900000000000000400, 1.433279155146212300 ) ) ;
#8263 = B_SPLINE_CURVE_WITH_KNOTS ( 'NONE', 3,
 ( #1393, #4106, #1420, #7383, #6082, #4803, #6112, #4074, #2759, #8139, #1448, #2792, #3387, #3439, #7358, #6020, #7447, #8086, #8113 ),
 .UNSPECIFIED., .F., .F.,
 ( 4, 1, 1, 1, 1, 1, 1, 1, 1, 1, 1, 1, 1, 1, 1, 1, 4 ),
 ( 0.0000000000000000000, 0.07051335168162369000, 0.1379899219887873500, 0.2028866898409043600, 0.2658780540109378400, 0.3274375356822436500, 0.3883063854445388800, 0.4493760383183943400, 0.5109294778354235300, 0.5722452924862500000, 0.6321491960886902500, 0.6914582368923339900, 0.7508257792212185100, 0.8105867089308199700, 0.8716472256436542700, 0.9347108786775254500, 1.000000000000000000 ),
 .UNSPECIFIED. ) ;
#8264 = VECTOR ( 'NONE', #7308, 1000.000000000000000 ) ;
#8265 = CARTESIAN_POINT ( 'NONE',  ( -0.7639351675601026000, 3.909999999999999300, 1.400602103218603800 ) ) ;
#8266 = CARTESIAN_POINT ( 'NONE',  ( 2.357928789482871800, 3.910000000000000100, 2.151141133056650100 ) ) ;
#8267 = CARTESIAN_POINT ( 'NONE',  ( -0.3749938046900587700, 3.900000000000000400, 1.614037456691020500 ) ) ;
#8268 = ORIENTED_EDGE ( 'NONE', *, *, #1391, .T. ) ;
#8269 = ORIENTED_EDGE ( 'NONE', *, *, #8630, .F. ) ;
#8270 = CARTESIAN_POINT ( 'NONE',  ( -0.6584209387155964800, 3.910000000000001000, 2.038944409398149900 ) ) ;
#8271 = CARTESIAN_POINT ( 'NONE',  ( -1.014458481653567800, 3.900000000000000400, 1.148008398768112700 ) ) ;
#8272 = CARTESIAN_POINT ( 'NONE',  ( -0.7932044492250438500, 3.900000000000001200, 1.166808171407298900 ) ) ;
#8273 = CARTESIAN_POINT ( 'NONE',  ( 0.03915238891503592500, 3.900000000000000400, 1.607399048611615000 ) ) ;
#8274 = VECTOR ( 'NONE', #7262, 1000.000000000000000 ) ;
#8275 = VERTEX_POINT ( 'NONE', #8108 ) ;
#8276 = CARTESIAN_POINT ( 'NONE',  ( 1.773501924813881500, 3.910000000000000100, 1.303764259004436300 ) ) ;
#8277 =( BOUNDED_CURVE ( )  B_SPLINE_CURVE ( 3, ( #209, #6755, #8556, #5546 ),
 .UNSPECIFIED., .F., .T. ) 
 B_SPLINE_CURVE_WITH_KNOTS ( ( 4, 4 ),
 ( 4.625122517784973300, 4.712388980384689700 ),
 .UNSPECIFIED. ) 
 CURVE ( )  GEOMETRIC_REPRESENTATION_ITEM ( )  RATIONAL_B_SPLINE_CURVE ( ( 1.000000000000000000, 0.9993654810545719000, 0.9993654810545719000, 1.000000000000000000 ) ) 
 REPRESENTATION_ITEM ( '' )  );
#8278 = CARTESIAN_POINT ( 'NONE',  ( -1.029158819102387900, 3.909999999999999300, 2.037011882924828900 ) ) ;
#8279 = PRESENTATION_LAYER_ASSIGNMENT (  '', '', ( #5088 ) ) ;
#8280 = ORIENTED_EDGE ( 'NONE', *, *, #7129, .F. ) ;
#8281 =( LENGTH_UNIT ( ) NAMED_UNIT ( * ) SI_UNIT ( .MILLI., .METRE. ) );
#8282 = EDGE_CURVE ( 'NONE', #667, #1081, #3316, .T. ) ;
#8283 = DIRECTION ( 'NONE',  ( 0.0000000000000000000, -0.0000000000000000000, -1.000000000000000000 ) ) ;
#8284 = DIRECTION ( 'NONE',  ( -5.621902577818662400E-014, 1.000000000000000000, 7.543655159741172500E-013 ) ) ;
#8285 = CARTESIAN_POINT ( 'NONE',  ( -0.9119524414958266600, 3.910000000000000100, 1.230617774833483900 ) ) ;
#8286 = LINE ( 'NONE', #7608, #4715 ) ;
#8287 = VERTEX_POINT ( 'NONE', #5385 ) ;
#8288 =( LENGTH_UNIT ( ) NAMED_UNIT ( * ) SI_UNIT ( .MILLI., .METRE. ) );
#8289 = CARTESIAN_POINT ( 'NONE',  ( 0.7670852199908819700, 3.910000000000000100, 1.858185034836737700 ) ) ;
#8290 =( NAMED_UNIT ( * ) PLANE_ANGLE_UNIT ( ) SI_UNIT ( $, .RADIAN. ) );
#8291 = ORIENTED_EDGE ( 'NONE', *, *, #8294, .T. ) ;
#8292 = AXIS2_PLACEMENT_3D ( 'NONE', #1766, #3019, #7090 ) ;
#8293 = CARTESIAN_POINT ( 'NONE',  ( 0.1375158661093489100, 3.900000000000000400, 1.425053101743081900 ) ) ;
#8294 = EDGE_CURVE ( 'NONE', #2507, #1708, #6682, .T. ) ;
#8295 = SURFACE_SIDE_STYLE ('',( #1158 ) ) ;
#8296 = EDGE_CURVE ( 'NONE', #3160, #87, #6156, .T. ) ;
#8297 = ORIENTED_EDGE ( 'NONE', *, *, #8109, .T. ) ;
#8298 = CARTESIAN_POINT ( 'NONE',  ( -0.7113638498982438600, 3.900000000000002600, 1.226723950869610600 ) ) ;
#8299 = DIRECTION ( 'NONE',  ( -0.0000000000000000000, -0.0000000000000000000, -1.000000000000000000 ) ) ;
#8300 = CARTESIAN_POINT ( 'NONE',  ( 0.1132721796530012600, 3.909999999999999300, 1.337244975563917500 ) ) ;
#8301 = PRESENTATION_LAYER_ASSIGNMENT (  '', '', ( #5436 ) ) ;
#8302 = CARTESIAN_POINT ( 'NONE',  ( -0.1382370441786905400, 3.910000000000000100, 1.230888217922963900 ) ) ;
#8303 = ADVANCED_FACE ( 'NONE', ( #8353 ), #6789, .T. ) ;
#8304 = CARTESIAN_POINT ( 'NONE',  ( -0.3400398995950447100, 3.910000000000000100, 2.113611229231065800 ) ) ;
#8305 = CARTESIAN_POINT ( 'NONE',  ( 0.8342515837180390900, 3.899999999999999500, 1.668090404621739100 ) ) ;
#8306 = CARTESIAN_POINT ( 'NONE',  ( -0.9288721973592338800, 3.910000000000000100, 1.230088501477702500 ) ) ;
#8307 = ORIENTED_EDGE ( 'NONE', *, *, #3867, .F. ) ;
#8308 = CARTESIAN_POINT ( 'NONE',  ( -1.097794138337810000, 3.910000000000000100, 1.974478812076164900 ) ) ;
#8309 = B_SPLINE_CURVE_WITH_KNOTS ( 'NONE', 3,
 ( #371, #6323, #7073, #5053, #3706, #3676, #2977, #3730, #3059, #1693, #8298, #6351, #5077, #1044, #4310, #6954, #6378, #8382, #5630 ),
 .UNSPECIFIED., .F., .F.,
 ( 4, 1, 1, 1, 1, 1, 1, 1, 1, 1, 1, 1, 1, 1, 1, 1, 4 ),
 ( 0.0000000000000000000, 0.07088122456531613400, 0.1397513464861760100, 0.2066981375000645500, 0.2723314033248935800, 0.3367201738396918800, 0.3992083183904052700, 0.4603187995202969700, 0.5204598130973493400, 0.5799274380173117200, 0.6389295717607930100, 0.6975863482601698500, 0.7569807171128661900, 0.8166189229218459000, 0.8767478700857536100, 0.9374712265911598900, 0.9999999999999998900 ),
 .UNSPECIFIED. ) ;
#8310 = SURFACE_SIDE_STYLE ('',( #1185 ) ) ;
#8311 =( GEOMETRIC_REPRESENTATION_CONTEXT ( 3 ) GLOBAL_UNCERTAINTY_ASSIGNED_CONTEXT ( ( #1397 ) ) GLOBAL_UNIT_ASSIGNED_CONTEXT ( ( #6284, #8257, #285 ) ) REPRESENTATION_CONTEXT ( 'NONE', 'WORKASPACE' ) );
#8312 = PLANE ( 'NONE',  #7510 ) ;
#8313 = CARTESIAN_POINT ( 'NONE',  ( 5.109999999999999400, 0.6999999999999999600, 2.679598499466338000 ) ) ;
#8314 = CARTESIAN_POINT ( 'NONE',  ( 0.7187980145059021900, 3.900000000000001200, 1.995300671295387100 ) ) ;
#8315 = CARTESIAN_POINT ( 'NONE',  ( -2.140000000000000100, 2.860000000000000300, 21.14999999999999900 ) ) ;
#8316 = CARTESIAN_POINT ( 'NONE',  ( 1.039877802640766200, 3.910000000000000100, 1.669850014635597200 ) ) ;
#8317 = CARTESIAN_POINT ( 'NONE',  ( -0.7285655902593656300, 3.900000000000000400, 1.847816498490099800 ) ) ;
#8318 = CARTESIAN_POINT ( 'NONE',  ( -0.8959001795672870700, 3.899999999999999900, 1.555994642403131500 ) ) ;
#8319 = LINE ( 'NONE', #4530, #4032 ) ;
#8320 = CARTESIAN_POINT ( 'NONE',  ( -4.830036276717042800, 3.900000000000000400, 7.549999999999998000 ) ) ;
#8321 = CARTESIAN_POINT ( 'NONE',  ( 1.609506431519733600, 3.900000000000001200, 1.247019785449618100 ) ) ;
#8322 = CARTESIAN_POINT ( 'NONE',  ( -0.1776386447276548700, 3.910000000000000100, 2.164299027793492100 ) ) ;
#8323 = CARTESIAN_POINT ( 'NONE',  ( -0.4808945923252262400, 3.900000000000000400, 1.832561482806461600 ) ) ;
#8324 = ORIENTED_EDGE ( 'NONE', *, *, #6285, .T. ) ;
#8325 = CARTESIAN_POINT ( 'NONE',  ( -0.01006679661893525100, 3.909999999999999300, 1.337609843061248000 ) ) ;
#8326 = ORIENTED_EDGE ( 'NONE', *, *, #7451, .T. ) ;
#8327 = FACE_BOUND ( 'NONE', #5141, .T. ) ;
#8328 = CARTESIAN_POINT ( 'NONE',  ( -0.4299267098666247300, 3.909999999999999300, 2.001967824744207600 ) ) ;
#8329 = CARTESIAN_POINT ( 'NONE',  ( 0.3830020537318304400, 3.909999999999999300, 1.642866816224026300 ) ) ;
#8330 = CARTESIAN_POINT ( 'NONE',  ( -0.04018780284172589900, 3.900000000000001200, 2.013932225071909600 ) ) ;
#8331 = EDGE_CURVE ( 'NONE', #8078, #7593, #6767, .T. ) ;
#8332 = EDGE_CURVE ( 'NONE', #6897, #4252, #5202, .T. ) ;
#8333 = CARTESIAN_POINT ( 'NONE',  ( 0.4537130142721137500, 3.900000000000001200, 2.063227017920994800 ) ) ;
#8334 = CARTESIAN_POINT ( 'NONE',  ( 1.360408753277859000, 3.900000000000000800, 2.146115958734564600 ) ) ;
#8335 = LINE ( 'NONE', #6147, #1026 ) ;
#8336 = ORIENTED_EDGE ( 'NONE', *, *, #5463, .T. ) ;
#8337 = FACE_OUTER_BOUND ( 'NONE', #3408, .T. ) ;
#8338 = CARTESIAN_POINT ( 'NONE',  ( 1.286767331915341400, 3.900000000000000400, 1.977074447134680600 ) ) ;
#8339 = ORIENTED_EDGE ( 'NONE', *, *, #5091, .T. ) ;
#8340 = CARTESIAN_POINT ( 'NONE',  ( -2.102186342096076000, 3.910000000000000100, 2.151141133056650100 ) ) ;
#8341 = AXIS2_PLACEMENT_3D ( 'NONE', #4761, #6774, #2749 ) ;
#8342 = DIRECTION ( 'NONE',  ( 0.0000000000000000000, 0.0000000000000000000, -1.000000000000000000 ) ) ;
#8343 = ADVANCED_FACE ( 'NONE', ( #4362 ), #8312, .T. ) ;
#8344 = VERTEX_POINT ( 'NONE', #8194 ) ;
#8345 = CARTESIAN_POINT ( 'NONE',  ( 1.200202813077158500, 3.900000000000000400, 1.860445415353429600 ) ) ;
#8346 = EDGE_CURVE ( 'NONE', #6208, #7325, #815, .T. ) ;
#8347 = CARTESIAN_POINT ( 'NONE',  ( 0.7634101016885068700, 3.910000000000001000, 1.896980288456649600 ) ) ;
#8348 = ORIENTED_EDGE ( 'NONE', *, *, #7227, .T. ) ;
#8349 = CARTESIAN_POINT ( 'NONE',  ( 4.692586600614427000, 3.900000000000000400, 2.488748555299570500 ) ) ;
#8350 = EDGE_CURVE ( 'NONE', #644, #26, #7507, .T. ) ;
#8351 = CARTESIAN_POINT ( 'NONE',  ( -0.6069149605171285700, 3.900000000000000400, 1.866807251477702500 ) ) ;
#8352 = CARTESIAN_POINT ( 'NONE',  ( -0.8653660799552022100, 3.900000000000001200, 1.659673132907382800 ) ) ;
#8353 = FACE_OUTER_BOUND ( 'NONE', #2145, .T. ) ;
#8354 = CARTESIAN_POINT ( 'NONE',  ( 2.300070222628483000, 3.900000000000000800, 2.010761681936940300 ) ) ;
#8355 = CARTESIAN_POINT ( 'NONE',  ( -0.8500890028703358400, 3.909999999999999300, 1.539396519714496300 ) ) ;
#8356 = ORIENTED_EDGE ( 'NONE', *, *, #8449, .F. ) ;
#8357 = DIRECTION ( 'NONE',  ( 1.000000000000000000, 0.0000000000000000000, 0.0000000000000000000 ) ) ;
#8358 = CARTESIAN_POINT ( 'NONE',  ( -0.3685470063898704200, 3.900000000000000400, 1.518676631003809800 ) ) ;
#8359 = CARTESIAN_POINT ( 'NONE',  ( -2.009875486832918100, 3.900000000000000400, 1.151141133056649900 ) ) ;
#8360 = CARTESIAN_POINT ( 'NONE',  ( 1.727793061249243100, 3.899999999999998600, 1.279987264546943700 ) ) ;
#8361 = ADVANCED_BREP_SHAPE_REPRESENTATION ( '7805VoltageRegulator', ( #6474, #3133, #6089, #4520, #4248, #4937 ), #6582 ) ;
#8362 = SURFACE_SIDE_STYLE ('',( #6216 ) ) ;
#8363 = CARTESIAN_POINT ( 'NONE',  ( -5.002686081600999500, 0.6999999999999999600, 6.277029990532487800 ) ) ;
#8364 = CARTESIAN_POINT ( 'NONE',  ( -0.01132928713117153600, 3.899999999999999500, 1.968145484051233800 ) ) ;
#8365 = ORIENTED_EDGE ( 'NONE', *, *, #1171, .T. ) ;
#8366 = CARTESIAN_POINT ( 'NONE',  ( 0.3760473379879878400, 3.900000000000000400, 2.035311645391739300 ) ) ;
#8367 = SURFACE_STYLE_USAGE ( .BOTH. , #7546 ) ;
#8368 = VECTOR ( 'NONE', #907, 1000.000000000000000 ) ;
#8369 = CARTESIAN_POINT ( 'NONE',  ( 1.483864348711328600, 3.909999999999999300, 2.058207962310592400 ) ) ;
#8370 = ORIENTED_EDGE ( 'NONE', *, *, #5030, .F. ) ;
#8371 = VECTOR ( 'NONE', #1390, 1000.000000000000000 ) ;
#8372 = CARTESIAN_POINT ( 'NONE',  ( 0.6705113586557562800, 3.909999999999998400, 2.036789528350025700 ) ) ;
#8373 = CARTESIAN_POINT ( 'NONE',  ( 0.6078453161211405700, 3.910000000000000100, 2.063651380491140900 ) ) ;
#8374 = CARTESIAN_POINT ( 'NONE',  ( -0.9972308168998975700, 3.910000000000000100, 2.159265894435384400 ) ) ;
#8375 = DIRECTION ( 'NONE',  ( 0.0000000000000000000, 0.0000000000000000000, 1.000000000000000000 ) ) ;
#8376 = DIRECTION ( 'NONE',  ( -0.0000000000000000000, -1.000000000000000000, -0.0000000000000000000 ) ) ;
#8377 = COLOUR_RGB ( '',1.000000000000000000, 1.000000000000000000, 1.000000000000000000 ) ;
#8378 = ORIENTED_EDGE ( 'NONE', *, *, #6725, .T. ) ;
#8379 = CARTESIAN_POINT ( 'NONE',  ( -0.7642379337135423200, 3.899999999999999000, 1.411709330351375000 ) ) ;
#8380 = ORIENTED_EDGE ( 'NONE', *, *, #3190, .F. ) ;
#8381 = CARTESIAN_POINT ( 'NONE',  ( -0.3752736302402334100, 3.899999999999999900, 1.648122369937675900 ) ) ;
#8382 = CARTESIAN_POINT ( 'NONE',  ( -0.6503032388578496900, 3.899999999999999500, 1.378442546989780700 ) ) ;
#8383 = CARTESIAN_POINT ( 'NONE',  ( -0.4000000000000000200, 2.860000000000000300, 12.04999999999999900 ) ) ;
#8384 = CARTESIAN_POINT ( 'NONE',  ( -4.885218250763395000, 2.837867965644031500, -0.9500000000000029500 ) ) ;
#8385 = VECTOR ( 'NONE', #1401, 1000.000000000000000 ) ;
#8386 = CARTESIAN_POINT ( 'NONE',  ( -1.139206125532739500, 3.900000000000000400, 2.100722587764040300 ) ) ;
#8387 = CARTESIAN_POINT ( 'NONE',  ( 1.535087307113200100, 3.910000000000000100, 2.058844812211908100 ) ) ;
#8388 = ADVANCED_FACE ( 'NONE', ( #5739 ), #401, .T. ) ;
#8389 = EDGE_LOOP ( 'NONE', ( #386, #5745, #4063, #4913 ) ) ;
#8390 = ORIENTED_EDGE ( 'NONE', *, *, #395, .F. ) ;
#8391 = DIRECTION ( 'NONE',  ( 0.0000000000000000000, -0.0000000000000000000, 1.000000000000000000 ) ) ;
#8392 = CARTESIAN_POINT ( 'NONE',  ( -3.240000000000000700, 2.860000000000000300, 12.04999999999999900 ) ) ;
#8393 = DIRECTION ( 'NONE',  ( 0.0000000000000000000, 1.000000000000000000, 0.0000000000000000000 ) ) ;
#8394 = ORIENTED_EDGE ( 'NONE', *, *, #1117, .T. ) ;
#8395 = CARTESIAN_POINT ( 'NONE',  ( -1.252268578938181100, 3.900000000000000400, 1.866807251477702500 ) ) ;
#8396 = CARTESIAN_POINT ( 'NONE',  ( 0.07900755899172833000, 3.900000000000000800, 1.265303835875168000 ) ) ;
#8397 = CARTESIAN_POINT ( 'NONE',  ( -1.125133166703804000, 3.899999999999999500, 1.812009073289746300 ) ) ;
#8398 = EDGE_CURVE ( 'NONE', #1151, #8078, #8142, .T. ) ;
#8399 = ORIENTED_EDGE ( 'NONE', *, *, #287, .T. ) ;
#8400 = CARTESIAN_POINT ( 'NONE',  ( -1.097794138337810000, 3.900000000000000400, 1.974478812076164900 ) ) ;
#8401 = PRESENTATION_LAYER_ASSIGNMENT (  '', '', ( #621 ) ) ;
#8402 = CARTESIAN_POINT ( 'NONE',  ( -1.099265424936660500, 3.910000000000000100, 1.583005077371607800 ) ) ;
#8403 = DIRECTION ( 'NONE',  ( -0.3457053588273560400, 0.0000000000000000000, 0.9383431168171101300 ) ) ;
#8404 = VECTOR ( 'NONE', #5964, 1000.000000000000000 ) ;
#8405 = CARTESIAN_POINT ( 'NONE',  ( 5.110000000000000300, 0.6999999999999999600, 6.420401500533657200 ) ) ;
#8406 = CARTESIAN_POINT ( 'NONE',  ( -0.6960505955168393400, 3.899999999999999900, 1.661307443658489100 ) ) ;
#8407 = CARTESIAN_POINT ( 'NONE',  ( -0.7705444870946540600, 3.910000000000000100, 1.725721205425626300 ) ) ;
#8408 = B_SPLINE_CURVE_WITH_KNOTS ( 'NONE', 3,
 ( #5677, #2988, #6929, #3661, #8334, #4322, #331, #1673, #7026, #3016, #7690, #3690, #5035, #5804, #4528, #1247, #3739, #5432, #7218 ),
 .UNSPECIFIED., .F., .F.,
 ( 4, 1, 1, 1, 1, 1, 1, 1, 1, 1, 1, 1, 1, 1, 1, 1, 4 ),
 ( 0.0000000000000000000, 0.06760800320829764300, 0.1322145719265444800, 0.1943824857297349100, 0.2547427744392781200, 0.3138707287455922400, 0.3728106047536226000, 0.4318485510134582000, 0.4919529166493166200, 0.5524333349230929900, 0.6126589372366210200, 0.6728654445584467700, 0.7343989634389270800, 0.7971536513488017800, 0.8619773165616060300, 0.9294453967793907500, 0.9999999999999998900 ),
 .UNSPECIFIED. ) ;
#8409 = STYLED_ITEM ( 'NONE', ( #3326 ), #4248 ) ;
#8410 = AXIS2_PLACEMENT_3D ( 'NONE', #1169, #1867, #1105 ) ;
#8411 = CARTESIAN_POINT ( 'NONE',  ( -1.242413034622522000, 3.899999999999999500, 1.792687993740372800 ) ) ;
#8412 = FACE_OUTER_BOUND ( 'NONE', #4076, .T. ) ;
#8413 = CARTESIAN_POINT ( 'NONE',  ( -1.840000000000000500, 2.299999999999999800, 12.04999999999999900 ) ) ;
#8414 = FILL_AREA_STYLE_COLOUR ( '', #1172 ) ;
#8415 = ORIENTED_EDGE ( 'NONE', *, *, #2800, .T. ) ;
#8416 = CARTESIAN_POINT ( 'NONE',  ( -0.4808945923252262400, 3.910000000000000100, 1.832561482806461600 ) ) ;
#8417 = CARTESIAN_POINT ( 'NONE',  ( -4.884897671125798100, 3.272931392505475000, 6.582126122668023900 ) ) ;
#8418 = AXIS2_PLACEMENT_3D ( 'NONE', #5882, #8443, #8507 ) ;
#8419 = CARTESIAN_POINT ( 'NONE',  ( 5.004477282108059200, 0.6783325546574628900, 6.275579906640107500 ) ) ;
#8420 = CARTESIAN_POINT ( 'NONE',  ( -1.073885896203625100, 3.909999999999998400, 1.474067561409570800 ) ) ;
#8421 = CARTESIAN_POINT ( 'NONE',  ( -0.4917820340010258300, 3.910000000000000100, 1.690073392518776100 ) ) ;
#8422 = VECTOR ( 'NONE', #381, 1000.000000000000000 ) ;
#8423 = DIRECTION ( 'NONE',  ( 0.0000000000000000000, 0.0000000000000000000, -1.000000000000000000 ) ) ;
#8424 = CARTESIAN_POINT ( 'NONE',  ( -0.2944498371675710600, 3.900000000000000400, 2.014977960415515100 ) ) ;
#8425 = B_SPLINE_CURVE_WITH_KNOTS ( 'NONE', 3,
 ( #165, #2066, #5493, #826, #6130, #6827, #6775, #8127, #6801, #6187, #2780, #6101, #2813, #7466, #8102, #104, #4762 ),
 .UNSPECIFIED., .F., .F.,
 ( 4, 1, 1, 1, 1, 1, 1, 1, 1, 1, 1, 1, 1, 1, 4 ),
 ( 0.0000000000000000000, 0.1173016550657912400, 0.2379161112571015800, 0.2995647044836553000, 0.3608357731646882300, 0.4217328841644785700, 0.4828334529715652100, 0.5447469772660769000, 0.6068751071409689300, 0.6700795636961021100, 0.7346327516175870100, 0.8004934087845776400, 0.8660447371875079600, 0.9325846402551653000, 1.000000000000000000 ),
 .UNSPECIFIED. ) ;
#8426 = CARTESIAN_POINT ( 'NONE',  ( 0.6892890289514700400, 3.909999999999999300, 1.565976141233017100 ) ) ;
#8427 = CARTESIAN_POINT ( 'NONE',  ( 4.927776414419627200, 2.782825113980315300, 6.552387167821693800 ) ) ;
#8428 = PRESENTATION_STYLE_ASSIGNMENT (( #3575 ) ) ;
#8429 = CARTESIAN_POINT ( 'NONE',  ( -1.128569220437213100, 3.900000000000000400, 1.862291809820914200 ) ) ;
#8430 = ORIENTED_EDGE ( 'NONE', *, *, #2784, .T. ) ;
#8431 = CARTESIAN_POINT ( 'NONE',  ( -1.215222432378078000, 3.909999999999999300, 1.728526308594131400 ) ) ;
#8432 = ADVANCED_FACE ( 'NONE', ( #4779 ), #4354, .T. ) ;
#8433 = CARTESIAN_POINT ( 'NONE',  ( 1.483864348711328600, 3.899999999999999500, 2.058207962310592400 ) ) ;
#8434 = VECTOR ( 'NONE', #6776, 1000.000000000000000 ) ;
#8435 = CARTESIAN_POINT ( 'NONE',  ( 1.839999999999999900, 2.299999999999999800, 7.549999999999998000 ) ) ;
#8436 = CARTESIAN_POINT ( 'NONE',  ( 0.7634101016885068700, 3.900000000000001700, 1.896980288456649600 ) ) ;
#8437 = CARTESIAN_POINT ( 'NONE',  ( -1.233148344142500900, 3.900000000000001200, 1.766449654053789100 ) ) ;
#8438 = LINE ( 'NONE', #6186, #7701 ) ;
#8439 = CARTESIAN_POINT ( 'NONE',  ( -0.1699936456878599600, 3.909999999999999300, 1.138323917596906400 ) ) ;
#8440 = ORIENTED_EDGE ( 'NONE', *, *, #7665, .F. ) ;
#8441 = SURFACE_SIDE_STYLE ('',( #6946 ) ) ;
#8442 = CARTESIAN_POINT ( 'NONE',  ( -1.161668914274490500, 3.909999999999999300, 2.082010034441768900 ) ) ;
#8443 = DIRECTION ( 'NONE',  ( 0.0000000000000000000, 0.0000000000000000000, 1.000000000000000000 ) ) ;
#8444 = CARTESIAN_POINT ( 'NONE',  ( -1.093345881569760300, 3.910000000000000100, 1.394973369898755200 ) ) ;
#8445 = ORIENTED_EDGE ( 'NONE', *, *, #6103, .F. ) ;
#8446 = CARTESIAN_POINT ( 'NONE',  ( -0.3102621378589839900, 3.899999999999999500, 1.994347555481315000 ) ) ;
#8447 = EDGE_CURVE ( 'NONE', #5807, #407, #6481, .T. ) ;
#8448 = VECTOR ( 'NONE', #169, 1000.000000000000000 ) ;
#8449 = EDGE_CURVE ( 'NONE', #5973, #4784, #7663, .T. ) ;
#8450 = CARTESIAN_POINT ( 'NONE',  ( 0.5860212024127132700, 3.909999999999999300, 1.546514740917553000 ) ) ;
#8451 = EDGE_LOOP ( 'NONE', ( #5408, #4829, #7881, #6190 ) ) ;
#8452 = CARTESIAN_POINT ( 'NONE',  ( 5.024129811261213200, 1.681500748532234000, 6.483607587301334800 ) ) ;
#8453 = ORIENTED_EDGE ( 'NONE', *, *, #2470, .T. ) ;
#8454 = CARTESIAN_POINT ( 'NONE',  ( -1.120447029538654600, 3.910000000000000100, 1.791828453429304300 ) ) ;
#8455 = CARTESIAN_POINT ( 'NONE',  ( -0.9507658467698252300, 3.899999999999999900, 2.058738467308183200 ) ) ;
#8456 = EDGE_LOOP ( 'NONE', ( #1385, #4100, #2683, #8542 ) ) ;
#8457 = DIRECTION ( 'NONE',  ( -1.000000000000000000, 0.0000000000000000000, 0.0000000000000000000 ) ) ;
#8458 = AXIS2_PLACEMENT_3D ( 'NONE', #8592, #1226, #7224 ) ;
#8459 = DIRECTION ( 'NONE',  ( -0.9961946980917457700, 0.08715574274765462700, 0.0000000000000000000 ) ) ;
#8460 = CARTESIAN_POINT ( 'NONE',  ( -1.092905868871751200, 3.900000000000000800, 1.411917846710915000 ) ) ;
#8461 = EDGE_CURVE ( 'NONE', #7301, #5079, #2688, .T. ) ;
#8462 = CARTESIAN_POINT ( 'NONE',  ( -0.8358268959603332200, 3.900000000000001700, 1.257449253445890800 ) ) ;
#8463 = EDGE_CURVE ( 'NONE', #6391, #5973, #7397, .T. ) ;
#8464 =( NAMED_UNIT ( * ) SI_UNIT ( $, .STERADIAN. ) SOLID_ANGLE_UNIT ( ) );
#8465 = FILL_AREA_STYLE_COLOUR ( '', #7082 ) ;
#8466 = VECTOR ( 'NONE', #3983, 1000.000000000000000 ) ;
#8467 =( NAMED_UNIT ( * ) PLANE_ANGLE_UNIT ( ) SI_UNIT ( $, .RADIAN. ) );
#8468 = AXIS2_PLACEMENT_3D ( 'NONE', #8610, #1163, #8495 ) ;
#8469 = CARTESIAN_POINT ( 'NONE',  ( -1.233148344142500900, 3.910000000000001000, 1.766449654053789100 ) ) ;
#8470 = CARTESIAN_POINT ( 'NONE',  ( 5.110000000000000300, 0.6999999999999999600, 6.420401500533657200 ) ) ;
#8471 = ORIENTED_EDGE ( 'NONE', *, *, #685, .F. ) ;
#8472 =( NAMED_UNIT ( * ) PLANE_ANGLE_UNIT ( ) SI_UNIT ( $, .RADIAN. ) );
#8473 = CARTESIAN_POINT ( 'NONE',  ( -0.1582244636513462900, 3.909999999999999300, 2.071867133275934400 ) ) ;
#8474 = CARTESIAN_POINT ( 'NONE',  ( -0.1878888892066339900, 3.910000000000000100, 1.230931758145481100 ) ) ;
#8475 = CARTESIAN_POINT ( 'NONE',  ( -1.093345881569760300, 3.900000000000000400, 1.394973369898755200 ) ) ;
#8476 = ADVANCED_FACE ( 'NONE', ( #7298 ), #2789, .F. ) ;
#8477 = CARTESIAN_POINT ( 'NONE',  ( -0.3557444289621308200, 3.910000000000001000, 1.879375298833010400 ) ) ;
#8478 = CARTESIAN_POINT ( 'NONE',  ( -0.4803475336890499800, 3.910000000000000100, 1.493900912537324600 ) ) ;
#8479 = VECTOR ( 'NONE', #5438, 1000.000000000000000 ) ;
#8480 = AXIS2_PLACEMENT_3D ( 'NONE', #1922, #672, #8668 ) ;
#8481 = EDGE_LOOP ( 'NONE', ( #1434, #7950, #3330, #5714 ) ) ;
#8482 =( LENGTH_UNIT ( ) NAMED_UNIT ( * ) SI_UNIT ( .MILLI., .METRE. ) );
#8483 = CARTESIAN_POINT ( 'NONE',  ( 0.03475138283164586100, 3.899999999999999000, 1.209208006593465600 ) ) ;
#8484 = VECTOR ( 'NONE', #3122, 1000.000000000000000 ) ;
#8485 = ORIENTED_EDGE ( 'NONE', *, *, #2041, .T. ) ;
#8486 = CARTESIAN_POINT ( 'NONE',  ( -1.128502065523205000, 3.900000000000001200, 1.847403293166318700 ) ) ;
#8487 = FILL_AREA_STYLE ('',( #3807 ) ) ;
#8488 = LINE ( 'NONE', #2981, #5247 ) ;
#8489 = CARTESIAN_POINT ( 'NONE',  ( -1.209299828938181100, 3.910000000000000100, 1.387160869898755200 ) ) ;
#8490 = CARTESIAN_POINT ( 'NONE',  ( -1.188506495173645300, 3.910000000000000100, 1.287746495369543200 ) ) ;
#8491 = VERTEX_POINT ( 'NONE', #426 ) ;
#8492 = CARTESIAN_POINT ( 'NONE',  ( -0.9288721973592338800, 3.900000000000000400, 1.559035869898755200 ) ) ;
#8493 = ORIENTED_EDGE ( 'NONE', *, *, #5307, .F. ) ;
#8494 = CARTESIAN_POINT ( 'NONE',  ( -1.402739152704132400, 3.899999999999998600, 1.264161370123481700 ) ) ;
#8495 = DIRECTION ( 'NONE',  ( 0.0000000000000000000, 0.0000000000000000000, -1.000000000000000000 ) ) ;
#8496 = CARTESIAN_POINT ( 'NONE',  ( -0.7365301716344396800, 3.899999999999999500, 1.919222734824205700 ) ) ;
#8497 = FACE_OUTER_BOUND ( 'NONE', #7259, .T. ) ;
#8498 = CARTESIAN_POINT ( 'NONE',  ( -1.852407406776008800, 3.909999999999999300, 2.106064550763634200 ) ) ;
#8499 = CARTESIAN_POINT ( 'NONE',  ( -1.252268578938181100, 3.900000000000000400, 1.866807251477702500 ) ) ;
#8500 = PRESENTATION_STYLE_ASSIGNMENT (( #3222 ) ) ;
#8501 = ORIENTED_EDGE ( 'NONE', *, *, #7330, .T. ) ;
#8502 = ORIENTED_EDGE ( 'NONE', *, *, #6456, .T. ) ;
#8503 = CARTESIAN_POINT ( 'NONE',  ( -0.4602285931185369800, 3.900000000000000400, 1.924272198604710400 ) ) ;
#8504 = EDGE_CURVE ( 'NONE', #4252, #1056, #708, .T. ) ;
#8505 = CARTESIAN_POINT ( 'NONE',  ( 0.03967221053550280800, 3.910000000000000100, 1.658131264635597500 ) ) ;
#8506 = EDGE_CURVE ( 'NONE', #3553, #1648, #83, .T. ) ;
#8507 = DIRECTION ( 'NONE',  ( 1.000000000000000000, 0.0000000000000000000, 0.0000000000000000000 ) ) ;
#8508 = CARTESIAN_POINT ( 'NONE',  ( -0.9978230206928546700, 3.899999999999999500, 1.544960598544940400 ) ) ;
#8509 = LINE ( 'NONE', #2919, #3177 ) ;
#8510 = CARTESIAN_POINT ( 'NONE',  ( -0.4917133078841706100, 3.900000000000000400, 1.649832091238682600 ) ) ;
#8511 = SURFACE_SIDE_STYLE ('',( #4384 ) ) ;
#8512 = AXIS2_PLACEMENT_3D ( 'NONE', #4087, #5348, #1430 ) ;
#8513 = VECTOR ( 'NONE', #985, 1000.000000000000000 ) ;
#8514 = CARTESIAN_POINT ( 'NONE',  ( 0.4765554342197135800, 3.900000000000000400, 1.256404290951386600 ) ) ;
#8515 = EDGE_CURVE ( 'NONE', #4882, #5479, #5904, .T. ) ;
#8516 = CARTESIAN_POINT ( 'NONE',  ( 0.001004805290555698100, 3.899999999999999500, 1.940596479836321100 ) ) ;
#8517 = AXIS2_PLACEMENT_3D ( 'NONE', #6194, #2073, #116 ) ;
#8518 = ORIENTED_EDGE ( 'NONE', *, *, #7287, .T. ) ;
#8519 = CARTESIAN_POINT ( 'NONE',  ( -1.731228162214270400, 3.909999999999999300, 2.105758449965722700 ) ) ;
#8520 = MECHANICAL_DESIGN_GEOMETRIC_PRESENTATION_REPRESENTATION (  '', ( #5214 ), #3258 ) ;
#8521 = CARTESIAN_POINT ( 'NONE',  ( -0.3239094077480848500, 3.899999999999999900, 1.970137351496767700 ) ) ;
#8522 = CARTESIAN_POINT ( 'NONE',  ( -1.735262844574371600, 3.899999999999999500, 2.136113034064066600 ) ) ;
#8523 = CARTESIAN_POINT ( 'NONE',  ( -1.737260355253970700, 3.900000000000000400, 2.151141133056650100 ) ) ;
#8524 =( LENGTH_UNIT ( ) NAMED_UNIT ( * ) SI_UNIT ( .MILLI., .METRE. ) );
#8525 = TOROIDAL_SURFACE ( 'NONE', #8458, 2.217413399385571800, 0.1499999999999999900 ) ;
#8526 = DIRECTION ( 'NONE',  ( 0.3686337421845108400, -2.891205793294669900E-015, 0.9295747221837754600 ) ) ;
#8527 = CARTESIAN_POINT ( 'NONE',  ( -0.3843869626528593800, 3.910000000000000100, 1.242320515905849900 ) ) ;
#8528 = LINE ( 'NONE', #6968, #7065 ) ;
#8529 =( LENGTH_UNIT ( ) NAMED_UNIT ( * ) SI_UNIT ( .MILLI., .METRE. ) );
#8530 = UNCERTAINTY_MEASURE_WITH_UNIT (LENGTH_MEASURE( 1.000000000000000100E-005 ), #6729, 'distance_accuracy_value', 'NONE');
#8531 = VERTEX_POINT ( 'NONE', #8547 ) ;
#8532 = CARTESIAN_POINT ( 'NONE',  ( 0.02013762012109985100, 3.909999999999999300, 1.875634546402740900 ) ) ;
#8533 = STYLED_ITEM ( 'NONE', ( #5978 ), #7124 ) ;
#8534 = CARTESIAN_POINT ( 'NONE',  ( 1.725095827048638500, 3.900000000000000400, 2.022467561160590700 ) ) ;
#8535 = CARTESIAN_POINT ( 'NONE',  ( -0.9455914357427441800, 3.900000000000000400, 1.558524221780324800 ) ) ;
#8536 = FACE_OUTER_BOUND ( 'NONE', #4160, .T. ) ;
#8537 = CARTESIAN_POINT ( 'NONE',  ( -1.067737297305218200, 3.910000000000000100, 1.302308556093678900 ) ) ;
#8538 = LINE ( 'NONE', #5587, #172 ) ;
#8539 = CARTESIAN_POINT ( 'NONE',  ( 0.8492090755779576600, 3.910000000000001000, 1.693046098911053200 ) ) ;
#8540 = ORIENTED_EDGE ( 'NONE', *, *, #4291, .F. ) ;
#8541 = B_SPLINE_SURFACE_WITH_KNOTS ( 'NONE', 3, 1, ( 
 ( #7476, #4806 ),
 ( #4860, #2170 ),
 ( #8115, #4168 ),
 ( #2734, #3497 ),
 ( #8174, #764 ),
 ( #4135, #6141 ),
 ( #4108, #2857 ),
 ( #4078, #1423 ),
 ( #88, #3468 ),
 ( #813, #4776 ),
 ( #1534, #2078 ),
 ( #6843, #123 ),
 ( #3441, #5507 ),
 ( #6787, #786 ),
 ( #2049, #2825 ),
 ( #5453, #2763 ),
 ( #1482, #2107 ),
 ( #843, #4745 ),
 ( #7421, #8140 ) ),
 .UNSPECIFIED., .F., .F., .F.,
 ( 4, 1, 1, 1, 1, 1, 1, 1, 1, 1, 1, 1, 1, 1, 1, 1, 4 ),
 ( 2, 2 ),
 ( 0.0000000000000000000, 0.07079570527834713700, 0.1388647686969372000, 0.2041275587501510900, 0.2676266321517518600, 0.3293082876095158000, 0.3883688492131451800, 0.4469042947911828200, 0.5042866857190101400, 0.5620395740266847000, 0.6195386642338772700, 0.6783579784434101700, 0.7391272557922703400, 0.8016105364760481900, 0.8654923300083337000, 0.9311151762345898400, 0.9999999999999998900 ),
 ( 0.0000000000000000000, 1.000000000000000000 ),
 .UNSPECIFIED. ) ;
#8542 = ORIENTED_EDGE ( 'NONE', *, *, #2677, .T. ) ;
#8543 = ADVANCED_FACE ( 'NONE', ( #7817 ), #6489, .T. ) ;
#8544 = VECTOR ( 'NONE', #3606, 1000.000000000000000 ) ;
#8545 = DIRECTION ( 'NONE',  ( 0.06174578541844680200, -0.7057575568079537100, -0.7057575568079501600 ) ) ;
#8546 = CARTESIAN_POINT ( 'NONE',  ( -5.110000000000000300, 0.6999999999999999600, 7.549999999999998000 ) ) ;
#8547 = CARTESIAN_POINT ( 'NONE',  ( -5.110000000000000300, 0.6999999999999999600, -0.9500000000000029500 ) ) ;
#8548 = VERTEX_POINT ( 'NONE', #4559 ) ;
#8549 = CARTESIAN_POINT ( 'NONE',  ( 0.0000000000000000000, 3.900000000000000400, 6.049999999999998000 ) ) ;
#8550 = VERTEX_POINT ( 'NONE', #7845 ) ;
#8551 = CARTESIAN_POINT ( 'NONE',  ( -1.675343797452026400, 3.899999999999999500, 1.875903867194956200 ) ) ;
#8552 = CARTESIAN_POINT ( 'NONE',  ( 2.600733065798660700, 3.900000000000000400, 1.151141133056649900 ) ) ;
#8553 = CARTESIAN_POINT ( 'NONE',  ( -0.7721475842367933100, 3.910000000000001000, 1.989211366430743600 ) ) ;
#8554 = VECTOR ( 'NONE', #2469, 1000.000000000000000 ) ;
#8555 = FILL_AREA_STYLE ('',( #6612 ) ) ;
#8556 = CARTESIAN_POINT ( 'NONE',  ( 4.842777713756505300, 3.754364708226595000, 7.549999999999998000 ) ) ;
#8557 = CARTESIAN_POINT ( 'NONE',  ( -0.1957218937029105400, 3.909999999999999300, 1.138991997791358300 ) ) ;
#8558 = VERTEX_POINT ( 'NONE', #6516 ) ;
#8559 = SURFACE_STYLE_USAGE ( .BOTH. , #4570 ) ;
#8560 =( NAMED_UNIT ( * ) PLANE_ANGLE_UNIT ( ) SI_UNIT ( $, .RADIAN. ) );
#8561 = CARTESIAN_POINT ( 'NONE',  ( -1.036782838000014400, 3.900000000000000400, 1.267499593698333100 ) ) ;
#8562 = STYLED_ITEM ( 'NONE', ( #6073 ), #1770 ) ;
#8563 = CARTESIAN_POINT ( 'NONE',  ( -2.618428118411865800, 3.910000000000000100, 2.151141133056650100 ) ) ;
#8564 = EDGE_CURVE ( 'NONE', #917, #6153, #3962, .T. ) ;
#8565 = CARTESIAN_POINT ( 'NONE',  ( -0.9958415155878631600, 3.909999999999998400, 1.242777731406501400 ) ) ;
#8566 = EDGE_CURVE ( 'NONE', #1460, #5004, #2363, .T. ) ;
#8567 = CARTESIAN_POINT ( 'NONE',  ( 0.7667029290875319000, 3.900000000000000400, 1.826420203373336800 ) ) ;
#8568 = CARTESIAN_POINT ( 'NONE',  ( -0.7639351675601026000, 3.909999999999999300, 1.400602103218603800 ) ) ;
#8569 = SURFACE_SIDE_STYLE ('',( #6766 ) ) ;
#8570 = VERTEX_POINT ( 'NONE', #1159 ) ;
#8571 = ORIENTED_EDGE ( 'NONE', *, *, #558, .F. ) ;
#8572 = DIRECTION ( 'NONE',  ( 1.936075308009828400E-016, -1.000000000000000000, -0.0000000000000000000 ) ) ;
#8573 = MECHANICAL_DESIGN_GEOMETRIC_PRESENTATION_REPRESENTATION (  '', ( #7239 ), #4246 ) ;
#8574 = DIRECTION ( 'NONE',  ( -1.000000000000000000, 0.0000000000000000000, -0.0000000000000000000 ) ) ;
#8575 = MECHANICAL_DESIGN_GEOMETRIC_PRESENTATION_REPRESENTATION (  '', ( #5272 ), #1857 ) ;
#8576 = SURFACE_STYLE_USAGE ( .BOTH. , #3786 ) ;
#8577 = CARTESIAN_POINT ( 'NONE',  ( -1.520877415765496700, 3.900000000000000400, 1.273828602291265900 ) ) ;
#8578 = FILL_AREA_STYLE_COLOUR ( '', #5301 ) ;
#8579 = CARTESIAN_POINT ( 'NONE',  ( -0.9217337726044777500, 3.910000000000000100, 2.058920125463912200 ) ) ;
#8580 =( BOUNDED_SURFACE ( )  B_SPLINE_SURFACE ( 3, 2, ( 
 ( #8419, #3710, #353 ),
 ( #7018, #1637, #1668 ),
 ( #2384, #4284, #6327 ),
 ( #6384, #3067, #2300 ) ),
 .UNSPECIFIED., .F., .F., .T. ) 
 B_SPLINE_SURFACE_WITH_KNOTS ( ( 4, 4 ),
 ( 3, 3 ),
 ( 0.002218824789477351000, 0.005321303921084391400 ),
 ( 0.0000000000000000000, 1.000000000000000000 ),
 .UNSPECIFIED. ) 
 GEOMETRIC_REPRESENTATION_ITEM ( )  RATIONAL_B_SPLINE_SURFACE ( (
 ( 1.000000000000000000, 0.8020606494431624700, 1.000000000000000000),
 ( 1.000000000000000000, 0.8123234407317653200, 1.000000000000000000),
 ( 1.000000000000000000, 0.8210067751069554100, 1.000000000000000000),
 ( 1.000000000000000000, 0.8286825925071529300, 1.000000000000000000) ) ) 
 REPRESENTATION_ITEM ( '' )  SURFACE ( )  );
#8581 = ORIENTED_EDGE ( 'NONE', *, *, #6228, .F. ) ;
#8582 = ORIENTED_EDGE ( 'NONE', *, *, #6406, .T. ) ;
#8583 = CARTESIAN_POINT ( 'NONE',  ( -1.817016428609953900, 3.910000000000000100, 1.953546223279781800 ) ) ;
#8584 = ADVANCED_FACE ( 'NONE', ( #6263 ), #5850, .T. ) ;
#8585 = AXIS2_PLACEMENT_3D ( 'NONE', #6462, #3053, #2317 ) ;
#8586 = CARTESIAN_POINT ( 'NONE',  ( -0.8115100228532468000, 3.910000000000000100, 1.277208340471333200 ) ) ;
#8587 = CARTESIAN_POINT ( 'NONE',  ( 2.319894250009187300, 3.910000000000000100, 1.942465146214544800 ) ) ;
#8588 = SURFACE_STYLE_FILL_AREA ( #299 ) ;
#8589 = CARTESIAN_POINT ( 'NONE',  ( -1.105334198985121800, 3.910000000000001000, 1.754616079202461700 ) ) ;
#8590 = EDGE_LOOP ( 'NONE', ( #1047, #7013, #636, #7804, #3479, #7142, #3787, #521 ) ) ;
#8591 = CARTESIAN_POINT ( 'NONE',  ( 1.532457630958893300, 3.899999999999999000, 1.243594874084015000 ) ) ;
#8592 = CARTESIAN_POINT ( 'NONE',  ( 5.509999999999998900, 3.750000000000000400, 4.549999999999998000 ) ) ;
#8593 = ORIENTED_EDGE ( 'NONE', *, *, #6559, .F. ) ;
#8594 = CARTESIAN_POINT ( 'NONE',  ( -1.520877415765496700, 3.900000000000000400, 1.273828602291265900 ) ) ;
#8595 = CARTESIAN_POINT ( 'NONE',  ( -0.4870320144072295400, 3.910000000000001900, 1.549504502689441000 ) ) ;
#8596 = DIRECTION ( 'NONE',  ( 1.000000000000000000, 0.0000000000000000000, -0.0000000000000000000 ) ) ;
#8597 = B_SPLINE_SURFACE_WITH_KNOTS ( 'NONE', 3, 1, ( 
 ( #7452, #898 ),
 ( #2259, #2199 ),
 ( #7562, #3001 ),
 ( #5566, #5019 ),
 ( #1568, #7624 ),
 ( #2937, #3584 ),
 ( #8355, #294 ),
 ( #345, #8232 ),
 ( #4959, #6292 ),
 ( #2292, #3615 ),
 ( #6977, #2975 ),
 ( #4220, #1603 ),
 ( #1632, #7589 ),
 ( #6919, #6950 ),
 ( #2882, #2911 ),
 ( #8265, #266 ),
 ( #1015, #5693 ) ),
 .UNSPECIFIED., .F., .F., .F.,
 ( 4, 1, 1, 1, 1, 1, 1, 1, 1, 1, 1, 1, 1, 1, 4 ),
 ( 2, 2 ),
 ( 0.0000000000000000000, 0.06456253624186476800, 0.1289628980166708500, 0.1913284432258166000, 0.2550610669164861100, 0.3177307371991350300, 0.3791697185100769100, 0.4406293273123876300, 0.5009281852497808900, 0.6225333309010661100, 0.7454783258400595700, 0.8084657470814725600, 0.8710291417535992500, 0.9346423226586254600, 1.000000000000000000 ),
 ( 0.0000000000000000000, 1.000000000000000000 ),
 .UNSPECIFIED. ) ;
#8598 = VECTOR ( 'NONE', #7664, 1000.000000000000000 ) ;
#8599 = EDGE_LOOP ( 'NONE', ( #8182, #1825, #1372, #7404 ) ) ;
#8600 = ORIENTED_EDGE ( 'NONE', *, *, #1624, .F. ) ;
#8601 = CARTESIAN_POINT ( 'NONE',  ( 0.3864094140632616200, 3.910000000000000100, 2.148907785106605800 ) ) ;
#8602 = DIRECTION ( 'NONE',  ( -0.0000000000000000000, -1.000000000000000000, -0.0000000000000000000 ) ) ;
#8603 = CARTESIAN_POINT ( 'NONE',  ( -0.6810732108207676600, 3.899999999999999500, 1.676973832692825200 ) ) ;
#8604 =( NAMED_UNIT ( * ) SI_UNIT ( $, .STERADIAN. ) SOLID_ANGLE_UNIT ( ) );
#8605 = CARTESIAN_POINT ( 'NONE',  ( 1.521038310878801900, 3.899999999999998600, 2.164187207660412500 ) ) ;
#8606 = CARTESIAN_POINT ( 'NONE',  ( 0.6426934834061551700, 3.909999999999999300, 2.152268123654015300 ) ) ;
#8607 = CARTESIAN_POINT ( 'NONE',  ( -1.713270751476662500, 3.900000000000001200, 2.014287945653671300 ) ) ;
#8608 = COLOUR_RGB ( '',1.000000000000000000, 1.000000000000000000, 1.000000000000000000 ) ;
#8609 = ORIENTED_EDGE ( 'NONE', *, *, #112, .T. ) ;
#8610 = CARTESIAN_POINT ( 'NONE',  ( 0.8381919473776084900, 3.910000000000000100, 1.151141133056649900 ) ) ;
#8611 = FILL_AREA_STYLE ('',( #8465 ) ) ;
#8612 = ORIENTED_EDGE ( 'NONE', *, *, #1741, .T. ) ;
#8613 = CARTESIAN_POINT ( 'NONE',  ( -1.067737297305218200, 3.900000000000000400, 1.302308556093678900 ) ) ;
#8614 = LINE ( 'NONE', #2126, #7465 ) ;
#8615 = CARTESIAN_POINT ( 'NONE',  ( -0.8953688156990530200, 3.900000000000000400, 1.232803288742701600 ) ) ;
#8616 = ORIENTED_EDGE ( 'NONE', *, *, #498, .T. ) ;
#8617 = UNCERTAINTY_MEASURE_WITH_UNIT (LENGTH_MEASURE( 1.000000000000000100E-005 ), #8281, 'distance_accuracy_value', 'NONE');
#8618 = FILL_AREA_STYLE ('',( #3936 ) ) ;
#8619 = EDGE_CURVE ( 'NONE', #2547, #2840, #5506, .T. ) ;
#8620 = EDGE_CURVE ( 'NONE', #7871, #4624, #6553, .T. ) ;
#8621 = CARTESIAN_POINT ( 'NONE',  ( -1.093345881569760300, 3.900000000000000400, 1.394973369898755200 ) ) ;
#8622 = PRESENTATION_STYLE_ASSIGNMENT (( #8027 ) ) ;
#8623 = CARTESIAN_POINT ( 'NONE',  ( -1.762575582290498300, 3.900000000000000800, 1.787227002494349100 ) ) ;
#8624 = CARTESIAN_POINT ( 'NONE',  ( 0.7310546390770447100, 3.909999999999999300, 1.725006868921884300 ) ) ;
#8625 = CARTESIAN_POINT ( 'NONE',  ( 0.7635678816806204000, 3.910000000000000100, 1.803479706503239500 ) ) ;
#8626 = PRESENTATION_LAYER_ASSIGNMENT (  '', '', ( #5647 ) ) ;
#8627 = EDGE_CURVE ( 'NONE', #1428, #2902, #298, .T. ) ;
#8628 = SURFACE_STYLE_FILL_AREA ( #7257 ) ;
#8629 = CARTESIAN_POINT ( 'NONE',  ( 1.725095827048638500, 3.900000000000000800, 2.022467561160590700 ) ) ;
#8630 = EDGE_CURVE ( 'NONE', #5946, #3345, #500, .T. ) ;
#8631 = DIRECTION ( 'NONE',  ( 0.0000000000000000000, 1.000000000000000000, 0.0000000000000000000 ) ) ;
#8632 = AXIS2_PLACEMENT_3D ( 'NONE', #7884, #7854, #3849 ) ;
#8633 = SURFACE_SIDE_STYLE ('',( #8104 ) ) ;
#8634 = PRESENTATION_STYLE_ASSIGNMENT (( #5620 ) ) ;
#8635 = CARTESIAN_POINT ( 'NONE',  ( 1.622961883483054100, 3.900000000000001200, 2.156529213174469100 ) ) ;
#8636 = SURFACE_STYLE_USAGE ( .BOTH. , #5924 ) ;
#8637 = SURFACE_SIDE_STYLE ('',( #4976 ) ) ;
#8638 = COLOUR_RGB ( '',1.000000000000000000, 1.000000000000000000, 1.000000000000000000 ) ;
#8639 = B_SPLINE_CURVE_WITH_KNOTS ( 'NONE', 3,
 ( #5122, #7188, #480, #3174, #1129, #3899, #3843, #5869, #6576, #8521, #4508, #7126, #2534, #7214, #3203, #3874, #4534, #5215, #1215 ),
 .UNSPECIFIED., .F., .F.,
 ( 4, 1, 1, 1, 1, 1, 1, 1, 1, 1, 1, 1, 1, 1, 1, 1, 4 ),
 ( 0.0000000000000000000, 0.09646958039359110300, 0.1870015541390323600, 0.2717354923338827200, 0.3504422395508579600, 0.4236553765059431500, 0.4914042638326917600, 0.5538186960861901700, 0.6123366788293179700, 0.6664000849663614900, 0.7170909988957414600, 0.7650374789256907400, 0.8114493965702289600, 0.8569611961467101800, 0.9029234863607815700, 0.9502545411073344300, 0.9999999999999998900 ),
 .UNSPECIFIED. ) ;
#8640 = VERTEX_POINT ( 'NONE', #5440 ) ;
#8641 = CARTESIAN_POINT ( 'NONE',  ( -0.8230439223616944400, 3.909999999999999300, 1.266603749959042600 ) ) ;
#8642 = DIRECTION ( 'NONE',  ( -1.000000000000000000, -0.0000000000000000000, -0.0000000000000000000 ) ) ;
#8643 = DIRECTION ( 'NONE',  ( 0.0000000000000000000, 0.0000000000000000000, 1.000000000000000000 ) ) ;
#8644 = MECHANICAL_DESIGN_GEOMETRIC_PRESENTATION_REPRESENTATION (  '', ( #7302 ), #4880 ) ;
#8645 = CARTESIAN_POINT ( 'NONE',  ( 1.465121474973054600, 3.910000000000000100, 1.249806366674734800 ) ) ;
#8646 = ORIENTED_EDGE ( 'NONE', *, *, #7170, .F. ) ;
#8647 =( LENGTH_UNIT ( ) NAMED_UNIT ( * ) SI_UNIT ( .MILLI., .METRE. ) );
#8648 = CARTESIAN_POINT ( 'NONE',  ( -0.2929727316544045200, 3.910000000000001000, 1.291409143732949800 ) ) ;
#8649 = CARTESIAN_POINT ( 'NONE',  ( 1.070893835725775800, 3.910000000000000100, 1.870071291022347600 ) ) ;
#8650 = ORIENTED_EDGE ( 'NONE', *, *, #2729, .T. ) ;
#8651 = COLOUR_RGB ( '',1.000000000000000000, 1.000000000000000000, 1.000000000000000000 ) ;
#8652 = PRESENTATION_STYLE_ASSIGNMENT (( #1987 ) ) ;
#8653 = VERTEX_POINT ( 'NONE', #6799 ) ;
#8654 = VECTOR ( 'NONE', #6728, 1000.000000000000000 ) ;
#8655 = CARTESIAN_POINT ( 'NONE',  ( -0.7124983845207706300, 3.910000000000000100, 1.646656640748002100 ) ) ;
#8656 = CARTESIAN_POINT ( 'NONE',  ( 1.547399739791939700, 3.910000000000000100, 2.163967856889062800 ) ) ;
#8657 = CARTESIAN_POINT ( 'NONE',  ( -1.078846479703676100, 3.900000000000000400, 1.594920862123568200 ) ) ;
#8658 = CARTESIAN_POINT ( 'NONE',  ( 0.8702224940921206000, 3.900000000000000400, 1.945398609595769800 ) ) ;
#8659 = VERTEX_POINT ( 'NONE', #3452 ) ;
#8660 =( NAMED_UNIT ( * ) SI_UNIT ( $, .STERADIAN. ) SOLID_ANGLE_UNIT ( ) );
#8661 = DIRECTION ( 'NONE',  ( 1.000000000000000000, 0.0000000000000000000, 0.0000000000000000000 ) ) ;
#8662 = CARTESIAN_POINT ( 'NONE',  ( -1.465783468861325200, 3.900000000000001700, 1.381038661935420000 ) ) ;
#8663 = ORIENTED_EDGE ( 'NONE', *, *, #1894, .T. ) ;
#8664 = ORIENTED_EDGE ( 'NONE', *, *, #6992, .F. ) ;
#8665 = VECTOR ( 'NONE', #7011, 1000.000000000000000 ) ;
#8666 = SURFACE_SIDE_STYLE ('',( #2551 ) ) ;
#8667 = CARTESIAN_POINT ( 'NONE',  ( -0.9231787534171956900, 3.909999999999999300, 1.230266600275668800 ) ) ;
#8668 = DIRECTION ( 'NONE',  ( 0.0000000000000000000, -0.0000000000000000000, -1.000000000000000000 ) ) ;
#8669 = UNCERTAINTY_MEASURE_WITH_UNIT (LENGTH_MEASURE( 1.000000000000000100E-005 ), #5475, 'distance_accuracy_value', 'NONE');
#8670 = CARTESIAN_POINT ( 'NONE',  ( 2.274047210535503600, 3.910000000000000100, 1.943904290951386800 ) ) ;
#8671 = CARTESIAN_POINT ( 'NONE',  ( 1.391168172025137700, 3.899999999999999000, 1.271159134101756100 ) ) ;
#8672 = CARTESIAN_POINT ( 'NONE',  ( -1.081895450179053900, 3.900000000000000800, 1.330532897697733800 ) ) ;
#8673 = EDGE_LOOP ( 'NONE', ( #1869, #1449, #5517, #3745, #7730, #3943, #3596, #1016 ) ) ;
#8674 = FACE_OUTER_BOUND ( 'NONE', #1781, .T. ) ;
#8675 = AXIS2_PLACEMENT_3D ( 'NONE', #173, #4739, #6195 ) ;
ENDSEC;
END-ISO-10303-21;
