ISO-10303-21;
HEADER;
FILE_DESCRIPTION(('FreeCAD Model'),'2;1');
FILE_NAME('E:/FreeCad/Diversos/Heatsink TO-220 3.stp',
  '2020-10-09T10:19:26',('Author'),(''),
  'Open CASCADE STEP processor 7.3','FreeCAD','Unknown');
FILE_SCHEMA(('AUTOMOTIVE_DESIGN { 1 0 10303 214 1 1 1 1 }'));
ENDSEC;
DATA;
#1 = APPLICATION_PROTOCOL_DEFINITION('international standard',
  'automotive_design',2000,#2);
#2 = APPLICATION_CONTEXT(
  'core data for automotive mechanical design processes');
#3 = SHAPE_DEFINITION_REPRESENTATION(#4,#10);
#4 = PRODUCT_DEFINITION_SHAPE('','',#5);
#5 = PRODUCT_DEFINITION('design','',#6,#9);
#6 = PRODUCT_DEFINITION_FORMATION('','',#7);
#7 = PRODUCT('Heatsink_TO-220','Heatsink_TO-220','',(#8));
#8 = PRODUCT_CONTEXT('',#2,'mechanical');
#9 = PRODUCT_DEFINITION_CONTEXT('part definition',#2,'design');
#10 = SHAPE_REPRESENTATION('',(#11,#15,#19,#23,#27,#31),#35);
#11 = AXIS2_PLACEMENT_3D('',#12,#13,#14);
#12 = CARTESIAN_POINT('',(0.,0.,0.));
#13 = DIRECTION('',(0.,0.,1.));
#14 = DIRECTION('',(1.,0.,-0.));
#15 = AXIS2_PLACEMENT_3D('',#16,#17,#18);
#16 = CARTESIAN_POINT('',(0.,0.,0.));
#17 = DIRECTION('',(0.,0.,1.));
#18 = DIRECTION('',(1.,0.,0.));
#19 = AXIS2_PLACEMENT_3D('',#20,#21,#22);
#20 = CARTESIAN_POINT('',(0.,0.,0.));
#21 = DIRECTION('',(0.,0.,1.));
#22 = DIRECTION('',(1.,0.,0.));
#23 = AXIS2_PLACEMENT_3D('',#24,#25,#26);
#24 = CARTESIAN_POINT('',(0.,0.,0.));
#25 = DIRECTION('',(0.,0.,1.));
#26 = DIRECTION('',(1.,0.,0.));
#27 = AXIS2_PLACEMENT_3D('',#28,#29,#30);
#28 = CARTESIAN_POINT('',(0.,0.,0.));
#29 = DIRECTION('',(0.,0.,1.));
#30 = DIRECTION('',(1.,0.,0.));
#31 = AXIS2_PLACEMENT_3D('',#32,#33,#34);
#32 = CARTESIAN_POINT('',(0.,0.,0.));
#33 = DIRECTION('',(0.,0.,1.));
#34 = DIRECTION('',(1.,0.,0.));
#35 = ( GEOMETRIC_REPRESENTATION_CONTEXT(3) 
GLOBAL_UNCERTAINTY_ASSIGNED_CONTEXT((#39)) GLOBAL_UNIT_ASSIGNED_CONTEXT(
(#36,#37,#38)) REPRESENTATION_CONTEXT('Context #1',
  '3D Context with UNIT and UNCERTAINTY') );
#36 = ( LENGTH_UNIT() NAMED_UNIT(*) SI_UNIT(.MILLI.,.METRE.) );
#37 = ( NAMED_UNIT(*) PLANE_ANGLE_UNIT() SI_UNIT($,.RADIAN.) );
#38 = ( NAMED_UNIT(*) SI_UNIT($,.STERADIAN.) SOLID_ANGLE_UNIT() );
#39 = UNCERTAINTY_MEASURE_WITH_UNIT(LENGTH_MEASURE(2.E-05),#36,
  'distance_accuracy_value','confusion accuracy');
#40 = PRODUCT_RELATED_PRODUCT_CATEGORY('part',$,(#7));
#41 = ADVANCED_BREP_SHAPE_REPRESENTATION('',(#11,#42),#1451);
#42 = MANIFOLD_SOLID_BREP('',#43);
#43 = CLOSED_SHELL('',(#44,#152,#301,#326,#351,#492,#527,#552,#577,#612,
    #754,#779,#804,#938,#955,#985,#1002,#1019,#1036,#1053,#1070,#1087,
    #1104,#1121,#1138,#1155,#1172,#1189,#1201,#1218,#1235,#1252,#1269,
    #1286,#1303,#1320,#1337,#1354,#1371,#1388,#1405,#1422,#1439));
#44 = ADVANCED_FACE('',(#45),#147,.F.);
#45 = FACE_BOUND('',#46,.F.);
#46 = EDGE_LOOP('',(#47,#57,#65,#73,#82,#90,#99,#107,#115,#123,#132,#140
    ));
#47 = ORIENTED_EDGE('',*,*,#48,.T.);
#48 = EDGE_CURVE('',#49,#51,#53,.T.);
#49 = VERTEX_POINT('',#50);
#50 = CARTESIAN_POINT('',(9.04,4.16,3.5));
#51 = VERTEX_POINT('',#52);
#52 = CARTESIAN_POINT('',(9.04,16.91,3.5));
#53 = LINE('',#54,#55);
#54 = CARTESIAN_POINT('',(9.04,3.16,3.5));
#55 = VECTOR('',#56,1.);
#56 = DIRECTION('',(0.,1.,0.));
#57 = ORIENTED_EDGE('',*,*,#58,.T.);
#58 = EDGE_CURVE('',#51,#59,#61,.T.);
#59 = VERTEX_POINT('',#60);
#60 = CARTESIAN_POINT('',(8.04,16.91,3.5));
#61 = LINE('',#62,#63);
#62 = CARTESIAN_POINT('',(9.04,16.91,3.5));
#63 = VECTOR('',#64,1.);
#64 = DIRECTION('',(-1.,0.,0.));
#65 = ORIENTED_EDGE('',*,*,#66,.T.);
#66 = EDGE_CURVE('',#59,#67,#69,.T.);
#67 = VERTEX_POINT('',#68);
#68 = CARTESIAN_POINT('',(8.04,4.66,3.5));
#69 = LINE('',#70,#71);
#70 = CARTESIAN_POINT('',(8.04,17.16,3.5));
#71 = VECTOR('',#72,1.);
#72 = DIRECTION('',(0.,-1.,0.));
#73 = ORIENTED_EDGE('',*,*,#74,.F.);
#74 = EDGE_CURVE('',#75,#67,#77,.T.);
#75 = VERTEX_POINT('',#76);
#76 = CARTESIAN_POINT('',(7.54,4.16,3.5));
#77 = CIRCLE('',#78,0.5);
#78 = AXIS2_PLACEMENT_3D('',#79,#80,#81);
#79 = CARTESIAN_POINT('',(7.54,4.66,3.5));
#80 = DIRECTION('',(-0.,0.,1.));
#81 = DIRECTION('',(0.,-1.,0.));
#82 = ORIENTED_EDGE('',*,*,#83,.T.);
#83 = EDGE_CURVE('',#75,#84,#86,.T.);
#84 = VERTEX_POINT('',#85);
#85 = CARTESIAN_POINT('',(-2.46,4.16,3.5));
#86 = LINE('',#87,#88);
#87 = CARTESIAN_POINT('',(8.04,4.16,3.5));
#88 = VECTOR('',#89,1.);
#89 = DIRECTION('',(-1.,0.,0.));
#90 = ORIENTED_EDGE('',*,*,#91,.T.);
#91 = EDGE_CURVE('',#84,#92,#94,.T.);
#92 = VERTEX_POINT('',#93);
#93 = CARTESIAN_POINT('',(-2.96,4.66,3.5));
#94 = CIRCLE('',#95,0.5);
#95 = AXIS2_PLACEMENT_3D('',#96,#97,#98);
#96 = CARTESIAN_POINT('',(-2.46,4.66,3.5));
#97 = DIRECTION('',(-0.,-0.,-1.));
#98 = DIRECTION('',(0.,-1.,0.));
#99 = ORIENTED_EDGE('',*,*,#100,.T.);
#100 = EDGE_CURVE('',#92,#101,#103,.T.);
#101 = VERTEX_POINT('',#102);
#102 = CARTESIAN_POINT('',(-2.96,16.91,3.5));
#103 = LINE('',#104,#105);
#104 = CARTESIAN_POINT('',(-2.96,4.16,3.5));
#105 = VECTOR('',#106,1.);
#106 = DIRECTION('',(0.,1.,0.));
#107 = ORIENTED_EDGE('',*,*,#108,.T.);
#108 = EDGE_CURVE('',#101,#109,#111,.T.);
#109 = VERTEX_POINT('',#110);
#110 = CARTESIAN_POINT('',(-3.96,16.91,3.5));
#111 = LINE('',#112,#113);
#112 = CARTESIAN_POINT('',(-2.96,16.91,3.5));
#113 = VECTOR('',#114,1.);
#114 = DIRECTION('',(-1.,0.,0.));
#115 = ORIENTED_EDGE('',*,*,#116,.T.);
#116 = EDGE_CURVE('',#109,#117,#119,.T.);
#117 = VERTEX_POINT('',#118);
#118 = CARTESIAN_POINT('',(-3.96,4.16,3.5));
#119 = LINE('',#120,#121);
#120 = CARTESIAN_POINT('',(-3.96,17.16,3.5));
#121 = VECTOR('',#122,1.);
#122 = DIRECTION('',(0.,-1.,0.));
#123 = ORIENTED_EDGE('',*,*,#124,.T.);
#124 = EDGE_CURVE('',#117,#125,#127,.T.);
#125 = VERTEX_POINT('',#126);
#126 = CARTESIAN_POINT('',(-2.96,3.16,3.5));
#127 = CIRCLE('',#128,1.);
#128 = AXIS2_PLACEMENT_3D('',#129,#130,#131);
#129 = CARTESIAN_POINT('',(-2.96,4.16,3.5));
#130 = DIRECTION('',(-0.,0.,1.));
#131 = DIRECTION('',(0.,-1.,0.));
#132 = ORIENTED_EDGE('',*,*,#133,.T.);
#133 = EDGE_CURVE('',#125,#134,#136,.T.);
#134 = VERTEX_POINT('',#135);
#135 = CARTESIAN_POINT('',(8.04,3.16,3.5));
#136 = LINE('',#137,#138);
#137 = CARTESIAN_POINT('',(-3.96,3.16,3.5));
#138 = VECTOR('',#139,1.);
#139 = DIRECTION('',(1.,0.,0.));
#140 = ORIENTED_EDGE('',*,*,#141,.F.);
#141 = EDGE_CURVE('',#49,#134,#142,.T.);
#142 = CIRCLE('',#143,1.);
#143 = AXIS2_PLACEMENT_3D('',#144,#145,#146);
#144 = CARTESIAN_POINT('',(8.04,4.16,3.5));
#145 = DIRECTION('',(-0.,-0.,-1.));
#146 = DIRECTION('',(0.,-1.,0.));
#147 = PLANE('',#148);
#148 = AXIS2_PLACEMENT_3D('',#149,#150,#151);
#149 = CARTESIAN_POINT('',(2.54,8.535,3.5));
#150 = DIRECTION('',(0.,0.,1.));
#151 = DIRECTION('',(1.,0.,-0.));
#152 = ADVANCED_FACE('',(#153),#296,.F.);
#153 = FACE_BOUND('',#154,.F.);
#154 = EDGE_LOOP('',(#155,#156,#164,#172,#181,#189,#198,#206,#214,#222,
    #231,#239,#248,#256,#264,#272,#281,#289));
#155 = ORIENTED_EDGE('',*,*,#48,.F.);
#156 = ORIENTED_EDGE('',*,*,#157,.T.);
#157 = EDGE_CURVE('',#49,#158,#160,.T.);
#158 = VERTEX_POINT('',#159);
#159 = CARTESIAN_POINT('',(9.04,4.16,21.5));
#160 = LINE('',#161,#162);
#161 = CARTESIAN_POINT('',(9.04,4.16,3.5));
#162 = VECTOR('',#163,1.);
#163 = DIRECTION('',(0.,0.,1.));
#164 = ORIENTED_EDGE('',*,*,#165,.T.);
#165 = EDGE_CURVE('',#158,#166,#168,.T.);
#166 = VERTEX_POINT('',#167);
#167 = CARTESIAN_POINT('',(9.04,16.91,21.5));
#168 = LINE('',#169,#170);
#169 = CARTESIAN_POINT('',(9.04,3.16,21.5));
#170 = VECTOR('',#171,1.);
#171 = DIRECTION('',(0.,1.,0.));
#172 = ORIENTED_EDGE('',*,*,#173,.T.);
#173 = EDGE_CURVE('',#166,#174,#176,.T.);
#174 = VERTEX_POINT('',#175);
#175 = CARTESIAN_POINT('',(9.04,17.16,21.25));
#176 = CIRCLE('',#177,0.25);
#177 = AXIS2_PLACEMENT_3D('',#178,#179,#180);
#178 = CARTESIAN_POINT('',(9.04,16.91,21.25));
#179 = DIRECTION('',(-1.,0.,0.));
#180 = DIRECTION('',(0.,0.,-1.));
#181 = ORIENTED_EDGE('',*,*,#182,.F.);
#182 = EDGE_CURVE('',#183,#174,#185,.T.);
#183 = VERTEX_POINT('',#184);
#184 = CARTESIAN_POINT('',(9.04,17.16,16.75));
#185 = LINE('',#186,#187);
#186 = CARTESIAN_POINT('',(9.04,17.16,3.5));
#187 = VECTOR('',#188,1.);
#188 = DIRECTION('',(0.,0.,1.));
#189 = ORIENTED_EDGE('',*,*,#190,.T.);
#190 = EDGE_CURVE('',#183,#191,#193,.T.);
#191 = VERTEX_POINT('',#192);
#192 = CARTESIAN_POINT('',(9.04,16.91,16.5));
#193 = CIRCLE('',#194,0.25);
#194 = AXIS2_PLACEMENT_3D('',#195,#196,#197);
#195 = CARTESIAN_POINT('',(9.04,16.91,16.75));
#196 = DIRECTION('',(-1.,-0.,-0.));
#197 = DIRECTION('',(0.,0.,-1.));
#198 = ORIENTED_EDGE('',*,*,#199,.F.);
#199 = EDGE_CURVE('',#200,#191,#202,.T.);
#200 = VERTEX_POINT('',#201);
#201 = CARTESIAN_POINT('',(9.04,6.16,16.5));
#202 = LINE('',#203,#204);
#203 = CARTESIAN_POINT('',(9.04,6.16,16.5));
#204 = VECTOR('',#205,1.);
#205 = DIRECTION('',(0.,1.,0.));
#206 = ORIENTED_EDGE('',*,*,#207,.F.);
#207 = EDGE_CURVE('',#208,#200,#210,.T.);
#208 = VERTEX_POINT('',#209);
#209 = CARTESIAN_POINT('',(9.04,6.16,14.5));
#210 = LINE('',#211,#212);
#211 = CARTESIAN_POINT('',(9.04,6.16,14.5));
#212 = VECTOR('',#213,1.);
#213 = DIRECTION('',(0.,0.,1.));
#214 = ORIENTED_EDGE('',*,*,#215,.F.);
#215 = EDGE_CURVE('',#216,#208,#218,.T.);
#216 = VERTEX_POINT('',#217);
#217 = CARTESIAN_POINT('',(9.04,14.91,14.5));
#218 = LINE('',#219,#220);
#219 = CARTESIAN_POINT('',(9.04,17.16,14.5));
#220 = VECTOR('',#221,1.);
#221 = DIRECTION('',(0.,-1.,0.));
#222 = ORIENTED_EDGE('',*,*,#223,.F.);
#223 = EDGE_CURVE('',#224,#216,#226,.T.);
#224 = VERTEX_POINT('',#225);
#225 = CARTESIAN_POINT('',(9.04,15.16,14.25));
#226 = CIRCLE('',#227,0.25);
#227 = AXIS2_PLACEMENT_3D('',#228,#229,#230);
#228 = CARTESIAN_POINT('',(9.04,14.91,14.25));
#229 = DIRECTION('',(1.,-0.,0.));
#230 = DIRECTION('',(0.,0.,-1.));
#231 = ORIENTED_EDGE('',*,*,#232,.F.);
#232 = EDGE_CURVE('',#233,#224,#235,.T.);
#233 = VERTEX_POINT('',#234);
#234 = CARTESIAN_POINT('',(9.04,15.16,10.75));
#235 = LINE('',#236,#237);
#236 = CARTESIAN_POINT('',(9.04,15.16,10.5));
#237 = VECTOR('',#238,1.);
#238 = DIRECTION('',(0.,0.,1.));
#239 = ORIENTED_EDGE('',*,*,#240,.F.);
#240 = EDGE_CURVE('',#241,#233,#243,.T.);
#241 = VERTEX_POINT('',#242);
#242 = CARTESIAN_POINT('',(9.04,14.91,10.5));
#243 = CIRCLE('',#244,0.25);
#244 = AXIS2_PLACEMENT_3D('',#245,#246,#247);
#245 = CARTESIAN_POINT('',(9.04,14.91,10.75));
#246 = DIRECTION('',(1.,-0.,0.));
#247 = DIRECTION('',(0.,0.,-1.));
#248 = ORIENTED_EDGE('',*,*,#249,.F.);
#249 = EDGE_CURVE('',#250,#241,#252,.T.);
#250 = VERTEX_POINT('',#251);
#251 = CARTESIAN_POINT('',(9.04,6.16,10.5));
#252 = LINE('',#253,#254);
#253 = CARTESIAN_POINT('',(9.04,6.16,10.5));
#254 = VECTOR('',#255,1.);
#255 = DIRECTION('',(0.,1.,0.));
#256 = ORIENTED_EDGE('',*,*,#257,.F.);
#257 = EDGE_CURVE('',#258,#250,#260,.T.);
#258 = VERTEX_POINT('',#259);
#259 = CARTESIAN_POINT('',(9.04,6.16,8.5));
#260 = LINE('',#261,#262);
#261 = CARTESIAN_POINT('',(9.04,6.16,8.5));
#262 = VECTOR('',#263,1.);
#263 = DIRECTION('',(0.,0.,1.));
#264 = ORIENTED_EDGE('',*,*,#265,.F.);
#265 = EDGE_CURVE('',#266,#258,#268,.T.);
#266 = VERTEX_POINT('',#267);
#267 = CARTESIAN_POINT('',(9.04,16.91,8.5));
#268 = LINE('',#269,#270);
#269 = CARTESIAN_POINT('',(9.04,17.16,8.5));
#270 = VECTOR('',#271,1.);
#271 = DIRECTION('',(0.,-1.,0.));
#272 = ORIENTED_EDGE('',*,*,#273,.F.);
#273 = EDGE_CURVE('',#274,#266,#276,.T.);
#274 = VERTEX_POINT('',#275);
#275 = CARTESIAN_POINT('',(9.04,17.16,8.25));
#276 = CIRCLE('',#277,0.25);
#277 = AXIS2_PLACEMENT_3D('',#278,#279,#280);
#278 = CARTESIAN_POINT('',(9.04,16.91,8.25));
#279 = DIRECTION('',(1.,-0.,0.));
#280 = DIRECTION('',(0.,0.,-1.));
#281 = ORIENTED_EDGE('',*,*,#282,.F.);
#282 = EDGE_CURVE('',#283,#274,#285,.T.);
#283 = VERTEX_POINT('',#284);
#284 = CARTESIAN_POINT('',(9.04,17.16,3.75));
#285 = LINE('',#286,#287);
#286 = CARTESIAN_POINT('',(9.04,17.16,3.5));
#287 = VECTOR('',#288,1.);
#288 = DIRECTION('',(0.,0.,1.));
#289 = ORIENTED_EDGE('',*,*,#290,.F.);
#290 = EDGE_CURVE('',#51,#283,#291,.T.);
#291 = CIRCLE('',#292,0.25);
#292 = AXIS2_PLACEMENT_3D('',#293,#294,#295);
#293 = CARTESIAN_POINT('',(9.04,16.91,3.75));
#294 = DIRECTION('',(1.,-0.,0.));
#295 = DIRECTION('',(0.,0.,-1.));
#296 = PLANE('',#297);
#297 = AXIS2_PLACEMENT_3D('',#298,#299,#300);
#298 = CARTESIAN_POINT('',(9.04,3.16,3.5));
#299 = DIRECTION('',(-1.,0.,0.));
#300 = DIRECTION('',(0.,1.,0.));
#301 = ADVANCED_FACE('',(#302),#321,.T.);
#302 = FACE_BOUND('',#303,.T.);
#303 = EDGE_LOOP('',(#304,#305,#314,#320));
#304 = ORIENTED_EDGE('',*,*,#58,.T.);
#305 = ORIENTED_EDGE('',*,*,#306,.T.);
#306 = EDGE_CURVE('',#59,#307,#309,.T.);
#307 = VERTEX_POINT('',#308);
#308 = CARTESIAN_POINT('',(8.04,17.16,3.75));
#309 = CIRCLE('',#310,0.25);
#310 = AXIS2_PLACEMENT_3D('',#311,#312,#313);
#311 = CARTESIAN_POINT('',(8.04,16.91,3.75));
#312 = DIRECTION('',(1.,-0.,0.));
#313 = DIRECTION('',(0.,0.,-1.));
#314 = ORIENTED_EDGE('',*,*,#315,.F.);
#315 = EDGE_CURVE('',#283,#307,#316,.T.);
#316 = LINE('',#317,#318);
#317 = CARTESIAN_POINT('',(9.04,17.16,3.75));
#318 = VECTOR('',#319,1.);
#319 = DIRECTION('',(-1.,0.,0.));
#320 = ORIENTED_EDGE('',*,*,#290,.F.);
#321 = CYLINDRICAL_SURFACE('',#322,0.25);
#322 = AXIS2_PLACEMENT_3D('',#323,#324,#325);
#323 = CARTESIAN_POINT('',(9.04,16.91,3.75));
#324 = DIRECTION('',(-1.,0.,0.));
#325 = DIRECTION('',(0.,0.,-1.));
#326 = ADVANCED_FACE('',(#327),#346,.T.);
#327 = FACE_BOUND('',#328,.T.);
#328 = EDGE_LOOP('',(#329,#330,#339,#345));
#329 = ORIENTED_EDGE('',*,*,#157,.T.);
#330 = ORIENTED_EDGE('',*,*,#331,.T.);
#331 = EDGE_CURVE('',#158,#332,#334,.T.);
#332 = VERTEX_POINT('',#333);
#333 = CARTESIAN_POINT('',(8.04,3.16,21.5));
#334 = CIRCLE('',#335,1.);
#335 = AXIS2_PLACEMENT_3D('',#336,#337,#338);
#336 = CARTESIAN_POINT('',(8.04,4.16,21.5));
#337 = DIRECTION('',(-0.,-0.,-1.));
#338 = DIRECTION('',(0.,-1.,0.));
#339 = ORIENTED_EDGE('',*,*,#340,.F.);
#340 = EDGE_CURVE('',#134,#332,#341,.T.);
#341 = LINE('',#342,#343);
#342 = CARTESIAN_POINT('',(8.04,3.16,3.5));
#343 = VECTOR('',#344,1.);
#344 = DIRECTION('',(0.,0.,1.));
#345 = ORIENTED_EDGE('',*,*,#141,.F.);
#346 = CYLINDRICAL_SURFACE('',#347,1.);
#347 = AXIS2_PLACEMENT_3D('',#348,#349,#350);
#348 = CARTESIAN_POINT('',(8.04,4.16,3.5));
#349 = DIRECTION('',(0.,0.,1.));
#350 = DIRECTION('',(1.,0.,-0.));
#351 = ADVANCED_FACE('',(#352),#487,.F.);
#352 = FACE_BOUND('',#353,.F.);
#353 = EDGE_LOOP('',(#354,#355,#356,#364,#373,#381,#389,#397,#406,#414,
    #423,#431,#439,#447,#456,#464,#473,#481));
#354 = ORIENTED_EDGE('',*,*,#66,.F.);
#355 = ORIENTED_EDGE('',*,*,#306,.T.);
#356 = ORIENTED_EDGE('',*,*,#357,.T.);
#357 = EDGE_CURVE('',#307,#358,#360,.T.);
#358 = VERTEX_POINT('',#359);
#359 = CARTESIAN_POINT('',(8.04,17.16,8.25));
#360 = LINE('',#361,#362);
#361 = CARTESIAN_POINT('',(8.04,17.16,3.5));
#362 = VECTOR('',#363,1.);
#363 = DIRECTION('',(0.,0.,1.));
#364 = ORIENTED_EDGE('',*,*,#365,.T.);
#365 = EDGE_CURVE('',#358,#366,#368,.T.);
#366 = VERTEX_POINT('',#367);
#367 = CARTESIAN_POINT('',(8.04,16.91,8.5));
#368 = CIRCLE('',#369,0.25);
#369 = AXIS2_PLACEMENT_3D('',#370,#371,#372);
#370 = CARTESIAN_POINT('',(8.04,16.91,8.25));
#371 = DIRECTION('',(1.,-0.,0.));
#372 = DIRECTION('',(0.,0.,-1.));
#373 = ORIENTED_EDGE('',*,*,#374,.T.);
#374 = EDGE_CURVE('',#366,#375,#377,.T.);
#375 = VERTEX_POINT('',#376);
#376 = CARTESIAN_POINT('',(8.04,6.16,8.5));
#377 = LINE('',#378,#379);
#378 = CARTESIAN_POINT('',(8.04,17.16,8.5));
#379 = VECTOR('',#380,1.);
#380 = DIRECTION('',(0.,-1.,0.));
#381 = ORIENTED_EDGE('',*,*,#382,.T.);
#382 = EDGE_CURVE('',#375,#383,#385,.T.);
#383 = VERTEX_POINT('',#384);
#384 = CARTESIAN_POINT('',(8.04,6.16,10.5));
#385 = LINE('',#386,#387);
#386 = CARTESIAN_POINT('',(8.04,6.16,6.));
#387 = VECTOR('',#388,1.);
#388 = DIRECTION('',(0.,0.,1.));
#389 = ORIENTED_EDGE('',*,*,#390,.T.);
#390 = EDGE_CURVE('',#383,#391,#393,.T.);
#391 = VERTEX_POINT('',#392);
#392 = CARTESIAN_POINT('',(8.04,14.91,10.5));
#393 = LINE('',#394,#395);
#394 = CARTESIAN_POINT('',(8.04,11.66,10.5));
#395 = VECTOR('',#396,1.);
#396 = DIRECTION('',(0.,1.,0.));
#397 = ORIENTED_EDGE('',*,*,#398,.T.);
#398 = EDGE_CURVE('',#391,#399,#401,.T.);
#399 = VERTEX_POINT('',#400);
#400 = CARTESIAN_POINT('',(8.04,15.16,10.75));
#401 = CIRCLE('',#402,0.25);
#402 = AXIS2_PLACEMENT_3D('',#403,#404,#405);
#403 = CARTESIAN_POINT('',(8.04,14.91,10.75));
#404 = DIRECTION('',(1.,-0.,0.));
#405 = DIRECTION('',(0.,0.,-1.));
#406 = ORIENTED_EDGE('',*,*,#407,.T.);
#407 = EDGE_CURVE('',#399,#408,#410,.T.);
#408 = VERTEX_POINT('',#409);
#409 = CARTESIAN_POINT('',(8.04,15.16,14.25));
#410 = LINE('',#411,#412);
#411 = CARTESIAN_POINT('',(8.04,15.16,7.));
#412 = VECTOR('',#413,1.);
#413 = DIRECTION('',(0.,0.,1.));
#414 = ORIENTED_EDGE('',*,*,#415,.T.);
#415 = EDGE_CURVE('',#408,#416,#418,.T.);
#416 = VERTEX_POINT('',#417);
#417 = CARTESIAN_POINT('',(8.04,14.91,14.5));
#418 = CIRCLE('',#419,0.25);
#419 = AXIS2_PLACEMENT_3D('',#420,#421,#422);
#420 = CARTESIAN_POINT('',(8.04,14.91,14.25));
#421 = DIRECTION('',(1.,-0.,0.));
#422 = DIRECTION('',(0.,0.,-1.));
#423 = ORIENTED_EDGE('',*,*,#424,.T.);
#424 = EDGE_CURVE('',#416,#425,#427,.T.);
#425 = VERTEX_POINT('',#426);
#426 = CARTESIAN_POINT('',(8.04,6.16,14.5));
#427 = LINE('',#428,#429);
#428 = CARTESIAN_POINT('',(8.04,17.16,14.5));
#429 = VECTOR('',#430,1.);
#430 = DIRECTION('',(0.,-1.,0.));
#431 = ORIENTED_EDGE('',*,*,#432,.T.);
#432 = EDGE_CURVE('',#425,#433,#435,.T.);
#433 = VERTEX_POINT('',#434);
#434 = CARTESIAN_POINT('',(8.04,6.16,16.5));
#435 = LINE('',#436,#437);
#436 = CARTESIAN_POINT('',(8.04,6.16,9.));
#437 = VECTOR('',#438,1.);
#438 = DIRECTION('',(0.,0.,1.));
#439 = ORIENTED_EDGE('',*,*,#440,.T.);
#440 = EDGE_CURVE('',#433,#441,#443,.T.);
#441 = VERTEX_POINT('',#442);
#442 = CARTESIAN_POINT('',(8.04,16.91,16.5));
#443 = LINE('',#444,#445);
#444 = CARTESIAN_POINT('',(8.04,11.66,16.5));
#445 = VECTOR('',#446,1.);
#446 = DIRECTION('',(0.,1.,0.));
#447 = ORIENTED_EDGE('',*,*,#448,.F.);
#448 = EDGE_CURVE('',#449,#441,#451,.T.);
#449 = VERTEX_POINT('',#450);
#450 = CARTESIAN_POINT('',(8.04,17.16,16.75));
#451 = CIRCLE('',#452,0.25);
#452 = AXIS2_PLACEMENT_3D('',#453,#454,#455);
#453 = CARTESIAN_POINT('',(8.04,16.91,16.75));
#454 = DIRECTION('',(-1.,-0.,-0.));
#455 = DIRECTION('',(0.,0.,-1.));
#456 = ORIENTED_EDGE('',*,*,#457,.T.);
#457 = EDGE_CURVE('',#449,#458,#460,.T.);
#458 = VERTEX_POINT('',#459);
#459 = CARTESIAN_POINT('',(8.04,17.16,21.25));
#460 = LINE('',#461,#462);
#461 = CARTESIAN_POINT('',(8.04,17.16,3.5));
#462 = VECTOR('',#463,1.);
#463 = DIRECTION('',(0.,0.,1.));
#464 = ORIENTED_EDGE('',*,*,#465,.F.);
#465 = EDGE_CURVE('',#466,#458,#468,.T.);
#466 = VERTEX_POINT('',#467);
#467 = CARTESIAN_POINT('',(8.04,16.91,21.5));
#468 = CIRCLE('',#469,0.25);
#469 = AXIS2_PLACEMENT_3D('',#470,#471,#472);
#470 = CARTESIAN_POINT('',(8.04,16.91,21.25));
#471 = DIRECTION('',(-1.,0.,0.));
#472 = DIRECTION('',(0.,0.,-1.));
#473 = ORIENTED_EDGE('',*,*,#474,.T.);
#474 = EDGE_CURVE('',#466,#475,#477,.T.);
#475 = VERTEX_POINT('',#476);
#476 = CARTESIAN_POINT('',(8.04,4.66,21.5));
#477 = LINE('',#478,#479);
#478 = CARTESIAN_POINT('',(8.04,17.16,21.5));
#479 = VECTOR('',#480,1.);
#480 = DIRECTION('',(0.,-1.,0.));
#481 = ORIENTED_EDGE('',*,*,#482,.F.);
#482 = EDGE_CURVE('',#67,#475,#483,.T.);
#483 = LINE('',#484,#485);
#484 = CARTESIAN_POINT('',(8.04,4.66,3.5));
#485 = VECTOR('',#486,1.);
#486 = DIRECTION('',(0.,0.,1.));
#487 = PLANE('',#488);
#488 = AXIS2_PLACEMENT_3D('',#489,#490,#491);
#489 = CARTESIAN_POINT('',(8.04,17.16,3.5));
#490 = DIRECTION('',(1.,0.,0.));
#491 = DIRECTION('',(0.,-1.,0.));
#492 = ADVANCED_FACE('',(#493,#511),#522,.F.);
#493 = FACE_BOUND('',#494,.F.);
#494 = EDGE_LOOP('',(#495,#496,#504,#510));
#495 = ORIENTED_EDGE('',*,*,#133,.F.);
#496 = ORIENTED_EDGE('',*,*,#497,.T.);
#497 = EDGE_CURVE('',#125,#498,#500,.T.);
#498 = VERTEX_POINT('',#499);
#499 = CARTESIAN_POINT('',(-2.96,3.16,21.5));
#500 = LINE('',#501,#502);
#501 = CARTESIAN_POINT('',(-2.96,3.16,3.5));
#502 = VECTOR('',#503,1.);
#503 = DIRECTION('',(0.,0.,1.));
#504 = ORIENTED_EDGE('',*,*,#505,.T.);
#505 = EDGE_CURVE('',#498,#332,#506,.T.);
#506 = LINE('',#507,#508);
#507 = CARTESIAN_POINT('',(-3.96,3.16,21.5));
#508 = VECTOR('',#509,1.);
#509 = DIRECTION('',(1.,0.,0.));
#510 = ORIENTED_EDGE('',*,*,#340,.F.);
#511 = FACE_BOUND('',#512,.F.);
#512 = EDGE_LOOP('',(#513));
#513 = ORIENTED_EDGE('',*,*,#514,.T.);
#514 = EDGE_CURVE('',#515,#515,#517,.T.);
#515 = VERTEX_POINT('',#516);
#516 = CARTESIAN_POINT('',(4.54,3.16,16.));
#517 = CIRCLE('',#518,2.);
#518 = AXIS2_PLACEMENT_3D('',#519,#520,#521);
#519 = CARTESIAN_POINT('',(2.54,3.16,16.));
#520 = DIRECTION('',(0.,-1.,0.));
#521 = DIRECTION('',(1.,0.,0.));
#522 = PLANE('',#523);
#523 = AXIS2_PLACEMENT_3D('',#524,#525,#526);
#524 = CARTESIAN_POINT('',(-3.96,3.16,3.5));
#525 = DIRECTION('',(0.,1.,0.));
#526 = DIRECTION('',(1.,0.,0.));
#527 = ADVANCED_FACE('',(#528),#547,.F.);
#528 = FACE_BOUND('',#529,.F.);
#529 = EDGE_LOOP('',(#530,#531,#532,#541));
#530 = ORIENTED_EDGE('',*,*,#74,.T.);
#531 = ORIENTED_EDGE('',*,*,#482,.T.);
#532 = ORIENTED_EDGE('',*,*,#533,.F.);
#533 = EDGE_CURVE('',#534,#475,#536,.T.);
#534 = VERTEX_POINT('',#535);
#535 = CARTESIAN_POINT('',(7.54,4.16,21.5));
#536 = CIRCLE('',#537,0.5);
#537 = AXIS2_PLACEMENT_3D('',#538,#539,#540);
#538 = CARTESIAN_POINT('',(7.54,4.66,21.5));
#539 = DIRECTION('',(-0.,0.,1.));
#540 = DIRECTION('',(0.,-1.,0.));
#541 = ORIENTED_EDGE('',*,*,#542,.F.);
#542 = EDGE_CURVE('',#75,#534,#543,.T.);
#543 = LINE('',#544,#545);
#544 = CARTESIAN_POINT('',(7.54,4.16,3.5));
#545 = VECTOR('',#546,1.);
#546 = DIRECTION('',(0.,0.,1.));
#547 = CYLINDRICAL_SURFACE('',#548,0.5);
#548 = AXIS2_PLACEMENT_3D('',#549,#550,#551);
#549 = CARTESIAN_POINT('',(7.54,4.66,3.5));
#550 = DIRECTION('',(0.,0.,1.));
#551 = DIRECTION('',(0.,-1.,0.));
#552 = ADVANCED_FACE('',(#553),#572,.T.);
#553 = FACE_BOUND('',#554,.T.);
#554 = EDGE_LOOP('',(#555,#556,#557,#566));
#555 = ORIENTED_EDGE('',*,*,#124,.T.);
#556 = ORIENTED_EDGE('',*,*,#497,.T.);
#557 = ORIENTED_EDGE('',*,*,#558,.F.);
#558 = EDGE_CURVE('',#559,#498,#561,.T.);
#559 = VERTEX_POINT('',#560);
#560 = CARTESIAN_POINT('',(-3.96,4.16,21.5));
#561 = CIRCLE('',#562,1.);
#562 = AXIS2_PLACEMENT_3D('',#563,#564,#565);
#563 = CARTESIAN_POINT('',(-2.96,4.16,21.5));
#564 = DIRECTION('',(-0.,0.,1.));
#565 = DIRECTION('',(0.,-1.,0.));
#566 = ORIENTED_EDGE('',*,*,#567,.F.);
#567 = EDGE_CURVE('',#117,#559,#568,.T.);
#568 = LINE('',#569,#570);
#569 = CARTESIAN_POINT('',(-3.96,4.16,3.5));
#570 = VECTOR('',#571,1.);
#571 = DIRECTION('',(0.,0.,1.));
#572 = CYLINDRICAL_SURFACE('',#573,1.);
#573 = AXIS2_PLACEMENT_3D('',#574,#575,#576);
#574 = CARTESIAN_POINT('',(-2.96,4.16,3.5));
#575 = DIRECTION('',(0.,0.,1.));
#576 = DIRECTION('',(-1.,0.,0.));
#577 = ADVANCED_FACE('',(#578,#596),#607,.F.);
#578 = FACE_BOUND('',#579,.F.);
#579 = EDGE_LOOP('',(#580,#581,#582,#590));
#580 = ORIENTED_EDGE('',*,*,#83,.F.);
#581 = ORIENTED_EDGE('',*,*,#542,.T.);
#582 = ORIENTED_EDGE('',*,*,#583,.T.);
#583 = EDGE_CURVE('',#534,#584,#586,.T.);
#584 = VERTEX_POINT('',#585);
#585 = CARTESIAN_POINT('',(-2.46,4.16,21.5));
#586 = LINE('',#587,#588);
#587 = CARTESIAN_POINT('',(8.04,4.16,21.5));
#588 = VECTOR('',#589,1.);
#589 = DIRECTION('',(-1.,0.,0.));
#590 = ORIENTED_EDGE('',*,*,#591,.F.);
#591 = EDGE_CURVE('',#84,#584,#592,.T.);
#592 = LINE('',#593,#594);
#593 = CARTESIAN_POINT('',(-2.46,4.16,3.5));
#594 = VECTOR('',#595,1.);
#595 = DIRECTION('',(0.,0.,1.));
#596 = FACE_BOUND('',#597,.F.);
#597 = EDGE_LOOP('',(#598));
#598 = ORIENTED_EDGE('',*,*,#599,.F.);
#599 = EDGE_CURVE('',#600,#600,#602,.T.);
#600 = VERTEX_POINT('',#601);
#601 = CARTESIAN_POINT('',(4.54,4.16,16.));
#602 = CIRCLE('',#603,2.);
#603 = AXIS2_PLACEMENT_3D('',#604,#605,#606);
#604 = CARTESIAN_POINT('',(2.54,4.16,16.));
#605 = DIRECTION('',(0.,-1.,0.));
#606 = DIRECTION('',(1.,0.,0.));
#607 = PLANE('',#608);
#608 = AXIS2_PLACEMENT_3D('',#609,#610,#611);
#609 = CARTESIAN_POINT('',(8.04,4.16,3.5));
#610 = DIRECTION('',(0.,-1.,0.));
#611 = DIRECTION('',(-1.,0.,0.));
#612 = ADVANCED_FACE('',(#613),#749,.F.);
#613 = FACE_BOUND('',#614,.F.);
#614 = EDGE_LOOP('',(#615,#616,#625,#633,#642,#650,#658,#666,#675,#683,
    #692,#700,#708,#716,#725,#733,#742,#748));
#615 = ORIENTED_EDGE('',*,*,#116,.F.);
#616 = ORIENTED_EDGE('',*,*,#617,.T.);
#617 = EDGE_CURVE('',#109,#618,#620,.T.);
#618 = VERTEX_POINT('',#619);
#619 = CARTESIAN_POINT('',(-3.96,17.16,3.75));
#620 = CIRCLE('',#621,0.25);
#621 = AXIS2_PLACEMENT_3D('',#622,#623,#624);
#622 = CARTESIAN_POINT('',(-3.96,16.91,3.75));
#623 = DIRECTION('',(1.,-0.,0.));
#624 = DIRECTION('',(0.,0.,-1.));
#625 = ORIENTED_EDGE('',*,*,#626,.T.);
#626 = EDGE_CURVE('',#618,#627,#629,.T.);
#627 = VERTEX_POINT('',#628);
#628 = CARTESIAN_POINT('',(-3.96,17.16,8.25));
#629 = LINE('',#630,#631);
#630 = CARTESIAN_POINT('',(-3.96,17.16,3.5));
#631 = VECTOR('',#632,1.);
#632 = DIRECTION('',(0.,0.,1.));
#633 = ORIENTED_EDGE('',*,*,#634,.T.);
#634 = EDGE_CURVE('',#627,#635,#637,.T.);
#635 = VERTEX_POINT('',#636);
#636 = CARTESIAN_POINT('',(-3.96,16.91,8.5));
#637 = CIRCLE('',#638,0.25);
#638 = AXIS2_PLACEMENT_3D('',#639,#640,#641);
#639 = CARTESIAN_POINT('',(-3.96,16.91,8.25));
#640 = DIRECTION('',(1.,-0.,0.));
#641 = DIRECTION('',(0.,0.,-1.));
#642 = ORIENTED_EDGE('',*,*,#643,.T.);
#643 = EDGE_CURVE('',#635,#644,#646,.T.);
#644 = VERTEX_POINT('',#645);
#645 = CARTESIAN_POINT('',(-3.96,6.16,8.5));
#646 = LINE('',#647,#648);
#647 = CARTESIAN_POINT('',(-3.96,17.16,8.5));
#648 = VECTOR('',#649,1.);
#649 = DIRECTION('',(0.,-1.,0.));
#650 = ORIENTED_EDGE('',*,*,#651,.T.);
#651 = EDGE_CURVE('',#644,#652,#654,.T.);
#652 = VERTEX_POINT('',#653);
#653 = CARTESIAN_POINT('',(-3.96,6.16,10.5));
#654 = LINE('',#655,#656);
#655 = CARTESIAN_POINT('',(-3.96,6.16,8.5));
#656 = VECTOR('',#657,1.);
#657 = DIRECTION('',(0.,0.,1.));
#658 = ORIENTED_EDGE('',*,*,#659,.T.);
#659 = EDGE_CURVE('',#652,#660,#662,.T.);
#660 = VERTEX_POINT('',#661);
#661 = CARTESIAN_POINT('',(-3.96,14.91,10.5));
#662 = LINE('',#663,#664);
#663 = CARTESIAN_POINT('',(-3.96,6.16,10.5));
#664 = VECTOR('',#665,1.);
#665 = DIRECTION('',(0.,1.,0.));
#666 = ORIENTED_EDGE('',*,*,#667,.T.);
#667 = EDGE_CURVE('',#660,#668,#670,.T.);
#668 = VERTEX_POINT('',#669);
#669 = CARTESIAN_POINT('',(-3.96,15.16,10.75));
#670 = CIRCLE('',#671,0.25);
#671 = AXIS2_PLACEMENT_3D('',#672,#673,#674);
#672 = CARTESIAN_POINT('',(-3.96,14.91,10.75));
#673 = DIRECTION('',(1.,-0.,0.));
#674 = DIRECTION('',(0.,0.,-1.));
#675 = ORIENTED_EDGE('',*,*,#676,.T.);
#676 = EDGE_CURVE('',#668,#677,#679,.T.);
#677 = VERTEX_POINT('',#678);
#678 = CARTESIAN_POINT('',(-3.96,15.16,14.25));
#679 = LINE('',#680,#681);
#680 = CARTESIAN_POINT('',(-3.96,15.16,10.5));
#681 = VECTOR('',#682,1.);
#682 = DIRECTION('',(0.,0.,1.));
#683 = ORIENTED_EDGE('',*,*,#684,.T.);
#684 = EDGE_CURVE('',#677,#685,#687,.T.);
#685 = VERTEX_POINT('',#686);
#686 = CARTESIAN_POINT('',(-3.96,14.91,14.5));
#687 = CIRCLE('',#688,0.25);
#688 = AXIS2_PLACEMENT_3D('',#689,#690,#691);
#689 = CARTESIAN_POINT('',(-3.96,14.91,14.25));
#690 = DIRECTION('',(1.,-0.,0.));
#691 = DIRECTION('',(0.,0.,-1.));
#692 = ORIENTED_EDGE('',*,*,#693,.T.);
#693 = EDGE_CURVE('',#685,#694,#696,.T.);
#694 = VERTEX_POINT('',#695);
#695 = CARTESIAN_POINT('',(-3.96,6.16,14.5));
#696 = LINE('',#697,#698);
#697 = CARTESIAN_POINT('',(-3.96,17.16,14.5));
#698 = VECTOR('',#699,1.);
#699 = DIRECTION('',(0.,-1.,0.));
#700 = ORIENTED_EDGE('',*,*,#701,.T.);
#701 = EDGE_CURVE('',#694,#702,#704,.T.);
#702 = VERTEX_POINT('',#703);
#703 = CARTESIAN_POINT('',(-3.96,6.16,16.5));
#704 = LINE('',#705,#706);
#705 = CARTESIAN_POINT('',(-3.96,6.16,14.5));
#706 = VECTOR('',#707,1.);
#707 = DIRECTION('',(0.,0.,1.));
#708 = ORIENTED_EDGE('',*,*,#709,.T.);
#709 = EDGE_CURVE('',#702,#710,#712,.T.);
#710 = VERTEX_POINT('',#711);
#711 = CARTESIAN_POINT('',(-3.96,16.91,16.5));
#712 = LINE('',#713,#714);
#713 = CARTESIAN_POINT('',(-3.96,6.16,16.5));
#714 = VECTOR('',#715,1.);
#715 = DIRECTION('',(0.,1.,0.));
#716 = ORIENTED_EDGE('',*,*,#717,.F.);
#717 = EDGE_CURVE('',#718,#710,#720,.T.);
#718 = VERTEX_POINT('',#719);
#719 = CARTESIAN_POINT('',(-3.96,17.16,16.75));
#720 = CIRCLE('',#721,0.25);
#721 = AXIS2_PLACEMENT_3D('',#722,#723,#724);
#722 = CARTESIAN_POINT('',(-3.96,16.91,16.75));
#723 = DIRECTION('',(-1.,-0.,-0.));
#724 = DIRECTION('',(0.,0.,-1.));
#725 = ORIENTED_EDGE('',*,*,#726,.T.);
#726 = EDGE_CURVE('',#718,#727,#729,.T.);
#727 = VERTEX_POINT('',#728);
#728 = CARTESIAN_POINT('',(-3.96,17.16,21.25));
#729 = LINE('',#730,#731);
#730 = CARTESIAN_POINT('',(-3.96,17.16,3.5));
#731 = VECTOR('',#732,1.);
#732 = DIRECTION('',(0.,0.,1.));
#733 = ORIENTED_EDGE('',*,*,#734,.F.);
#734 = EDGE_CURVE('',#735,#727,#737,.T.);
#735 = VERTEX_POINT('',#736);
#736 = CARTESIAN_POINT('',(-3.96,16.91,21.5));
#737 = CIRCLE('',#738,0.25);
#738 = AXIS2_PLACEMENT_3D('',#739,#740,#741);
#739 = CARTESIAN_POINT('',(-3.96,16.91,21.25));
#740 = DIRECTION('',(-1.,0.,0.));
#741 = DIRECTION('',(0.,0.,-1.));
#742 = ORIENTED_EDGE('',*,*,#743,.T.);
#743 = EDGE_CURVE('',#735,#559,#744,.T.);
#744 = LINE('',#745,#746);
#745 = CARTESIAN_POINT('',(-3.96,17.16,21.5));
#746 = VECTOR('',#747,1.);
#747 = DIRECTION('',(0.,-1.,0.));
#748 = ORIENTED_EDGE('',*,*,#567,.F.);
#749 = PLANE('',#750);
#750 = AXIS2_PLACEMENT_3D('',#751,#752,#753);
#751 = CARTESIAN_POINT('',(-3.96,17.16,3.5));
#752 = DIRECTION('',(1.,0.,0.));
#753 = DIRECTION('',(0.,-1.,0.));
#754 = ADVANCED_FACE('',(#755),#774,.F.);
#755 = FACE_BOUND('',#756,.F.);
#756 = EDGE_LOOP('',(#757,#758,#767,#773));
#757 = ORIENTED_EDGE('',*,*,#591,.T.);
#758 = ORIENTED_EDGE('',*,*,#759,.T.);
#759 = EDGE_CURVE('',#584,#760,#762,.T.);
#760 = VERTEX_POINT('',#761);
#761 = CARTESIAN_POINT('',(-2.96,4.66,21.5));
#762 = CIRCLE('',#763,0.5);
#763 = AXIS2_PLACEMENT_3D('',#764,#765,#766);
#764 = CARTESIAN_POINT('',(-2.46,4.66,21.5));
#765 = DIRECTION('',(-0.,-0.,-1.));
#766 = DIRECTION('',(0.,-1.,0.));
#767 = ORIENTED_EDGE('',*,*,#768,.F.);
#768 = EDGE_CURVE('',#92,#760,#769,.T.);
#769 = LINE('',#770,#771);
#770 = CARTESIAN_POINT('',(-2.96,4.66,3.5));
#771 = VECTOR('',#772,1.);
#772 = DIRECTION('',(0.,0.,1.));
#773 = ORIENTED_EDGE('',*,*,#91,.F.);
#774 = CYLINDRICAL_SURFACE('',#775,0.5);
#775 = AXIS2_PLACEMENT_3D('',#776,#777,#778);
#776 = CARTESIAN_POINT('',(-2.46,4.66,3.5));
#777 = DIRECTION('',(0.,0.,1.));
#778 = DIRECTION('',(0.,-1.,0.));
#779 = ADVANCED_FACE('',(#780),#799,.T.);
#780 = FACE_BOUND('',#781,.T.);
#781 = EDGE_LOOP('',(#782,#783,#784,#792));
#782 = ORIENTED_EDGE('',*,*,#108,.T.);
#783 = ORIENTED_EDGE('',*,*,#617,.T.);
#784 = ORIENTED_EDGE('',*,*,#785,.F.);
#785 = EDGE_CURVE('',#786,#618,#788,.T.);
#786 = VERTEX_POINT('',#787);
#787 = CARTESIAN_POINT('',(-2.96,17.16,3.75));
#788 = LINE('',#789,#790);
#789 = CARTESIAN_POINT('',(-2.96,17.16,3.75));
#790 = VECTOR('',#791,1.);
#791 = DIRECTION('',(-1.,0.,0.));
#792 = ORIENTED_EDGE('',*,*,#793,.F.);
#793 = EDGE_CURVE('',#101,#786,#794,.T.);
#794 = CIRCLE('',#795,0.25);
#795 = AXIS2_PLACEMENT_3D('',#796,#797,#798);
#796 = CARTESIAN_POINT('',(-2.96,16.91,3.75));
#797 = DIRECTION('',(1.,-0.,0.));
#798 = DIRECTION('',(0.,0.,-1.));
#799 = CYLINDRICAL_SURFACE('',#800,0.25);
#800 = AXIS2_PLACEMENT_3D('',#801,#802,#803);
#801 = CARTESIAN_POINT('',(-2.96,16.91,3.75));
#802 = DIRECTION('',(-1.,0.,0.));
#803 = DIRECTION('',(0.,0.,-1.));
#804 = ADVANCED_FACE('',(#805),#933,.F.);
#805 = FACE_BOUND('',#806,.F.);
#806 = EDGE_LOOP('',(#807,#808,#809,#817,#826,#834,#843,#851,#859,#867,
    #876,#884,#893,#901,#909,#917,#926,#932));
#807 = ORIENTED_EDGE('',*,*,#100,.F.);
#808 = ORIENTED_EDGE('',*,*,#768,.T.);
#809 = ORIENTED_EDGE('',*,*,#810,.T.);
#810 = EDGE_CURVE('',#760,#811,#813,.T.);
#811 = VERTEX_POINT('',#812);
#812 = CARTESIAN_POINT('',(-2.96,16.91,21.5));
#813 = LINE('',#814,#815);
#814 = CARTESIAN_POINT('',(-2.96,4.16,21.5));
#815 = VECTOR('',#816,1.);
#816 = DIRECTION('',(0.,1.,0.));
#817 = ORIENTED_EDGE('',*,*,#818,.T.);
#818 = EDGE_CURVE('',#811,#819,#821,.T.);
#819 = VERTEX_POINT('',#820);
#820 = CARTESIAN_POINT('',(-2.96,17.16,21.25));
#821 = CIRCLE('',#822,0.25);
#822 = AXIS2_PLACEMENT_3D('',#823,#824,#825);
#823 = CARTESIAN_POINT('',(-2.96,16.91,21.25));
#824 = DIRECTION('',(-1.,0.,0.));
#825 = DIRECTION('',(0.,0.,-1.));
#826 = ORIENTED_EDGE('',*,*,#827,.F.);
#827 = EDGE_CURVE('',#828,#819,#830,.T.);
#828 = VERTEX_POINT('',#829);
#829 = CARTESIAN_POINT('',(-2.96,17.16,16.75));
#830 = LINE('',#831,#832);
#831 = CARTESIAN_POINT('',(-2.96,17.16,3.5));
#832 = VECTOR('',#833,1.);
#833 = DIRECTION('',(0.,0.,1.));
#834 = ORIENTED_EDGE('',*,*,#835,.T.);
#835 = EDGE_CURVE('',#828,#836,#838,.T.);
#836 = VERTEX_POINT('',#837);
#837 = CARTESIAN_POINT('',(-2.96,16.91,16.5));
#838 = CIRCLE('',#839,0.25);
#839 = AXIS2_PLACEMENT_3D('',#840,#841,#842);
#840 = CARTESIAN_POINT('',(-2.96,16.91,16.75));
#841 = DIRECTION('',(-1.,-0.,-0.));
#842 = DIRECTION('',(0.,0.,-1.));
#843 = ORIENTED_EDGE('',*,*,#844,.T.);
#844 = EDGE_CURVE('',#836,#845,#847,.T.);
#845 = VERTEX_POINT('',#846);
#846 = CARTESIAN_POINT('',(-2.96,6.16,16.5));
#847 = LINE('',#848,#849);
#848 = CARTESIAN_POINT('',(-2.96,5.16,16.5));
#849 = VECTOR('',#850,1.);
#850 = DIRECTION('',(-0.,-1.,-0.));
#851 = ORIENTED_EDGE('',*,*,#852,.T.);
#852 = EDGE_CURVE('',#845,#853,#855,.T.);
#853 = VERTEX_POINT('',#854);
#854 = CARTESIAN_POINT('',(-2.96,6.16,14.5));
#855 = LINE('',#856,#857);
#856 = CARTESIAN_POINT('',(-2.96,6.16,9.));
#857 = VECTOR('',#858,1.);
#858 = DIRECTION('',(0.,0.,-1.));
#859 = ORIENTED_EDGE('',*,*,#860,.T.);
#860 = EDGE_CURVE('',#853,#861,#863,.T.);
#861 = VERTEX_POINT('',#862);
#862 = CARTESIAN_POINT('',(-2.96,14.91,14.5));
#863 = LINE('',#864,#865);
#864 = CARTESIAN_POINT('',(-2.96,10.66,14.5));
#865 = VECTOR('',#866,1.);
#866 = DIRECTION('',(0.,1.,0.));
#867 = ORIENTED_EDGE('',*,*,#868,.F.);
#868 = EDGE_CURVE('',#869,#861,#871,.T.);
#869 = VERTEX_POINT('',#870);
#870 = CARTESIAN_POINT('',(-2.96,15.16,14.25));
#871 = CIRCLE('',#872,0.25);
#872 = AXIS2_PLACEMENT_3D('',#873,#874,#875);
#873 = CARTESIAN_POINT('',(-2.96,14.91,14.25));
#874 = DIRECTION('',(1.,-0.,0.));
#875 = DIRECTION('',(0.,0.,-1.));
#876 = ORIENTED_EDGE('',*,*,#877,.T.);
#877 = EDGE_CURVE('',#869,#878,#880,.T.);
#878 = VERTEX_POINT('',#879);
#879 = CARTESIAN_POINT('',(-2.96,15.16,10.75));
#880 = LINE('',#881,#882);
#881 = CARTESIAN_POINT('',(-2.96,15.16,7.));
#882 = VECTOR('',#883,1.);
#883 = DIRECTION('',(0.,0.,-1.));
#884 = ORIENTED_EDGE('',*,*,#885,.F.);
#885 = EDGE_CURVE('',#886,#878,#888,.T.);
#886 = VERTEX_POINT('',#887);
#887 = CARTESIAN_POINT('',(-2.96,14.91,10.5));
#888 = CIRCLE('',#889,0.25);
#889 = AXIS2_PLACEMENT_3D('',#890,#891,#892);
#890 = CARTESIAN_POINT('',(-2.96,14.91,10.75));
#891 = DIRECTION('',(1.,-0.,0.));
#892 = DIRECTION('',(0.,0.,-1.));
#893 = ORIENTED_EDGE('',*,*,#894,.T.);
#894 = EDGE_CURVE('',#886,#895,#897,.T.);
#895 = VERTEX_POINT('',#896);
#896 = CARTESIAN_POINT('',(-2.96,6.16,10.5));
#897 = LINE('',#898,#899);
#898 = CARTESIAN_POINT('',(-2.96,5.16,10.5));
#899 = VECTOR('',#900,1.);
#900 = DIRECTION('',(-0.,-1.,-0.));
#901 = ORIENTED_EDGE('',*,*,#902,.T.);
#902 = EDGE_CURVE('',#895,#903,#905,.T.);
#903 = VERTEX_POINT('',#904);
#904 = CARTESIAN_POINT('',(-2.96,6.16,8.5));
#905 = LINE('',#906,#907);
#906 = CARTESIAN_POINT('',(-2.96,6.16,6.));
#907 = VECTOR('',#908,1.);
#908 = DIRECTION('',(0.,0.,-1.));
#909 = ORIENTED_EDGE('',*,*,#910,.T.);
#910 = EDGE_CURVE('',#903,#911,#913,.T.);
#911 = VERTEX_POINT('',#912);
#912 = CARTESIAN_POINT('',(-2.96,16.91,8.5));
#913 = LINE('',#914,#915);
#914 = CARTESIAN_POINT('',(-2.96,10.66,8.5));
#915 = VECTOR('',#916,1.);
#916 = DIRECTION('',(0.,1.,0.));
#917 = ORIENTED_EDGE('',*,*,#918,.F.);
#918 = EDGE_CURVE('',#919,#911,#921,.T.);
#919 = VERTEX_POINT('',#920);
#920 = CARTESIAN_POINT('',(-2.96,17.16,8.25));
#921 = CIRCLE('',#922,0.25);
#922 = AXIS2_PLACEMENT_3D('',#923,#924,#925);
#923 = CARTESIAN_POINT('',(-2.96,16.91,8.25));
#924 = DIRECTION('',(1.,-0.,0.));
#925 = DIRECTION('',(0.,0.,-1.));
#926 = ORIENTED_EDGE('',*,*,#927,.F.);
#927 = EDGE_CURVE('',#786,#919,#928,.T.);
#928 = LINE('',#929,#930);
#929 = CARTESIAN_POINT('',(-2.96,17.16,3.5));
#930 = VECTOR('',#931,1.);
#931 = DIRECTION('',(0.,0.,1.));
#932 = ORIENTED_EDGE('',*,*,#793,.F.);
#933 = PLANE('',#934);
#934 = AXIS2_PLACEMENT_3D('',#935,#936,#937);
#935 = CARTESIAN_POINT('',(-2.96,4.16,3.5));
#936 = DIRECTION('',(-1.,0.,0.));
#937 = DIRECTION('',(0.,1.,0.));
#938 = ADVANCED_FACE('',(#939),#950,.F.);
#939 = FACE_BOUND('',#940,.F.);
#940 = EDGE_LOOP('',(#941,#942,#943,#944));
#941 = ORIENTED_EDGE('',*,*,#357,.F.);
#942 = ORIENTED_EDGE('',*,*,#315,.F.);
#943 = ORIENTED_EDGE('',*,*,#282,.T.);
#944 = ORIENTED_EDGE('',*,*,#945,.T.);
#945 = EDGE_CURVE('',#274,#358,#946,.T.);
#946 = LINE('',#947,#948);
#947 = CARTESIAN_POINT('',(9.04,17.16,8.25));
#948 = VECTOR('',#949,1.);
#949 = DIRECTION('',(-1.,-0.,-0.));
#950 = PLANE('',#951);
#951 = AXIS2_PLACEMENT_3D('',#952,#953,#954);
#952 = CARTESIAN_POINT('',(9.04,17.16,3.5));
#953 = DIRECTION('',(0.,-1.,0.));
#954 = DIRECTION('',(-1.,0.,0.));
#955 = ADVANCED_FACE('',(#956),#980,.T.);
#956 = FACE_BOUND('',#957,.T.);
#957 = EDGE_LOOP('',(#958,#959,#965,#966,#967,#968,#969,#970,#976,#977,
    #978,#979));
#958 = ORIENTED_EDGE('',*,*,#165,.T.);
#959 = ORIENTED_EDGE('',*,*,#960,.T.);
#960 = EDGE_CURVE('',#166,#466,#961,.T.);
#961 = LINE('',#962,#963);
#962 = CARTESIAN_POINT('',(9.04,16.91,21.5));
#963 = VECTOR('',#964,1.);
#964 = DIRECTION('',(-1.,0.,0.));
#965 = ORIENTED_EDGE('',*,*,#474,.T.);
#966 = ORIENTED_EDGE('',*,*,#533,.F.);
#967 = ORIENTED_EDGE('',*,*,#583,.T.);
#968 = ORIENTED_EDGE('',*,*,#759,.T.);
#969 = ORIENTED_EDGE('',*,*,#810,.T.);
#970 = ORIENTED_EDGE('',*,*,#971,.T.);
#971 = EDGE_CURVE('',#811,#735,#972,.T.);
#972 = LINE('',#973,#974);
#973 = CARTESIAN_POINT('',(-2.96,16.91,21.5));
#974 = VECTOR('',#975,1.);
#975 = DIRECTION('',(-1.,0.,0.));
#976 = ORIENTED_EDGE('',*,*,#743,.T.);
#977 = ORIENTED_EDGE('',*,*,#558,.T.);
#978 = ORIENTED_EDGE('',*,*,#505,.T.);
#979 = ORIENTED_EDGE('',*,*,#331,.F.);
#980 = PLANE('',#981);
#981 = AXIS2_PLACEMENT_3D('',#982,#983,#984);
#982 = CARTESIAN_POINT('',(2.54,8.535,21.5));
#983 = DIRECTION('',(0.,0.,1.));
#984 = DIRECTION('',(1.,0.,-0.));
#985 = ADVANCED_FACE('',(#986),#997,.T.);
#986 = FACE_BOUND('',#987,.T.);
#987 = EDGE_LOOP('',(#988,#989,#990,#996));
#988 = ORIENTED_EDGE('',*,*,#945,.T.);
#989 = ORIENTED_EDGE('',*,*,#365,.T.);
#990 = ORIENTED_EDGE('',*,*,#991,.F.);
#991 = EDGE_CURVE('',#266,#366,#992,.T.);
#992 = LINE('',#993,#994);
#993 = CARTESIAN_POINT('',(9.04,16.91,8.5));
#994 = VECTOR('',#995,1.);
#995 = DIRECTION('',(-1.,-0.,-0.));
#996 = ORIENTED_EDGE('',*,*,#273,.F.);
#997 = CYLINDRICAL_SURFACE('',#998,0.25);
#998 = AXIS2_PLACEMENT_3D('',#999,#1000,#1001);
#999 = CARTESIAN_POINT('',(9.04,16.91,8.25));
#1000 = DIRECTION('',(-1.,-0.,-0.));
#1001 = DIRECTION('',(0.,1.,0.));
#1002 = ADVANCED_FACE('',(#1003),#1014,.T.);
#1003 = FACE_BOUND('',#1004,.T.);
#1004 = EDGE_LOOP('',(#1005,#1006,#1012,#1013));
#1005 = ORIENTED_EDGE('',*,*,#173,.T.);
#1006 = ORIENTED_EDGE('',*,*,#1007,.T.);
#1007 = EDGE_CURVE('',#174,#458,#1008,.T.);
#1008 = LINE('',#1009,#1010);
#1009 = CARTESIAN_POINT('',(9.04,17.16,21.25));
#1010 = VECTOR('',#1011,1.);
#1011 = DIRECTION('',(-1.,0.,0.));
#1012 = ORIENTED_EDGE('',*,*,#465,.F.);
#1013 = ORIENTED_EDGE('',*,*,#960,.F.);
#1014 = CYLINDRICAL_SURFACE('',#1015,0.25);
#1015 = AXIS2_PLACEMENT_3D('',#1016,#1017,#1018);
#1016 = CARTESIAN_POINT('',(9.04,16.91,21.25));
#1017 = DIRECTION('',(-1.,0.,0.));
#1018 = DIRECTION('',(0.,0.,1.));
#1019 = ADVANCED_FACE('',(#1020),#1031,.T.);
#1020 = FACE_BOUND('',#1021,.T.);
#1021 = EDGE_LOOP('',(#1022,#1023,#1024,#1025));
#1022 = ORIENTED_EDGE('',*,*,#265,.F.);
#1023 = ORIENTED_EDGE('',*,*,#991,.T.);
#1024 = ORIENTED_EDGE('',*,*,#374,.T.);
#1025 = ORIENTED_EDGE('',*,*,#1026,.F.);
#1026 = EDGE_CURVE('',#258,#375,#1027,.T.);
#1027 = LINE('',#1028,#1029);
#1028 = CARTESIAN_POINT('',(9.04,6.16,8.5));
#1029 = VECTOR('',#1030,1.);
#1030 = DIRECTION('',(-1.,-0.,-0.));
#1031 = PLANE('',#1032);
#1032 = AXIS2_PLACEMENT_3D('',#1033,#1034,#1035);
#1033 = CARTESIAN_POINT('',(9.04,17.16,8.5));
#1034 = DIRECTION('',(0.,0.,1.));
#1035 = DIRECTION('',(0.,-1.,0.));
#1036 = ADVANCED_FACE('',(#1037),#1048,.F.);
#1037 = FACE_BOUND('',#1038,.F.);
#1038 = EDGE_LOOP('',(#1039,#1040,#1046,#1047));
#1039 = ORIENTED_EDGE('',*,*,#457,.F.);
#1040 = ORIENTED_EDGE('',*,*,#1041,.F.);
#1041 = EDGE_CURVE('',#183,#449,#1042,.T.);
#1042 = LINE('',#1043,#1044);
#1043 = CARTESIAN_POINT('',(9.04,17.16,16.75));
#1044 = VECTOR('',#1045,1.);
#1045 = DIRECTION('',(-1.,-0.,-0.));
#1046 = ORIENTED_EDGE('',*,*,#182,.T.);
#1047 = ORIENTED_EDGE('',*,*,#1007,.T.);
#1048 = PLANE('',#1049);
#1049 = AXIS2_PLACEMENT_3D('',#1050,#1051,#1052);
#1050 = CARTESIAN_POINT('',(9.04,17.16,3.5));
#1051 = DIRECTION('',(0.,-1.,0.));
#1052 = DIRECTION('',(-1.,0.,0.));
#1053 = ADVANCED_FACE('',(#1054),#1065,.T.);
#1054 = FACE_BOUND('',#1055,.T.);
#1055 = EDGE_LOOP('',(#1056,#1057,#1058,#1059));
#1056 = ORIENTED_EDGE('',*,*,#257,.F.);
#1057 = ORIENTED_EDGE('',*,*,#1026,.T.);
#1058 = ORIENTED_EDGE('',*,*,#382,.T.);
#1059 = ORIENTED_EDGE('',*,*,#1060,.F.);
#1060 = EDGE_CURVE('',#250,#383,#1061,.T.);
#1061 = LINE('',#1062,#1063);
#1062 = CARTESIAN_POINT('',(9.04,6.16,10.5));
#1063 = VECTOR('',#1064,1.);
#1064 = DIRECTION('',(-1.,-0.,-0.));
#1065 = PLANE('',#1066);
#1066 = AXIS2_PLACEMENT_3D('',#1067,#1068,#1069);
#1067 = CARTESIAN_POINT('',(9.04,6.16,8.5));
#1068 = DIRECTION('',(0.,1.,0.));
#1069 = DIRECTION('',(0.,-0.,1.));
#1070 = ADVANCED_FACE('',(#1071),#1082,.T.);
#1071 = FACE_BOUND('',#1072,.T.);
#1072 = EDGE_LOOP('',(#1073,#1074,#1080,#1081));
#1073 = ORIENTED_EDGE('',*,*,#190,.T.);
#1074 = ORIENTED_EDGE('',*,*,#1075,.T.);
#1075 = EDGE_CURVE('',#191,#441,#1076,.T.);
#1076 = LINE('',#1077,#1078);
#1077 = CARTESIAN_POINT('',(9.04,16.91,16.5));
#1078 = VECTOR('',#1079,1.);
#1079 = DIRECTION('',(-1.,-0.,-0.));
#1080 = ORIENTED_EDGE('',*,*,#448,.F.);
#1081 = ORIENTED_EDGE('',*,*,#1041,.F.);
#1082 = CYLINDRICAL_SURFACE('',#1083,0.25);
#1083 = AXIS2_PLACEMENT_3D('',#1084,#1085,#1086);
#1084 = CARTESIAN_POINT('',(9.04,16.91,16.75));
#1085 = DIRECTION('',(-1.,-0.,-0.));
#1086 = DIRECTION('',(0.,1.,0.));
#1087 = ADVANCED_FACE('',(#1088),#1099,.T.);
#1088 = FACE_BOUND('',#1089,.T.);
#1089 = EDGE_LOOP('',(#1090,#1091,#1092,#1093));
#1090 = ORIENTED_EDGE('',*,*,#249,.F.);
#1091 = ORIENTED_EDGE('',*,*,#1060,.T.);
#1092 = ORIENTED_EDGE('',*,*,#390,.T.);
#1093 = ORIENTED_EDGE('',*,*,#1094,.F.);
#1094 = EDGE_CURVE('',#241,#391,#1095,.T.);
#1095 = LINE('',#1096,#1097);
#1096 = CARTESIAN_POINT('',(9.04,14.91,10.5));
#1097 = VECTOR('',#1098,1.);
#1098 = DIRECTION('',(-1.,-0.,-0.));
#1099 = PLANE('',#1100);
#1100 = AXIS2_PLACEMENT_3D('',#1101,#1102,#1103);
#1101 = CARTESIAN_POINT('',(9.04,6.16,10.5));
#1102 = DIRECTION('',(0.,0.,-1.));
#1103 = DIRECTION('',(0.,1.,0.));
#1104 = ADVANCED_FACE('',(#1105),#1116,.T.);
#1105 = FACE_BOUND('',#1106,.T.);
#1106 = EDGE_LOOP('',(#1107,#1108,#1114,#1115));
#1107 = ORIENTED_EDGE('',*,*,#199,.F.);
#1108 = ORIENTED_EDGE('',*,*,#1109,.T.);
#1109 = EDGE_CURVE('',#200,#433,#1110,.T.);
#1110 = LINE('',#1111,#1112);
#1111 = CARTESIAN_POINT('',(9.04,6.16,16.5));
#1112 = VECTOR('',#1113,1.);
#1113 = DIRECTION('',(-1.,-0.,-0.));
#1114 = ORIENTED_EDGE('',*,*,#440,.T.);
#1115 = ORIENTED_EDGE('',*,*,#1075,.F.);
#1116 = PLANE('',#1117);
#1117 = AXIS2_PLACEMENT_3D('',#1118,#1119,#1120);
#1118 = CARTESIAN_POINT('',(9.04,6.16,16.5));
#1119 = DIRECTION('',(0.,0.,-1.));
#1120 = DIRECTION('',(0.,1.,0.));
#1121 = ADVANCED_FACE('',(#1122),#1133,.T.);
#1122 = FACE_BOUND('',#1123,.T.);
#1123 = EDGE_LOOP('',(#1124,#1125,#1126,#1132));
#1124 = ORIENTED_EDGE('',*,*,#1094,.T.);
#1125 = ORIENTED_EDGE('',*,*,#398,.T.);
#1126 = ORIENTED_EDGE('',*,*,#1127,.F.);
#1127 = EDGE_CURVE('',#233,#399,#1128,.T.);
#1128 = LINE('',#1129,#1130);
#1129 = CARTESIAN_POINT('',(9.04,15.16,10.75));
#1130 = VECTOR('',#1131,1.);
#1131 = DIRECTION('',(-1.,-0.,-0.));
#1132 = ORIENTED_EDGE('',*,*,#240,.F.);
#1133 = CYLINDRICAL_SURFACE('',#1134,0.25);
#1134 = AXIS2_PLACEMENT_3D('',#1135,#1136,#1137);
#1135 = CARTESIAN_POINT('',(9.04,14.91,10.75));
#1136 = DIRECTION('',(-1.,-0.,-0.));
#1137 = DIRECTION('',(0.,0.,-1.));
#1138 = ADVANCED_FACE('',(#1139),#1150,.T.);
#1139 = FACE_BOUND('',#1140,.T.);
#1140 = EDGE_LOOP('',(#1141,#1142,#1148,#1149));
#1141 = ORIENTED_EDGE('',*,*,#207,.F.);
#1142 = ORIENTED_EDGE('',*,*,#1143,.T.);
#1143 = EDGE_CURVE('',#208,#425,#1144,.T.);
#1144 = LINE('',#1145,#1146);
#1145 = CARTESIAN_POINT('',(9.04,6.16,14.5));
#1146 = VECTOR('',#1147,1.);
#1147 = DIRECTION('',(-1.,-0.,-0.));
#1148 = ORIENTED_EDGE('',*,*,#432,.T.);
#1149 = ORIENTED_EDGE('',*,*,#1109,.F.);
#1150 = PLANE('',#1151);
#1151 = AXIS2_PLACEMENT_3D('',#1152,#1153,#1154);
#1152 = CARTESIAN_POINT('',(9.04,6.16,14.5));
#1153 = DIRECTION('',(0.,1.,0.));
#1154 = DIRECTION('',(0.,-0.,1.));
#1155 = ADVANCED_FACE('',(#1156),#1167,.T.);
#1156 = FACE_BOUND('',#1157,.T.);
#1157 = EDGE_LOOP('',(#1158,#1159,#1160,#1161));
#1158 = ORIENTED_EDGE('',*,*,#232,.F.);
#1159 = ORIENTED_EDGE('',*,*,#1127,.T.);
#1160 = ORIENTED_EDGE('',*,*,#407,.T.);
#1161 = ORIENTED_EDGE('',*,*,#1162,.F.);
#1162 = EDGE_CURVE('',#224,#408,#1163,.T.);
#1163 = LINE('',#1164,#1165);
#1164 = CARTESIAN_POINT('',(9.04,15.16,14.25));
#1165 = VECTOR('',#1166,1.);
#1166 = DIRECTION('',(-1.,-0.,-0.));
#1167 = PLANE('',#1168);
#1168 = AXIS2_PLACEMENT_3D('',#1169,#1170,#1171);
#1169 = CARTESIAN_POINT('',(9.04,15.16,10.5));
#1170 = DIRECTION('',(0.,1.,0.));
#1171 = DIRECTION('',(0.,-0.,1.));
#1172 = ADVANCED_FACE('',(#1173),#1184,.T.);
#1173 = FACE_BOUND('',#1174,.T.);
#1174 = EDGE_LOOP('',(#1175,#1176,#1182,#1183));
#1175 = ORIENTED_EDGE('',*,*,#215,.F.);
#1176 = ORIENTED_EDGE('',*,*,#1177,.T.);
#1177 = EDGE_CURVE('',#216,#416,#1178,.T.);
#1178 = LINE('',#1179,#1180);
#1179 = CARTESIAN_POINT('',(9.04,14.91,14.5));
#1180 = VECTOR('',#1181,1.);
#1181 = DIRECTION('',(-1.,-0.,-0.));
#1182 = ORIENTED_EDGE('',*,*,#424,.T.);
#1183 = ORIENTED_EDGE('',*,*,#1143,.F.);
#1184 = PLANE('',#1185);
#1185 = AXIS2_PLACEMENT_3D('',#1186,#1187,#1188);
#1186 = CARTESIAN_POINT('',(9.04,17.16,14.5));
#1187 = DIRECTION('',(0.,0.,1.));
#1188 = DIRECTION('',(0.,-1.,0.));
#1189 = ADVANCED_FACE('',(#1190),#1196,.T.);
#1190 = FACE_BOUND('',#1191,.T.);
#1191 = EDGE_LOOP('',(#1192,#1193,#1194,#1195));
#1192 = ORIENTED_EDGE('',*,*,#1162,.T.);
#1193 = ORIENTED_EDGE('',*,*,#415,.T.);
#1194 = ORIENTED_EDGE('',*,*,#1177,.F.);
#1195 = ORIENTED_EDGE('',*,*,#223,.F.);
#1196 = CYLINDRICAL_SURFACE('',#1197,0.25);
#1197 = AXIS2_PLACEMENT_3D('',#1198,#1199,#1200);
#1198 = CARTESIAN_POINT('',(9.04,14.91,14.25));
#1199 = DIRECTION('',(-1.,-0.,-0.));
#1200 = DIRECTION('',(0.,1.,0.));
#1201 = ADVANCED_FACE('',(#1202),#1213,.F.);
#1202 = FACE_BOUND('',#1203,.F.);
#1203 = EDGE_LOOP('',(#1204,#1210,#1211,#1212));
#1204 = ORIENTED_EDGE('',*,*,#1205,.T.);
#1205 = EDGE_CURVE('',#515,#600,#1206,.T.);
#1206 = LINE('',#1207,#1208);
#1207 = CARTESIAN_POINT('',(4.54,3.16,16.));
#1208 = VECTOR('',#1209,1.);
#1209 = DIRECTION('',(0.,1.,-2.2E-16));
#1210 = ORIENTED_EDGE('',*,*,#599,.T.);
#1211 = ORIENTED_EDGE('',*,*,#1205,.F.);
#1212 = ORIENTED_EDGE('',*,*,#514,.F.);
#1213 = CYLINDRICAL_SURFACE('',#1214,2.);
#1214 = AXIS2_PLACEMENT_3D('',#1215,#1216,#1217);
#1215 = CARTESIAN_POINT('',(2.54,3.16,16.));
#1216 = DIRECTION('',(0.,-1.,2.2E-16));
#1217 = DIRECTION('',(1.,0.,0.));
#1218 = ADVANCED_FACE('',(#1219),#1230,.F.);
#1219 = FACE_BOUND('',#1220,.F.);
#1220 = EDGE_LOOP('',(#1221,#1222,#1223,#1224));
#1221 = ORIENTED_EDGE('',*,*,#626,.F.);
#1222 = ORIENTED_EDGE('',*,*,#785,.F.);
#1223 = ORIENTED_EDGE('',*,*,#927,.T.);
#1224 = ORIENTED_EDGE('',*,*,#1225,.T.);
#1225 = EDGE_CURVE('',#919,#627,#1226,.T.);
#1226 = LINE('',#1227,#1228);
#1227 = CARTESIAN_POINT('',(-2.96,17.16,8.25));
#1228 = VECTOR('',#1229,1.);
#1229 = DIRECTION('',(-1.,-0.,-0.));
#1230 = PLANE('',#1231);
#1231 = AXIS2_PLACEMENT_3D('',#1232,#1233,#1234);
#1232 = CARTESIAN_POINT('',(-2.96,17.16,3.5));
#1233 = DIRECTION('',(0.,-1.,0.));
#1234 = DIRECTION('',(-1.,0.,0.));
#1235 = ADVANCED_FACE('',(#1236),#1247,.T.);
#1236 = FACE_BOUND('',#1237,.T.);
#1237 = EDGE_LOOP('',(#1238,#1239,#1240,#1246));
#1238 = ORIENTED_EDGE('',*,*,#1225,.T.);
#1239 = ORIENTED_EDGE('',*,*,#634,.T.);
#1240 = ORIENTED_EDGE('',*,*,#1241,.F.);
#1241 = EDGE_CURVE('',#911,#635,#1242,.T.);
#1242 = LINE('',#1243,#1244);
#1243 = CARTESIAN_POINT('',(-2.96,16.91,8.5));
#1244 = VECTOR('',#1245,1.);
#1245 = DIRECTION('',(-1.,-0.,-0.));
#1246 = ORIENTED_EDGE('',*,*,#918,.F.);
#1247 = CYLINDRICAL_SURFACE('',#1248,0.25);
#1248 = AXIS2_PLACEMENT_3D('',#1249,#1250,#1251);
#1249 = CARTESIAN_POINT('',(-2.96,16.91,8.25));
#1250 = DIRECTION('',(-1.,-0.,-0.));
#1251 = DIRECTION('',(0.,1.,0.));
#1252 = ADVANCED_FACE('',(#1253),#1264,.T.);
#1253 = FACE_BOUND('',#1254,.T.);
#1254 = EDGE_LOOP('',(#1255,#1256,#1262,#1263));
#1255 = ORIENTED_EDGE('',*,*,#818,.T.);
#1256 = ORIENTED_EDGE('',*,*,#1257,.T.);
#1257 = EDGE_CURVE('',#819,#727,#1258,.T.);
#1258 = LINE('',#1259,#1260);
#1259 = CARTESIAN_POINT('',(-2.96,17.16,21.25));
#1260 = VECTOR('',#1261,1.);
#1261 = DIRECTION('',(-1.,0.,0.));
#1262 = ORIENTED_EDGE('',*,*,#734,.F.);
#1263 = ORIENTED_EDGE('',*,*,#971,.F.);
#1264 = CYLINDRICAL_SURFACE('',#1265,0.25);
#1265 = AXIS2_PLACEMENT_3D('',#1266,#1267,#1268);
#1266 = CARTESIAN_POINT('',(-2.96,16.91,21.25));
#1267 = DIRECTION('',(-1.,0.,0.));
#1268 = DIRECTION('',(0.,0.,1.));
#1269 = ADVANCED_FACE('',(#1270),#1281,.T.);
#1270 = FACE_BOUND('',#1271,.T.);
#1271 = EDGE_LOOP('',(#1272,#1273,#1274,#1275));
#1272 = ORIENTED_EDGE('',*,*,#910,.T.);
#1273 = ORIENTED_EDGE('',*,*,#1241,.T.);
#1274 = ORIENTED_EDGE('',*,*,#643,.T.);
#1275 = ORIENTED_EDGE('',*,*,#1276,.F.);
#1276 = EDGE_CURVE('',#903,#644,#1277,.T.);
#1277 = LINE('',#1278,#1279);
#1278 = CARTESIAN_POINT('',(9.04,6.16,8.5));
#1279 = VECTOR('',#1280,1.);
#1280 = DIRECTION('',(-1.,-0.,-0.));
#1281 = PLANE('',#1282);
#1282 = AXIS2_PLACEMENT_3D('',#1283,#1284,#1285);
#1283 = CARTESIAN_POINT('',(9.04,17.16,8.5));
#1284 = DIRECTION('',(0.,0.,1.));
#1285 = DIRECTION('',(0.,-1.,0.));
#1286 = ADVANCED_FACE('',(#1287),#1298,.F.);
#1287 = FACE_BOUND('',#1288,.F.);
#1288 = EDGE_LOOP('',(#1289,#1290,#1296,#1297));
#1289 = ORIENTED_EDGE('',*,*,#726,.F.);
#1290 = ORIENTED_EDGE('',*,*,#1291,.F.);
#1291 = EDGE_CURVE('',#828,#718,#1292,.T.);
#1292 = LINE('',#1293,#1294);
#1293 = CARTESIAN_POINT('',(-2.96,17.16,16.75));
#1294 = VECTOR('',#1295,1.);
#1295 = DIRECTION('',(-1.,-0.,-0.));
#1296 = ORIENTED_EDGE('',*,*,#827,.T.);
#1297 = ORIENTED_EDGE('',*,*,#1257,.T.);
#1298 = PLANE('',#1299);
#1299 = AXIS2_PLACEMENT_3D('',#1300,#1301,#1302);
#1300 = CARTESIAN_POINT('',(-2.96,17.16,3.5));
#1301 = DIRECTION('',(0.,-1.,0.));
#1302 = DIRECTION('',(-1.,0.,0.));
#1303 = ADVANCED_FACE('',(#1304),#1315,.T.);
#1304 = FACE_BOUND('',#1305,.T.);
#1305 = EDGE_LOOP('',(#1306,#1307,#1308,#1309));
#1306 = ORIENTED_EDGE('',*,*,#902,.T.);
#1307 = ORIENTED_EDGE('',*,*,#1276,.T.);
#1308 = ORIENTED_EDGE('',*,*,#651,.T.);
#1309 = ORIENTED_EDGE('',*,*,#1310,.F.);
#1310 = EDGE_CURVE('',#895,#652,#1311,.T.);
#1311 = LINE('',#1312,#1313);
#1312 = CARTESIAN_POINT('',(9.04,6.16,10.5));
#1313 = VECTOR('',#1314,1.);
#1314 = DIRECTION('',(-1.,-0.,-0.));
#1315 = PLANE('',#1316);
#1316 = AXIS2_PLACEMENT_3D('',#1317,#1318,#1319);
#1317 = CARTESIAN_POINT('',(9.04,6.16,8.5));
#1318 = DIRECTION('',(0.,1.,0.));
#1319 = DIRECTION('',(0.,-0.,1.));
#1320 = ADVANCED_FACE('',(#1321),#1332,.T.);
#1321 = FACE_BOUND('',#1322,.T.);
#1322 = EDGE_LOOP('',(#1323,#1324,#1330,#1331));
#1323 = ORIENTED_EDGE('',*,*,#835,.T.);
#1324 = ORIENTED_EDGE('',*,*,#1325,.T.);
#1325 = EDGE_CURVE('',#836,#710,#1326,.T.);
#1326 = LINE('',#1327,#1328);
#1327 = CARTESIAN_POINT('',(-2.96,16.91,16.5));
#1328 = VECTOR('',#1329,1.);
#1329 = DIRECTION('',(-1.,-0.,-0.));
#1330 = ORIENTED_EDGE('',*,*,#717,.F.);
#1331 = ORIENTED_EDGE('',*,*,#1291,.F.);
#1332 = CYLINDRICAL_SURFACE('',#1333,0.25);
#1333 = AXIS2_PLACEMENT_3D('',#1334,#1335,#1336);
#1334 = CARTESIAN_POINT('',(-2.96,16.91,16.75));
#1335 = DIRECTION('',(-1.,-0.,-0.));
#1336 = DIRECTION('',(0.,1.,0.));
#1337 = ADVANCED_FACE('',(#1338),#1349,.T.);
#1338 = FACE_BOUND('',#1339,.T.);
#1339 = EDGE_LOOP('',(#1340,#1341,#1347,#1348));
#1340 = ORIENTED_EDGE('',*,*,#659,.T.);
#1341 = ORIENTED_EDGE('',*,*,#1342,.F.);
#1342 = EDGE_CURVE('',#886,#660,#1343,.T.);
#1343 = LINE('',#1344,#1345);
#1344 = CARTESIAN_POINT('',(-2.96,14.91,10.5));
#1345 = VECTOR('',#1346,1.);
#1346 = DIRECTION('',(-1.,-0.,-0.));
#1347 = ORIENTED_EDGE('',*,*,#894,.T.);
#1348 = ORIENTED_EDGE('',*,*,#1310,.T.);
#1349 = PLANE('',#1350);
#1350 = AXIS2_PLACEMENT_3D('',#1351,#1352,#1353);
#1351 = CARTESIAN_POINT('',(9.04,6.16,10.5));
#1352 = DIRECTION('',(0.,0.,-1.));
#1353 = DIRECTION('',(0.,1.,0.));
#1354 = ADVANCED_FACE('',(#1355),#1366,.T.);
#1355 = FACE_BOUND('',#1356,.T.);
#1356 = EDGE_LOOP('',(#1357,#1358,#1364,#1365));
#1357 = ORIENTED_EDGE('',*,*,#844,.T.);
#1358 = ORIENTED_EDGE('',*,*,#1359,.T.);
#1359 = EDGE_CURVE('',#845,#702,#1360,.T.);
#1360 = LINE('',#1361,#1362);
#1361 = CARTESIAN_POINT('',(9.04,6.16,16.5));
#1362 = VECTOR('',#1363,1.);
#1363 = DIRECTION('',(-1.,-0.,-0.));
#1364 = ORIENTED_EDGE('',*,*,#709,.T.);
#1365 = ORIENTED_EDGE('',*,*,#1325,.F.);
#1366 = PLANE('',#1367);
#1367 = AXIS2_PLACEMENT_3D('',#1368,#1369,#1370);
#1368 = CARTESIAN_POINT('',(9.04,6.16,16.5));
#1369 = DIRECTION('',(0.,0.,-1.));
#1370 = DIRECTION('',(0.,1.,0.));
#1371 = ADVANCED_FACE('',(#1372),#1383,.T.);
#1372 = FACE_BOUND('',#1373,.T.);
#1373 = EDGE_LOOP('',(#1374,#1375,#1376,#1382));
#1374 = ORIENTED_EDGE('',*,*,#1342,.T.);
#1375 = ORIENTED_EDGE('',*,*,#667,.T.);
#1376 = ORIENTED_EDGE('',*,*,#1377,.F.);
#1377 = EDGE_CURVE('',#878,#668,#1378,.T.);
#1378 = LINE('',#1379,#1380);
#1379 = CARTESIAN_POINT('',(-2.96,15.16,10.75));
#1380 = VECTOR('',#1381,1.);
#1381 = DIRECTION('',(-1.,-0.,-0.));
#1382 = ORIENTED_EDGE('',*,*,#885,.F.);
#1383 = CYLINDRICAL_SURFACE('',#1384,0.25);
#1384 = AXIS2_PLACEMENT_3D('',#1385,#1386,#1387);
#1385 = CARTESIAN_POINT('',(-2.96,14.91,10.75));
#1386 = DIRECTION('',(-1.,-0.,-0.));
#1387 = DIRECTION('',(0.,0.,-1.));
#1388 = ADVANCED_FACE('',(#1389),#1400,.T.);
#1389 = FACE_BOUND('',#1390,.T.);
#1390 = EDGE_LOOP('',(#1391,#1392,#1398,#1399));
#1391 = ORIENTED_EDGE('',*,*,#852,.T.);
#1392 = ORIENTED_EDGE('',*,*,#1393,.T.);
#1393 = EDGE_CURVE('',#853,#694,#1394,.T.);
#1394 = LINE('',#1395,#1396);
#1395 = CARTESIAN_POINT('',(9.04,6.16,14.5));
#1396 = VECTOR('',#1397,1.);
#1397 = DIRECTION('',(-1.,-0.,-0.));
#1398 = ORIENTED_EDGE('',*,*,#701,.T.);
#1399 = ORIENTED_EDGE('',*,*,#1359,.F.);
#1400 = PLANE('',#1401);
#1401 = AXIS2_PLACEMENT_3D('',#1402,#1403,#1404);
#1402 = CARTESIAN_POINT('',(9.04,6.16,14.5));
#1403 = DIRECTION('',(0.,1.,0.));
#1404 = DIRECTION('',(0.,-0.,1.));
#1405 = ADVANCED_FACE('',(#1406),#1417,.T.);
#1406 = FACE_BOUND('',#1407,.T.);
#1407 = EDGE_LOOP('',(#1408,#1409,#1410,#1411));
#1408 = ORIENTED_EDGE('',*,*,#877,.T.);
#1409 = ORIENTED_EDGE('',*,*,#1377,.T.);
#1410 = ORIENTED_EDGE('',*,*,#676,.T.);
#1411 = ORIENTED_EDGE('',*,*,#1412,.F.);
#1412 = EDGE_CURVE('',#869,#677,#1413,.T.);
#1413 = LINE('',#1414,#1415);
#1414 = CARTESIAN_POINT('',(-2.96,15.16,14.25));
#1415 = VECTOR('',#1416,1.);
#1416 = DIRECTION('',(-1.,-0.,-0.));
#1417 = PLANE('',#1418);
#1418 = AXIS2_PLACEMENT_3D('',#1419,#1420,#1421);
#1419 = CARTESIAN_POINT('',(9.04,15.16,10.5));
#1420 = DIRECTION('',(0.,1.,0.));
#1421 = DIRECTION('',(0.,-0.,1.));
#1422 = ADVANCED_FACE('',(#1423),#1434,.T.);
#1423 = FACE_BOUND('',#1424,.T.);
#1424 = EDGE_LOOP('',(#1425,#1426,#1427,#1428));
#1425 = ORIENTED_EDGE('',*,*,#693,.T.);
#1426 = ORIENTED_EDGE('',*,*,#1393,.F.);
#1427 = ORIENTED_EDGE('',*,*,#860,.T.);
#1428 = ORIENTED_EDGE('',*,*,#1429,.T.);
#1429 = EDGE_CURVE('',#861,#685,#1430,.T.);
#1430 = LINE('',#1431,#1432);
#1431 = CARTESIAN_POINT('',(-2.96,14.91,14.5));
#1432 = VECTOR('',#1433,1.);
#1433 = DIRECTION('',(-1.,-0.,-0.));
#1434 = PLANE('',#1435);
#1435 = AXIS2_PLACEMENT_3D('',#1436,#1437,#1438);
#1436 = CARTESIAN_POINT('',(9.04,17.16,14.5));
#1437 = DIRECTION('',(0.,0.,1.));
#1438 = DIRECTION('',(0.,-1.,0.));
#1439 = ADVANCED_FACE('',(#1440),#1446,.T.);
#1440 = FACE_BOUND('',#1441,.T.);
#1441 = EDGE_LOOP('',(#1442,#1443,#1444,#1445));
#1442 = ORIENTED_EDGE('',*,*,#1412,.T.);
#1443 = ORIENTED_EDGE('',*,*,#684,.T.);
#1444 = ORIENTED_EDGE('',*,*,#1429,.F.);
#1445 = ORIENTED_EDGE('',*,*,#868,.F.);
#1446 = CYLINDRICAL_SURFACE('',#1447,0.25);
#1447 = AXIS2_PLACEMENT_3D('',#1448,#1449,#1450);
#1448 = CARTESIAN_POINT('',(-2.96,14.91,14.25));
#1449 = DIRECTION('',(-1.,-0.,-0.));
#1450 = DIRECTION('',(0.,1.,0.));
#1451 = ( GEOMETRIC_REPRESENTATION_CONTEXT(3) 
GLOBAL_UNCERTAINTY_ASSIGNED_CONTEXT((#1455)) 
GLOBAL_UNIT_ASSIGNED_CONTEXT((#1452,#1453,#1454)) REPRESENTATION_CONTEXT
('Context #1','3D Context with UNIT and UNCERTAINTY') );
#1452 = ( LENGTH_UNIT() NAMED_UNIT(*) SI_UNIT(.MILLI.,.METRE.) );
#1453 = ( NAMED_UNIT(*) PLANE_ANGLE_UNIT() SI_UNIT($,.RADIAN.) );
#1454 = ( NAMED_UNIT(*) SI_UNIT($,.STERADIAN.) SOLID_ANGLE_UNIT() );
#1455 = UNCERTAINTY_MEASURE_WITH_UNIT(LENGTH_MEASURE(1.E-07),#1452,
  'distance_accuracy_value','confusion accuracy');
#1456 = SHAPE_DEFINITION_REPRESENTATION(#1457,#41);
#1457 = PRODUCT_DEFINITION_SHAPE('','',#1458);
#1458 = PRODUCT_DEFINITION('design','',#1459,#1462);
#1459 = PRODUCT_DEFINITION_FORMATION('','',#1460);
#1460 = PRODUCT('Heatsink','Heatsink','',(#1461));
#1461 = PRODUCT_CONTEXT('',#2,'mechanical');
#1462 = PRODUCT_DEFINITION_CONTEXT('part definition',#2,'design');
#1463 = CONTEXT_DEPENDENT_SHAPE_REPRESENTATION(#1464,#1466);
#1464 = ( REPRESENTATION_RELATIONSHIP('','',#41,#10) 
REPRESENTATION_RELATIONSHIP_WITH_TRANSFORMATION(#1465) 
SHAPE_REPRESENTATION_RELATIONSHIP() );
#1465 = ITEM_DEFINED_TRANSFORMATION('','',#11,#15);
#1466 = PRODUCT_DEFINITION_SHAPE('Placement','Placement of an item',
  #1467);
#1467 = NEXT_ASSEMBLY_USAGE_OCCURRENCE('12','=>[0:1:1:1]','',#5,#1458,$
  );
#1468 = PRODUCT_RELATED_PRODUCT_CATEGORY('part',$,(#1460));
#1469 = ADVANCED_BREP_SHAPE_REPRESENTATION('',(#11,#1470),#3111);
#1470 = MANIFOLD_SOLID_BREP('',#1471);
#1471 = CLOSED_SHELL('',(#1472,#1560,#1591,#1615,#1639,#1663,#1687,#1711
    ,#1735,#1775,#1815,#1928,#1951,#2037,#2049,#2089,#2145,#2178,#2218,
    #2290,#2323,#2363,#2435,#2468,#2485,#2502,#2519,#2536,#2571,#2611,
    #2635,#2668,#2692,#2750,#2772,#2789,#2806,#2818,#2835,#2847,#2871,
    #2929,#2951,#2968,#2985,#2997,#3014,#3026,#3054,#3071,#3094));
#1472 = ADVANCED_FACE('',(#1473),#1555,.F.);
#1473 = FACE_BOUND('',#1474,.F.);
#1474 = EDGE_LOOP('',(#1475,#1485,#1493,#1501,#1509,#1517,#1525,#1533,
    #1541,#1549));
#1475 = ORIENTED_EDGE('',*,*,#1476,.F.);
#1476 = EDGE_CURVE('',#1477,#1479,#1481,.T.);
#1477 = VERTEX_POINT('',#1478);
#1478 = CARTESIAN_POINT('',(5.0875,0.2625,-4.));
#1479 = VERTEX_POINT('',#1480);
#1480 = CARTESIAN_POINT('',(5.0725,0.2625,-4.));
#1481 = LINE('',#1482,#1483);
#1482 = CARTESIAN_POINT('',(0.675,0.2625,-4.));
#1483 = VECTOR('',#1484,1.);
#1484 = DIRECTION('',(-1.,0.,0.));
#1485 = ORIENTED_EDGE('',*,*,#1486,.F.);
#1486 = EDGE_CURVE('',#1487,#1477,#1489,.T.);
#1487 = VERTEX_POINT('',#1488);
#1488 = CARTESIAN_POINT('',(5.5075,0.2625,-3.58));
#1489 = LINE('',#1490,#1491);
#1490 = CARTESIAN_POINT('',(6.08375,0.2625,-3.00375));
#1491 = VECTOR('',#1492,1.);
#1492 = DIRECTION('',(-0.707106781187,-2.299999999998E-16,
    -0.707106781187));
#1493 = ORIENTED_EDGE('',*,*,#1494,.T.);
#1494 = EDGE_CURVE('',#1487,#1495,#1497,.T.);
#1495 = VERTEX_POINT('',#1496);
#1496 = CARTESIAN_POINT('',(5.5075,0.2625,0.));
#1497 = LINE('',#1498,#1499);
#1498 = CARTESIAN_POINT('',(5.5075,0.2625,-9.009548279765));
#1499 = VECTOR('',#1500,1.);
#1500 = DIRECTION('',(0.,3.3E-16,1.));
#1501 = ORIENTED_EDGE('',*,*,#1502,.T.);
#1502 = EDGE_CURVE('',#1495,#1503,#1505,.T.);
#1503 = VERTEX_POINT('',#1504);
#1504 = CARTESIAN_POINT('',(5.81,0.2625,0.3025));
#1505 = LINE('',#1506,#1507);
#1506 = CARTESIAN_POINT('',(5.5075,0.2625,-9.E-17));
#1507 = VECTOR('',#1508,1.);
#1508 = DIRECTION('',(0.707106781187,2.4E-16,0.707106781186));
#1509 = ORIENTED_EDGE('',*,*,#1510,.T.);
#1510 = EDGE_CURVE('',#1503,#1511,#1513,.T.);
#1511 = VERTEX_POINT('',#1512);
#1512 = CARTESIAN_POINT('',(5.81,0.2625,3.726666666667));
#1513 = LINE('',#1514,#1515);
#1514 = CARTESIAN_POINT('',(5.81,0.2625,0.3025));
#1515 = VECTOR('',#1516,1.);
#1516 = DIRECTION('',(0.,3.3E-16,1.));
#1517 = ORIENTED_EDGE('',*,*,#1518,.T.);
#1518 = EDGE_CURVE('',#1511,#1519,#1521,.T.);
#1519 = VERTEX_POINT('',#1520);
#1520 = CARTESIAN_POINT('',(4.35,0.2625,3.726666666667));
#1521 = LINE('',#1522,#1523);
#1522 = CARTESIAN_POINT('',(0.8825,0.2625,3.726666666667));
#1523 = VECTOR('',#1524,1.);
#1524 = DIRECTION('',(-1.,-0.,-6.E-17));
#1525 = ORIENTED_EDGE('',*,*,#1526,.T.);
#1526 = EDGE_CURVE('',#1519,#1527,#1529,.T.);
#1527 = VERTEX_POINT('',#1528);
#1528 = CARTESIAN_POINT('',(4.35,0.2625,0.3025));
#1529 = LINE('',#1530,#1531);
#1530 = CARTESIAN_POINT('',(4.35,0.2625,3.73));
#1531 = VECTOR('',#1532,1.);
#1532 = DIRECTION('',(0.,-3.3E-16,-1.));
#1533 = ORIENTED_EDGE('',*,*,#1534,.T.);
#1534 = EDGE_CURVE('',#1527,#1535,#1537,.T.);
#1535 = VERTEX_POINT('',#1536);
#1536 = CARTESIAN_POINT('',(4.6525,0.2625,0.));
#1537 = LINE('',#1538,#1539);
#1538 = CARTESIAN_POINT('',(4.35,0.2625,0.3025));
#1539 = VECTOR('',#1540,1.);
#1540 = DIRECTION('',(0.707106781187,-2.4E-16,-0.707106781186));
#1541 = ORIENTED_EDGE('',*,*,#1542,.T.);
#1542 = EDGE_CURVE('',#1535,#1543,#1545,.T.);
#1543 = VERTEX_POINT('',#1544);
#1544 = CARTESIAN_POINT('',(4.6525,0.2625,-3.58));
#1545 = LINE('',#1546,#1547);
#1546 = CARTESIAN_POINT('',(4.6525,0.2625,-9.E-17));
#1547 = VECTOR('',#1548,1.);
#1548 = DIRECTION('',(0.,-3.3E-16,-1.));
#1549 = ORIENTED_EDGE('',*,*,#1550,.F.);
#1550 = EDGE_CURVE('',#1479,#1543,#1551,.T.);
#1551 = LINE('',#1552,#1553);
#1552 = CARTESIAN_POINT('',(3.71125,0.2625,-2.63875));
#1553 = VECTOR('',#1554,1.);
#1554 = DIRECTION('',(-0.707106781187,2.299999999998E-16,0.707106781187)
  );
#1555 = PLANE('',#1556);
#1556 = AXIS2_PLACEMENT_3D('',#1557,#1558,#1559);
#1557 = CARTESIAN_POINT('',(4.35,0.2625,0.3025));
#1558 = DIRECTION('',(0.,-1.,3.3E-16));
#1559 = DIRECTION('',(0.,-3.3E-16,-1.));
#1560 = ADVANCED_FACE('',(#1561),#1586,.F.);
#1561 = FACE_BOUND('',#1562,.F.);
#1562 = EDGE_LOOP('',(#1563,#1573,#1579,#1580));
#1563 = ORIENTED_EDGE('',*,*,#1564,.F.);
#1564 = EDGE_CURVE('',#1565,#1567,#1569,.T.);
#1565 = VERTEX_POINT('',#1566);
#1566 = CARTESIAN_POINT('',(5.0875,-0.2625,-4.));
#1567 = VERTEX_POINT('',#1568);
#1568 = CARTESIAN_POINT('',(5.0725,-0.2625,-4.));
#1569 = LINE('',#1570,#1571);
#1570 = CARTESIAN_POINT('',(0.675,-0.2625,-4.));
#1571 = VECTOR('',#1572,1.);
#1572 = DIRECTION('',(-1.,0.,0.));
#1573 = ORIENTED_EDGE('',*,*,#1574,.T.);
#1574 = EDGE_CURVE('',#1565,#1477,#1575,.T.);
#1575 = LINE('',#1576,#1577);
#1576 = CARTESIAN_POINT('',(5.0875,-0.2625,-4.));
#1577 = VECTOR('',#1578,1.);
#1578 = DIRECTION('',(0.,1.,0.));
#1579 = ORIENTED_EDGE('',*,*,#1476,.T.);
#1580 = ORIENTED_EDGE('',*,*,#1581,.T.);
#1581 = EDGE_CURVE('',#1479,#1567,#1582,.T.);
#1582 = LINE('',#1583,#1584);
#1583 = CARTESIAN_POINT('',(5.0725,0.2625,-4.));
#1584 = VECTOR('',#1585,1.);
#1585 = DIRECTION('',(0.,-1.,0.));
#1586 = PLANE('',#1587);
#1587 = AXIS2_PLACEMENT_3D('',#1588,#1589,#1590);
#1588 = CARTESIAN_POINT('',(-3.,-3.,-4.));
#1589 = DIRECTION('',(0.,0.,1.));
#1590 = DIRECTION('',(1.,0.,-0.));
#1591 = ADVANCED_FACE('',(#1592),#1610,.T.);
#1592 = FACE_BOUND('',#1593,.T.);
#1593 = EDGE_LOOP('',(#1594,#1595,#1596,#1604));
#1594 = ORIENTED_EDGE('',*,*,#1550,.F.);
#1595 = ORIENTED_EDGE('',*,*,#1581,.T.);
#1596 = ORIENTED_EDGE('',*,*,#1597,.T.);
#1597 = EDGE_CURVE('',#1567,#1598,#1600,.T.);
#1598 = VERTEX_POINT('',#1599);
#1599 = CARTESIAN_POINT('',(4.6525,-0.2625,-3.58));
#1600 = LINE('',#1601,#1602);
#1601 = CARTESIAN_POINT('',(3.71125,-0.2625,-2.63875));
#1602 = VECTOR('',#1603,1.);
#1603 = DIRECTION('',(-0.707106781187,2.299999999998E-16,0.707106781187)
  );
#1604 = ORIENTED_EDGE('',*,*,#1605,.F.);
#1605 = EDGE_CURVE('',#1543,#1598,#1606,.T.);
#1606 = LINE('',#1607,#1608);
#1607 = CARTESIAN_POINT('',(4.6525,0.2625,-3.58));
#1608 = VECTOR('',#1609,1.);
#1609 = DIRECTION('',(0.,-1.,0.));
#1610 = PLANE('',#1611);
#1611 = AXIS2_PLACEMENT_3D('',#1612,#1613,#1614);
#1612 = CARTESIAN_POINT('',(4.8625,0.2625,-3.79));
#1613 = DIRECTION('',(-0.707106781187,0.,-0.707106781187));
#1614 = DIRECTION('',(0.,-1.,-0.));
#1615 = ADVANCED_FACE('',(#1616),#1634,.T.);
#1616 = FACE_BOUND('',#1617,.F.);
#1617 = EDGE_LOOP('',(#1618,#1626,#1632,#1633));
#1618 = ORIENTED_EDGE('',*,*,#1619,.F.);
#1619 = EDGE_CURVE('',#1620,#1565,#1622,.T.);
#1620 = VERTEX_POINT('',#1621);
#1621 = CARTESIAN_POINT('',(5.5075,-0.2625,-3.58));
#1622 = LINE('',#1623,#1624);
#1623 = CARTESIAN_POINT('',(6.08375,-0.2625,-3.00375));
#1624 = VECTOR('',#1625,1.);
#1625 = DIRECTION('',(-0.707106781187,-2.299999999998E-16,
    -0.707106781187));
#1626 = ORIENTED_EDGE('',*,*,#1627,.T.);
#1627 = EDGE_CURVE('',#1620,#1487,#1628,.T.);
#1628 = LINE('',#1629,#1630);
#1629 = CARTESIAN_POINT('',(5.5075,-0.2625,-3.58));
#1630 = VECTOR('',#1631,1.);
#1631 = DIRECTION('',(0.,1.,0.));
#1632 = ORIENTED_EDGE('',*,*,#1486,.T.);
#1633 = ORIENTED_EDGE('',*,*,#1574,.F.);
#1634 = PLANE('',#1635);
#1635 = AXIS2_PLACEMENT_3D('',#1636,#1637,#1638);
#1636 = CARTESIAN_POINT('',(5.2975,-0.2625,-3.79));
#1637 = DIRECTION('',(0.707106781187,0.,-0.707106781187));
#1638 = DIRECTION('',(0.,-1.,0.));
#1639 = ADVANCED_FACE('',(#1640),#1658,.F.);
#1640 = FACE_BOUND('',#1641,.F.);
#1641 = EDGE_LOOP('',(#1642,#1643,#1651,#1657));
#1642 = ORIENTED_EDGE('',*,*,#1542,.F.);
#1643 = ORIENTED_EDGE('',*,*,#1644,.T.);
#1644 = EDGE_CURVE('',#1535,#1645,#1647,.T.);
#1645 = VERTEX_POINT('',#1646);
#1646 = CARTESIAN_POINT('',(4.6525,-0.2625,0.));
#1647 = LINE('',#1648,#1649);
#1648 = CARTESIAN_POINT('',(4.6525,0.2625,-9.E-17));
#1649 = VECTOR('',#1650,1.);
#1650 = DIRECTION('',(0.,-1.,3.3E-16));
#1651 = ORIENTED_EDGE('',*,*,#1652,.T.);
#1652 = EDGE_CURVE('',#1645,#1598,#1653,.T.);
#1653 = LINE('',#1654,#1655);
#1654 = CARTESIAN_POINT('',(4.6525,-0.2625,9.E-17));
#1655 = VECTOR('',#1656,1.);
#1656 = DIRECTION('',(0.,-3.3E-16,-1.));
#1657 = ORIENTED_EDGE('',*,*,#1605,.F.);
#1658 = PLANE('',#1659);
#1659 = AXIS2_PLACEMENT_3D('',#1660,#1661,#1662);
#1660 = CARTESIAN_POINT('',(4.6525,0.2625,-9.E-17));
#1661 = DIRECTION('',(1.,0.,0.));
#1662 = DIRECTION('',(0.,-3.3E-16,-1.));
#1663 = ADVANCED_FACE('',(#1664),#1682,.F.);
#1664 = FACE_BOUND('',#1665,.F.);
#1665 = EDGE_LOOP('',(#1666,#1667,#1668,#1676));
#1666 = ORIENTED_EDGE('',*,*,#1494,.F.);
#1667 = ORIENTED_EDGE('',*,*,#1627,.F.);
#1668 = ORIENTED_EDGE('',*,*,#1669,.T.);
#1669 = EDGE_CURVE('',#1620,#1670,#1672,.T.);
#1670 = VERTEX_POINT('',#1671);
#1671 = CARTESIAN_POINT('',(5.5075,-0.2625,0.));
#1672 = LINE('',#1673,#1674);
#1673 = CARTESIAN_POINT('',(5.5075,-0.2625,-9.009548279765));
#1674 = VECTOR('',#1675,1.);
#1675 = DIRECTION('',(0.,3.3E-16,1.));
#1676 = ORIENTED_EDGE('',*,*,#1677,.F.);
#1677 = EDGE_CURVE('',#1495,#1670,#1678,.T.);
#1678 = LINE('',#1679,#1680);
#1679 = CARTESIAN_POINT('',(5.5075,0.2625,-9.E-17));
#1680 = VECTOR('',#1681,1.);
#1681 = DIRECTION('',(0.,-1.,3.3E-16));
#1682 = PLANE('',#1683);
#1683 = AXIS2_PLACEMENT_3D('',#1684,#1685,#1686);
#1684 = CARTESIAN_POINT('',(5.5075,0.2625,-9.009548279765));
#1685 = DIRECTION('',(-1.,0.,0.));
#1686 = DIRECTION('',(0.,3.3E-16,1.));
#1687 = ADVANCED_FACE('',(#1688),#1706,.F.);
#1688 = FACE_BOUND('',#1689,.F.);
#1689 = EDGE_LOOP('',(#1690,#1698,#1704,#1705));
#1690 = ORIENTED_EDGE('',*,*,#1691,.T.);
#1691 = EDGE_CURVE('',#1527,#1692,#1694,.T.);
#1692 = VERTEX_POINT('',#1693);
#1693 = CARTESIAN_POINT('',(4.35,-0.2625,0.3025));
#1694 = LINE('',#1695,#1696);
#1695 = CARTESIAN_POINT('',(4.35,0.2625,0.3025));
#1696 = VECTOR('',#1697,1.);
#1697 = DIRECTION('',(0.,-1.,3.3E-16));
#1698 = ORIENTED_EDGE('',*,*,#1699,.T.);
#1699 = EDGE_CURVE('',#1692,#1645,#1700,.T.);
#1700 = LINE('',#1701,#1702);
#1701 = CARTESIAN_POINT('',(4.35,-0.2625,0.3025));
#1702 = VECTOR('',#1703,1.);
#1703 = DIRECTION('',(0.707106781187,-2.4E-16,-0.707106781186));
#1704 = ORIENTED_EDGE('',*,*,#1644,.F.);
#1705 = ORIENTED_EDGE('',*,*,#1534,.F.);
#1706 = PLANE('',#1707);
#1707 = AXIS2_PLACEMENT_3D('',#1708,#1709,#1710);
#1708 = CARTESIAN_POINT('',(4.35,0.2625,0.3025));
#1709 = DIRECTION('',(0.707106781186,2.4E-16,0.707106781187));
#1710 = DIRECTION('',(0.707106781187,-2.4E-16,-0.707106781186));
#1711 = ADVANCED_FACE('',(#1712),#1730,.F.);
#1712 = FACE_BOUND('',#1713,.F.);
#1713 = EDGE_LOOP('',(#1714,#1715,#1723,#1729));
#1714 = ORIENTED_EDGE('',*,*,#1677,.T.);
#1715 = ORIENTED_EDGE('',*,*,#1716,.T.);
#1716 = EDGE_CURVE('',#1670,#1717,#1719,.T.);
#1717 = VERTEX_POINT('',#1718);
#1718 = CARTESIAN_POINT('',(5.81,-0.2625,0.3025));
#1719 = LINE('',#1720,#1721);
#1720 = CARTESIAN_POINT('',(5.5075,-0.2625,9.E-17));
#1721 = VECTOR('',#1722,1.);
#1722 = DIRECTION('',(0.707106781187,2.4E-16,0.707106781186));
#1723 = ORIENTED_EDGE('',*,*,#1724,.F.);
#1724 = EDGE_CURVE('',#1503,#1717,#1725,.T.);
#1725 = LINE('',#1726,#1727);
#1726 = CARTESIAN_POINT('',(5.81,0.2625,0.3025));
#1727 = VECTOR('',#1728,1.);
#1728 = DIRECTION('',(0.,-1.,3.3E-16));
#1729 = ORIENTED_EDGE('',*,*,#1502,.F.);
#1730 = PLANE('',#1731);
#1731 = AXIS2_PLACEMENT_3D('',#1732,#1733,#1734);
#1732 = CARTESIAN_POINT('',(5.5075,0.2625,-9.E-17));
#1733 = DIRECTION('',(-0.707106781186,2.4E-16,0.707106781187));
#1734 = DIRECTION('',(0.707106781187,2.4E-16,0.707106781186));
#1735 = ADVANCED_FACE('',(#1736),#1770,.F.);
#1736 = FACE_BOUND('',#1737,.F.);
#1737 = EDGE_LOOP('',(#1738,#1748,#1756,#1762,#1763,#1764));
#1738 = ORIENTED_EDGE('',*,*,#1739,.T.);
#1739 = EDGE_CURVE('',#1740,#1742,#1744,.T.);
#1740 = VERTEX_POINT('',#1741);
#1741 = CARTESIAN_POINT('',(4.35,0.,3.685));
#1742 = VERTEX_POINT('',#1743);
#1743 = CARTESIAN_POINT('',(4.35,-0.11655,3.73));
#1744 = LINE('',#1745,#1746);
#1745 = CARTESIAN_POINT('',(4.35,0.106662228694,3.643817672319));
#1746 = VECTOR('',#1747,1.);
#1747 = DIRECTION('',(0.,-0.932880669324,0.360185586611));
#1748 = ORIENTED_EDGE('',*,*,#1749,.T.);
#1749 = EDGE_CURVE('',#1742,#1750,#1752,.T.);
#1750 = VERTEX_POINT('',#1751);
#1751 = CARTESIAN_POINT('',(4.35,-0.2625,3.73));
#1752 = LINE('',#1753,#1754);
#1753 = CARTESIAN_POINT('',(4.35,0.2625,3.73));
#1754 = VECTOR('',#1755,1.);
#1755 = DIRECTION('',(0.,-1.,3.3E-16));
#1756 = ORIENTED_EDGE('',*,*,#1757,.T.);
#1757 = EDGE_CURVE('',#1750,#1692,#1758,.T.);
#1758 = LINE('',#1759,#1760);
#1759 = CARTESIAN_POINT('',(4.35,-0.2625,3.73));
#1760 = VECTOR('',#1761,1.);
#1761 = DIRECTION('',(0.,-3.3E-16,-1.));
#1762 = ORIENTED_EDGE('',*,*,#1691,.F.);
#1763 = ORIENTED_EDGE('',*,*,#1526,.F.);
#1764 = ORIENTED_EDGE('',*,*,#1765,.T.);
#1765 = EDGE_CURVE('',#1519,#1740,#1766,.T.);
#1766 = LINE('',#1767,#1768);
#1767 = CARTESIAN_POINT('',(4.35,1.706508048661,3.955874293438));
#1768 = VECTOR('',#1769,1.);
#1769 = DIRECTION('',(0.,-0.987635528464,-0.156767544201));
#1770 = PLANE('',#1771);
#1771 = AXIS2_PLACEMENT_3D('',#1772,#1773,#1774);
#1772 = CARTESIAN_POINT('',(4.35,0.2625,3.73));
#1773 = DIRECTION('',(1.,0.,0.));
#1774 = DIRECTION('',(0.,-3.3E-16,-1.));
#1775 = ADVANCED_FACE('',(#1776),#1810,.F.);
#1776 = FACE_BOUND('',#1777,.F.);
#1777 = EDGE_LOOP('',(#1778,#1779,#1780,#1788,#1796,#1804));
#1778 = ORIENTED_EDGE('',*,*,#1510,.F.);
#1779 = ORIENTED_EDGE('',*,*,#1724,.T.);
#1780 = ORIENTED_EDGE('',*,*,#1781,.T.);
#1781 = EDGE_CURVE('',#1717,#1782,#1784,.T.);
#1782 = VERTEX_POINT('',#1783);
#1783 = CARTESIAN_POINT('',(5.81,-0.2625,3.73));
#1784 = LINE('',#1785,#1786);
#1785 = CARTESIAN_POINT('',(5.81,-0.2625,0.3025));
#1786 = VECTOR('',#1787,1.);
#1787 = DIRECTION('',(0.,3.3E-16,1.));
#1788 = ORIENTED_EDGE('',*,*,#1789,.F.);
#1789 = EDGE_CURVE('',#1790,#1782,#1792,.T.);
#1790 = VERTEX_POINT('',#1791);
#1791 = CARTESIAN_POINT('',(5.81,-0.11655,3.73));
#1792 = LINE('',#1793,#1794);
#1793 = CARTESIAN_POINT('',(5.81,0.2625,3.73));
#1794 = VECTOR('',#1795,1.);
#1795 = DIRECTION('',(0.,-1.,3.3E-16));
#1796 = ORIENTED_EDGE('',*,*,#1797,.T.);
#1797 = EDGE_CURVE('',#1790,#1798,#1800,.T.);
#1798 = VERTEX_POINT('',#1799);
#1799 = CARTESIAN_POINT('',(5.81,0.,3.685));
#1800 = LINE('',#1801,#1802);
#1801 = CARTESIAN_POINT('',(5.81,0.682499659449,3.421486617973));
#1802 = VECTOR('',#1803,1.);
#1803 = DIRECTION('',(0.,0.932880669324,-0.360185586611));
#1804 = ORIENTED_EDGE('',*,*,#1805,.T.);
#1805 = EDGE_CURVE('',#1798,#1511,#1806,.T.);
#1806 = LINE('',#1807,#1808);
#1807 = CARTESIAN_POINT('',(5.81,1.441169513394,3.913757065618));
#1808 = VECTOR('',#1809,1.);
#1809 = DIRECTION('',(0.,0.987635528464,0.156767544201));
#1810 = PLANE('',#1811);
#1811 = AXIS2_PLACEMENT_3D('',#1812,#1813,#1814);
#1812 = CARTESIAN_POINT('',(5.81,0.2625,0.3025));
#1813 = DIRECTION('',(-1.,0.,0.));
#1814 = DIRECTION('',(0.,3.3E-16,1.));
#1815 = ADVANCED_FACE('',(#1816),#1923,.T.);
#1816 = FACE_BOUND('',#1817,.T.);
#1817 = EDGE_LOOP('',(#1818,#1828,#1836,#1844,#1850,#1851,#1852,#1853,
    #1861,#1869,#1877,#1885,#1893,#1901,#1909,#1917));
#1818 = ORIENTED_EDGE('',*,*,#1819,.F.);
#1819 = EDGE_CURVE('',#1820,#1822,#1824,.T.);
#1820 = VERTEX_POINT('',#1821);
#1821 = CARTESIAN_POINT('',(-2.585,3.15,4.185));
#1822 = VERTEX_POINT('',#1823);
#1823 = CARTESIAN_POINT('',(-2.585,0.,3.685));
#1824 = LINE('',#1825,#1826);
#1825 = CARTESIAN_POINT('',(-2.585,3.15,4.185));
#1826 = VECTOR('',#1827,1.);
#1827 = DIRECTION('',(-5.000000000004E-17,-0.987635528464,
    -0.156767544201));
#1828 = ORIENTED_EDGE('',*,*,#1829,.T.);
#1829 = EDGE_CURVE('',#1820,#1830,#1832,.T.);
#1830 = VERTEX_POINT('',#1831);
#1831 = CARTESIAN_POINT('',(7.665,3.15,4.185));
#1832 = LINE('',#1833,#1834);
#1833 = CARTESIAN_POINT('',(-2.585,3.15,4.185));
#1834 = VECTOR('',#1835,1.);
#1835 = DIRECTION('',(1.,0.,6.E-17));
#1836 = ORIENTED_EDGE('',*,*,#1837,.T.);
#1837 = EDGE_CURVE('',#1830,#1838,#1840,.T.);
#1838 = VERTEX_POINT('',#1839);
#1839 = CARTESIAN_POINT('',(7.665,0.,3.685));
#1840 = LINE('',#1841,#1842);
#1841 = CARTESIAN_POINT('',(7.665,3.15,4.185));
#1842 = VECTOR('',#1843,1.);
#1843 = DIRECTION('',(-5.000000000004E-17,-0.987635528464,
    -0.156767544201));
#1844 = ORIENTED_EDGE('',*,*,#1845,.F.);
#1845 = EDGE_CURVE('',#1798,#1838,#1846,.T.);
#1846 = LINE('',#1847,#1848);
#1847 = CARTESIAN_POINT('',(-2.585,2.E-16,3.685));
#1848 = VECTOR('',#1849,1.);
#1849 = DIRECTION('',(1.,0.,6.E-17));
#1850 = ORIENTED_EDGE('',*,*,#1805,.T.);
#1851 = ORIENTED_EDGE('',*,*,#1518,.T.);
#1852 = ORIENTED_EDGE('',*,*,#1765,.T.);
#1853 = ORIENTED_EDGE('',*,*,#1854,.F.);
#1854 = EDGE_CURVE('',#1855,#1740,#1857,.T.);
#1855 = VERTEX_POINT('',#1856);
#1856 = CARTESIAN_POINT('',(3.27,0.,3.685));
#1857 = LINE('',#1858,#1859);
#1858 = CARTESIAN_POINT('',(-2.585,2.E-16,3.685));
#1859 = VECTOR('',#1860,1.);
#1860 = DIRECTION('',(1.,0.,6.E-17));
#1861 = ORIENTED_EDGE('',*,*,#1862,.T.);
#1862 = EDGE_CURVE('',#1855,#1863,#1865,.T.);
#1863 = VERTEX_POINT('',#1864);
#1864 = CARTESIAN_POINT('',(3.27,0.2625,3.726666666667));
#1865 = LINE('',#1866,#1867);
#1866 = CARTESIAN_POINT('',(3.27,1.441169513394,3.913757065618));
#1867 = VECTOR('',#1868,1.);
#1868 = DIRECTION('',(0.,0.987635528464,0.156767544201));
#1869 = ORIENTED_EDGE('',*,*,#1870,.T.);
#1870 = EDGE_CURVE('',#1863,#1871,#1873,.T.);
#1871 = VERTEX_POINT('',#1872);
#1872 = CARTESIAN_POINT('',(1.81,0.2625,3.726666666667));
#1873 = LINE('',#1874,#1875);
#1874 = CARTESIAN_POINT('',(-0.3875,0.2625,3.726666666667));
#1875 = VECTOR('',#1876,1.);
#1876 = DIRECTION('',(-1.,-0.,-6.E-17));
#1877 = ORIENTED_EDGE('',*,*,#1878,.T.);
#1878 = EDGE_CURVE('',#1871,#1879,#1881,.T.);
#1879 = VERTEX_POINT('',#1880);
#1880 = CARTESIAN_POINT('',(1.81,0.,3.685));
#1881 = LINE('',#1882,#1883);
#1882 = CARTESIAN_POINT('',(1.81,1.706508048661,3.955874293438));
#1883 = VECTOR('',#1884,1.);
#1884 = DIRECTION('',(0.,-0.987635528464,-0.156767544201));
#1885 = ORIENTED_EDGE('',*,*,#1886,.F.);
#1886 = EDGE_CURVE('',#1887,#1879,#1889,.T.);
#1887 = VERTEX_POINT('',#1888);
#1888 = CARTESIAN_POINT('',(0.73,0.,3.685));
#1889 = LINE('',#1890,#1891);
#1890 = CARTESIAN_POINT('',(-2.585,2.E-16,3.685));
#1891 = VECTOR('',#1892,1.);
#1892 = DIRECTION('',(1.,0.,6.E-17));
#1893 = ORIENTED_EDGE('',*,*,#1894,.T.);
#1894 = EDGE_CURVE('',#1887,#1895,#1897,.T.);
#1895 = VERTEX_POINT('',#1896);
#1896 = CARTESIAN_POINT('',(0.73,0.2625,3.726666666667));
#1897 = LINE('',#1898,#1899);
#1898 = CARTESIAN_POINT('',(0.73,1.441169513394,3.913757065618));
#1899 = VECTOR('',#1900,1.);
#1900 = DIRECTION('',(0.,0.987635528464,0.156767544201));
#1901 = ORIENTED_EDGE('',*,*,#1902,.T.);
#1902 = EDGE_CURVE('',#1895,#1903,#1905,.T.);
#1903 = VERTEX_POINT('',#1904);
#1904 = CARTESIAN_POINT('',(-0.73,0.2625,3.726666666667));
#1905 = LINE('',#1906,#1907);
#1906 = CARTESIAN_POINT('',(-1.6575,0.2625,3.726666666667));
#1907 = VECTOR('',#1908,1.);
#1908 = DIRECTION('',(-1.,-0.,-6.E-17));
#1909 = ORIENTED_EDGE('',*,*,#1910,.T.);
#1910 = EDGE_CURVE('',#1903,#1911,#1913,.T.);
#1911 = VERTEX_POINT('',#1912);
#1912 = CARTESIAN_POINT('',(-0.73,0.,3.685));
#1913 = LINE('',#1914,#1915);
#1914 = CARTESIAN_POINT('',(-0.73,1.706508048661,3.955874293438));
#1915 = VECTOR('',#1916,1.);
#1916 = DIRECTION('',(0.,-0.987635528464,-0.156767544201));
#1917 = ORIENTED_EDGE('',*,*,#1918,.F.);
#1918 = EDGE_CURVE('',#1822,#1911,#1919,.T.);
#1919 = LINE('',#1920,#1921);
#1920 = CARTESIAN_POINT('',(-2.585,2.E-16,3.685));
#1921 = VECTOR('',#1922,1.);
#1922 = DIRECTION('',(1.,0.,6.E-17));
#1923 = PLANE('',#1924);
#1924 = AXIS2_PLACEMENT_3D('',#1925,#1926,#1927);
#1925 = CARTESIAN_POINT('',(-2.585,3.15,4.185));
#1926 = DIRECTION('',(5.000000000004E-17,0.156767544201,-0.987635528464)
  );
#1927 = DIRECTION('',(-5.000000000004E-17,-0.987635528464,
    -0.156767544201));
#1928 = ADVANCED_FACE('',(#1929),#1946,.T.);
#1929 = FACE_BOUND('',#1930,.T.);
#1930 = EDGE_LOOP('',(#1931,#1932,#1933,#1934,#1935,#1936,#1942,#1943,
    #1944,#1945));
#1931 = ORIENTED_EDGE('',*,*,#1564,.F.);
#1932 = ORIENTED_EDGE('',*,*,#1619,.F.);
#1933 = ORIENTED_EDGE('',*,*,#1669,.T.);
#1934 = ORIENTED_EDGE('',*,*,#1716,.T.);
#1935 = ORIENTED_EDGE('',*,*,#1781,.T.);
#1936 = ORIENTED_EDGE('',*,*,#1937,.T.);
#1937 = EDGE_CURVE('',#1782,#1750,#1938,.T.);
#1938 = LINE('',#1939,#1940);
#1939 = CARTESIAN_POINT('',(5.81,-0.2625,3.73));
#1940 = VECTOR('',#1941,1.);
#1941 = DIRECTION('',(-1.,0.,0.));
#1942 = ORIENTED_EDGE('',*,*,#1757,.T.);
#1943 = ORIENTED_EDGE('',*,*,#1699,.T.);
#1944 = ORIENTED_EDGE('',*,*,#1652,.T.);
#1945 = ORIENTED_EDGE('',*,*,#1597,.F.);
#1946 = PLANE('',#1947);
#1947 = AXIS2_PLACEMENT_3D('',#1948,#1949,#1950);
#1948 = CARTESIAN_POINT('',(4.35,-0.2625,0.3025));
#1949 = DIRECTION('',(0.,-1.,3.3E-16));
#1950 = DIRECTION('',(0.,-3.3E-16,-1.));
#1951 = ADVANCED_FACE('',(#1952),#2032,.T.);
#1952 = FACE_BOUND('',#1953,.T.);
#1953 = EDGE_LOOP('',(#1954,#1962,#1963,#1971,#1979,#1985,#1986,#1994,
    #2002,#2008,#2009,#2010,#2016,#2017,#2018,#2026));
#1954 = ORIENTED_EDGE('',*,*,#1955,.F.);
#1955 = EDGE_CURVE('',#1822,#1956,#1958,.T.);
#1956 = VERTEX_POINT('',#1957);
#1957 = CARTESIAN_POINT('',(-2.585,-1.295,4.185));
#1958 = LINE('',#1959,#1960);
#1959 = CARTESIAN_POINT('',(-2.585,2.E-16,3.685));
#1960 = VECTOR('',#1961,1.);
#1961 = DIRECTION('',(-4.999999999996E-17,-0.932880669324,0.360185586611
    ));
#1962 = ORIENTED_EDGE('',*,*,#1918,.T.);
#1963 = ORIENTED_EDGE('',*,*,#1964,.T.);
#1964 = EDGE_CURVE('',#1911,#1965,#1967,.T.);
#1965 = VERTEX_POINT('',#1966);
#1966 = CARTESIAN_POINT('',(-0.73,-0.11655,3.73));
#1967 = LINE('',#1968,#1969);
#1968 = CARTESIAN_POINT('',(-0.73,0.106662228694,3.643817672319));
#1969 = VECTOR('',#1970,1.);
#1970 = DIRECTION('',(0.,-0.932880669324,0.360185586611));
#1971 = ORIENTED_EDGE('',*,*,#1972,.T.);
#1972 = EDGE_CURVE('',#1965,#1973,#1975,.T.);
#1973 = VERTEX_POINT('',#1974);
#1974 = CARTESIAN_POINT('',(0.73,-0.11655,3.73));
#1975 = LINE('',#1976,#1977);
#1976 = CARTESIAN_POINT('',(-0.9275,-0.11655,3.73));
#1977 = VECTOR('',#1978,1.);
#1978 = DIRECTION('',(1.,1.4E-16,0.));
#1979 = ORIENTED_EDGE('',*,*,#1980,.T.);
#1980 = EDGE_CURVE('',#1973,#1887,#1981,.T.);
#1981 = LINE('',#1982,#1983);
#1982 = CARTESIAN_POINT('',(0.73,0.682499659449,3.421486617973));
#1983 = VECTOR('',#1984,1.);
#1984 = DIRECTION('',(0.,0.932880669324,-0.360185586611));
#1985 = ORIENTED_EDGE('',*,*,#1886,.T.);
#1986 = ORIENTED_EDGE('',*,*,#1987,.T.);
#1987 = EDGE_CURVE('',#1879,#1988,#1990,.T.);
#1988 = VERTEX_POINT('',#1989);
#1989 = CARTESIAN_POINT('',(1.81,-0.11655,3.73));
#1990 = LINE('',#1991,#1992);
#1991 = CARTESIAN_POINT('',(1.81,0.106662228694,3.643817672319));
#1992 = VECTOR('',#1993,1.);
#1993 = DIRECTION('',(0.,-0.932880669324,0.360185586611));
#1994 = ORIENTED_EDGE('',*,*,#1995,.T.);
#1995 = EDGE_CURVE('',#1988,#1996,#1998,.T.);
#1996 = VERTEX_POINT('',#1997);
#1997 = CARTESIAN_POINT('',(3.27,-0.11655,3.73));
#1998 = LINE('',#1999,#2000);
#1999 = CARTESIAN_POINT('',(0.3425,-0.11655,3.73));
#2000 = VECTOR('',#2001,1.);
#2001 = DIRECTION('',(1.,1.4E-16,0.));
#2002 = ORIENTED_EDGE('',*,*,#2003,.T.);
#2003 = EDGE_CURVE('',#1996,#1855,#2004,.T.);
#2004 = LINE('',#2005,#2006);
#2005 = CARTESIAN_POINT('',(3.27,0.682499659449,3.421486617973));
#2006 = VECTOR('',#2007,1.);
#2007 = DIRECTION('',(0.,0.932880669324,-0.360185586611));
#2008 = ORIENTED_EDGE('',*,*,#1854,.T.);
#2009 = ORIENTED_EDGE('',*,*,#1739,.T.);
#2010 = ORIENTED_EDGE('',*,*,#2011,.T.);
#2011 = EDGE_CURVE('',#1742,#1790,#2012,.T.);
#2012 = LINE('',#2013,#2014);
#2013 = CARTESIAN_POINT('',(1.6125,-0.11655,3.73));
#2014 = VECTOR('',#2015,1.);
#2015 = DIRECTION('',(1.,1.4E-16,0.));
#2016 = ORIENTED_EDGE('',*,*,#1797,.T.);
#2017 = ORIENTED_EDGE('',*,*,#1845,.T.);
#2018 = ORIENTED_EDGE('',*,*,#2019,.T.);
#2019 = EDGE_CURVE('',#1838,#2020,#2022,.T.);
#2020 = VERTEX_POINT('',#2021);
#2021 = CARTESIAN_POINT('',(7.665,-1.295,4.185));
#2022 = LINE('',#2023,#2024);
#2023 = CARTESIAN_POINT('',(7.665,2.E-16,3.685));
#2024 = VECTOR('',#2025,1.);
#2025 = DIRECTION('',(-4.999999999996E-17,-0.932880669324,0.360185586611
    ));
#2026 = ORIENTED_EDGE('',*,*,#2027,.F.);
#2027 = EDGE_CURVE('',#1956,#2020,#2028,.T.);
#2028 = LINE('',#2029,#2030);
#2029 = CARTESIAN_POINT('',(-2.585,-1.295,4.185));
#2030 = VECTOR('',#2031,1.);
#2031 = DIRECTION('',(1.,0.,6.E-17));
#2032 = PLANE('',#2033);
#2033 = AXIS2_PLACEMENT_3D('',#2034,#2035,#2036);
#2034 = CARTESIAN_POINT('',(-2.585,2.E-16,3.685));
#2035 = DIRECTION('',(4.999999999996E-17,-0.360185586611,-0.932880669324
    ));
#2036 = DIRECTION('',(-4.999999999996E-17,-0.932880669324,0.360185586611
    ));
#2037 = ADVANCED_FACE('',(#2038),#2044,.F.);
#2038 = FACE_BOUND('',#2039,.F.);
#2039 = EDGE_LOOP('',(#2040,#2041,#2042,#2043));
#2040 = ORIENTED_EDGE('',*,*,#2011,.T.);
#2041 = ORIENTED_EDGE('',*,*,#1789,.T.);
#2042 = ORIENTED_EDGE('',*,*,#1937,.T.);
#2043 = ORIENTED_EDGE('',*,*,#1749,.F.);
#2044 = PLANE('',#2045);
#2045 = AXIS2_PLACEMENT_3D('',#2046,#2047,#2048);
#2046 = CARTESIAN_POINT('',(5.81,0.2625,3.73));
#2047 = DIRECTION('',(0.,-3.3E-16,-1.));
#2048 = DIRECTION('',(-1.,-0.,0.));
#2049 = ADVANCED_FACE('',(#2050),#2084,.F.);
#2050 = FACE_BOUND('',#2051,.T.);
#2051 = EDGE_LOOP('',(#2052,#2053,#2061,#2069,#2077,#2083));
#2052 = ORIENTED_EDGE('',*,*,#1955,.T.);
#2053 = ORIENTED_EDGE('',*,*,#2054,.T.);
#2054 = EDGE_CURVE('',#1956,#2055,#2057,.T.);
#2055 = VERTEX_POINT('',#2056);
#2056 = CARTESIAN_POINT('',(-2.585,-1.295,11.875000000001));
#2057 = LINE('',#2058,#2059);
#2058 = CARTESIAN_POINT('',(-2.585,-1.295,4.185));
#2059 = VECTOR('',#2060,1.);
#2060 = DIRECTION('',(0.,6.E-17,1.));
#2061 = ORIENTED_EDGE('',*,*,#2062,.T.);
#2062 = EDGE_CURVE('',#2055,#2063,#2065,.T.);
#2063 = VERTEX_POINT('',#2064);
#2064 = CARTESIAN_POINT('',(-2.585,-0.295,12.875));
#2065 = LINE('',#2066,#2067);
#2066 = CARTESIAN_POINT('',(-2.585,-1.295,11.875000000001));
#2067 = VECTOR('',#2068,1.);
#2068 = DIRECTION('',(4.E-17,0.707106781187,0.707106781186));
#2069 = ORIENTED_EDGE('',*,*,#2070,.T.);
#2070 = EDGE_CURVE('',#2063,#2071,#2073,.T.);
#2071 = VERTEX_POINT('',#2072);
#2072 = CARTESIAN_POINT('',(-2.585,3.15,12.875));
#2073 = LINE('',#2074,#2075);
#2074 = CARTESIAN_POINT('',(-2.585,-0.295,12.875));
#2075 = VECTOR('',#2076,1.);
#2076 = DIRECTION('',(6.E-17,1.,0.));
#2077 = ORIENTED_EDGE('',*,*,#2078,.T.);
#2078 = EDGE_CURVE('',#2071,#1820,#2079,.T.);
#2079 = LINE('',#2080,#2081);
#2080 = CARTESIAN_POINT('',(-2.585,3.15,12.875));
#2081 = VECTOR('',#2082,1.);
#2082 = DIRECTION('',(0.,-6.E-17,-1.));
#2083 = ORIENTED_EDGE('',*,*,#1819,.T.);
#2084 = PLANE('',#2085);
#2085 = AXIS2_PLACEMENT_3D('',#2086,#2087,#2088);
#2086 = CARTESIAN_POINT('',(-2.585,2.E-16,3.685));
#2087 = DIRECTION('',(1.,0.,6.E-17));
#2088 = DIRECTION('',(-6.E-17,6.E-17,1.));
#2089 = ADVANCED_FACE('',(#2090),#2140,.T.);
#2090 = FACE_BOUND('',#2091,.T.);
#2091 = EDGE_LOOP('',(#2092,#2093,#2101,#2109,#2117,#2125,#2133,#2139));
#2092 = ORIENTED_EDGE('',*,*,#2078,.F.);
#2093 = ORIENTED_EDGE('',*,*,#2094,.T.);
#2094 = EDGE_CURVE('',#2071,#2095,#2097,.T.);
#2095 = VERTEX_POINT('',#2096);
#2096 = CARTESIAN_POINT('',(-2.575,3.15,12.875));
#2097 = LINE('',#2098,#2099);
#2098 = CARTESIAN_POINT('',(-2.585,3.15,12.875));
#2099 = VECTOR('',#2100,1.);
#2100 = DIRECTION('',(1.,0.,6.E-17));
#2101 = ORIENTED_EDGE('',*,*,#2102,.F.);
#2102 = EDGE_CURVE('',#2103,#2095,#2105,.T.);
#2103 = VERTEX_POINT('',#2104);
#2104 = CARTESIAN_POINT('',(-2.575,3.15,5.));
#2105 = LINE('',#2106,#2107);
#2106 = CARTESIAN_POINT('',(-2.575,3.15,8.9375));
#2107 = VECTOR('',#2108,1.);
#2108 = DIRECTION('',(0.,6.E-17,1.));
#2109 = ORIENTED_EDGE('',*,*,#2110,.T.);
#2110 = EDGE_CURVE('',#2103,#2111,#2113,.T.);
#2111 = VERTEX_POINT('',#2112);
#2112 = CARTESIAN_POINT('',(7.655,3.15,5.));
#2113 = LINE('',#2114,#2115);
#2114 = CARTESIAN_POINT('',(-2.58,3.15,5.));
#2115 = VECTOR('',#2116,1.);
#2116 = DIRECTION('',(1.,0.,0.));
#2117 = ORIENTED_EDGE('',*,*,#2118,.F.);
#2118 = EDGE_CURVE('',#2119,#2111,#2121,.T.);
#2119 = VERTEX_POINT('',#2120);
#2120 = CARTESIAN_POINT('',(7.655,3.15,12.875));
#2121 = LINE('',#2122,#2123);
#2122 = CARTESIAN_POINT('',(7.655,3.15,8.9375));
#2123 = VECTOR('',#2124,1.);
#2124 = DIRECTION('',(0.,-6.E-17,-1.));
#2125 = ORIENTED_EDGE('',*,*,#2126,.T.);
#2126 = EDGE_CURVE('',#2119,#2127,#2129,.T.);
#2127 = VERTEX_POINT('',#2128);
#2128 = CARTESIAN_POINT('',(7.665,3.15,12.875));
#2129 = LINE('',#2130,#2131);
#2130 = CARTESIAN_POINT('',(-2.585,3.15,12.875));
#2131 = VECTOR('',#2132,1.);
#2132 = DIRECTION('',(1.,0.,6.E-17));
#2133 = ORIENTED_EDGE('',*,*,#2134,.T.);
#2134 = EDGE_CURVE('',#2127,#1830,#2135,.T.);
#2135 = LINE('',#2136,#2137);
#2136 = CARTESIAN_POINT('',(7.665,3.15,12.875));
#2137 = VECTOR('',#2138,1.);
#2138 = DIRECTION('',(0.,-6.E-17,-1.));
#2139 = ORIENTED_EDGE('',*,*,#1829,.F.);
#2140 = PLANE('',#2141);
#2141 = AXIS2_PLACEMENT_3D('',#2142,#2143,#2144);
#2142 = CARTESIAN_POINT('',(-2.585,3.15,12.875));
#2143 = DIRECTION('',(0.,1.,-6.E-17));
#2144 = DIRECTION('',(0.,-6.E-17,-1.));
#2145 = ADVANCED_FACE('',(#2146),#2173,.T.);
#2146 = FACE_BOUND('',#2147,.F.);
#2147 = EDGE_LOOP('',(#2148,#2149,#2157,#2165,#2171,#2172));
#2148 = ORIENTED_EDGE('',*,*,#2019,.T.);
#2149 = ORIENTED_EDGE('',*,*,#2150,.T.);
#2150 = EDGE_CURVE('',#2020,#2151,#2153,.T.);
#2151 = VERTEX_POINT('',#2152);
#2152 = CARTESIAN_POINT('',(7.665,-1.295,11.875000000001));
#2153 = LINE('',#2154,#2155);
#2154 = CARTESIAN_POINT('',(7.665,-1.295,4.185));
#2155 = VECTOR('',#2156,1.);
#2156 = DIRECTION('',(0.,6.E-17,1.));
#2157 = ORIENTED_EDGE('',*,*,#2158,.T.);
#2158 = EDGE_CURVE('',#2151,#2159,#2161,.T.);
#2159 = VERTEX_POINT('',#2160);
#2160 = CARTESIAN_POINT('',(7.665,-0.295,12.875));
#2161 = LINE('',#2162,#2163);
#2162 = CARTESIAN_POINT('',(7.665,-1.295,11.875000000001));
#2163 = VECTOR('',#2164,1.);
#2164 = DIRECTION('',(4.E-17,0.707106781187,0.707106781186));
#2165 = ORIENTED_EDGE('',*,*,#2166,.T.);
#2166 = EDGE_CURVE('',#2159,#2127,#2167,.T.);
#2167 = LINE('',#2168,#2169);
#2168 = CARTESIAN_POINT('',(7.665,-0.295,12.875));
#2169 = VECTOR('',#2170,1.);
#2170 = DIRECTION('',(6.E-17,1.,0.));
#2171 = ORIENTED_EDGE('',*,*,#2134,.T.);
#2172 = ORIENTED_EDGE('',*,*,#1837,.T.);
#2173 = PLANE('',#2174);
#2174 = AXIS2_PLACEMENT_3D('',#2175,#2176,#2177);
#2175 = CARTESIAN_POINT('',(7.665,2.E-16,3.685));
#2176 = DIRECTION('',(1.,0.,6.E-17));
#2177 = DIRECTION('',(-6.E-17,6.E-17,1.));
#2178 = ADVANCED_FACE('',(#2179),#2213,.F.);
#2179 = FACE_BOUND('',#2180,.F.);
#2180 = EDGE_LOOP('',(#2181,#2189,#2197,#2205,#2211,#2212));
#2181 = ORIENTED_EDGE('',*,*,#2182,.F.);
#2182 = EDGE_CURVE('',#2183,#1863,#2185,.T.);
#2183 = VERTEX_POINT('',#2184);
#2184 = CARTESIAN_POINT('',(3.27,0.2625,0.3025));
#2185 = LINE('',#2186,#2187);
#2186 = CARTESIAN_POINT('',(3.27,0.2625,0.3025));
#2187 = VECTOR('',#2188,1.);
#2188 = DIRECTION('',(0.,3.3E-16,1.));
#2189 = ORIENTED_EDGE('',*,*,#2190,.T.);
#2190 = EDGE_CURVE('',#2183,#2191,#2193,.T.);
#2191 = VERTEX_POINT('',#2192);
#2192 = CARTESIAN_POINT('',(3.27,-0.2625,0.3025));
#2193 = LINE('',#2194,#2195);
#2194 = CARTESIAN_POINT('',(3.27,0.2625,0.3025));
#2195 = VECTOR('',#2196,1.);
#2196 = DIRECTION('',(0.,-1.,3.3E-16));
#2197 = ORIENTED_EDGE('',*,*,#2198,.T.);
#2198 = EDGE_CURVE('',#2191,#2199,#2201,.T.);
#2199 = VERTEX_POINT('',#2200);
#2200 = CARTESIAN_POINT('',(3.27,-0.2625,3.73));
#2201 = LINE('',#2202,#2203);
#2202 = CARTESIAN_POINT('',(3.27,-0.2625,0.3025));
#2203 = VECTOR('',#2204,1.);
#2204 = DIRECTION('',(0.,3.3E-16,1.));
#2205 = ORIENTED_EDGE('',*,*,#2206,.F.);
#2206 = EDGE_CURVE('',#1996,#2199,#2207,.T.);
#2207 = LINE('',#2208,#2209);
#2208 = CARTESIAN_POINT('',(3.27,0.2625,3.73));
#2209 = VECTOR('',#2210,1.);
#2210 = DIRECTION('',(0.,-1.,3.3E-16));
#2211 = ORIENTED_EDGE('',*,*,#2003,.T.);
#2212 = ORIENTED_EDGE('',*,*,#1862,.T.);
#2213 = PLANE('',#2214);
#2214 = AXIS2_PLACEMENT_3D('',#2215,#2216,#2217);
#2215 = CARTESIAN_POINT('',(3.27,0.2625,0.3025));
#2216 = DIRECTION('',(-1.,0.,0.));
#2217 = DIRECTION('',(0.,3.3E-16,1.));
#2218 = ADVANCED_FACE('',(#2219),#2285,.F.);
#2219 = FACE_BOUND('',#2220,.F.);
#2220 = EDGE_LOOP('',(#2221,#2231,#2239,#2247,#2253,#2254,#2255,#2263,
    #2271,#2279));
#2221 = ORIENTED_EDGE('',*,*,#2222,.F.);
#2222 = EDGE_CURVE('',#2223,#2225,#2227,.T.);
#2223 = VERTEX_POINT('',#2224);
#2224 = CARTESIAN_POINT('',(2.5475,0.2625,-4.));
#2225 = VERTEX_POINT('',#2226);
#2226 = CARTESIAN_POINT('',(2.5325,0.2625,-4.));
#2227 = LINE('',#2228,#2229);
#2228 = CARTESIAN_POINT('',(-0.595,0.2625,-4.));
#2229 = VECTOR('',#2230,1.);
#2230 = DIRECTION('',(-1.,0.,0.));
#2231 = ORIENTED_EDGE('',*,*,#2232,.T.);
#2232 = EDGE_CURVE('',#2223,#2233,#2235,.T.);
#2233 = VERTEX_POINT('',#2234);
#2234 = CARTESIAN_POINT('',(2.9675,0.2625,-3.58));
#2235 = LINE('',#2236,#2237);
#2236 = CARTESIAN_POINT('',(3.54375,0.2625,-3.00375));
#2237 = VECTOR('',#2238,1.);
#2238 = DIRECTION('',(0.707106781187,2.299999999998E-16,0.707106781187)
  );
#2239 = ORIENTED_EDGE('',*,*,#2240,.T.);
#2240 = EDGE_CURVE('',#2233,#2241,#2243,.T.);
#2241 = VERTEX_POINT('',#2242);
#2242 = CARTESIAN_POINT('',(2.9675,0.2625,0.));
#2243 = LINE('',#2244,#2245);
#2244 = CARTESIAN_POINT('',(2.9675,0.2625,-9.009548279765));
#2245 = VECTOR('',#2246,1.);
#2246 = DIRECTION('',(0.,3.3E-16,1.));
#2247 = ORIENTED_EDGE('',*,*,#2248,.T.);
#2248 = EDGE_CURVE('',#2241,#2183,#2249,.T.);
#2249 = LINE('',#2250,#2251);
#2250 = CARTESIAN_POINT('',(2.9675,0.2625,-9.E-17));
#2251 = VECTOR('',#2252,1.);
#2252 = DIRECTION('',(0.707106781187,2.4E-16,0.707106781186));
#2253 = ORIENTED_EDGE('',*,*,#2182,.T.);
#2254 = ORIENTED_EDGE('',*,*,#1870,.T.);
#2255 = ORIENTED_EDGE('',*,*,#2256,.T.);
#2256 = EDGE_CURVE('',#1871,#2257,#2259,.T.);
#2257 = VERTEX_POINT('',#2258);
#2258 = CARTESIAN_POINT('',(1.81,0.2625,0.3025));
#2259 = LINE('',#2260,#2261);
#2260 = CARTESIAN_POINT('',(1.81,0.2625,3.73));
#2261 = VECTOR('',#2262,1.);
#2262 = DIRECTION('',(0.,-3.3E-16,-1.));
#2263 = ORIENTED_EDGE('',*,*,#2264,.T.);
#2264 = EDGE_CURVE('',#2257,#2265,#2267,.T.);
#2265 = VERTEX_POINT('',#2266);
#2266 = CARTESIAN_POINT('',(2.1125,0.2625,0.));
#2267 = LINE('',#2268,#2269);
#2268 = CARTESIAN_POINT('',(1.81,0.2625,0.3025));
#2269 = VECTOR('',#2270,1.);
#2270 = DIRECTION('',(0.707106781187,-2.4E-16,-0.707106781186));
#2271 = ORIENTED_EDGE('',*,*,#2272,.T.);
#2272 = EDGE_CURVE('',#2265,#2273,#2275,.T.);
#2273 = VERTEX_POINT('',#2274);
#2274 = CARTESIAN_POINT('',(2.1125,0.2625,-3.58));
#2275 = LINE('',#2276,#2277);
#2276 = CARTESIAN_POINT('',(2.1125,0.2625,-9.E-17));
#2277 = VECTOR('',#2278,1.);
#2278 = DIRECTION('',(0.,-3.3E-16,-1.));
#2279 = ORIENTED_EDGE('',*,*,#2280,.F.);
#2280 = EDGE_CURVE('',#2225,#2273,#2281,.T.);
#2281 = LINE('',#2282,#2283);
#2282 = CARTESIAN_POINT('',(1.17125,0.2625,-2.63875));
#2283 = VECTOR('',#2284,1.);
#2284 = DIRECTION('',(-0.707106781187,2.299999999998E-16,0.707106781187)
  );
#2285 = PLANE('',#2286);
#2286 = AXIS2_PLACEMENT_3D('',#2287,#2288,#2289);
#2287 = CARTESIAN_POINT('',(1.81,0.2625,0.3025));
#2288 = DIRECTION('',(0.,-1.,3.3E-16));
#2289 = DIRECTION('',(0.,-3.3E-16,-1.));
#2290 = ADVANCED_FACE('',(#2291),#2318,.F.);
#2291 = FACE_BOUND('',#2292,.F.);
#2292 = EDGE_LOOP('',(#2293,#2294,#2302,#2310,#2316,#2317));
#2293 = ORIENTED_EDGE('',*,*,#1987,.T.);
#2294 = ORIENTED_EDGE('',*,*,#2295,.T.);
#2295 = EDGE_CURVE('',#1988,#2296,#2298,.T.);
#2296 = VERTEX_POINT('',#2297);
#2297 = CARTESIAN_POINT('',(1.81,-0.2625,3.73));
#2298 = LINE('',#2299,#2300);
#2299 = CARTESIAN_POINT('',(1.81,0.2625,3.73));
#2300 = VECTOR('',#2301,1.);
#2301 = DIRECTION('',(0.,-1.,3.3E-16));
#2302 = ORIENTED_EDGE('',*,*,#2303,.T.);
#2303 = EDGE_CURVE('',#2296,#2304,#2306,.T.);
#2304 = VERTEX_POINT('',#2305);
#2305 = CARTESIAN_POINT('',(1.81,-0.2625,0.3025));
#2306 = LINE('',#2307,#2308);
#2307 = CARTESIAN_POINT('',(1.81,-0.2625,3.73));
#2308 = VECTOR('',#2309,1.);
#2309 = DIRECTION('',(0.,-3.3E-16,-1.));
#2310 = ORIENTED_EDGE('',*,*,#2311,.F.);
#2311 = EDGE_CURVE('',#2257,#2304,#2312,.T.);
#2312 = LINE('',#2313,#2314);
#2313 = CARTESIAN_POINT('',(1.81,0.2625,0.3025));
#2314 = VECTOR('',#2315,1.);
#2315 = DIRECTION('',(0.,-1.,3.3E-16));
#2316 = ORIENTED_EDGE('',*,*,#2256,.F.);
#2317 = ORIENTED_EDGE('',*,*,#1878,.T.);
#2318 = PLANE('',#2319);
#2319 = AXIS2_PLACEMENT_3D('',#2320,#2321,#2322);
#2320 = CARTESIAN_POINT('',(1.81,0.2625,3.73));
#2321 = DIRECTION('',(1.,0.,0.));
#2322 = DIRECTION('',(0.,-3.3E-16,-1.));
#2323 = ADVANCED_FACE('',(#2324),#2358,.F.);
#2324 = FACE_BOUND('',#2325,.F.);
#2325 = EDGE_LOOP('',(#2326,#2334,#2342,#2350,#2356,#2357));
#2326 = ORIENTED_EDGE('',*,*,#2327,.F.);
#2327 = EDGE_CURVE('',#2328,#1895,#2330,.T.);
#2328 = VERTEX_POINT('',#2329);
#2329 = CARTESIAN_POINT('',(0.73,0.2625,0.302499999998));
#2330 = LINE('',#2331,#2332);
#2331 = CARTESIAN_POINT('',(0.73,0.2625,0.302499999998));
#2332 = VECTOR('',#2333,1.);
#2333 = DIRECTION('',(0.,3.3E-16,1.));
#2334 = ORIENTED_EDGE('',*,*,#2335,.T.);
#2335 = EDGE_CURVE('',#2328,#2336,#2338,.T.);
#2336 = VERTEX_POINT('',#2337);
#2337 = CARTESIAN_POINT('',(0.73,-0.2625,0.302499999998));
#2338 = LINE('',#2339,#2340);
#2339 = CARTESIAN_POINT('',(0.73,0.2625,0.302499999998));
#2340 = VECTOR('',#2341,1.);
#2341 = DIRECTION('',(0.,-1.,3.3E-16));
#2342 = ORIENTED_EDGE('',*,*,#2343,.T.);
#2343 = EDGE_CURVE('',#2336,#2344,#2346,.T.);
#2344 = VERTEX_POINT('',#2345);
#2345 = CARTESIAN_POINT('',(0.73,-0.2625,3.73));
#2346 = LINE('',#2347,#2348);
#2347 = CARTESIAN_POINT('',(0.73,-0.2625,0.302499999998));
#2348 = VECTOR('',#2349,1.);
#2349 = DIRECTION('',(0.,3.3E-16,1.));
#2350 = ORIENTED_EDGE('',*,*,#2351,.F.);
#2351 = EDGE_CURVE('',#1973,#2344,#2352,.T.);
#2352 = LINE('',#2353,#2354);
#2353 = CARTESIAN_POINT('',(0.73,0.2625,3.73));
#2354 = VECTOR('',#2355,1.);
#2355 = DIRECTION('',(0.,-1.,3.3E-16));
#2356 = ORIENTED_EDGE('',*,*,#1980,.T.);
#2357 = ORIENTED_EDGE('',*,*,#1894,.T.);
#2358 = PLANE('',#2359);
#2359 = AXIS2_PLACEMENT_3D('',#2360,#2361,#2362);
#2360 = CARTESIAN_POINT('',(0.73,0.2625,0.302499999998));
#2361 = DIRECTION('',(-1.,0.,0.));
#2362 = DIRECTION('',(0.,3.3E-16,1.));
#2363 = ADVANCED_FACE('',(#2364),#2430,.F.);
#2364 = FACE_BOUND('',#2365,.F.);
#2365 = EDGE_LOOP('',(#2366,#2376,#2384,#2392,#2398,#2399,#2400,#2408,
    #2416,#2424));
#2366 = ORIENTED_EDGE('',*,*,#2367,.F.);
#2367 = EDGE_CURVE('',#2368,#2370,#2372,.T.);
#2368 = VERTEX_POINT('',#2369);
#2369 = CARTESIAN_POINT('',(7.5E-03,0.2625,-4.));
#2370 = VERTEX_POINT('',#2371);
#2371 = CARTESIAN_POINT('',(-7.5E-03,0.2625,-4.));
#2372 = LINE('',#2373,#2374);
#2373 = CARTESIAN_POINT('',(-1.865,0.2625,-4.));
#2374 = VECTOR('',#2375,1.);
#2375 = DIRECTION('',(-1.,0.,0.));
#2376 = ORIENTED_EDGE('',*,*,#2377,.T.);
#2377 = EDGE_CURVE('',#2368,#2378,#2380,.T.);
#2378 = VERTEX_POINT('',#2379);
#2379 = CARTESIAN_POINT('',(0.4275,0.2625,-3.58));
#2380 = LINE('',#2381,#2382);
#2381 = CARTESIAN_POINT('',(1.00375,0.2625,-3.003750000001));
#2382 = VECTOR('',#2383,1.);
#2383 = DIRECTION('',(0.707106781187,2.299999999998E-16,0.707106781187)
  );
#2384 = ORIENTED_EDGE('',*,*,#2385,.T.);
#2385 = EDGE_CURVE('',#2378,#2386,#2388,.T.);
#2386 = VERTEX_POINT('',#2387);
#2387 = CARTESIAN_POINT('',(0.4275,0.2625,0.));
#2388 = LINE('',#2389,#2390);
#2389 = CARTESIAN_POINT('',(0.4275,0.2625,-9.009548279765));
#2390 = VECTOR('',#2391,1.);
#2391 = DIRECTION('',(0.,3.3E-16,1.));
#2392 = ORIENTED_EDGE('',*,*,#2393,.T.);
#2393 = EDGE_CURVE('',#2386,#2328,#2394,.T.);
#2394 = LINE('',#2395,#2396);
#2395 = CARTESIAN_POINT('',(0.4275,0.2625,-9.E-17));
#2396 = VECTOR('',#2397,1.);
#2397 = DIRECTION('',(0.707106781188,2.4E-16,0.707106781185));
#2398 = ORIENTED_EDGE('',*,*,#2327,.T.);
#2399 = ORIENTED_EDGE('',*,*,#1902,.T.);
#2400 = ORIENTED_EDGE('',*,*,#2401,.T.);
#2401 = EDGE_CURVE('',#1903,#2402,#2404,.T.);
#2402 = VERTEX_POINT('',#2403);
#2403 = CARTESIAN_POINT('',(-0.73,0.2625,0.302499999998));
#2404 = LINE('',#2405,#2406);
#2405 = CARTESIAN_POINT('',(-0.73,0.2625,3.73));
#2406 = VECTOR('',#2407,1.);
#2407 = DIRECTION('',(0.,-3.3E-16,-1.));
#2408 = ORIENTED_EDGE('',*,*,#2409,.T.);
#2409 = EDGE_CURVE('',#2402,#2410,#2412,.T.);
#2410 = VERTEX_POINT('',#2411);
#2411 = CARTESIAN_POINT('',(-0.4275,0.2625,0.));
#2412 = LINE('',#2413,#2414);
#2413 = CARTESIAN_POINT('',(-0.73,0.2625,0.302499999998));
#2414 = VECTOR('',#2415,1.);
#2415 = DIRECTION('',(0.707106781188,-2.4E-16,-0.707106781185));
#2416 = ORIENTED_EDGE('',*,*,#2417,.T.);
#2417 = EDGE_CURVE('',#2410,#2418,#2420,.T.);
#2418 = VERTEX_POINT('',#2419);
#2419 = CARTESIAN_POINT('',(-0.4275,0.2625,-3.58));
#2420 = LINE('',#2421,#2422);
#2421 = CARTESIAN_POINT('',(-0.4275,0.2625,-9.E-17));
#2422 = VECTOR('',#2423,1.);
#2423 = DIRECTION('',(-1.E-17,-3.3E-16,-1.));
#2424 = ORIENTED_EDGE('',*,*,#2425,.F.);
#2425 = EDGE_CURVE('',#2370,#2418,#2426,.T.);
#2426 = LINE('',#2427,#2428);
#2427 = CARTESIAN_POINT('',(-1.36875,0.2625,-2.63875));
#2428 = VECTOR('',#2429,1.);
#2429 = DIRECTION('',(-0.707106781187,2.299999999998E-16,0.707106781187)
  );
#2430 = PLANE('',#2431);
#2431 = AXIS2_PLACEMENT_3D('',#2432,#2433,#2434);
#2432 = CARTESIAN_POINT('',(-0.73,0.2625,0.302499999998));
#2433 = DIRECTION('',(0.,-1.,3.3E-16));
#2434 = DIRECTION('',(0.,-3.3E-16,-1.));
#2435 = ADVANCED_FACE('',(#2436),#2463,.F.);
#2436 = FACE_BOUND('',#2437,.F.);
#2437 = EDGE_LOOP('',(#2438,#2439,#2447,#2455,#2461,#2462));
#2438 = ORIENTED_EDGE('',*,*,#1964,.T.);
#2439 = ORIENTED_EDGE('',*,*,#2440,.T.);
#2440 = EDGE_CURVE('',#1965,#2441,#2443,.T.);
#2441 = VERTEX_POINT('',#2442);
#2442 = CARTESIAN_POINT('',(-0.73,-0.2625,3.73));
#2443 = LINE('',#2444,#2445);
#2444 = CARTESIAN_POINT('',(-0.73,0.2625,3.73));
#2445 = VECTOR('',#2446,1.);
#2446 = DIRECTION('',(0.,-1.,3.3E-16));
#2447 = ORIENTED_EDGE('',*,*,#2448,.T.);
#2448 = EDGE_CURVE('',#2441,#2449,#2451,.T.);
#2449 = VERTEX_POINT('',#2450);
#2450 = CARTESIAN_POINT('',(-0.73,-0.2625,0.302499999998));
#2451 = LINE('',#2452,#2453);
#2452 = CARTESIAN_POINT('',(-0.73,-0.2625,3.73));
#2453 = VECTOR('',#2454,1.);
#2454 = DIRECTION('',(0.,-3.3E-16,-1.));
#2455 = ORIENTED_EDGE('',*,*,#2456,.F.);
#2456 = EDGE_CURVE('',#2402,#2449,#2457,.T.);
#2457 = LINE('',#2458,#2459);
#2458 = CARTESIAN_POINT('',(-0.73,0.2625,0.302499999998));
#2459 = VECTOR('',#2460,1.);
#2460 = DIRECTION('',(0.,-1.,3.3E-16));
#2461 = ORIENTED_EDGE('',*,*,#2401,.F.);
#2462 = ORIENTED_EDGE('',*,*,#1910,.T.);
#2463 = PLANE('',#2464);
#2464 = AXIS2_PLACEMENT_3D('',#2465,#2466,#2467);
#2465 = CARTESIAN_POINT('',(-0.73,0.2625,3.73));
#2466 = DIRECTION('',(1.,0.,0.));
#2467 = DIRECTION('',(0.,-3.3E-16,-1.));
#2468 = ADVANCED_FACE('',(#2469),#2480,.F.);
#2469 = FACE_BOUND('',#2470,.F.);
#2470 = EDGE_LOOP('',(#2471,#2472,#2473,#2479));
#2471 = ORIENTED_EDGE('',*,*,#1972,.T.);
#2472 = ORIENTED_EDGE('',*,*,#2351,.T.);
#2473 = ORIENTED_EDGE('',*,*,#2474,.T.);
#2474 = EDGE_CURVE('',#2344,#2441,#2475,.T.);
#2475 = LINE('',#2476,#2477);
#2476 = CARTESIAN_POINT('',(0.73,-0.2625,3.73));
#2477 = VECTOR('',#2478,1.);
#2478 = DIRECTION('',(-1.,0.,0.));
#2479 = ORIENTED_EDGE('',*,*,#2440,.F.);
#2480 = PLANE('',#2481);
#2481 = AXIS2_PLACEMENT_3D('',#2482,#2483,#2484);
#2482 = CARTESIAN_POINT('',(0.73,0.2625,3.73));
#2483 = DIRECTION('',(0.,-3.3E-16,-1.));
#2484 = DIRECTION('',(-1.,-0.,0.));
#2485 = ADVANCED_FACE('',(#2486),#2497,.F.);
#2486 = FACE_BOUND('',#2487,.F.);
#2487 = EDGE_LOOP('',(#2488,#2489,#2490,#2496));
#2488 = ORIENTED_EDGE('',*,*,#1995,.T.);
#2489 = ORIENTED_EDGE('',*,*,#2206,.T.);
#2490 = ORIENTED_EDGE('',*,*,#2491,.T.);
#2491 = EDGE_CURVE('',#2199,#2296,#2492,.T.);
#2492 = LINE('',#2493,#2494);
#2493 = CARTESIAN_POINT('',(3.27,-0.2625,3.73));
#2494 = VECTOR('',#2495,1.);
#2495 = DIRECTION('',(-1.,0.,0.));
#2496 = ORIENTED_EDGE('',*,*,#2295,.F.);
#2497 = PLANE('',#2498);
#2498 = AXIS2_PLACEMENT_3D('',#2499,#2500,#2501);
#2499 = CARTESIAN_POINT('',(3.27,0.2625,3.73));
#2500 = DIRECTION('',(0.,-3.3E-16,-1.));
#2501 = DIRECTION('',(-1.,-0.,0.));
#2502 = ADVANCED_FACE('',(#2503),#2514,.T.);
#2503 = FACE_BOUND('',#2504,.T.);
#2504 = EDGE_LOOP('',(#2505,#2506,#2507,#2513));
#2505 = ORIENTED_EDGE('',*,*,#2027,.T.);
#2506 = ORIENTED_EDGE('',*,*,#2150,.T.);
#2507 = ORIENTED_EDGE('',*,*,#2508,.F.);
#2508 = EDGE_CURVE('',#2055,#2151,#2509,.T.);
#2509 = LINE('',#2510,#2511);
#2510 = CARTESIAN_POINT('',(-2.585,-1.295,11.875000000001));
#2511 = VECTOR('',#2512,1.);
#2512 = DIRECTION('',(1.,0.,6.E-17));
#2513 = ORIENTED_EDGE('',*,*,#2054,.F.);
#2514 = PLANE('',#2515);
#2515 = AXIS2_PLACEMENT_3D('',#2516,#2517,#2518);
#2516 = CARTESIAN_POINT('',(-2.585,-1.295,4.185));
#2517 = DIRECTION('',(0.,-1.,6.E-17));
#2518 = DIRECTION('',(0.,6.E-17,1.));
#2519 = ADVANCED_FACE('',(#2520),#2531,.T.);
#2520 = FACE_BOUND('',#2521,.T.);
#2521 = EDGE_LOOP('',(#2522,#2523,#2524,#2530));
#2522 = ORIENTED_EDGE('',*,*,#2508,.T.);
#2523 = ORIENTED_EDGE('',*,*,#2158,.T.);
#2524 = ORIENTED_EDGE('',*,*,#2525,.F.);
#2525 = EDGE_CURVE('',#2063,#2159,#2526,.T.);
#2526 = LINE('',#2527,#2528);
#2527 = CARTESIAN_POINT('',(-2.585,-0.295,12.875));
#2528 = VECTOR('',#2529,1.);
#2529 = DIRECTION('',(1.,0.,6.E-17));
#2530 = ORIENTED_EDGE('',*,*,#2062,.F.);
#2531 = PLANE('',#2532);
#2532 = AXIS2_PLACEMENT_3D('',#2533,#2534,#2535);
#2533 = CARTESIAN_POINT('',(-2.585,-1.295,11.875000000001));
#2534 = DIRECTION('',(-4.E-17,-0.707106781186,0.707106781187));
#2535 = DIRECTION('',(4.E-17,0.707106781187,0.707106781186));
#2536 = ADVANCED_FACE('',(#2537),#2566,.T.);
#2537 = FACE_BOUND('',#2538,.T.);
#2538 = EDGE_LOOP('',(#2539,#2540,#2541,#2542,#2543,#2551,#2559,#2565));
#2539 = ORIENTED_EDGE('',*,*,#2070,.F.);
#2540 = ORIENTED_EDGE('',*,*,#2525,.T.);
#2541 = ORIENTED_EDGE('',*,*,#2166,.T.);
#2542 = ORIENTED_EDGE('',*,*,#2126,.F.);
#2543 = ORIENTED_EDGE('',*,*,#2544,.F.);
#2544 = EDGE_CURVE('',#2545,#2119,#2547,.T.);
#2545 = VERTEX_POINT('',#2546);
#2546 = CARTESIAN_POINT('',(7.655,1.89,12.875));
#2547 = LINE('',#2548,#2549);
#2548 = CARTESIAN_POINT('',(7.655,1.4325,12.875));
#2549 = VECTOR('',#2550,1.);
#2550 = DIRECTION('',(0.,1.,0.));
#2551 = ORIENTED_EDGE('',*,*,#2552,.F.);
#2552 = EDGE_CURVE('',#2553,#2545,#2555,.T.);
#2553 = VERTEX_POINT('',#2554);
#2554 = CARTESIAN_POINT('',(-2.575,1.89,12.875));
#2555 = LINE('',#2556,#2557);
#2556 = CARTESIAN_POINT('',(2.535,1.89,12.875));
#2557 = VECTOR('',#2558,1.);
#2558 = DIRECTION('',(1.,0.,6.E-17));
#2559 = ORIENTED_EDGE('',*,*,#2560,.F.);
#2560 = EDGE_CURVE('',#2095,#2553,#2561,.T.);
#2561 = LINE('',#2562,#2563);
#2562 = CARTESIAN_POINT('',(-2.575,0.7975,12.875));
#2563 = VECTOR('',#2564,1.);
#2564 = DIRECTION('',(0.,-1.,0.));
#2565 = ORIENTED_EDGE('',*,*,#2094,.F.);
#2566 = PLANE('',#2567);
#2567 = AXIS2_PLACEMENT_3D('',#2568,#2569,#2570);
#2568 = CARTESIAN_POINT('',(-2.585,-0.295,12.875));
#2569 = DIRECTION('',(-6.E-17,0.,1.));
#2570 = DIRECTION('',(6.E-17,1.,3.6E-33));
#2571 = ADVANCED_FACE('',(#2572),#2606,.T.);
#2572 = FACE_BOUND('',#2573,.T.);
#2573 = EDGE_LOOP('',(#2574,#2575,#2583,#2591,#2599,#2605));
#2574 = ORIENTED_EDGE('',*,*,#2560,.T.);
#2575 = ORIENTED_EDGE('',*,*,#2576,.T.);
#2576 = EDGE_CURVE('',#2553,#2577,#2579,.T.);
#2577 = VERTEX_POINT('',#2578);
#2578 = CARTESIAN_POINT('',(-2.575,1.89,18.775));
#2579 = LINE('',#2580,#2581);
#2580 = CARTESIAN_POINT('',(-2.575,1.89,5.));
#2581 = VECTOR('',#2582,1.);
#2582 = DIRECTION('',(0.,0.,1.));
#2583 = ORIENTED_EDGE('',*,*,#2584,.T.);
#2584 = EDGE_CURVE('',#2577,#2585,#2587,.T.);
#2585 = VERTEX_POINT('',#2586);
#2586 = CARTESIAN_POINT('',(-2.575,3.16,18.775));
#2587 = LINE('',#2588,#2589);
#2588 = CARTESIAN_POINT('',(-2.575,1.89,18.775));
#2589 = VECTOR('',#2590,1.);
#2590 = DIRECTION('',(0.,1.,0.));
#2591 = ORIENTED_EDGE('',*,*,#2592,.F.);
#2592 = EDGE_CURVE('',#2593,#2585,#2595,.T.);
#2593 = VERTEX_POINT('',#2594);
#2594 = CARTESIAN_POINT('',(-2.575,3.16,5.));
#2595 = LINE('',#2596,#2597);
#2596 = CARTESIAN_POINT('',(-2.575,3.16,5.));
#2597 = VECTOR('',#2598,1.);
#2598 = DIRECTION('',(0.,0.,1.));
#2599 = ORIENTED_EDGE('',*,*,#2600,.F.);
#2600 = EDGE_CURVE('',#2103,#2593,#2601,.T.);
#2601 = LINE('',#2602,#2603);
#2602 = CARTESIAN_POINT('',(-2.575,1.89,5.));
#2603 = VECTOR('',#2604,1.);
#2604 = DIRECTION('',(0.,1.,0.));
#2605 = ORIENTED_EDGE('',*,*,#2102,.T.);
#2606 = PLANE('',#2607);
#2607 = AXIS2_PLACEMENT_3D('',#2608,#2609,#2610);
#2608 = CARTESIAN_POINT('',(-2.575,1.89,5.));
#2609 = DIRECTION('',(-1.,0.,0.));
#2610 = DIRECTION('',(0.,1.,0.));
#2611 = ADVANCED_FACE('',(#2612),#2630,.F.);
#2612 = FACE_BOUND('',#2613,.F.);
#2613 = EDGE_LOOP('',(#2614,#2622,#2623,#2624));
#2614 = ORIENTED_EDGE('',*,*,#2615,.F.);
#2615 = EDGE_CURVE('',#2593,#2616,#2618,.T.);
#2616 = VERTEX_POINT('',#2617);
#2617 = CARTESIAN_POINT('',(7.655,3.16,5.));
#2618 = LINE('',#2619,#2620);
#2619 = CARTESIAN_POINT('',(-2.575,3.16,5.));
#2620 = VECTOR('',#2621,1.);
#2621 = DIRECTION('',(1.,0.,0.));
#2622 = ORIENTED_EDGE('',*,*,#2600,.F.);
#2623 = ORIENTED_EDGE('',*,*,#2110,.T.);
#2624 = ORIENTED_EDGE('',*,*,#2625,.F.);
#2625 = EDGE_CURVE('',#2616,#2111,#2626,.T.);
#2626 = LINE('',#2627,#2628);
#2627 = CARTESIAN_POINT('',(7.655,3.16,5.));
#2628 = VECTOR('',#2629,1.);
#2629 = DIRECTION('',(0.,-1.,0.));
#2630 = PLANE('',#2631);
#2631 = AXIS2_PLACEMENT_3D('',#2632,#2633,#2634);
#2632 = CARTESIAN_POINT('',(-2.575,3.16,5.));
#2633 = DIRECTION('',(0.,0.,1.));
#2634 = DIRECTION('',(1.,0.,-0.));
#2635 = ADVANCED_FACE('',(#2636),#2663,.T.);
#2636 = FACE_BOUND('',#2637,.T.);
#2637 = EDGE_LOOP('',(#2638,#2639,#2647,#2655,#2661,#2662));
#2638 = ORIENTED_EDGE('',*,*,#2625,.F.);
#2639 = ORIENTED_EDGE('',*,*,#2640,.T.);
#2640 = EDGE_CURVE('',#2616,#2641,#2643,.T.);
#2641 = VERTEX_POINT('',#2642);
#2642 = CARTESIAN_POINT('',(7.655,3.16,18.775));
#2643 = LINE('',#2644,#2645);
#2644 = CARTESIAN_POINT('',(7.655,3.16,5.));
#2645 = VECTOR('',#2646,1.);
#2646 = DIRECTION('',(0.,0.,1.));
#2647 = ORIENTED_EDGE('',*,*,#2648,.T.);
#2648 = EDGE_CURVE('',#2641,#2649,#2651,.T.);
#2649 = VERTEX_POINT('',#2650);
#2650 = CARTESIAN_POINT('',(7.655,1.89,18.775));
#2651 = LINE('',#2652,#2653);
#2652 = CARTESIAN_POINT('',(7.655,3.16,18.775));
#2653 = VECTOR('',#2654,1.);
#2654 = DIRECTION('',(0.,-1.,0.));
#2655 = ORIENTED_EDGE('',*,*,#2656,.F.);
#2656 = EDGE_CURVE('',#2545,#2649,#2657,.T.);
#2657 = LINE('',#2658,#2659);
#2658 = CARTESIAN_POINT('',(7.655,1.89,5.));
#2659 = VECTOR('',#2660,1.);
#2660 = DIRECTION('',(0.,0.,1.));
#2661 = ORIENTED_EDGE('',*,*,#2544,.T.);
#2662 = ORIENTED_EDGE('',*,*,#2118,.T.);
#2663 = PLANE('',#2664);
#2664 = AXIS2_PLACEMENT_3D('',#2665,#2666,#2667);
#2665 = CARTESIAN_POINT('',(7.655,3.16,5.));
#2666 = DIRECTION('',(1.,0.,0.));
#2667 = DIRECTION('',(0.,-1.,0.));
#2668 = ADVANCED_FACE('',(#2669),#2687,.F.);
#2669 = FACE_BOUND('',#2670,.F.);
#2670 = EDGE_LOOP('',(#2671,#2679,#2685,#2686));
#2671 = ORIENTED_EDGE('',*,*,#2672,.T.);
#2672 = EDGE_CURVE('',#2241,#2673,#2675,.T.);
#2673 = VERTEX_POINT('',#2674);
#2674 = CARTESIAN_POINT('',(2.9675,-0.2625,0.));
#2675 = LINE('',#2676,#2677);
#2676 = CARTESIAN_POINT('',(2.9675,0.2625,-9.E-17));
#2677 = VECTOR('',#2678,1.);
#2678 = DIRECTION('',(0.,-1.,3.3E-16));
#2679 = ORIENTED_EDGE('',*,*,#2680,.T.);
#2680 = EDGE_CURVE('',#2673,#2191,#2681,.T.);
#2681 = LINE('',#2682,#2683);
#2682 = CARTESIAN_POINT('',(2.9675,-0.2625,9.E-17));
#2683 = VECTOR('',#2684,1.);
#2684 = DIRECTION('',(0.707106781187,2.4E-16,0.707106781186));
#2685 = ORIENTED_EDGE('',*,*,#2190,.F.);
#2686 = ORIENTED_EDGE('',*,*,#2248,.F.);
#2687 = PLANE('',#2688);
#2688 = AXIS2_PLACEMENT_3D('',#2689,#2690,#2691);
#2689 = CARTESIAN_POINT('',(2.9675,0.2625,-9.E-17));
#2690 = DIRECTION('',(-0.707106781186,2.4E-16,0.707106781187));
#2691 = DIRECTION('',(0.707106781187,2.4E-16,0.707106781186));
#2692 = ADVANCED_FACE('',(#2693),#2745,.T.);
#2693 = FACE_BOUND('',#2694,.T.);
#2694 = EDGE_LOOP('',(#2695,#2705,#2713,#2719,#2720,#2721,#2722,#2723,
    #2731,#2739));
#2695 = ORIENTED_EDGE('',*,*,#2696,.F.);
#2696 = EDGE_CURVE('',#2697,#2699,#2701,.T.);
#2697 = VERTEX_POINT('',#2698);
#2698 = CARTESIAN_POINT('',(2.5475,-0.2625,-4.));
#2699 = VERTEX_POINT('',#2700);
#2700 = CARTESIAN_POINT('',(2.5325,-0.2625,-4.));
#2701 = LINE('',#2702,#2703);
#2702 = CARTESIAN_POINT('',(-0.595,-0.2625,-4.));
#2703 = VECTOR('',#2704,1.);
#2704 = DIRECTION('',(-1.,0.,0.));
#2705 = ORIENTED_EDGE('',*,*,#2706,.T.);
#2706 = EDGE_CURVE('',#2697,#2707,#2709,.T.);
#2707 = VERTEX_POINT('',#2708);
#2708 = CARTESIAN_POINT('',(2.9675,-0.2625,-3.58));
#2709 = LINE('',#2710,#2711);
#2710 = CARTESIAN_POINT('',(3.54375,-0.2625,-3.00375));
#2711 = VECTOR('',#2712,1.);
#2712 = DIRECTION('',(0.707106781187,2.299999999998E-16,0.707106781187)
  );
#2713 = ORIENTED_EDGE('',*,*,#2714,.T.);
#2714 = EDGE_CURVE('',#2707,#2673,#2715,.T.);
#2715 = LINE('',#2716,#2717);
#2716 = CARTESIAN_POINT('',(2.9675,-0.2625,-9.009548279765));
#2717 = VECTOR('',#2718,1.);
#2718 = DIRECTION('',(0.,3.3E-16,1.));
#2719 = ORIENTED_EDGE('',*,*,#2680,.T.);
#2720 = ORIENTED_EDGE('',*,*,#2198,.T.);
#2721 = ORIENTED_EDGE('',*,*,#2491,.T.);
#2722 = ORIENTED_EDGE('',*,*,#2303,.T.);
#2723 = ORIENTED_EDGE('',*,*,#2724,.T.);
#2724 = EDGE_CURVE('',#2304,#2725,#2727,.T.);
#2725 = VERTEX_POINT('',#2726);
#2726 = CARTESIAN_POINT('',(2.1125,-0.2625,0.));
#2727 = LINE('',#2728,#2729);
#2728 = CARTESIAN_POINT('',(1.81,-0.2625,0.3025));
#2729 = VECTOR('',#2730,1.);
#2730 = DIRECTION('',(0.707106781187,-2.4E-16,-0.707106781186));
#2731 = ORIENTED_EDGE('',*,*,#2732,.T.);
#2732 = EDGE_CURVE('',#2725,#2733,#2735,.T.);
#2733 = VERTEX_POINT('',#2734);
#2734 = CARTESIAN_POINT('',(2.1125,-0.2625,-3.58));
#2735 = LINE('',#2736,#2737);
#2736 = CARTESIAN_POINT('',(2.1125,-0.2625,9.E-17));
#2737 = VECTOR('',#2738,1.);
#2738 = DIRECTION('',(0.,-3.3E-16,-1.));
#2739 = ORIENTED_EDGE('',*,*,#2740,.F.);
#2740 = EDGE_CURVE('',#2699,#2733,#2741,.T.);
#2741 = LINE('',#2742,#2743);
#2742 = CARTESIAN_POINT('',(1.17125,-0.2625,-2.63875));
#2743 = VECTOR('',#2744,1.);
#2744 = DIRECTION('',(-0.707106781187,2.299999999998E-16,0.707106781187)
  );
#2745 = PLANE('',#2746);
#2746 = AXIS2_PLACEMENT_3D('',#2747,#2748,#2749);
#2747 = CARTESIAN_POINT('',(1.81,-0.2625,0.3025));
#2748 = DIRECTION('',(0.,-1.,3.3E-16));
#2749 = DIRECTION('',(0.,-3.3E-16,-1.));
#2750 = ADVANCED_FACE('',(#2751),#2767,.F.);
#2751 = FACE_BOUND('',#2752,.F.);
#2752 = EDGE_LOOP('',(#2753,#2754,#2760,#2761));
#2753 = ORIENTED_EDGE('',*,*,#2696,.F.);
#2754 = ORIENTED_EDGE('',*,*,#2755,.T.);
#2755 = EDGE_CURVE('',#2697,#2223,#2756,.T.);
#2756 = LINE('',#2757,#2758);
#2757 = CARTESIAN_POINT('',(2.5475,-0.2625,-4.));
#2758 = VECTOR('',#2759,1.);
#2759 = DIRECTION('',(0.,1.,0.));
#2760 = ORIENTED_EDGE('',*,*,#2222,.T.);
#2761 = ORIENTED_EDGE('',*,*,#2762,.T.);
#2762 = EDGE_CURVE('',#2225,#2699,#2763,.T.);
#2763 = LINE('',#2764,#2765);
#2764 = CARTESIAN_POINT('',(2.5325,0.2625,-4.));
#2765 = VECTOR('',#2766,1.);
#2766 = DIRECTION('',(0.,-1.,0.));
#2767 = PLANE('',#2768);
#2768 = AXIS2_PLACEMENT_3D('',#2769,#2770,#2771);
#2769 = CARTESIAN_POINT('',(-3.,-3.,-4.));
#2770 = DIRECTION('',(0.,0.,1.));
#2771 = DIRECTION('',(1.,0.,-0.));
#2772 = ADVANCED_FACE('',(#2773),#2784,.T.);
#2773 = FACE_BOUND('',#2774,.T.);
#2774 = EDGE_LOOP('',(#2775,#2776,#2777,#2778));
#2775 = ORIENTED_EDGE('',*,*,#2706,.F.);
#2776 = ORIENTED_EDGE('',*,*,#2755,.T.);
#2777 = ORIENTED_EDGE('',*,*,#2232,.T.);
#2778 = ORIENTED_EDGE('',*,*,#2779,.F.);
#2779 = EDGE_CURVE('',#2707,#2233,#2780,.T.);
#2780 = LINE('',#2781,#2782);
#2781 = CARTESIAN_POINT('',(2.9675,-0.2625,-3.58));
#2782 = VECTOR('',#2783,1.);
#2783 = DIRECTION('',(0.,1.,0.));
#2784 = PLANE('',#2785);
#2785 = AXIS2_PLACEMENT_3D('',#2786,#2787,#2788);
#2786 = CARTESIAN_POINT('',(2.7575,-0.2625,-3.79));
#2787 = DIRECTION('',(0.707106781187,0.,-0.707106781187));
#2788 = DIRECTION('',(0.,1.,0.));
#2789 = ADVANCED_FACE('',(#2790),#2801,.T.);
#2790 = FACE_BOUND('',#2791,.T.);
#2791 = EDGE_LOOP('',(#2792,#2793,#2794,#2795));
#2792 = ORIENTED_EDGE('',*,*,#2280,.F.);
#2793 = ORIENTED_EDGE('',*,*,#2762,.T.);
#2794 = ORIENTED_EDGE('',*,*,#2740,.T.);
#2795 = ORIENTED_EDGE('',*,*,#2796,.F.);
#2796 = EDGE_CURVE('',#2273,#2733,#2797,.T.);
#2797 = LINE('',#2798,#2799);
#2798 = CARTESIAN_POINT('',(2.1125,0.2625,-3.58));
#2799 = VECTOR('',#2800,1.);
#2800 = DIRECTION('',(0.,-1.,0.));
#2801 = PLANE('',#2802);
#2802 = AXIS2_PLACEMENT_3D('',#2803,#2804,#2805);
#2803 = CARTESIAN_POINT('',(2.3225,0.2625,-3.79));
#2804 = DIRECTION('',(-0.707106781187,0.,-0.707106781187));
#2805 = DIRECTION('',(0.,-1.,-0.));
#2806 = ADVANCED_FACE('',(#2807),#2813,.F.);
#2807 = FACE_BOUND('',#2808,.F.);
#2808 = EDGE_LOOP('',(#2809,#2810,#2811,#2812));
#2809 = ORIENTED_EDGE('',*,*,#2240,.F.);
#2810 = ORIENTED_EDGE('',*,*,#2779,.F.);
#2811 = ORIENTED_EDGE('',*,*,#2714,.T.);
#2812 = ORIENTED_EDGE('',*,*,#2672,.F.);
#2813 = PLANE('',#2814);
#2814 = AXIS2_PLACEMENT_3D('',#2815,#2816,#2817);
#2815 = CARTESIAN_POINT('',(2.9675,0.2625,-9.009548279765));
#2816 = DIRECTION('',(-1.,0.,0.));
#2817 = DIRECTION('',(0.,3.3E-16,1.));
#2818 = ADVANCED_FACE('',(#2819),#2830,.F.);
#2819 = FACE_BOUND('',#2820,.F.);
#2820 = EDGE_LOOP('',(#2821,#2822,#2828,#2829));
#2821 = ORIENTED_EDGE('',*,*,#2272,.F.);
#2822 = ORIENTED_EDGE('',*,*,#2823,.T.);
#2823 = EDGE_CURVE('',#2265,#2725,#2824,.T.);
#2824 = LINE('',#2825,#2826);
#2825 = CARTESIAN_POINT('',(2.1125,0.2625,-9.E-17));
#2826 = VECTOR('',#2827,1.);
#2827 = DIRECTION('',(0.,-1.,3.3E-16));
#2828 = ORIENTED_EDGE('',*,*,#2732,.T.);
#2829 = ORIENTED_EDGE('',*,*,#2796,.F.);
#2830 = PLANE('',#2831);
#2831 = AXIS2_PLACEMENT_3D('',#2832,#2833,#2834);
#2832 = CARTESIAN_POINT('',(2.1125,0.2625,-9.E-17));
#2833 = DIRECTION('',(1.,0.,0.));
#2834 = DIRECTION('',(0.,-3.3E-16,-1.));
#2835 = ADVANCED_FACE('',(#2836),#2842,.F.);
#2836 = FACE_BOUND('',#2837,.F.);
#2837 = EDGE_LOOP('',(#2838,#2839,#2840,#2841));
#2838 = ORIENTED_EDGE('',*,*,#2311,.T.);
#2839 = ORIENTED_EDGE('',*,*,#2724,.T.);
#2840 = ORIENTED_EDGE('',*,*,#2823,.F.);
#2841 = ORIENTED_EDGE('',*,*,#2264,.F.);
#2842 = PLANE('',#2843);
#2843 = AXIS2_PLACEMENT_3D('',#2844,#2845,#2846);
#2844 = CARTESIAN_POINT('',(1.81,0.2625,0.3025));
#2845 = DIRECTION('',(0.707106781186,2.4E-16,0.707106781187));
#2846 = DIRECTION('',(0.707106781187,-2.4E-16,-0.707106781186));
#2847 = ADVANCED_FACE('',(#2848),#2866,.F.);
#2848 = FACE_BOUND('',#2849,.F.);
#2849 = EDGE_LOOP('',(#2850,#2858,#2864,#2865));
#2850 = ORIENTED_EDGE('',*,*,#2851,.T.);
#2851 = EDGE_CURVE('',#2386,#2852,#2854,.T.);
#2852 = VERTEX_POINT('',#2853);
#2853 = CARTESIAN_POINT('',(0.4275,-0.2625,0.));
#2854 = LINE('',#2855,#2856);
#2855 = CARTESIAN_POINT('',(0.4275,0.2625,-9.E-17));
#2856 = VECTOR('',#2857,1.);
#2857 = DIRECTION('',(0.,-1.,3.3E-16));
#2858 = ORIENTED_EDGE('',*,*,#2859,.T.);
#2859 = EDGE_CURVE('',#2852,#2336,#2860,.T.);
#2860 = LINE('',#2861,#2862);
#2861 = CARTESIAN_POINT('',(0.4275,-0.2625,9.E-17));
#2862 = VECTOR('',#2863,1.);
#2863 = DIRECTION('',(0.707106781188,2.4E-16,0.707106781185));
#2864 = ORIENTED_EDGE('',*,*,#2335,.F.);
#2865 = ORIENTED_EDGE('',*,*,#2393,.F.);
#2866 = PLANE('',#2867);
#2867 = AXIS2_PLACEMENT_3D('',#2868,#2869,#2870);
#2868 = CARTESIAN_POINT('',(0.4275,0.2625,-9.E-17));
#2869 = DIRECTION('',(-0.707106781185,2.4E-16,0.707106781188));
#2870 = DIRECTION('',(0.707106781188,2.4E-16,0.707106781185));
#2871 = ADVANCED_FACE('',(#2872),#2924,.T.);
#2872 = FACE_BOUND('',#2873,.T.);
#2873 = EDGE_LOOP('',(#2874,#2884,#2892,#2898,#2899,#2900,#2901,#2902,
    #2910,#2918));
#2874 = ORIENTED_EDGE('',*,*,#2875,.F.);
#2875 = EDGE_CURVE('',#2876,#2878,#2880,.T.);
#2876 = VERTEX_POINT('',#2877);
#2877 = CARTESIAN_POINT('',(7.5E-03,-0.2625,-4.));
#2878 = VERTEX_POINT('',#2879);
#2879 = CARTESIAN_POINT('',(-7.5E-03,-0.2625,-4.));
#2880 = LINE('',#2881,#2882);
#2881 = CARTESIAN_POINT('',(-1.865,-0.2625,-4.));
#2882 = VECTOR('',#2883,1.);
#2883 = DIRECTION('',(-1.,0.,0.));
#2884 = ORIENTED_EDGE('',*,*,#2885,.T.);
#2885 = EDGE_CURVE('',#2876,#2886,#2888,.T.);
#2886 = VERTEX_POINT('',#2887);
#2887 = CARTESIAN_POINT('',(0.4275,-0.2625,-3.58));
#2888 = LINE('',#2889,#2890);
#2889 = CARTESIAN_POINT('',(1.00375,-0.2625,-3.003750000001));
#2890 = VECTOR('',#2891,1.);
#2891 = DIRECTION('',(0.707106781187,2.299999999998E-16,0.707106781187)
  );
#2892 = ORIENTED_EDGE('',*,*,#2893,.T.);
#2893 = EDGE_CURVE('',#2886,#2852,#2894,.T.);
#2894 = LINE('',#2895,#2896);
#2895 = CARTESIAN_POINT('',(0.4275,-0.2625,-9.009548279765));
#2896 = VECTOR('',#2897,1.);
#2897 = DIRECTION('',(0.,3.3E-16,1.));
#2898 = ORIENTED_EDGE('',*,*,#2859,.T.);
#2899 = ORIENTED_EDGE('',*,*,#2343,.T.);
#2900 = ORIENTED_EDGE('',*,*,#2474,.T.);
#2901 = ORIENTED_EDGE('',*,*,#2448,.T.);
#2902 = ORIENTED_EDGE('',*,*,#2903,.T.);
#2903 = EDGE_CURVE('',#2449,#2904,#2906,.T.);
#2904 = VERTEX_POINT('',#2905);
#2905 = CARTESIAN_POINT('',(-0.4275,-0.2625,0.));
#2906 = LINE('',#2907,#2908);
#2907 = CARTESIAN_POINT('',(-0.73,-0.2625,0.302499999998));
#2908 = VECTOR('',#2909,1.);
#2909 = DIRECTION('',(0.707106781188,-2.4E-16,-0.707106781185));
#2910 = ORIENTED_EDGE('',*,*,#2911,.T.);
#2911 = EDGE_CURVE('',#2904,#2912,#2914,.T.);
#2912 = VERTEX_POINT('',#2913);
#2913 = CARTESIAN_POINT('',(-0.4275,-0.2625,-3.58));
#2914 = LINE('',#2915,#2916);
#2915 = CARTESIAN_POINT('',(-0.4275,-0.2625,9.E-17));
#2916 = VECTOR('',#2917,1.);
#2917 = DIRECTION('',(-1.E-17,-3.3E-16,-1.));
#2918 = ORIENTED_EDGE('',*,*,#2919,.F.);
#2919 = EDGE_CURVE('',#2878,#2912,#2920,.T.);
#2920 = LINE('',#2921,#2922);
#2921 = CARTESIAN_POINT('',(-1.36875,-0.2625,-2.63875));
#2922 = VECTOR('',#2923,1.);
#2923 = DIRECTION('',(-0.707106781187,2.299999999998E-16,0.707106781187)
  );
#2924 = PLANE('',#2925);
#2925 = AXIS2_PLACEMENT_3D('',#2926,#2927,#2928);
#2926 = CARTESIAN_POINT('',(-0.73,-0.2625,0.302499999998));
#2927 = DIRECTION('',(0.,-1.,3.3E-16));
#2928 = DIRECTION('',(0.,-3.3E-16,-1.));
#2929 = ADVANCED_FACE('',(#2930),#2946,.F.);
#2930 = FACE_BOUND('',#2931,.F.);
#2931 = EDGE_LOOP('',(#2932,#2933,#2939,#2940));
#2932 = ORIENTED_EDGE('',*,*,#2875,.F.);
#2933 = ORIENTED_EDGE('',*,*,#2934,.T.);
#2934 = EDGE_CURVE('',#2876,#2368,#2935,.T.);
#2935 = LINE('',#2936,#2937);
#2936 = CARTESIAN_POINT('',(7.5E-03,-0.2625,-4.));
#2937 = VECTOR('',#2938,1.);
#2938 = DIRECTION('',(0.,1.,0.));
#2939 = ORIENTED_EDGE('',*,*,#2367,.T.);
#2940 = ORIENTED_EDGE('',*,*,#2941,.T.);
#2941 = EDGE_CURVE('',#2370,#2878,#2942,.T.);
#2942 = LINE('',#2943,#2944);
#2943 = CARTESIAN_POINT('',(-7.5E-03,0.2625,-4.));
#2944 = VECTOR('',#2945,1.);
#2945 = DIRECTION('',(0.,-1.,0.));
#2946 = PLANE('',#2947);
#2947 = AXIS2_PLACEMENT_3D('',#2948,#2949,#2950);
#2948 = CARTESIAN_POINT('',(-3.,-3.,-4.));
#2949 = DIRECTION('',(0.,0.,1.));
#2950 = DIRECTION('',(1.,0.,-0.));
#2951 = ADVANCED_FACE('',(#2952),#2963,.T.);
#2952 = FACE_BOUND('',#2953,.T.);
#2953 = EDGE_LOOP('',(#2954,#2955,#2956,#2957));
#2954 = ORIENTED_EDGE('',*,*,#2885,.F.);
#2955 = ORIENTED_EDGE('',*,*,#2934,.T.);
#2956 = ORIENTED_EDGE('',*,*,#2377,.T.);
#2957 = ORIENTED_EDGE('',*,*,#2958,.F.);
#2958 = EDGE_CURVE('',#2886,#2378,#2959,.T.);
#2959 = LINE('',#2960,#2961);
#2960 = CARTESIAN_POINT('',(0.4275,-0.2625,-3.58));
#2961 = VECTOR('',#2962,1.);
#2962 = DIRECTION('',(0.,1.,0.));
#2963 = PLANE('',#2964);
#2964 = AXIS2_PLACEMENT_3D('',#2965,#2966,#2967);
#2965 = CARTESIAN_POINT('',(0.2175,-0.2625,-3.79));
#2966 = DIRECTION('',(0.707106781187,9.999999999988E-18,-0.707106781187)
  );
#2967 = DIRECTION('',(-7.071067811857E-18,1.,7.071067811857E-18));
#2968 = ADVANCED_FACE('',(#2969),#2980,.T.);
#2969 = FACE_BOUND('',#2970,.T.);
#2970 = EDGE_LOOP('',(#2971,#2972,#2973,#2974));
#2971 = ORIENTED_EDGE('',*,*,#2425,.F.);
#2972 = ORIENTED_EDGE('',*,*,#2941,.T.);
#2973 = ORIENTED_EDGE('',*,*,#2919,.T.);
#2974 = ORIENTED_EDGE('',*,*,#2975,.F.);
#2975 = EDGE_CURVE('',#2418,#2912,#2976,.T.);
#2976 = LINE('',#2977,#2978);
#2977 = CARTESIAN_POINT('',(-0.4275,0.2625,-3.58));
#2978 = VECTOR('',#2979,1.);
#2979 = DIRECTION('',(0.,-1.,0.));
#2980 = PLANE('',#2981);
#2981 = AXIS2_PLACEMENT_3D('',#2982,#2983,#2984);
#2982 = CARTESIAN_POINT('',(-0.2175,0.2625,-3.79));
#2983 = DIRECTION('',(-0.707106781187,-0.,-0.707106781187));
#2984 = DIRECTION('',(0.,-1.,0.));
#2985 = ADVANCED_FACE('',(#2986),#2992,.F.);
#2986 = FACE_BOUND('',#2987,.F.);
#2987 = EDGE_LOOP('',(#2988,#2989,#2990,#2991));
#2988 = ORIENTED_EDGE('',*,*,#2385,.F.);
#2989 = ORIENTED_EDGE('',*,*,#2958,.F.);
#2990 = ORIENTED_EDGE('',*,*,#2893,.T.);
#2991 = ORIENTED_EDGE('',*,*,#2851,.F.);
#2992 = PLANE('',#2993);
#2993 = AXIS2_PLACEMENT_3D('',#2994,#2995,#2996);
#2994 = CARTESIAN_POINT('',(0.4275,0.2625,-9.009548279765));
#2995 = DIRECTION('',(-1.,0.,0.));
#2996 = DIRECTION('',(0.,3.3E-16,1.));
#2997 = ADVANCED_FACE('',(#2998),#3009,.F.);
#2998 = FACE_BOUND('',#2999,.F.);
#2999 = EDGE_LOOP('',(#3000,#3001,#3007,#3008));
#3000 = ORIENTED_EDGE('',*,*,#2417,.F.);
#3001 = ORIENTED_EDGE('',*,*,#3002,.T.);
#3002 = EDGE_CURVE('',#2410,#2904,#3003,.T.);
#3003 = LINE('',#3004,#3005);
#3004 = CARTESIAN_POINT('',(-0.4275,0.2625,-9.E-17));
#3005 = VECTOR('',#3006,1.);
#3006 = DIRECTION('',(0.,-1.,3.3E-16));
#3007 = ORIENTED_EDGE('',*,*,#2911,.T.);
#3008 = ORIENTED_EDGE('',*,*,#2975,.F.);
#3009 = PLANE('',#3010);
#3010 = AXIS2_PLACEMENT_3D('',#3011,#3012,#3013);
#3011 = CARTESIAN_POINT('',(-0.4275,0.2625,-9.E-17));
#3012 = DIRECTION('',(1.,0.,-1.E-17));
#3013 = DIRECTION('',(-1.E-17,-3.3E-16,-1.));
#3014 = ADVANCED_FACE('',(#3015),#3021,.F.);
#3015 = FACE_BOUND('',#3016,.F.);
#3016 = EDGE_LOOP('',(#3017,#3018,#3019,#3020));
#3017 = ORIENTED_EDGE('',*,*,#2456,.T.);
#3018 = ORIENTED_EDGE('',*,*,#2903,.T.);
#3019 = ORIENTED_EDGE('',*,*,#3002,.F.);
#3020 = ORIENTED_EDGE('',*,*,#2409,.F.);
#3021 = PLANE('',#3022);
#3022 = AXIS2_PLACEMENT_3D('',#3023,#3024,#3025);
#3023 = CARTESIAN_POINT('',(-0.73,0.2625,0.302499999998));
#3024 = DIRECTION('',(0.707106781185,2.4E-16,0.707106781188));
#3025 = DIRECTION('',(0.707106781188,-2.4E-16,-0.707106781185));
#3026 = ADVANCED_FACE('',(#3027,#3038),#3049,.T.);
#3027 = FACE_BOUND('',#3028,.T.);
#3028 = EDGE_LOOP('',(#3029,#3030,#3031,#3037));
#3029 = ORIENTED_EDGE('',*,*,#2552,.T.);
#3030 = ORIENTED_EDGE('',*,*,#2656,.T.);
#3031 = ORIENTED_EDGE('',*,*,#3032,.T.);
#3032 = EDGE_CURVE('',#2649,#2577,#3033,.T.);
#3033 = LINE('',#3034,#3035);
#3034 = CARTESIAN_POINT('',(7.655,1.89,18.775));
#3035 = VECTOR('',#3036,1.);
#3036 = DIRECTION('',(-1.,0.,0.));
#3037 = ORIENTED_EDGE('',*,*,#2576,.F.);
#3038 = FACE_BOUND('',#3039,.T.);
#3039 = EDGE_LOOP('',(#3040));
#3040 = ORIENTED_EDGE('',*,*,#3041,.F.);
#3041 = EDGE_CURVE('',#3042,#3042,#3044,.T.);
#3042 = VERTEX_POINT('',#3043);
#3043 = CARTESIAN_POINT('',(4.4075,1.89,16.005));
#3044 = CIRCLE('',#3045,1.8675);
#3045 = AXIS2_PLACEMENT_3D('',#3046,#3047,#3048);
#3046 = CARTESIAN_POINT('',(2.54,1.89,16.005));
#3047 = DIRECTION('',(0.,-1.,2.2E-16));
#3048 = DIRECTION('',(1.,0.,0.));
#3049 = PLANE('',#3050);
#3050 = AXIS2_PLACEMENT_3D('',#3051,#3052,#3053);
#3051 = CARTESIAN_POINT('',(7.655,1.89,5.));
#3052 = DIRECTION('',(0.,-1.,0.));
#3053 = DIRECTION('',(-1.,0.,0.));
#3054 = ADVANCED_FACE('',(#3055),#3066,.T.);
#3055 = FACE_BOUND('',#3056,.F.);
#3056 = EDGE_LOOP('',(#3057,#3063,#3064,#3065));
#3057 = ORIENTED_EDGE('',*,*,#3058,.T.);
#3058 = EDGE_CURVE('',#2585,#2641,#3059,.T.);
#3059 = LINE('',#3060,#3061);
#3060 = CARTESIAN_POINT('',(-2.575,3.16,18.775));
#3061 = VECTOR('',#3062,1.);
#3062 = DIRECTION('',(1.,0.,0.));
#3063 = ORIENTED_EDGE('',*,*,#2648,.T.);
#3064 = ORIENTED_EDGE('',*,*,#3032,.T.);
#3065 = ORIENTED_EDGE('',*,*,#2584,.T.);
#3066 = PLANE('',#3067);
#3067 = AXIS2_PLACEMENT_3D('',#3068,#3069,#3070);
#3068 = CARTESIAN_POINT('',(-2.575,3.16,18.775));
#3069 = DIRECTION('',(0.,0.,1.));
#3070 = DIRECTION('',(1.,0.,-0.));
#3071 = ADVANCED_FACE('',(#3072,#3078),#3089,.T.);
#3072 = FACE_BOUND('',#3073,.T.);
#3073 = EDGE_LOOP('',(#3074,#3075,#3076,#3077));
#3074 = ORIENTED_EDGE('',*,*,#2592,.T.);
#3075 = ORIENTED_EDGE('',*,*,#3058,.T.);
#3076 = ORIENTED_EDGE('',*,*,#2640,.F.);
#3077 = ORIENTED_EDGE('',*,*,#2615,.F.);
#3078 = FACE_BOUND('',#3079,.T.);
#3079 = EDGE_LOOP('',(#3080));
#3080 = ORIENTED_EDGE('',*,*,#3081,.T.);
#3081 = EDGE_CURVE('',#3082,#3082,#3084,.T.);
#3082 = VERTEX_POINT('',#3083);
#3083 = CARTESIAN_POINT('',(4.4075,3.16,16.005));
#3084 = CIRCLE('',#3085,1.8675);
#3085 = AXIS2_PLACEMENT_3D('',#3086,#3087,#3088);
#3086 = CARTESIAN_POINT('',(2.54,3.16,16.005));
#3087 = DIRECTION('',(0.,-1.,2.2E-16));
#3088 = DIRECTION('',(1.,0.,0.));
#3089 = PLANE('',#3090);
#3090 = AXIS2_PLACEMENT_3D('',#3091,#3092,#3093);
#3091 = CARTESIAN_POINT('',(-2.575,3.16,5.));
#3092 = DIRECTION('',(0.,1.,0.));
#3093 = DIRECTION('',(1.,0.,0.));
#3094 = ADVANCED_FACE('',(#3095),#3106,.F.);
#3095 = FACE_BOUND('',#3096,.F.);
#3096 = EDGE_LOOP('',(#3097,#3098,#3104,#3105));
#3097 = ORIENTED_EDGE('',*,*,#3041,.F.);
#3098 = ORIENTED_EDGE('',*,*,#3099,.T.);
#3099 = EDGE_CURVE('',#3042,#3082,#3100,.T.);
#3100 = LINE('',#3101,#3102);
#3101 = CARTESIAN_POINT('',(4.4075,1.89,16.005));
#3102 = VECTOR('',#3103,1.);
#3103 = DIRECTION('',(0.,1.,-2.2E-16));
#3104 = ORIENTED_EDGE('',*,*,#3081,.T.);
#3105 = ORIENTED_EDGE('',*,*,#3099,.F.);
#3106 = CYLINDRICAL_SURFACE('',#3107,1.8675);
#3107 = AXIS2_PLACEMENT_3D('',#3108,#3109,#3110);
#3108 = CARTESIAN_POINT('',(2.54,1.89,16.005));
#3109 = DIRECTION('',(0.,-1.,2.2E-16));
#3110 = DIRECTION('',(1.,0.,0.));
#3111 = ( GEOMETRIC_REPRESENTATION_CONTEXT(3) 
GLOBAL_UNCERTAINTY_ASSIGNED_CONTEXT((#3115)) 
GLOBAL_UNIT_ASSIGNED_CONTEXT((#3112,#3113,#3114)) REPRESENTATION_CONTEXT
('Context #1','3D Context with UNIT and UNCERTAINTY') );
#3112 = ( LENGTH_UNIT() NAMED_UNIT(*) SI_UNIT(.MILLI.,.METRE.) );
#3113 = ( NAMED_UNIT(*) PLANE_ANGLE_UNIT() SI_UNIT($,.RADIAN.) );
#3114 = ( NAMED_UNIT(*) SI_UNIT($,.STERADIAN.) SOLID_ANGLE_UNIT() );
#3115 = UNCERTAINTY_MEASURE_WITH_UNIT(LENGTH_MEASURE(1.E-07),#3112,
  'distance_accuracy_value','confusion accuracy');
#3116 = SHAPE_DEFINITION_REPRESENTATION(#3117,#1469);
#3117 = PRODUCT_DEFINITION_SHAPE('','',#3118);
#3118 = PRODUCT_DEFINITION('design','',#3119,#3122);
#3119 = PRODUCT_DEFINITION_FORMATION('','',#3120);
#3120 = PRODUCT('TO-220_3_Vertical','TO-220_3_Vertical','',(#3121));
#3121 = PRODUCT_CONTEXT('',#2,'mechanical');
#3122 = PRODUCT_DEFINITION_CONTEXT('part definition',#2,'design');
#3123 = CONTEXT_DEPENDENT_SHAPE_REPRESENTATION(#3124,#3126);
#3124 = ( REPRESENTATION_RELATIONSHIP('','',#1469,#10) 
REPRESENTATION_RELATIONSHIP_WITH_TRANSFORMATION(#3125) 
SHAPE_REPRESENTATION_RELATIONSHIP() );
#3125 = ITEM_DEFINED_TRANSFORMATION('','',#11,#19);
#3126 = PRODUCT_DEFINITION_SHAPE('Placement','Placement of an item',
  #3127);
#3127 = NEXT_ASSEMBLY_USAGE_OCCURRENCE('13','=>[0:1:1:2]','',#5,#3118,$
  );
#3128 = PRODUCT_RELATED_PRODUCT_CATEGORY('part',$,(#3120));
#3129 = ADVANCED_BREP_SHAPE_REPRESENTATION('',(#11,#3130),#3267);
#3130 = MANIFOLD_SOLID_BREP('',#3131);
#3131 = CLOSED_SHELL('',(#3132,#3165,#3185,#3205,#3230,#3255));
#3132 = ADVANCED_FACE('',(#3133),#3160,.T.);
#3133 = FACE_BOUND('',#3134,.T.);
#3134 = EDGE_LOOP('',(#3135,#3144,#3152,#3159));
#3135 = ORIENTED_EDGE('',*,*,#3136,.F.);
#3136 = EDGE_CURVE('',#3137,#3137,#3139,.T.);
#3137 = VERTEX_POINT('',#3138);
#3138 = CARTESIAN_POINT('',(5.31,1.89,16.009));
#3139 = CIRCLE('',#3140,2.77);
#3140 = AXIS2_PLACEMENT_3D('',#3141,#3142,#3143);
#3141 = CARTESIAN_POINT('',(2.54,1.89,16.009));
#3142 = DIRECTION('',(0.,1.,-2.2E-16));
#3143 = DIRECTION('',(1.,0.,0.));
#3144 = ORIENTED_EDGE('',*,*,#3145,.F.);
#3145 = EDGE_CURVE('',#3146,#3137,#3148,.T.);
#3146 = VERTEX_POINT('',#3147);
#3147 = CARTESIAN_POINT('',(5.31,0.89,16.009));
#3148 = LINE('',#3149,#3150);
#3149 = CARTESIAN_POINT('',(5.31,0.89,16.009));
#3150 = VECTOR('',#3151,1.);
#3151 = DIRECTION('',(0.,1.,-2.2E-16));
#3152 = ORIENTED_EDGE('',*,*,#3153,.T.);
#3153 = EDGE_CURVE('',#3146,#3146,#3154,.T.);
#3154 = CIRCLE('',#3155,2.77);
#3155 = AXIS2_PLACEMENT_3D('',#3156,#3157,#3158);
#3156 = CARTESIAN_POINT('',(2.54,0.89,16.009));
#3157 = DIRECTION('',(0.,1.,-2.2E-16));
#3158 = DIRECTION('',(1.,0.,0.));
#3159 = ORIENTED_EDGE('',*,*,#3145,.T.);
#3160 = CYLINDRICAL_SURFACE('',#3161,2.77);
#3161 = AXIS2_PLACEMENT_3D('',#3162,#3163,#3164);
#3162 = CARTESIAN_POINT('',(2.54,0.89,16.009));
#3163 = DIRECTION('',(0.,1.,-2.2E-16));
#3164 = DIRECTION('',(1.,0.,0.));
#3165 = ADVANCED_FACE('',(#3166,#3169),#3180,.T.);
#3166 = FACE_BOUND('',#3167,.T.);
#3167 = EDGE_LOOP('',(#3168));
#3168 = ORIENTED_EDGE('',*,*,#3136,.T.);
#3169 = FACE_BOUND('',#3170,.T.);
#3170 = EDGE_LOOP('',(#3171));
#3171 = ORIENTED_EDGE('',*,*,#3172,.F.);
#3172 = EDGE_CURVE('',#3173,#3173,#3175,.T.);
#3173 = VERTEX_POINT('',#3174);
#3174 = CARTESIAN_POINT('',(4.4,1.89,16.009));
#3175 = CIRCLE('',#3176,1.86);
#3176 = AXIS2_PLACEMENT_3D('',#3177,#3178,#3179);
#3177 = CARTESIAN_POINT('',(2.54,1.89,16.009));
#3178 = DIRECTION('',(0.,1.,-2.2E-16));
#3179 = DIRECTION('',(1.,0.,0.));
#3180 = PLANE('',#3181);
#3181 = AXIS2_PLACEMENT_3D('',#3182,#3183,#3184);
#3182 = CARTESIAN_POINT('',(2.54,1.89,16.009));
#3183 = DIRECTION('',(0.,1.,-2.2E-16));
#3184 = DIRECTION('',(1.,0.,0.));
#3185 = ADVANCED_FACE('',(#3186,#3189),#3200,.F.);
#3186 = FACE_BOUND('',#3187,.F.);
#3187 = EDGE_LOOP('',(#3188));
#3188 = ORIENTED_EDGE('',*,*,#3153,.T.);
#3189 = FACE_BOUND('',#3190,.F.);
#3190 = EDGE_LOOP('',(#3191));
#3191 = ORIENTED_EDGE('',*,*,#3192,.F.);
#3192 = EDGE_CURVE('',#3193,#3193,#3195,.T.);
#3193 = VERTEX_POINT('',#3194);
#3194 = CARTESIAN_POINT('',(3.54,0.89,16.009));
#3195 = CIRCLE('',#3196,1.);
#3196 = AXIS2_PLACEMENT_3D('',#3197,#3198,#3199);
#3197 = CARTESIAN_POINT('',(2.54,0.89,16.009));
#3198 = DIRECTION('',(0.,1.,-2.2E-16));
#3199 = DIRECTION('',(1.,0.,0.));
#3200 = PLANE('',#3201);
#3201 = AXIS2_PLACEMENT_3D('',#3202,#3203,#3204);
#3202 = CARTESIAN_POINT('',(2.54,0.89,16.009));
#3203 = DIRECTION('',(0.,1.,-2.2E-16));
#3204 = DIRECTION('',(1.,0.,0.));
#3205 = ADVANCED_FACE('',(#3206),#3225,.T.);
#3206 = FACE_BOUND('',#3207,.T.);
#3207 = EDGE_LOOP('',(#3208,#3217,#3223,#3224));
#3208 = ORIENTED_EDGE('',*,*,#3209,.F.);
#3209 = EDGE_CURVE('',#3210,#3210,#3212,.T.);
#3210 = VERTEX_POINT('',#3211);
#3211 = CARTESIAN_POINT('',(4.4,3.16,16.009));
#3212 = CIRCLE('',#3213,1.86);
#3213 = AXIS2_PLACEMENT_3D('',#3214,#3215,#3216);
#3214 = CARTESIAN_POINT('',(2.54,3.16,16.009));
#3215 = DIRECTION('',(0.,1.,-2.2E-16));
#3216 = DIRECTION('',(1.,0.,0.));
#3217 = ORIENTED_EDGE('',*,*,#3218,.F.);
#3218 = EDGE_CURVE('',#3173,#3210,#3219,.T.);
#3219 = LINE('',#3220,#3221);
#3220 = CARTESIAN_POINT('',(4.4,0.89,16.009));
#3221 = VECTOR('',#3222,1.);
#3222 = DIRECTION('',(0.,1.,-2.2E-16));
#3223 = ORIENTED_EDGE('',*,*,#3172,.T.);
#3224 = ORIENTED_EDGE('',*,*,#3218,.T.);
#3225 = CYLINDRICAL_SURFACE('',#3226,1.86);
#3226 = AXIS2_PLACEMENT_3D('',#3227,#3228,#3229);
#3227 = CARTESIAN_POINT('',(2.54,0.89,16.009));
#3228 = DIRECTION('',(0.,1.,-2.2E-16));
#3229 = DIRECTION('',(1.,0.,0.));
#3230 = ADVANCED_FACE('',(#3231),#3250,.F.);
#3231 = FACE_BOUND('',#3232,.F.);
#3232 = EDGE_LOOP('',(#3233,#3242,#3248,#3249));
#3233 = ORIENTED_EDGE('',*,*,#3234,.F.);
#3234 = EDGE_CURVE('',#3235,#3235,#3237,.T.);
#3235 = VERTEX_POINT('',#3236);
#3236 = CARTESIAN_POINT('',(3.54,3.16,16.009));
#3237 = CIRCLE('',#3238,1.);
#3238 = AXIS2_PLACEMENT_3D('',#3239,#3240,#3241);
#3239 = CARTESIAN_POINT('',(2.54,3.16,16.009));
#3240 = DIRECTION('',(0.,1.,-2.2E-16));
#3241 = DIRECTION('',(1.,0.,0.));
#3242 = ORIENTED_EDGE('',*,*,#3243,.F.);
#3243 = EDGE_CURVE('',#3193,#3235,#3244,.T.);
#3244 = LINE('',#3245,#3246);
#3245 = CARTESIAN_POINT('',(3.54,-3.11,16.009));
#3246 = VECTOR('',#3247,1.);
#3247 = DIRECTION('',(0.,1.,-2.2E-16));
#3248 = ORIENTED_EDGE('',*,*,#3192,.T.);
#3249 = ORIENTED_EDGE('',*,*,#3243,.T.);
#3250 = CYLINDRICAL_SURFACE('',#3251,1.);
#3251 = AXIS2_PLACEMENT_3D('',#3252,#3253,#3254);
#3252 = CARTESIAN_POINT('',(2.54,-3.11,16.009));
#3253 = DIRECTION('',(0.,1.,-2.2E-16));
#3254 = DIRECTION('',(1.,0.,0.));
#3255 = ADVANCED_FACE('',(#3256,#3259),#3262,.T.);
#3256 = FACE_BOUND('',#3257,.T.);
#3257 = EDGE_LOOP('',(#3258));
#3258 = ORIENTED_EDGE('',*,*,#3209,.T.);
#3259 = FACE_BOUND('',#3260,.T.);
#3260 = EDGE_LOOP('',(#3261));
#3261 = ORIENTED_EDGE('',*,*,#3234,.F.);
#3262 = PLANE('',#3263);
#3263 = AXIS2_PLACEMENT_3D('',#3264,#3265,#3266);
#3264 = CARTESIAN_POINT('',(2.54,3.16,16.009));
#3265 = DIRECTION('',(0.,1.,-2.2E-16));
#3266 = DIRECTION('',(1.,0.,0.));
#3267 = ( GEOMETRIC_REPRESENTATION_CONTEXT(3) 
GLOBAL_UNCERTAINTY_ASSIGNED_CONTEXT((#3271)) 
GLOBAL_UNIT_ASSIGNED_CONTEXT((#3268,#3269,#3270)) REPRESENTATION_CONTEXT
('Context #1','3D Context with UNIT and UNCERTAINTY') );
#3268 = ( LENGTH_UNIT() NAMED_UNIT(*) SI_UNIT(.MILLI.,.METRE.) );
#3269 = ( NAMED_UNIT(*) PLANE_ANGLE_UNIT() SI_UNIT($,.RADIAN.) );
#3270 = ( NAMED_UNIT(*) SI_UNIT($,.STERADIAN.) SOLID_ANGLE_UNIT() );
#3271 = UNCERTAINTY_MEASURE_WITH_UNIT(LENGTH_MEASURE(1.E-07),#3268,
  'distance_accuracy_value','confusion accuracy');
#3272 = SHAPE_DEFINITION_REPRESENTATION(#3273,#3129);
#3273 = PRODUCT_DEFINITION_SHAPE('','',#3274);
#3274 = PRODUCT_DEFINITION('design','',#3275,#3278);
#3275 = PRODUCT_DEFINITION_FORMATION('','',#3276);
#3276 = PRODUCT('Isolator','Isolator','',(#3277));
#3277 = PRODUCT_CONTEXT('',#2,'mechanical');
#3278 = PRODUCT_DEFINITION_CONTEXT('part definition',#2,'design');
#3279 = CONTEXT_DEPENDENT_SHAPE_REPRESENTATION(#3280,#3282);
#3280 = ( REPRESENTATION_RELATIONSHIP('','',#3129,#10) 
REPRESENTATION_RELATIONSHIP_WITH_TRANSFORMATION(#3281) 
SHAPE_REPRESENTATION_RELATIONSHIP() );
#3281 = ITEM_DEFINED_TRANSFORMATION('','',#11,#23);
#3282 = PRODUCT_DEFINITION_SHAPE('Placement','Placement of an item',
  #3283);
#3283 = NEXT_ASSEMBLY_USAGE_OCCURRENCE('14','=>[0:1:1:3]','',#5,#3274,$
  );
#3284 = PRODUCT_RELATED_PRODUCT_CATEGORY('part',$,(#3276));
#3285 = ADVANCED_BREP_SHAPE_REPRESENTATION('',(#11,#3286),#8726);
#3286 = MANIFOLD_SOLID_BREP('',#3287);
#3287 = CLOSED_SHELL('',(#3288,#3336,#3359,#3404,#3597,#3627,#3650,#3820
    ,#3839,#3855,#3875,#3887,#3904,#3923,#3939,#3955,#3971,#3988,#4007,
    #4023,#4039,#4055,#4072,#4091,#4107,#4119,#4593,#4648,#4768,#4821,
    #4870,#4919,#5028,#5077,#5126,#5175,#5284,#5333,#5382,#5431,#5540,
    #5589,#5638,#5687,#5796,#5845,#5894,#5943,#6052,#6101,#6150,#6199,
    #6308,#6357,#6406,#6455,#6564,#6613,#6662,#6711,#6820,#6869,#6918,
    #6967,#7076,#7125,#7174,#7223,#7332,#7381,#7430,#7479,#7588,#7637,
    #7686,#7719,#7801,#7824,#7888,#7937,#8087,#8241,#8348,#8496,#8526,
    #8714));
#3288 = ADVANCED_FACE('',(#3289),#3321,.T.);
#3289 = FACE_BOUND('',#3290,.T.);
#3290 = EDGE_LOOP('',(#3291,#3300,#3310,#3311));
#3291 = ORIENTED_EDGE('',*,*,#3292,.T.);
#3292 = EDGE_CURVE('',#3293,#3295,#3297,.T.);
#3293 = VERTEX_POINT('',#3294);
#3294 = CARTESIAN_POINT('',(4.55,0.171600640513,16.));
#3295 = VERTEX_POINT('',#3296);
#3296 = CARTESIAN_POINT('',(4.55,0.89,16.));
#3297 = B_SPLINE_CURVE_WITH_KNOTS('',1,(#3298,#3299),.UNSPECIFIED.,.F.,
  .F.,(2,2),(0.,0.897999199359),.PIECEWISE_BEZIER_KNOTS.);
#3298 = CARTESIAN_POINT('',(4.55,0.171600640513,16.));
#3299 = CARTESIAN_POINT('',(4.55,0.89,16.));
#3300 = ORIENTED_EDGE('',*,*,#3301,.T.);
#3301 = EDGE_CURVE('',#3295,#3295,#3302,.T.);
#3302 = ( BOUNDED_CURVE() B_SPLINE_CURVE(2,(#3303,#3304,#3305,#3306,
#3307,#3308,#3309),.UNSPECIFIED.,.T.,.F.) B_SPLINE_CURVE_WITH_KNOTS((1,2
    ,2,2,2,1),(-2.094395102394,0.,2.094395102393,4.188790204786,
6.28318530718,8.377580409573),.UNSPECIFIED.) CURVE() 
GEOMETRIC_REPRESENTATION_ITEM() RATIONAL_B_SPLINE_CURVE((1.,0.5,1.,0.5,
1.,0.5,1.)) REPRESENTATION_ITEM('') );
#3303 = CARTESIAN_POINT('',(4.55,0.89,16.));
#3304 = CARTESIAN_POINT('',(4.55,0.89,19.464101615138));
#3305 = CARTESIAN_POINT('',(1.55,0.89,17.732050807569));
#3306 = CARTESIAN_POINT('',(-1.45,0.89,16.));
#3307 = CARTESIAN_POINT('',(1.55,0.89,14.267949192431));
#3308 = CARTESIAN_POINT('',(4.55,0.89,12.535898384862));
#3309 = CARTESIAN_POINT('',(4.55,0.89,16.));
#3310 = ORIENTED_EDGE('',*,*,#3292,.F.);
#3311 = ORIENTED_EDGE('',*,*,#3312,.F.);
#3312 = EDGE_CURVE('',#3293,#3293,#3313,.T.);
#3313 = ( BOUNDED_CURVE() B_SPLINE_CURVE(2,(#3314,#3315,#3316,#3317,
#3318,#3319,#3320),.UNSPECIFIED.,.T.,.F.) B_SPLINE_CURVE_WITH_KNOTS((1,2
    ,2,2,2,1),(-2.094395102394,0.,2.094395102393,4.188790204786,
6.28318530718,8.377580409573),.UNSPECIFIED.) CURVE() 
GEOMETRIC_REPRESENTATION_ITEM() RATIONAL_B_SPLINE_CURVE((1.,0.5,1.,0.5,
1.,0.5,1.)) REPRESENTATION_ITEM('') );
#3314 = CARTESIAN_POINT('',(4.55,0.171600640513,16.));
#3315 = CARTESIAN_POINT('',(4.55,0.171600640513,19.464101615138));
#3316 = CARTESIAN_POINT('',(1.55,0.171600640513,17.732050807569));
#3317 = CARTESIAN_POINT('',(-1.45,0.171600640513,16.));
#3318 = CARTESIAN_POINT('',(1.55,0.171600640513,14.267949192431));
#3319 = CARTESIAN_POINT('',(4.55,0.171600640513,12.535898384862));
#3320 = CARTESIAN_POINT('',(4.55,0.171600640513,16.));
#3321 = ( BOUNDED_SURFACE() B_SPLINE_SURFACE(2,1,(
    (#3322,#3323)
    ,(#3324,#3325)
    ,(#3326,#3327)
    ,(#3328,#3329)
    ,(#3330,#3331)
    ,(#3332,#3333)
    ,(#3334,#3335
)),.UNSPECIFIED.,.T.,.F.,.F.) B_SPLINE_SURFACE_WITH_KNOTS((1,2,2,2,2,1),
  (2,2),(-2.094395102394,0.,2.094395102393,4.188790204786,6.28318530718,
    8.377580409573),(0.,0.897999199359),.UNSPECIFIED.) 
GEOMETRIC_REPRESENTATION_ITEM() RATIONAL_B_SPLINE_SURFACE((
    (1.,1.)
    ,(0.5,0.5)
    ,(1.,1.)
    ,(0.5,0.5)
    ,(1.,1.)
    ,(0.5,0.5)
,(1.,1.))) REPRESENTATION_ITEM('') SURFACE() );
#3322 = CARTESIAN_POINT('',(4.55,0.171600640513,16.));
#3323 = CARTESIAN_POINT('',(4.55,0.89,16.));
#3324 = CARTESIAN_POINT('',(4.55,0.171600640513,12.535898384862));
#3325 = CARTESIAN_POINT('',(4.55,0.89,12.535898384862));
#3326 = CARTESIAN_POINT('',(1.55,0.171600640513,14.267949192431));
#3327 = CARTESIAN_POINT('',(1.55,0.89,14.267949192431));
#3328 = CARTESIAN_POINT('',(-1.45,0.171600640513,16.));
#3329 = CARTESIAN_POINT('',(-1.45,0.89,16.));
#3330 = CARTESIAN_POINT('',(1.55,0.171600640513,17.732050807569));
#3331 = CARTESIAN_POINT('',(1.55,0.89,17.732050807569));
#3332 = CARTESIAN_POINT('',(4.55,0.171600640513,19.464101615138));
#3333 = CARTESIAN_POINT('',(4.55,0.89,19.464101615138));
#3334 = CARTESIAN_POINT('',(4.55,0.171600640513,16.));
#3335 = CARTESIAN_POINT('',(4.55,0.89,16.));
#3336 = ADVANCED_FACE('',(#3337,#3340),#3354,.F.);
#3337 = FACE_BOUND('',#3338,.F.);
#3338 = EDGE_LOOP('',(#3339));
#3339 = ORIENTED_EDGE('',*,*,#3301,.T.);
#3340 = FACE_BOUND('',#3341,.F.);
#3341 = EDGE_LOOP('',(#3342));
#3342 = ORIENTED_EDGE('',*,*,#3343,.F.);
#3343 = EDGE_CURVE('',#3344,#3344,#3346,.T.);
#3344 = VERTEX_POINT('',#3345);
#3345 = CARTESIAN_POINT('',(3.65,0.89,16.));
#3346 = ( BOUNDED_CURVE() B_SPLINE_CURVE(2,(#3347,#3348,#3349,#3350,
#3351,#3352,#3353),.UNSPECIFIED.,.T.,.F.) B_SPLINE_CURVE_WITH_KNOTS((1,2
    ,2,2,2,1),(-2.094395102394,0.,2.094395102393,4.188790204786,
6.28318530718,8.377580409573),.UNSPECIFIED.) CURVE() 
GEOMETRIC_REPRESENTATION_ITEM() RATIONAL_B_SPLINE_CURVE((1.,0.5,1.,0.5,
1.,0.5,1.)) REPRESENTATION_ITEM('') );
#3347 = CARTESIAN_POINT('',(3.65,0.89,16.));
#3348 = CARTESIAN_POINT('',(3.65,0.89,17.905255888326));
#3349 = CARTESIAN_POINT('',(2.,0.89,16.952627944163));
#3350 = CARTESIAN_POINT('',(0.35,0.89,16.));
#3351 = CARTESIAN_POINT('',(2.,0.89,15.047372055837));
#3352 = CARTESIAN_POINT('',(3.65,0.89,14.094744111674));
#3353 = CARTESIAN_POINT('',(3.65,0.89,16.));
#3354 = B_SPLINE_SURFACE_WITH_KNOTS('',1,1,(
    (#3355,#3356)
    ,(#3357,#3358
    )),.UNSPECIFIED.,.F.,.F.,.F.,(2,2),(2,2),(-2.,2.),(-2.,2.),
  .PIECEWISE_BEZIER_KNOTS.);
#3355 = CARTESIAN_POINT('',(0.55,0.89,14.));
#3356 = CARTESIAN_POINT('',(0.55,0.89,18.));
#3357 = CARTESIAN_POINT('',(4.55,0.89,14.));
#3358 = CARTESIAN_POINT('',(4.55,0.89,18.));
#3359 = ADVANCED_FACE('',(#3360),#3382,.F.);
#3360 = FACE_BOUND('',#3361,.F.);
#3361 = EDGE_LOOP('',(#3362,#3363,#3371,#3381));
#3362 = ORIENTED_EDGE('',*,*,#3343,.T.);
#3363 = ORIENTED_EDGE('',*,*,#3364,.T.);
#3364 = EDGE_CURVE('',#3344,#3365,#3367,.T.);
#3365 = VERTEX_POINT('',#3366);
#3366 = CARTESIAN_POINT('',(3.55,0.97,16.));
#3367 = ( BOUNDED_CURVE() B_SPLINE_CURVE(2,(#3368,#3369,#3370),
.UNSPECIFIED.,.F.,.F.) B_SPLINE_CURVE_WITH_KNOTS((3,3),(0.,
1.570796326795),.PIECEWISE_BEZIER_KNOTS.) CURVE() 
GEOMETRIC_REPRESENTATION_ITEM() RATIONAL_B_SPLINE_CURVE((1.,
0.707106781187,1.)) REPRESENTATION_ITEM('') );
#3368 = CARTESIAN_POINT('',(3.65,0.89,16.));
#3369 = CARTESIAN_POINT('',(3.55,0.89,16.));
#3370 = CARTESIAN_POINT('',(3.55,0.97,16.));
#3371 = ORIENTED_EDGE('',*,*,#3372,.F.);
#3372 = EDGE_CURVE('',#3365,#3365,#3373,.T.);
#3373 = ( BOUNDED_CURVE() B_SPLINE_CURVE(2,(#3374,#3375,#3376,#3377,
#3378,#3379,#3380),.UNSPECIFIED.,.T.,.F.) B_SPLINE_CURVE_WITH_KNOTS((1,2
    ,2,2,2,1),(-2.094395102394,0.,2.094395102393,4.188790204786,
6.28318530718,8.377580409573),.UNSPECIFIED.) CURVE() 
GEOMETRIC_REPRESENTATION_ITEM() RATIONAL_B_SPLINE_CURVE((1.,0.5,1.,0.5,
1.,0.5,1.)) REPRESENTATION_ITEM('') );
#3374 = CARTESIAN_POINT('',(3.55,0.97,16.));
#3375 = CARTESIAN_POINT('',(3.55,0.97,17.732050807569));
#3376 = CARTESIAN_POINT('',(2.05,0.97,16.866025403784));
#3377 = CARTESIAN_POINT('',(0.55,0.97,16.));
#3378 = CARTESIAN_POINT('',(2.05,0.97,15.133974596216));
#3379 = CARTESIAN_POINT('',(3.55,0.97,14.267949192431));
#3380 = CARTESIAN_POINT('',(3.55,0.97,16.));
#3381 = ORIENTED_EDGE('',*,*,#3364,.F.);
#3382 = ( BOUNDED_SURFACE() B_SPLINE_SURFACE(2,2,(
    (#3383,#3384,#3385)
    ,(#3386,#3387,#3388)
    ,(#3389,#3390,#3391)
    ,(#3392,#3393,#3394)
    ,(#3395,#3396,#3397)
    ,(#3398,#3399,#3400)
    ,(#3401,#3402,#3403
)),.UNSPECIFIED.,.T.,.F.,.F.) B_SPLINE_SURFACE_WITH_KNOTS((1,2,2,2,2,1),
  (3,3),(-2.094395102394,0.,2.094395102393,4.188790204786,6.28318530718,
    8.377580409573),(0.,1.570796326795),.UNSPECIFIED.) 
GEOMETRIC_REPRESENTATION_ITEM() RATIONAL_B_SPLINE_SURFACE((
    (1.,0.707106781187,1.)
    ,(0.5,0.353553390593,0.5)
    ,(1.,0.707106781187,1.)
    ,(0.5,0.353553390593,0.5)
    ,(1.,0.707106781187,1.)
    ,(0.5,0.353553390593,0.5)
,(1.,0.707106781187,1.))) REPRESENTATION_ITEM('') SURFACE() );
#3383 = CARTESIAN_POINT('',(3.65,0.89,16.));
#3384 = CARTESIAN_POINT('',(3.55,0.89,16.));
#3385 = CARTESIAN_POINT('',(3.55,0.97,16.));
#3386 = CARTESIAN_POINT('',(3.65,0.89,17.905255888326));
#3387 = CARTESIAN_POINT('',(3.55,0.89,17.732050807569));
#3388 = CARTESIAN_POINT('',(3.55,0.97,17.732050807569));
#3389 = CARTESIAN_POINT('',(2.,0.89,16.952627944163));
#3390 = CARTESIAN_POINT('',(2.05,0.89,16.866025403784));
#3391 = CARTESIAN_POINT('',(2.05,0.97,16.866025403784));
#3392 = CARTESIAN_POINT('',(0.35,0.89,16.));
#3393 = CARTESIAN_POINT('',(0.55,0.89,16.));
#3394 = CARTESIAN_POINT('',(0.55,0.97,16.));
#3395 = CARTESIAN_POINT('',(2.,0.89,15.047372055837));
#3396 = CARTESIAN_POINT('',(2.05,0.89,15.133974596216));
#3397 = CARTESIAN_POINT('',(2.05,0.97,15.133974596216));
#3398 = CARTESIAN_POINT('',(3.65,0.89,14.094744111674));
#3399 = CARTESIAN_POINT('',(3.55,0.89,14.267949192431));
#3400 = CARTESIAN_POINT('',(3.55,0.97,14.267949192431));
#3401 = CARTESIAN_POINT('',(3.65,0.89,16.));
#3402 = CARTESIAN_POINT('',(3.55,0.89,16.));
#3403 = CARTESIAN_POINT('',(3.55,0.97,16.));
#3404 = ADVANCED_FACE('',(#3405),#3575,.T.);
#3405 = FACE_BOUND('',#3406,.T.);
#3406 = EDGE_LOOP('',(#3407,#3417,#3425,#3433,#3441,#3449,#3457,#3465,
    #3473,#3481,#3489,#3497,#3505,#3513,#3521,#3529,#3537,#3545,#3553,
    #3561,#3567,#3568,#3569));
#3407 = ORIENTED_EDGE('',*,*,#3408,.F.);
#3408 = EDGE_CURVE('',#3409,#3411,#3413,.T.);
#3409 = VERTEX_POINT('',#3410);
#3410 = CARTESIAN_POINT('',(3.362483514852,-0.274585854496,
    15.507688576108));
#3411 = VERTEX_POINT('',#3412);
#3412 = CARTESIAN_POINT('',(3.057683828847,-0.355436311442,15.87));
#3413 = ( BOUNDED_CURVE() B_SPLINE_CURVE(2,(#3414,#3415,#3416),
.UNSPECIFIED.,.F.,.F.) B_SPLINE_CURVE_WITH_KNOTS((3,3),(1.283872281299,
1.435309121385),.PIECEWISE_BEZIER_KNOTS.) CURVE() 
GEOMETRIC_REPRESENTATION_ITEM() RATIONAL_B_SPLINE_CURVE((1.,
0.997134729775,1.)) REPRESENTATION_ITEM('') );
#3414 = CARTESIAN_POINT('',(3.362483514851,-0.274585854496,
    15.507688576108));
#3415 = CARTESIAN_POINT('',(3.213862401361,-0.329314965088,
    15.687035796218));
#3416 = CARTESIAN_POINT('',(3.057683828847,-0.355436311443,15.87));
#3417 = ORIENTED_EDGE('',*,*,#3418,.T.);
#3418 = EDGE_CURVE('',#3409,#3419,#3421,.T.);
#3419 = VERTEX_POINT('',#3420);
#3420 = CARTESIAN_POINT('',(3.042311423892,-0.274585854496,
    15.187516485148));
#3421 = ( BOUNDED_CURVE() B_SPLINE_CURVE(2,(#3422,#3423,#3424),
.UNSPECIFIED.,.F.,.F.) B_SPLINE_CURVE_WITH_KNOTS((3,3),(0.544771349258,
1.026024977537),.PIECEWISE_BEZIER_KNOTS.) CURVE() 
GEOMETRIC_REPRESENTATION_ITEM() RATIONAL_B_SPLINE_CURVE((1.,
0.971188788677,1.)) REPRESENTATION_ITEM('') );
#3422 = CARTESIAN_POINT('',(3.362483514852,-0.274585854496,
    15.507688576108));
#3423 = CARTESIAN_POINT('',(3.241679568338,-0.274585854496,
    15.308320431662));
#3424 = CARTESIAN_POINT('',(3.042311423892,-0.274585854496,
    15.187516485148));
#3425 = ORIENTED_EDGE('',*,*,#3426,.F.);
#3426 = EDGE_CURVE('',#3427,#3419,#3429,.T.);
#3427 = VERTEX_POINT('',#3428);
#3428 = CARTESIAN_POINT('',(2.68,-0.355436311442,15.492316171153));
#3429 = ( BOUNDED_CURVE() B_SPLINE_CURVE(2,(#3430,#3431,#3432),
.UNSPECIFIED.,.F.,.F.) B_SPLINE_CURVE_WITH_KNOTS((3,3),(1.706283532205,
1.857720372291),.PIECEWISE_BEZIER_KNOTS.) CURVE() 
GEOMETRIC_REPRESENTATION_ITEM() RATIONAL_B_SPLINE_CURVE((1.,
0.997134729775,1.)) REPRESENTATION_ITEM('') );
#3430 = CARTESIAN_POINT('',(2.68,-0.355436311443,15.492316171153));
#3431 = CARTESIAN_POINT('',(2.862964203782,-0.329314965088,
    15.336137598639));
#3432 = CARTESIAN_POINT('',(3.042311423892,-0.274585854496,
    15.187516485149));
#3433 = ORIENTED_EDGE('',*,*,#3434,.F.);
#3434 = EDGE_CURVE('',#3435,#3427,#3437,.T.);
#3435 = VERTEX_POINT('',#3436);
#3436 = CARTESIAN_POINT('',(2.55,-0.363482944218,15.540611528507));
#3437 = ( BOUNDED_CURVE() B_SPLINE_CURVE(2,(#3438,#3439,#3440),
.UNSPECIFIED.,.F.,.F.) B_SPLINE_CURVE_WITH_KNOTS((3,3),(1.621941530593,
1.665405729192),.PIECEWISE_BEZIER_KNOTS.) CURVE() 
GEOMETRIC_REPRESENTATION_ITEM() RATIONAL_B_SPLINE_CURVE((1.,
0.999763867224,1.)) REPRESENTATION_ITEM('') );
#3438 = CARTESIAN_POINT('',(2.55,-0.363482944218,15.540611528507));
#3439 = CARTESIAN_POINT('',(2.615041652835,-0.360657449421,
    15.516264137486));
#3440 = CARTESIAN_POINT('',(2.68,-0.355436311442,15.492316171152));
#3441 = ORIENTED_EDGE('',*,*,#3442,.F.);
#3442 = EDGE_CURVE('',#3443,#3435,#3445,.T.);
#3443 = VERTEX_POINT('',#3444);
#3444 = CARTESIAN_POINT('',(2.42,-0.355436311442,15.492316171153));
#3445 = ( BOUNDED_CURVE() B_SPLINE_CURVE(2,(#3446,#3447,#3448),
.UNSPECIFIED.,.F.,.F.) B_SPLINE_CURVE_WITH_KNOTS((3,3),(1.476186924398,
1.519651122997),.PIECEWISE_BEZIER_KNOTS.) CURVE() 
GEOMETRIC_REPRESENTATION_ITEM() RATIONAL_B_SPLINE_CURVE((1.,
0.999763867224,1.)) REPRESENTATION_ITEM('') );
#3446 = CARTESIAN_POINT('',(2.42,-0.355436311442,15.492316171152));
#3447 = CARTESIAN_POINT('',(2.484958347165,-0.360657449421,
    15.516264137486));
#3448 = CARTESIAN_POINT('',(2.55,-0.363482944218,15.540611528507));
#3449 = ORIENTED_EDGE('',*,*,#3450,.F.);
#3450 = EDGE_CURVE('',#3451,#3443,#3453,.T.);
#3451 = VERTEX_POINT('',#3452);
#3452 = CARTESIAN_POINT('',(2.057688576108,-0.274585854496,
    15.187516485148));
#3453 = ( BOUNDED_CURVE() B_SPLINE_CURVE(2,(#3454,#3455,#3456),
.UNSPECIFIED.,.F.,.F.) B_SPLINE_CURVE_WITH_KNOTS((3,3),(1.283872281299,
1.435309121385),.PIECEWISE_BEZIER_KNOTS.) CURVE() 
GEOMETRIC_REPRESENTATION_ITEM() RATIONAL_B_SPLINE_CURVE((1.,
0.997134729775,1.)) REPRESENTATION_ITEM('') );
#3454 = CARTESIAN_POINT('',(2.057688576108,-0.274585854496,
    15.187516485149));
#3455 = CARTESIAN_POINT('',(2.237035796218,-0.329314965088,
    15.336137598639));
#3456 = CARTESIAN_POINT('',(2.42,-0.355436311443,15.492316171153));
#3457 = ORIENTED_EDGE('',*,*,#3458,.T.);
#3458 = EDGE_CURVE('',#3451,#3459,#3461,.T.);
#3459 = VERTEX_POINT('',#3460);
#3460 = CARTESIAN_POINT('',(1.737516485148,-0.274585854496,
    15.507688576108));
#3461 = ( BOUNDED_CURVE() B_SPLINE_CURVE(2,(#3462,#3463,#3464),
.UNSPECIFIED.,.F.,.F.) B_SPLINE_CURVE_WITH_KNOTS((3,3),(2.115567676053,
2.596821304332),.PIECEWISE_BEZIER_KNOTS.) CURVE() 
GEOMETRIC_REPRESENTATION_ITEM() RATIONAL_B_SPLINE_CURVE((1.,
0.971188788677,1.)) REPRESENTATION_ITEM('') );
#3462 = CARTESIAN_POINT('',(2.057688576108,-0.274585854496,
    15.187516485148));
#3463 = CARTESIAN_POINT('',(1.858320431662,-0.274585854496,
    15.308320431662));
#3464 = CARTESIAN_POINT('',(1.737516485148,-0.274585854496,
    15.507688576108));
#3465 = ORIENTED_EDGE('',*,*,#3466,.F.);
#3466 = EDGE_CURVE('',#3467,#3459,#3469,.T.);
#3467 = VERTEX_POINT('',#3468);
#3468 = CARTESIAN_POINT('',(2.042316171153,-0.355436311442,15.87));
#3469 = ( BOUNDED_CURVE() B_SPLINE_CURVE(2,(#3470,#3471,#3472),
.UNSPECIFIED.,.F.,.F.) B_SPLINE_CURVE_WITH_KNOTS((3,3),(1.706283532205,
1.857720372291),.PIECEWISE_BEZIER_KNOTS.) CURVE() 
GEOMETRIC_REPRESENTATION_ITEM() RATIONAL_B_SPLINE_CURVE((1.,
0.997134729775,1.)) REPRESENTATION_ITEM('') );
#3470 = CARTESIAN_POINT('',(2.042316171153,-0.355436311443,15.87));
#3471 = CARTESIAN_POINT('',(1.886137598639,-0.329314965088,
    15.687035796218));
#3472 = CARTESIAN_POINT('',(1.737516485149,-0.274585854496,
    15.507688576108));
#3473 = ORIENTED_EDGE('',*,*,#3474,.F.);
#3474 = EDGE_CURVE('',#3475,#3467,#3477,.T.);
#3475 = VERTEX_POINT('',#3476);
#3476 = CARTESIAN_POINT('',(2.090611528507,-0.363482944218,16.));
#3477 = ( BOUNDED_CURVE() B_SPLINE_CURVE(2,(#3478,#3479,#3480),
.UNSPECIFIED.,.F.,.F.) B_SPLINE_CURVE_WITH_KNOTS((3,3),(1.621941530593,
1.665405729192),.PIECEWISE_BEZIER_KNOTS.) CURVE() 
GEOMETRIC_REPRESENTATION_ITEM() RATIONAL_B_SPLINE_CURVE((1.,
0.999763867224,1.)) REPRESENTATION_ITEM('') );
#3478 = CARTESIAN_POINT('',(2.090611528507,-0.363482944218,16.));
#3479 = CARTESIAN_POINT('',(2.066264137486,-0.360657449421,
    15.934958347165));
#3480 = CARTESIAN_POINT('',(2.042316171152,-0.355436311442,15.87));
#3481 = ORIENTED_EDGE('',*,*,#3482,.F.);
#3482 = EDGE_CURVE('',#3483,#3475,#3485,.T.);
#3483 = VERTEX_POINT('',#3484);
#3484 = CARTESIAN_POINT('',(2.042316171153,-0.355436311442,16.13));
#3485 = ( BOUNDED_CURVE() B_SPLINE_CURVE(2,(#3486,#3487,#3488),
.UNSPECIFIED.,.F.,.F.) B_SPLINE_CURVE_WITH_KNOTS((3,3),(1.476186924398,
1.519651122997),.PIECEWISE_BEZIER_KNOTS.) CURVE() 
GEOMETRIC_REPRESENTATION_ITEM() RATIONAL_B_SPLINE_CURVE((1.,
0.999763867224,1.)) REPRESENTATION_ITEM('') );
#3486 = CARTESIAN_POINT('',(2.042316171152,-0.355436311442,16.13));
#3487 = CARTESIAN_POINT('',(2.066264137486,-0.360657449421,
    16.065041652835));
#3488 = CARTESIAN_POINT('',(2.090611528507,-0.363482944218,16.));
#3489 = ORIENTED_EDGE('',*,*,#3490,.F.);
#3490 = EDGE_CURVE('',#3491,#3483,#3493,.T.);
#3491 = VERTEX_POINT('',#3492);
#3492 = CARTESIAN_POINT('',(1.737516485148,-0.274585854496,
    16.492311423892));
#3493 = ( BOUNDED_CURVE() B_SPLINE_CURVE(2,(#3494,#3495,#3496),
.UNSPECIFIED.,.F.,.F.) B_SPLINE_CURVE_WITH_KNOTS((3,3),(1.283872281299,
1.435309121385),.PIECEWISE_BEZIER_KNOTS.) CURVE() 
GEOMETRIC_REPRESENTATION_ITEM() RATIONAL_B_SPLINE_CURVE((1.,
0.997134729775,1.)) REPRESENTATION_ITEM('') );
#3494 = CARTESIAN_POINT('',(1.737516485149,-0.274585854496,
    16.492311423892));
#3495 = CARTESIAN_POINT('',(1.886137598639,-0.329314965088,
    16.312964203782));
#3496 = CARTESIAN_POINT('',(2.042316171153,-0.355436311443,16.13));
#3497 = ORIENTED_EDGE('',*,*,#3498,.T.);
#3498 = EDGE_CURVE('',#3491,#3499,#3501,.T.);
#3499 = VERTEX_POINT('',#3500);
#3500 = CARTESIAN_POINT('',(2.057688576108,-0.274585854496,
    16.812483514852));
#3501 = ( BOUNDED_CURVE() B_SPLINE_CURVE(2,(#3502,#3503,#3504),
.UNSPECIFIED.,.F.,.F.) B_SPLINE_CURVE_WITH_KNOTS((3,3),(3.686364002848,
4.167617631127),.PIECEWISE_BEZIER_KNOTS.) CURVE() 
GEOMETRIC_REPRESENTATION_ITEM() RATIONAL_B_SPLINE_CURVE((1.,
0.971188788677,1.)) REPRESENTATION_ITEM('') );
#3502 = CARTESIAN_POINT('',(1.737516485148,-0.274585854496,
    16.492311423892));
#3503 = CARTESIAN_POINT('',(1.858320431662,-0.274585854496,
    16.691679568338));
#3504 = CARTESIAN_POINT('',(2.057688576108,-0.274585854496,
    16.812483514852));
#3505 = ORIENTED_EDGE('',*,*,#3506,.F.);
#3506 = EDGE_CURVE('',#3507,#3499,#3509,.T.);
#3507 = VERTEX_POINT('',#3508);
#3508 = CARTESIAN_POINT('',(2.42,-0.355436311442,16.507683828847));
#3509 = ( BOUNDED_CURVE() B_SPLINE_CURVE(2,(#3510,#3511,#3512),
.UNSPECIFIED.,.F.,.F.) B_SPLINE_CURVE_WITH_KNOTS((3,3),(1.706283532205,
1.857720372291),.PIECEWISE_BEZIER_KNOTS.) CURVE() 
GEOMETRIC_REPRESENTATION_ITEM() RATIONAL_B_SPLINE_CURVE((1.,
0.997134729775,1.)) REPRESENTATION_ITEM('') );
#3510 = CARTESIAN_POINT('',(2.42,-0.355436311443,16.507683828847));
#3511 = CARTESIAN_POINT('',(2.237035796218,-0.329314965088,
    16.663862401361));
#3512 = CARTESIAN_POINT('',(2.057688576108,-0.274585854496,
    16.812483514851));
#3513 = ORIENTED_EDGE('',*,*,#3514,.F.);
#3514 = EDGE_CURVE('',#3515,#3507,#3517,.T.);
#3515 = VERTEX_POINT('',#3516);
#3516 = CARTESIAN_POINT('',(2.55,-0.363482944218,16.459388471493));
#3517 = ( BOUNDED_CURVE() B_SPLINE_CURVE(2,(#3518,#3519,#3520),
.UNSPECIFIED.,.F.,.F.) B_SPLINE_CURVE_WITH_KNOTS((3,3),(1.621941530593,
1.665405729192),.PIECEWISE_BEZIER_KNOTS.) CURVE() 
GEOMETRIC_REPRESENTATION_ITEM() RATIONAL_B_SPLINE_CURVE((1.,
0.999763867224,1.)) REPRESENTATION_ITEM('') );
#3518 = CARTESIAN_POINT('',(2.55,-0.363482944218,16.459388471493));
#3519 = CARTESIAN_POINT('',(2.484958347165,-0.360657449421,
    16.483735862514));
#3520 = CARTESIAN_POINT('',(2.42,-0.355436311442,16.507683828848));
#3521 = ORIENTED_EDGE('',*,*,#3522,.F.);
#3522 = EDGE_CURVE('',#3523,#3515,#3525,.T.);
#3523 = VERTEX_POINT('',#3524);
#3524 = CARTESIAN_POINT('',(2.68,-0.355436311442,16.507683828847));
#3525 = ( BOUNDED_CURVE() B_SPLINE_CURVE(2,(#3526,#3527,#3528),
.UNSPECIFIED.,.F.,.F.) B_SPLINE_CURVE_WITH_KNOTS((3,3),(1.476186924398,
1.519651122997),.PIECEWISE_BEZIER_KNOTS.) CURVE() 
GEOMETRIC_REPRESENTATION_ITEM() RATIONAL_B_SPLINE_CURVE((1.,
0.999763867224,1.)) REPRESENTATION_ITEM('') );
#3526 = CARTESIAN_POINT('',(2.68,-0.355436311442,16.507683828848));
#3527 = CARTESIAN_POINT('',(2.615041652835,-0.360657449421,
    16.483735862514));
#3528 = CARTESIAN_POINT('',(2.55,-0.363482944218,16.459388471493));
#3529 = ORIENTED_EDGE('',*,*,#3530,.F.);
#3530 = EDGE_CURVE('',#3531,#3523,#3533,.T.);
#3531 = VERTEX_POINT('',#3532);
#3532 = CARTESIAN_POINT('',(3.042311423892,-0.274585854496,
    16.812483514852));
#3533 = ( BOUNDED_CURVE() B_SPLINE_CURVE(2,(#3534,#3535,#3536),
.UNSPECIFIED.,.F.,.F.) B_SPLINE_CURVE_WITH_KNOTS((3,3),(1.283872281299,
1.435309121385),.PIECEWISE_BEZIER_KNOTS.) CURVE() 
GEOMETRIC_REPRESENTATION_ITEM() RATIONAL_B_SPLINE_CURVE((1.,
0.997134729775,1.)) REPRESENTATION_ITEM('') );
#3534 = CARTESIAN_POINT('',(3.042311423892,-0.274585854496,
    16.812483514851));
#3535 = CARTESIAN_POINT('',(2.862964203782,-0.329314965088,
    16.663862401361));
#3536 = CARTESIAN_POINT('',(2.68,-0.355436311443,16.507683828847));
#3537 = ORIENTED_EDGE('',*,*,#3538,.T.);
#3538 = EDGE_CURVE('',#3531,#3539,#3541,.T.);
#3539 = VERTEX_POINT('',#3540);
#3540 = CARTESIAN_POINT('',(3.362483514852,-0.274585854496,
    16.492311423892));
#3541 = ( BOUNDED_CURVE() B_SPLINE_CURVE(2,(#3542,#3543,#3544),
.UNSPECIFIED.,.F.,.F.) B_SPLINE_CURVE_WITH_KNOTS((3,3),(5.257160329643,
5.738413957921),.PIECEWISE_BEZIER_KNOTS.) CURVE() 
GEOMETRIC_REPRESENTATION_ITEM() RATIONAL_B_SPLINE_CURVE((1.,
0.971188788677,1.)) REPRESENTATION_ITEM('') );
#3542 = CARTESIAN_POINT('',(3.042311423892,-0.274585854496,
    16.812483514852));
#3543 = CARTESIAN_POINT('',(3.241679568338,-0.274585854496,
    16.691679568338));
#3544 = CARTESIAN_POINT('',(3.362483514852,-0.274585854496,
    16.492311423892));
#3545 = ORIENTED_EDGE('',*,*,#3546,.F.);
#3546 = EDGE_CURVE('',#3547,#3539,#3549,.T.);
#3547 = VERTEX_POINT('',#3548);
#3548 = CARTESIAN_POINT('',(3.057683828847,-0.355436311442,16.13));
#3549 = ( BOUNDED_CURVE() B_SPLINE_CURVE(2,(#3550,#3551,#3552),
.UNSPECIFIED.,.F.,.F.) B_SPLINE_CURVE_WITH_KNOTS((3,3),(1.706283532205,
1.857720372291),.PIECEWISE_BEZIER_KNOTS.) CURVE() 
GEOMETRIC_REPRESENTATION_ITEM() RATIONAL_B_SPLINE_CURVE((1.,
0.997134729775,1.)) REPRESENTATION_ITEM('') );
#3550 = CARTESIAN_POINT('',(3.057683828847,-0.355436311443,16.13));
#3551 = CARTESIAN_POINT('',(3.213862401361,-0.329314965088,
    16.312964203782));
#3552 = CARTESIAN_POINT('',(3.362483514851,-0.274585854496,
    16.492311423892));
#3553 = ORIENTED_EDGE('',*,*,#3554,.F.);
#3554 = EDGE_CURVE('',#3555,#3547,#3557,.T.);
#3555 = VERTEX_POINT('',#3556);
#3556 = CARTESIAN_POINT('',(3.009388471493,-0.363482944218,16.));
#3557 = ( BOUNDED_CURVE() B_SPLINE_CURVE(2,(#3558,#3559,#3560),
.UNSPECIFIED.,.F.,.F.) B_SPLINE_CURVE_WITH_KNOTS((3,3),(1.621941530593,
1.665405729192),.PIECEWISE_BEZIER_KNOTS.) CURVE() 
GEOMETRIC_REPRESENTATION_ITEM() RATIONAL_B_SPLINE_CURVE((1.,
0.999763867224,1.)) REPRESENTATION_ITEM('') );
#3558 = CARTESIAN_POINT('',(3.009388471493,-0.363482944218,16.));
#3559 = CARTESIAN_POINT('',(3.033735862514,-0.360657449421,
    16.065041652835));
#3560 = CARTESIAN_POINT('',(3.057683828848,-0.355436311442,16.13));
#3561 = ORIENTED_EDGE('',*,*,#3562,.T.);
#3562 = EDGE_CURVE('',#3555,#3293,#3563,.T.);
#3563 = ( BOUNDED_CURVE() B_SPLINE_CURVE(2,(#3564,#3565,#3566),
.UNSPECIFIED.,.F.,.F.) B_SPLINE_CURVE_WITH_KNOTS((3,3),(0.144056631995,
0.675131532937),.PIECEWISE_BEZIER_KNOTS.) CURVE() 
GEOMETRIC_REPRESENTATION_ITEM() RATIONAL_B_SPLINE_CURVE((1.,
0.964951598244,1.)) REPRESENTATION_ITEM('') );
#3564 = CARTESIAN_POINT('',(3.009388471493,-0.363482944218,16.));
#3565 = CARTESIAN_POINT('',(3.870644958218,-0.263534833963,16.));
#3566 = CARTESIAN_POINT('',(4.55,0.171600640513,16.));
#3567 = ORIENTED_EDGE('',*,*,#3312,.T.);
#3568 = ORIENTED_EDGE('',*,*,#3562,.F.);
#3569 = ORIENTED_EDGE('',*,*,#3570,.F.);
#3570 = EDGE_CURVE('',#3411,#3555,#3571,.T.);
#3571 = ( BOUNDED_CURVE() B_SPLINE_CURVE(2,(#3572,#3573,#3574),
.UNSPECIFIED.,.F.,.F.) B_SPLINE_CURVE_WITH_KNOTS((3,3),(1.476186924398,
1.519651122997),.PIECEWISE_BEZIER_KNOTS.) CURVE() 
GEOMETRIC_REPRESENTATION_ITEM() RATIONAL_B_SPLINE_CURVE((1.,
0.999763867224,1.)) REPRESENTATION_ITEM('') );
#3572 = CARTESIAN_POINT('',(3.057683828848,-0.355436311442,15.87));
#3573 = CARTESIAN_POINT('',(3.033735862514,-0.360657449421,
    15.934958347165));
#3574 = CARTESIAN_POINT('',(3.009388471493,-0.363482944218,16.));
#3575 = ( BOUNDED_SURFACE() B_SPLINE_SURFACE(2,2,(
    (#3576,#3577,#3578)
    ,(#3579,#3580,#3581)
    ,(#3582,#3583,#3584)
    ,(#3585,#3586,#3587)
    ,(#3588,#3589,#3590)
    ,(#3591,#3592,#3593)
    ,(#3594,#3595,#3596
)),.UNSPECIFIED.,.T.,.F.,.F.) B_SPLINE_SURFACE_WITH_KNOTS((1,2,2,2,2,1),
  (3,3),(-2.094395102394,0.,2.094395102393,4.188790204786,6.28318530718,
    8.377580409573),(-1.4267396948,-0.895664793858),.UNSPECIFIED.) 
GEOMETRIC_REPRESENTATION_ITEM() RATIONAL_B_SPLINE_SURFACE((
    (1.,0.964951598244,1.)
    ,(0.5,0.482475799122,0.5)
    ,(1.,0.964951598244,1.)
    ,(0.5,0.482475799122,0.5)
    ,(1.,0.964951598244,1.)
    ,(0.5,0.482475799122,0.5)
,(1.,0.964951598244,1.))) REPRESENTATION_ITEM('') SURFACE() );
#3576 = CARTESIAN_POINT('',(3.009388471493,-0.363482944218,16.));
#3577 = CARTESIAN_POINT('',(3.870644958218,-0.263534833963,16.));
#3578 = CARTESIAN_POINT('',(4.55,0.171600640513,16.));
#3579 = CARTESIAN_POINT('',(3.009388471493,-0.363482944218,
    15.204315826963));
#3580 = CARTESIAN_POINT('',(3.870644958218,-0.263534833963,
    13.712575833607));
#3581 = CARTESIAN_POINT('',(4.55,0.171600640513,12.535898384862));
#3582 = CARTESIAN_POINT('',(2.320305764253,-0.363482944218,
    15.602157913481));
#3583 = CARTESIAN_POINT('',(1.889677520891,-0.263534833963,
    14.856287916804));
#3584 = CARTESIAN_POINT('',(1.55,0.171600640513,14.267949192431));
#3585 = CARTESIAN_POINT('',(1.631223057014,-0.363482944218,16.));
#3586 = CARTESIAN_POINT('',(-9.1289916435E-02,-0.263534833963,16.));
#3587 = CARTESIAN_POINT('',(-1.45,0.171600640513,16.));
#3588 = CARTESIAN_POINT('',(2.320305764253,-0.363482944218,
    16.397842086519));
#3589 = CARTESIAN_POINT('',(1.889677520891,-0.263534833963,
    17.143712083196));
#3590 = CARTESIAN_POINT('',(1.55,0.171600640513,17.732050807569));
#3591 = CARTESIAN_POINT('',(3.009388471493,-0.363482944218,
    16.795684173037));
#3592 = CARTESIAN_POINT('',(3.870644958218,-0.263534833963,
    18.287424166393));
#3593 = CARTESIAN_POINT('',(4.55,0.171600640513,19.464101615138));
#3594 = CARTESIAN_POINT('',(3.009388471493,-0.363482944218,16.));
#3595 = CARTESIAN_POINT('',(3.870644958218,-0.263534833963,16.));
#3596 = CARTESIAN_POINT('',(4.55,0.171600640513,16.));
#3597 = ADVANCED_FACE('',(#3598),#3622,.T.);
#3598 = FACE_BOUND('',#3599,.T.);
#3599 = EDGE_LOOP('',(#3600,#3607,#3608,#3616));
#3600 = ORIENTED_EDGE('',*,*,#3601,.F.);
#3601 = EDGE_CURVE('',#3427,#3602,#3604,.T.);
#3602 = VERTEX_POINT('',#3603);
#3603 = CARTESIAN_POINT('',(2.68,0.609525637522,15.640419207642));
#3604 = B_SPLINE_CURVE_WITH_KNOTS('',1,(#3605,#3606),.UNSPECIFIED.,.F.,
  .F.,(2,2),(0.855312296978,2.070573102947),.PIECEWISE_BEZIER_KNOTS.);
#3605 = CARTESIAN_POINT('',(2.68,-0.355436311442,15.492316171153));
#3606 = CARTESIAN_POINT('',(2.68,0.609525637522,15.640419207642));
#3607 = ORIENTED_EDGE('',*,*,#3426,.T.);
#3608 = ORIENTED_EDGE('',*,*,#3609,.F.);
#3609 = EDGE_CURVE('',#3610,#3419,#3612,.T.);
#3610 = VERTEX_POINT('',#3611);
#3611 = CARTESIAN_POINT('',(2.698134990696,0.599894858306,
    15.623063633312));
#3612 = ( BOUNDED_CURVE() B_SPLINE_CURVE(2,(#3613,#3614,#3615),
.UNSPECIFIED.,.F.,.F.) B_SPLINE_CURVE_WITH_KNOTS((3,3),(1.875520440674,
2.778807456082),.PIECEWISE_BEZIER_KNOTS.) CURVE() 
GEOMETRIC_REPRESENTATION_ITEM() RATIONAL_B_SPLINE_CURVE((1.,
1.103736451716,1.)) REPRESENTATION_ITEM('') );
#3613 = CARTESIAN_POINT('',(2.698134990696,0.599894858306,
    15.623063633312));
#3614 = CARTESIAN_POINT('',(2.799296925295,0.351273615801,15.49633639553
    ));
#3615 = CARTESIAN_POINT('',(3.042311423894,-0.274585854495,
    15.187516485147));
#3616 = ORIENTED_EDGE('',*,*,#3617,.F.);
#3617 = EDGE_CURVE('',#3602,#3610,#3618,.T.);
#3618 = ( BOUNDED_CURVE() B_SPLINE_CURVE(2,(#3619,#3620,#3621),
.UNSPECIFIED.,.F.,.F.) B_SPLINE_CURVE_WITH_KNOTS((3,3),(1.449046773323,
1.514199147331),.PIECEWISE_BEZIER_KNOTS.) CURVE() 
GEOMETRIC_REPRESENTATION_ITEM() RATIONAL_B_SPLINE_CURVE((1.,
1.000530650905,1.)) REPRESENTATION_ITEM('') );
#3619 = CARTESIAN_POINT('',(2.680000000001,0.609525637522,
    15.640419207642));
#3620 = CARTESIAN_POINT('',(2.688803691251,0.604884140686,
    15.631999073804));
#3621 = CARTESIAN_POINT('',(2.698134990696,0.599894858305,
    15.623063633312));
#3622 = B_SPLINE_SURFACE_WITH_KNOTS('',1,1,(
    (#3623,#3624)
    ,(#3625,#3626
    )),.UNSPECIFIED.,.F.,.F.,.F.,(2,2),(2,2),(-1.072828874901,
    -0.501893482104),(-0.281478152259,0.929860395094),
  .PIECEWISE_BEZIER_KNOTS.);
#3623 = CARTESIAN_POINT('',(2.60659809721,-0.355436311443,
    15.556580553903));
#3624 = CARTESIAN_POINT('',(2.68,0.609525637522,15.640419207642));
#3625 = CARTESIAN_POINT('',(3.03616136027,-0.355436311443,
    15.180491966229));
#3626 = CARTESIAN_POINT('',(3.10956326306,0.609525637522,15.264330619969
    ));
#3627 = ADVANCED_FACE('',(#3628),#3645,.T.);
#3628 = FACE_BOUND('',#3629,.T.);
#3629 = EDGE_LOOP('',(#3630,#3638,#3643,#3644));
#3630 = ORIENTED_EDGE('',*,*,#3631,.F.);
#3631 = EDGE_CURVE('',#3632,#3602,#3634,.T.);
#3632 = VERTEX_POINT('',#3633);
#3633 = CARTESIAN_POINT('',(2.55,0.642431612838,15.695));
#3634 = ( BOUNDED_CURVE() B_SPLINE_CURVE(2,(#3635,#3636,#3637),
.UNSPECIFIED.,.F.,.F.) B_SPLINE_CURVE_WITH_KNOTS((3,3),(0.396392373974,
0.834520538159),.PIECEWISE_BEZIER_KNOTS.) CURVE() 
GEOMETRIC_REPRESENTATION_ITEM() RATIONAL_B_SPLINE_CURVE((1.,
1.024090645952,1.)) REPRESENTATION_ITEM('') );
#3635 = CARTESIAN_POINT('',(2.55,0.642431612838,15.695));
#3636 = CARTESIAN_POINT('',(2.607551356591,0.632453023095,15.67154125273
    ));
#3637 = CARTESIAN_POINT('',(2.68,0.609525637522,15.640419207643));
#3638 = ORIENTED_EDGE('',*,*,#3639,.F.);
#3639 = EDGE_CURVE('',#3435,#3632,#3640,.T.);
#3640 = B_SPLINE_CURVE_WITH_KNOTS('',1,(#3641,#3642),.UNSPECIFIED.,.F.,
  .F.,(2,2),(0.845178469998,2.112014469757),.PIECEWISE_BEZIER_KNOTS.);
#3641 = CARTESIAN_POINT('',(2.55,-0.363482944218,15.540611528508));
#3642 = CARTESIAN_POINT('',(2.55,0.642431612838,15.695));
#3643 = ORIENTED_EDGE('',*,*,#3434,.T.);
#3644 = ORIENTED_EDGE('',*,*,#3601,.T.);
#3645 = B_SPLINE_SURFACE_WITH_KNOTS('',1,1,(
    (#3646,#3647)
    ,(#3648,#3649
    )),.UNSPECIFIED.,.F.,.F.,.F.,(2,2),(2,2),(-0.1118333452,
    8.181085418322E-02),(-0.29224789802,0.97339501281),
  .PIECEWISE_BEZIER_KNOTS.);
#3646 = CARTESIAN_POINT('',(2.498634011324,-0.363482944218,
    15.560182112514));
#3647 = CARTESIAN_POINT('',(2.55,0.642431612838,15.695));
#3648 = CARTESIAN_POINT('',(2.679589107002,-0.363482944218,
    15.491237719683));
#3649 = CARTESIAN_POINT('',(2.730955095678,0.642431612838,15.62605560717
    ));
#3650 = ADVANCED_FACE('',(#3651),#3805,.F.);
#3651 = FACE_BOUND('',#3652,.F.);
#3652 = EDGE_LOOP('',(#3653,#3663,#3669,#3670,#3671,#3679,#3687,#3695,
    #3703,#3711,#3719,#3727,#3735,#3743,#3751,#3759,#3767,#3775,#3783,
    #3791,#3798,#3799));
#3653 = ORIENTED_EDGE('',*,*,#3654,.F.);
#3654 = EDGE_CURVE('',#3655,#3657,#3659,.T.);
#3655 = VERTEX_POINT('',#3656);
#3656 = CARTESIAN_POINT('',(2.926936366688,0.599894858306,
    15.851865009304));
#3657 = VERTEX_POINT('',#3658);
#3658 = CARTESIAN_POINT('',(2.909580792358,0.609525637522,15.87));
#3659 = ( BOUNDED_CURVE() B_SPLINE_CURVE(2,(#3660,#3661,#3662),
.UNSPECIFIED.,.F.,.F.) B_SPLINE_CURVE_WITH_KNOTS((3,3),(-1.514199147331,
-1.449046773323),.PIECEWISE_BEZIER_KNOTS.) CURVE() 
GEOMETRIC_REPRESENTATION_ITEM() RATIONAL_B_SPLINE_CURVE((1.,
1.000530650905,1.)) REPRESENTATION_ITEM('') );
#3660 = CARTESIAN_POINT('',(2.926936366688,0.599894858305,
    15.851865009304));
#3661 = CARTESIAN_POINT('',(2.918000926196,0.604884140686,
    15.861196308749));
#3662 = CARTESIAN_POINT('',(2.909580792358,0.609525637522,
    15.869999999999));
#3663 = ORIENTED_EDGE('',*,*,#3664,.F.);
#3664 = EDGE_CURVE('',#3610,#3655,#3665,.T.);
#3665 = ( BOUNDED_CURVE() B_SPLINE_CURVE(2,(#3666,#3667,#3668),
.UNSPECIFIED.,.F.,.F.) B_SPLINE_CURVE_WITH_KNOTS((3,3),(5.086844045995,
5.908730241569),.PIECEWISE_BEZIER_KNOTS.) CURVE() 
GEOMETRIC_REPRESENTATION_ITEM() RATIONAL_B_SPLINE_CURVE((1.,
0.916744487438,1.)) REPRESENTATION_ITEM('') );
#3666 = CARTESIAN_POINT('',(2.698134990696,0.599894858306,
    15.623063633313));
#3667 = CARTESIAN_POINT('',(2.862386112275,0.599894858306,
    15.687613887725));
#3668 = CARTESIAN_POINT('',(2.926936366687,0.599894858306,
    15.851865009304));
#3669 = ORIENTED_EDGE('',*,*,#3617,.F.);
#3670 = ORIENTED_EDGE('',*,*,#3631,.F.);
#3671 = ORIENTED_EDGE('',*,*,#3672,.F.);
#3672 = EDGE_CURVE('',#3673,#3632,#3675,.T.);
#3673 = VERTEX_POINT('',#3674);
#3674 = CARTESIAN_POINT('',(2.42,0.609525637522,15.640419207642));
#3675 = ( BOUNDED_CURVE() B_SPLINE_CURVE(2,(#3676,#3677,#3678),
.UNSPECIFIED.,.F.,.F.) B_SPLINE_CURVE_WITH_KNOTS((3,3),(-0.834520538159,
-0.396392373974),.PIECEWISE_BEZIER_KNOTS.) CURVE() 
GEOMETRIC_REPRESENTATION_ITEM() RATIONAL_B_SPLINE_CURVE((1.,
1.024090645952,1.)) REPRESENTATION_ITEM('') );
#3676 = CARTESIAN_POINT('',(2.42,0.609525637522,15.640419207643));
#3677 = CARTESIAN_POINT('',(2.492448643409,0.632453023095,15.67154125273
    ));
#3678 = CARTESIAN_POINT('',(2.55,0.642431612838,15.695));
#3679 = ORIENTED_EDGE('',*,*,#3680,.F.);
#3680 = EDGE_CURVE('',#3681,#3673,#3683,.T.);
#3681 = VERTEX_POINT('',#3682);
#3682 = CARTESIAN_POINT('',(2.401865009304,0.599894858306,
    15.623063633312));
#3683 = ( BOUNDED_CURVE() B_SPLINE_CURVE(2,(#3684,#3685,#3686),
.UNSPECIFIED.,.F.,.F.) B_SPLINE_CURVE_WITH_KNOTS((3,3),(-1.514199147331,
-1.449046773323),.PIECEWISE_BEZIER_KNOTS.) CURVE() 
GEOMETRIC_REPRESENTATION_ITEM() RATIONAL_B_SPLINE_CURVE((1.,
1.000530650905,1.)) REPRESENTATION_ITEM('') );
#3684 = CARTESIAN_POINT('',(2.401865009304,0.599894858305,
    15.623063633312));
#3685 = CARTESIAN_POINT('',(2.411196308749,0.604884140686,
    15.631999073804));
#3686 = CARTESIAN_POINT('',(2.419999999999,0.609525637522,
    15.640419207642));
#3687 = ORIENTED_EDGE('',*,*,#3688,.F.);
#3688 = EDGE_CURVE('',#3689,#3681,#3691,.T.);
#3689 = VERTEX_POINT('',#3690);
#3690 = CARTESIAN_POINT('',(2.173063633312,0.599894858306,
    15.851865009304));
#3691 = ( BOUNDED_CURVE() B_SPLINE_CURVE(2,(#3692,#3693,#3694),
.UNSPECIFIED.,.F.,.F.) B_SPLINE_CURVE_WITH_KNOTS((3,3),(3.5160477192,
4.337933914774),.PIECEWISE_BEZIER_KNOTS.) CURVE() 
GEOMETRIC_REPRESENTATION_ITEM() RATIONAL_B_SPLINE_CURVE((1.,
0.916744487438,1.)) REPRESENTATION_ITEM('') );
#3692 = CARTESIAN_POINT('',(2.173063633313,0.599894858306,
    15.851865009304));
#3693 = CARTESIAN_POINT('',(2.237613887725,0.599894858306,
    15.687613887725));
#3694 = CARTESIAN_POINT('',(2.401865009304,0.599894858306,
    15.623063633313));
#3695 = ORIENTED_EDGE('',*,*,#3696,.F.);
#3696 = EDGE_CURVE('',#3697,#3689,#3699,.T.);
#3697 = VERTEX_POINT('',#3698);
#3698 = CARTESIAN_POINT('',(2.190419207642,0.609525637522,15.87));
#3699 = ( BOUNDED_CURVE() B_SPLINE_CURVE(2,(#3700,#3701,#3702),
.UNSPECIFIED.,.F.,.F.) B_SPLINE_CURVE_WITH_KNOTS((3,3),(1.449046773323,
1.514199147331),.PIECEWISE_BEZIER_KNOTS.) CURVE() 
GEOMETRIC_REPRESENTATION_ITEM() RATIONAL_B_SPLINE_CURVE((1.,
1.000530650905,1.)) REPRESENTATION_ITEM('') );
#3700 = CARTESIAN_POINT('',(2.190419207642,0.609525637522,
    15.869999999999));
#3701 = CARTESIAN_POINT('',(2.181999073804,0.604884140686,
    15.861196308749));
#3702 = CARTESIAN_POINT('',(2.173063633312,0.599894858305,
    15.851865009304));
#3703 = ORIENTED_EDGE('',*,*,#3704,.F.);
#3704 = EDGE_CURVE('',#3705,#3697,#3707,.T.);
#3705 = VERTEX_POINT('',#3706);
#3706 = CARTESIAN_POINT('',(2.245,0.642431612838,16.));
#3707 = ( BOUNDED_CURVE() B_SPLINE_CURVE(2,(#3708,#3709,#3710),
.UNSPECIFIED.,.F.,.F.) B_SPLINE_CURVE_WITH_KNOTS((3,3),(0.396392373974,
0.834520538159),.PIECEWISE_BEZIER_KNOTS.) CURVE() 
GEOMETRIC_REPRESENTATION_ITEM() RATIONAL_B_SPLINE_CURVE((1.,
1.024090645952,1.)) REPRESENTATION_ITEM('') );
#3708 = CARTESIAN_POINT('',(2.245,0.642431612838,16.));
#3709 = CARTESIAN_POINT('',(2.22154125273,0.632453023095,15.942448643409
    ));
#3710 = CARTESIAN_POINT('',(2.190419207643,0.609525637522,15.87));
#3711 = ORIENTED_EDGE('',*,*,#3712,.F.);
#3712 = EDGE_CURVE('',#3713,#3705,#3715,.T.);
#3713 = VERTEX_POINT('',#3714);
#3714 = CARTESIAN_POINT('',(2.190419207642,0.609525637522,16.13));
#3715 = ( BOUNDED_CURVE() B_SPLINE_CURVE(2,(#3716,#3717,#3718),
.UNSPECIFIED.,.F.,.F.) B_SPLINE_CURVE_WITH_KNOTS((3,3),(-0.834520538159,
-0.396392373974),.PIECEWISE_BEZIER_KNOTS.) CURVE() 
GEOMETRIC_REPRESENTATION_ITEM() RATIONAL_B_SPLINE_CURVE((1.,
1.024090645952,1.)) REPRESENTATION_ITEM('') );
#3716 = CARTESIAN_POINT('',(2.190419207643,0.609525637522,16.13));
#3717 = CARTESIAN_POINT('',(2.22154125273,0.632453023095,16.057551356591
    ));
#3718 = CARTESIAN_POINT('',(2.245,0.642431612838,16.));
#3719 = ORIENTED_EDGE('',*,*,#3720,.F.);
#3720 = EDGE_CURVE('',#3721,#3713,#3723,.T.);
#3721 = VERTEX_POINT('',#3722);
#3722 = CARTESIAN_POINT('',(2.173063633312,0.599894858306,
    16.148134990696));
#3723 = ( BOUNDED_CURVE() B_SPLINE_CURVE(2,(#3724,#3725,#3726),
.UNSPECIFIED.,.F.,.F.) B_SPLINE_CURVE_WITH_KNOTS((3,3),(-1.514199147331,
-1.449046773323),.PIECEWISE_BEZIER_KNOTS.) CURVE() 
GEOMETRIC_REPRESENTATION_ITEM() RATIONAL_B_SPLINE_CURVE((1.,
1.000530650905,1.)) REPRESENTATION_ITEM('') );
#3724 = CARTESIAN_POINT('',(2.173063633312,0.599894858305,
    16.148134990696));
#3725 = CARTESIAN_POINT('',(2.181999073804,0.604884140686,
    16.138803691251));
#3726 = CARTESIAN_POINT('',(2.190419207642,0.609525637522,
    16.130000000001));
#3727 = ORIENTED_EDGE('',*,*,#3728,.F.);
#3728 = EDGE_CURVE('',#3729,#3721,#3731,.T.);
#3729 = VERTEX_POINT('',#3730);
#3730 = CARTESIAN_POINT('',(2.401865009304,0.599894858306,
    16.376936366688));
#3731 = ( BOUNDED_CURVE() B_SPLINE_CURVE(2,(#3732,#3733,#3734),
.UNSPECIFIED.,.F.,.F.) B_SPLINE_CURVE_WITH_KNOTS((3,3),(1.945251392406,
2.767137587979),.PIECEWISE_BEZIER_KNOTS.) CURVE() 
GEOMETRIC_REPRESENTATION_ITEM() RATIONAL_B_SPLINE_CURVE((1.,
0.916744487438,1.)) REPRESENTATION_ITEM('') );
#3732 = CARTESIAN_POINT('',(2.401865009304,0.599894858306,
    16.376936366687));
#3733 = CARTESIAN_POINT('',(2.237613887725,0.599894858306,
    16.312386112275));
#3734 = CARTESIAN_POINT('',(2.173063633313,0.599894858306,
    16.148134990696));
#3735 = ORIENTED_EDGE('',*,*,#3736,.F.);
#3736 = EDGE_CURVE('',#3737,#3729,#3739,.T.);
#3737 = VERTEX_POINT('',#3738);
#3738 = CARTESIAN_POINT('',(2.42,0.609525637522,16.359580792358));
#3739 = ( BOUNDED_CURVE() B_SPLINE_CURVE(2,(#3740,#3741,#3742),
.UNSPECIFIED.,.F.,.F.) B_SPLINE_CURVE_WITH_KNOTS((3,3),(1.449046773323,
1.514199147331),.PIECEWISE_BEZIER_KNOTS.) CURVE() 
GEOMETRIC_REPRESENTATION_ITEM() RATIONAL_B_SPLINE_CURVE((1.,
1.000530650905,1.)) REPRESENTATION_ITEM('') );
#3740 = CARTESIAN_POINT('',(2.419999999999,0.609525637522,
    16.359580792358));
#3741 = CARTESIAN_POINT('',(2.411196308749,0.604884140686,
    16.368000926196));
#3742 = CARTESIAN_POINT('',(2.401865009304,0.599894858305,
    16.376936366688));
#3743 = ORIENTED_EDGE('',*,*,#3744,.F.);
#3744 = EDGE_CURVE('',#3745,#3737,#3747,.T.);
#3745 = VERTEX_POINT('',#3746);
#3746 = CARTESIAN_POINT('',(2.55,0.642431612838,16.305));
#3747 = ( BOUNDED_CURVE() B_SPLINE_CURVE(2,(#3748,#3749,#3750),
.UNSPECIFIED.,.F.,.F.) B_SPLINE_CURVE_WITH_KNOTS((3,3),(0.396392373974,
0.834520538159),.PIECEWISE_BEZIER_KNOTS.) CURVE() 
GEOMETRIC_REPRESENTATION_ITEM() RATIONAL_B_SPLINE_CURVE((1.,
1.024090645952,1.)) REPRESENTATION_ITEM('') );
#3748 = CARTESIAN_POINT('',(2.55,0.642431612838,16.305));
#3749 = CARTESIAN_POINT('',(2.492448643409,0.632453023095,16.32845874727
    ));
#3750 = CARTESIAN_POINT('',(2.42,0.609525637522,16.359580792357));
#3751 = ORIENTED_EDGE('',*,*,#3752,.F.);
#3752 = EDGE_CURVE('',#3753,#3745,#3755,.T.);
#3753 = VERTEX_POINT('',#3754);
#3754 = CARTESIAN_POINT('',(2.68,0.609525637522,16.359580792358));
#3755 = ( BOUNDED_CURVE() B_SPLINE_CURVE(2,(#3756,#3757,#3758),
.UNSPECIFIED.,.F.,.F.) B_SPLINE_CURVE_WITH_KNOTS((3,3),(-0.834520538159,
-0.396392373974),.PIECEWISE_BEZIER_KNOTS.) CURVE() 
GEOMETRIC_REPRESENTATION_ITEM() RATIONAL_B_SPLINE_CURVE((1.,
1.024090645952,1.)) REPRESENTATION_ITEM('') );
#3756 = CARTESIAN_POINT('',(2.68,0.609525637522,16.359580792357));
#3757 = CARTESIAN_POINT('',(2.607551356591,0.632453023095,16.32845874727
    ));
#3758 = CARTESIAN_POINT('',(2.55,0.642431612838,16.305));
#3759 = ORIENTED_EDGE('',*,*,#3760,.F.);
#3760 = EDGE_CURVE('',#3761,#3753,#3763,.T.);
#3761 = VERTEX_POINT('',#3762);
#3762 = CARTESIAN_POINT('',(2.698134990696,0.599894858306,
    16.376936366688));
#3763 = ( BOUNDED_CURVE() B_SPLINE_CURVE(2,(#3764,#3765,#3766),
.UNSPECIFIED.,.F.,.F.) B_SPLINE_CURVE_WITH_KNOTS((3,3),(-1.514199147331,
-1.449046773323),.PIECEWISE_BEZIER_KNOTS.) CURVE() 
GEOMETRIC_REPRESENTATION_ITEM() RATIONAL_B_SPLINE_CURVE((1.,
1.000530650905,1.)) REPRESENTATION_ITEM('') );
#3764 = CARTESIAN_POINT('',(2.698134990696,0.599894858305,
    16.376936366688));
#3765 = CARTESIAN_POINT('',(2.688803691251,0.604884140686,
    16.368000926196));
#3766 = CARTESIAN_POINT('',(2.680000000001,0.609525637522,
    16.359580792358));
#3767 = ORIENTED_EDGE('',*,*,#3768,.F.);
#3768 = EDGE_CURVE('',#3769,#3761,#3771,.T.);
#3769 = VERTEX_POINT('',#3770);
#3770 = CARTESIAN_POINT('',(2.926936366688,0.599894858306,
    16.148134990696));
#3771 = ( BOUNDED_CURVE() B_SPLINE_CURVE(2,(#3772,#3773,#3774),
.UNSPECIFIED.,.F.,.F.) B_SPLINE_CURVE_WITH_KNOTS((3,3),(0.374455065611,
1.196341261184),.PIECEWISE_BEZIER_KNOTS.) CURVE() 
GEOMETRIC_REPRESENTATION_ITEM() RATIONAL_B_SPLINE_CURVE((1.,
0.916744487438,1.)) REPRESENTATION_ITEM('') );
#3772 = CARTESIAN_POINT('',(2.926936366687,0.599894858306,
    16.148134990696));
#3773 = CARTESIAN_POINT('',(2.862386112275,0.599894858306,
    16.312386112275));
#3774 = CARTESIAN_POINT('',(2.698134990696,0.599894858306,
    16.376936366687));
#3775 = ORIENTED_EDGE('',*,*,#3776,.F.);
#3776 = EDGE_CURVE('',#3777,#3769,#3779,.T.);
#3777 = VERTEX_POINT('',#3778);
#3778 = CARTESIAN_POINT('',(2.909580792358,0.609525637522,16.13));
#3779 = ( BOUNDED_CURVE() B_SPLINE_CURVE(2,(#3780,#3781,#3782),
.UNSPECIFIED.,.F.,.F.) B_SPLINE_CURVE_WITH_KNOTS((3,3),(1.449046773323,
1.514199147331),.PIECEWISE_BEZIER_KNOTS.) CURVE() 
GEOMETRIC_REPRESENTATION_ITEM() RATIONAL_B_SPLINE_CURVE((1.,
1.000530650905,1.)) REPRESENTATION_ITEM('') );
#3780 = CARTESIAN_POINT('',(2.909580792358,0.609525637522,
    16.130000000001));
#3781 = CARTESIAN_POINT('',(2.918000926196,0.604884140686,
    16.138803691251));
#3782 = CARTESIAN_POINT('',(2.926936366688,0.599894858305,
    16.148134990696));
#3783 = ORIENTED_EDGE('',*,*,#3784,.F.);
#3784 = EDGE_CURVE('',#3785,#3777,#3787,.T.);
#3785 = VERTEX_POINT('',#3786);
#3786 = CARTESIAN_POINT('',(2.855,0.642431612838,16.));
#3787 = ( BOUNDED_CURVE() B_SPLINE_CURVE(2,(#3788,#3789,#3790),
.UNSPECIFIED.,.F.,.F.) B_SPLINE_CURVE_WITH_KNOTS((3,3),(0.396392373974,
0.834520538159),.PIECEWISE_BEZIER_KNOTS.) CURVE() 
GEOMETRIC_REPRESENTATION_ITEM() RATIONAL_B_SPLINE_CURVE((1.,
1.024090645952,1.)) REPRESENTATION_ITEM('') );
#3788 = CARTESIAN_POINT('',(2.855,0.642431612838,16.));
#3789 = CARTESIAN_POINT('',(2.87845874727,0.632453023095,16.057551356591
    ));
#3790 = CARTESIAN_POINT('',(2.909580792357,0.609525637522,16.13));
#3791 = ORIENTED_EDGE('',*,*,#3792,.T.);
#3792 = EDGE_CURVE('',#3785,#3793,#3795,.T.);
#3793 = VERTEX_POINT('',#3794);
#3794 = CARTESIAN_POINT('',(2.55,0.772168714164,16.));
#3795 = B_SPLINE_CURVE_WITH_KNOTS('',1,(#3796,#3797),.UNSPECIFIED.,.F.,
  .F.,(2,2),(0.113257005069,0.458690870529),.PIECEWISE_BEZIER_KNOTS.);
#3796 = CARTESIAN_POINT('',(2.855,0.642431612838,16.));
#3797 = CARTESIAN_POINT('',(2.55,0.772168714164,16.));
#3798 = ORIENTED_EDGE('',*,*,#3792,.F.);
#3799 = ORIENTED_EDGE('',*,*,#3800,.F.);
#3800 = EDGE_CURVE('',#3657,#3785,#3801,.T.);
#3801 = ( BOUNDED_CURVE() B_SPLINE_CURVE(2,(#3802,#3803,#3804),
.UNSPECIFIED.,.F.,.F.) B_SPLINE_CURVE_WITH_KNOTS((3,3),(-0.834520538159,
-0.396392373974),.PIECEWISE_BEZIER_KNOTS.) CURVE() 
GEOMETRIC_REPRESENTATION_ITEM() RATIONAL_B_SPLINE_CURVE((1.,
1.024090645952,1.)) REPRESENTATION_ITEM('') );
#3802 = CARTESIAN_POINT('',(2.909580792357,0.609525637522,15.87));
#3803 = CARTESIAN_POINT('',(2.87845874727,0.632453023095,15.942448643409
    ));
#3804 = CARTESIAN_POINT('',(2.855,0.642431612838,16.));
#3805 = ( BOUNDED_SURFACE() B_SPLINE_SURFACE(2,1,(
    (#3806,#3807)
    ,(#3808,#3809)
    ,(#3810,#3811)
    ,(#3812,#3813)
    ,(#3814,#3815)
    ,(#3816,#3817)
    ,(#3818,#3819
)),.UNSPECIFIED.,.T.,.F.,.F.) B_SPLINE_SURFACE_WITH_KNOTS((1,2,2,2,2,1),
  (2,2),(-2.094395102394,0.,2.094395102393,4.188790204786,6.28318530718,
    8.377580409573),(-0.458690870529,3.2903E-13),.UNSPECIFIED.) 
GEOMETRIC_REPRESENTATION_ITEM() RATIONAL_B_SPLINE_SURFACE((
    (1.,1.)
    ,(0.5,0.5)
    ,(1.,1.)
    ,(0.5,0.5)
    ,(1.,1.)
    ,(0.5,0.5)
,(1.,1.))) REPRESENTATION_ITEM('') SURFACE() );
#3806 = CARTESIAN_POINT('',(2.55,0.772168714164,16.));
#3807 = CARTESIAN_POINT('',(2.955,0.599894858305,16.));
#3808 = CARTESIAN_POINT('',(2.55,0.772168714164,16.));
#3809 = CARTESIAN_POINT('',(2.955,0.599894858305,16.701480577066));
#3810 = CARTESIAN_POINT('',(2.55,0.772168714164,16.));
#3811 = CARTESIAN_POINT('',(2.3475,0.599894858305,16.350740288533));
#3812 = CARTESIAN_POINT('',(2.55,0.772168714164,16.));
#3813 = CARTESIAN_POINT('',(1.739999999999,0.599894858305,16.));
#3814 = CARTESIAN_POINT('',(2.55,0.772168714164,16.));
#3815 = CARTESIAN_POINT('',(2.3475,0.599894858305,15.649259711467));
#3816 = CARTESIAN_POINT('',(2.55,0.772168714164,16.));
#3817 = CARTESIAN_POINT('',(2.955,0.599894858305,15.298519422934));
#3818 = CARTESIAN_POINT('',(2.55,0.772168714164,16.));
#3819 = CARTESIAN_POINT('',(2.955,0.599894858305,16.));
#3820 = ADVANCED_FACE('',(#3821),#3832,.F.);
#3821 = FACE_BOUND('',#3822,.F.);
#3822 = EDGE_LOOP('',(#3823,#3829,#3830,#3831));
#3823 = ORIENTED_EDGE('',*,*,#3824,.F.);
#3824 = EDGE_CURVE('',#3409,#3655,#3825,.T.);
#3825 = ( BOUNDED_CURVE() B_SPLINE_CURVE(2,(#3826,#3827,#3828),
.UNSPECIFIED.,.F.,.F.) B_SPLINE_CURVE_WITH_KNOTS((3,3),(-2.778807456082,
-1.875520440674),.PIECEWISE_BEZIER_KNOTS.) CURVE() 
GEOMETRIC_REPRESENTATION_ITEM() RATIONAL_B_SPLINE_CURVE((1.,
1.103736451716,1.)) REPRESENTATION_ITEM('') );
#3826 = CARTESIAN_POINT('',(3.362483514853,-0.274585854495,
    15.507688576106));
#3827 = CARTESIAN_POINT('',(3.05366360447,0.351273615801,15.750703074705
    ));
#3828 = CARTESIAN_POINT('',(2.926936366688,0.599894858306,
    15.851865009304));
#3829 = ORIENTED_EDGE('',*,*,#3418,.T.);
#3830 = ORIENTED_EDGE('',*,*,#3609,.F.);
#3831 = ORIENTED_EDGE('',*,*,#3664,.T.);
#3832 = ( BOUNDED_SURFACE() B_SPLINE_SURFACE(2,1,(
    (#3833,#3834)
    ,(#3835,#3836)
    ,(#3837,#3838
)),.UNSPECIFIED.,.F.,.F.,.F.) B_SPLINE_SURFACE_WITH_KNOTS((3,3),(2,2),(
    5.086844045995,5.908730241569),(-1.752196538967,-0.530765182767),
.PIECEWISE_BEZIER_KNOTS.) GEOMETRIC_REPRESENTATION_ITEM() 
RATIONAL_B_SPLINE_SURFACE((
    (1.,1.)
    ,(0.916744487438,0.916744487438)
,(1.,1.))) REPRESENTATION_ITEM('') SURFACE() );
#3833 = CARTESIAN_POINT('',(2.698134990696,0.599894858306,
    15.623063633312));
#3834 = CARTESIAN_POINT('',(2.897477138669,-0.274585854496,
    15.115828275671));
#3835 = CARTESIAN_POINT('',(2.862386112275,0.599894858306,
    15.687613887725));
#3836 = CARTESIAN_POINT('',(3.282757547312,-0.274585854496,
    15.267242452688));
#3837 = CARTESIAN_POINT('',(2.926936366688,0.599894858306,
    15.851865009304));
#3838 = CARTESIAN_POINT('',(3.434171724329,-0.274585854496,
    15.652522861331));
#3839 = ADVANCED_FACE('',(#3840),#3850,.T.);
#3840 = FACE_BOUND('',#3841,.T.);
#3841 = EDGE_LOOP('',(#3842,#3847,#3848,#3849));
#3842 = ORIENTED_EDGE('',*,*,#3843,.F.);
#3843 = EDGE_CURVE('',#3443,#3673,#3844,.T.);
#3844 = B_SPLINE_CURVE_WITH_KNOTS('',1,(#3845,#3846),.UNSPECIFIED.,.F.,
  .F.,(2,2),(0.855312296978,2.070573102947),.PIECEWISE_BEZIER_KNOTS.);
#3845 = CARTESIAN_POINT('',(2.42,-0.355436311442,15.492316171153));
#3846 = CARTESIAN_POINT('',(2.42,0.609525637522,15.640419207642));
#3847 = ORIENTED_EDGE('',*,*,#3442,.T.);
#3848 = ORIENTED_EDGE('',*,*,#3639,.T.);
#3849 = ORIENTED_EDGE('',*,*,#3672,.F.);
#3850 = B_SPLINE_SURFACE_WITH_KNOTS('',1,1,(
    (#3851,#3852)
    ,(#3853,#3854
    )),.UNSPECIFIED.,.F.,.F.,.F.,(2,2),(2,2),(-8.181085418322E-02,
    0.1118333452),(-0.29224789802,0.97339501281),
  .PIECEWISE_BEZIER_KNOTS.);
#3851 = CARTESIAN_POINT('',(2.420410892998,-0.363482944218,
    15.491237719683));
#3852 = CARTESIAN_POINT('',(2.369044904322,0.642431612838,15.62605560717
    ));
#3853 = CARTESIAN_POINT('',(2.601365988676,-0.363482944218,
    15.560182112514));
#3854 = CARTESIAN_POINT('',(2.55,0.642431612838,15.695));
#3855 = ADVANCED_FACE('',(#3856),#3870,.T.);
#3856 = FACE_BOUND('',#3857,.T.);
#3857 = EDGE_LOOP('',(#3858,#3863,#3864,#3869));
#3858 = ORIENTED_EDGE('',*,*,#3859,.F.);
#3859 = EDGE_CURVE('',#3411,#3657,#3860,.T.);
#3860 = B_SPLINE_CURVE_WITH_KNOTS('',1,(#3861,#3862),.UNSPECIFIED.,.F.,
  .F.,(2,2),(0.855312296978,2.070573102947),.PIECEWISE_BEZIER_KNOTS.);
#3861 = CARTESIAN_POINT('',(3.057683828847,-0.355436311442,15.87));
#3862 = CARTESIAN_POINT('',(2.909580792358,0.609525637522,15.87));
#3863 = ORIENTED_EDGE('',*,*,#3570,.T.);
#3864 = ORIENTED_EDGE('',*,*,#3865,.T.);
#3865 = EDGE_CURVE('',#3555,#3785,#3866,.T.);
#3866 = B_SPLINE_CURVE_WITH_KNOTS('',1,(#3867,#3868),.UNSPECIFIED.,.F.,
  .F.,(2,2),(0.845178469998,2.112014469757),.PIECEWISE_BEZIER_KNOTS.);
#3867 = CARTESIAN_POINT('',(3.009388471492,-0.363482944218,16.));
#3868 = CARTESIAN_POINT('',(2.855,0.642431612838,16.));
#3869 = ORIENTED_EDGE('',*,*,#3800,.F.);
#3870 = B_SPLINE_SURFACE_WITH_KNOTS('',1,1,(
    (#3871,#3872)
    ,(#3873,#3874
    )),.UNSPECIFIED.,.F.,.F.,.F.,(2,2),(2,2),(-8.181085418322E-02,
    0.1118333452),(-0.29224789802,0.97339501281),
  .PIECEWISE_BEZIER_KNOTS.);
#3871 = CARTESIAN_POINT('',(3.058762280317,-0.363482944218,
    15.870410892998));
#3872 = CARTESIAN_POINT('',(2.92394439283,0.642431612838,15.819044904322
    ));
#3873 = CARTESIAN_POINT('',(2.989817887486,-0.363482944218,
    16.051365988676));
#3874 = CARTESIAN_POINT('',(2.855,0.642431612838,16.));
#3875 = ADVANCED_FACE('',(#3876),#3882,.T.);
#3876 = FACE_BOUND('',#3877,.T.);
#3877 = EDGE_LOOP('',(#3878,#3879,#3880,#3881));
#3878 = ORIENTED_EDGE('',*,*,#3408,.T.);
#3879 = ORIENTED_EDGE('',*,*,#3859,.T.);
#3880 = ORIENTED_EDGE('',*,*,#3654,.F.);
#3881 = ORIENTED_EDGE('',*,*,#3824,.F.);
#3882 = B_SPLINE_SURFACE_WITH_KNOTS('',1,1,(
    (#3883,#3884)
    ,(#3885,#3886
    )),.UNSPECIFIED.,.F.,.F.,.F.,(2,2),(2,2),(0.501893482104,
    1.072828874901),(-0.281478152259,0.929860395094),
  .PIECEWISE_BEZIER_KNOTS.);
#3883 = CARTESIAN_POINT('',(3.369508033771,-0.355436311443,
    15.51383863973));
#3884 = CARTESIAN_POINT('',(3.285669380031,0.609525637522,15.44043673694
    ));
#3885 = CARTESIAN_POINT('',(2.993419446097,-0.355436311443,
    15.94340190279));
#3886 = CARTESIAN_POINT('',(2.909580792358,0.609525637522,15.87));
#3887 = ADVANCED_FACE('',(#3888),#3899,.T.);
#3888 = FACE_BOUND('',#3889,.T.);
#3889 = EDGE_LOOP('',(#3890,#3891,#3892,#3893));
#3890 = ORIENTED_EDGE('',*,*,#3450,.T.);
#3891 = ORIENTED_EDGE('',*,*,#3843,.T.);
#3892 = ORIENTED_EDGE('',*,*,#3680,.F.);
#3893 = ORIENTED_EDGE('',*,*,#3894,.F.);
#3894 = EDGE_CURVE('',#3451,#3681,#3895,.T.);
#3895 = ( BOUNDED_CURVE() B_SPLINE_CURVE(2,(#3896,#3897,#3898),
.UNSPECIFIED.,.F.,.F.) B_SPLINE_CURVE_WITH_KNOTS((3,3),(-2.778807456082,
-1.875520440674),.PIECEWISE_BEZIER_KNOTS.) CURVE() 
GEOMETRIC_REPRESENTATION_ITEM() RATIONAL_B_SPLINE_CURVE((1.,
1.103736451716,1.)) REPRESENTATION_ITEM('') );
#3896 = CARTESIAN_POINT('',(2.057688576106,-0.274585854495,
    15.187516485147));
#3897 = CARTESIAN_POINT('',(2.300703074705,0.351273615801,15.49633639553
    ));
#3898 = CARTESIAN_POINT('',(2.401865009304,0.599894858306,
    15.623063633312));
#3899 = B_SPLINE_SURFACE_WITH_KNOTS('',1,1,(
    (#3900,#3901)
    ,(#3902,#3903
    )),.UNSPECIFIED.,.F.,.F.,.F.,(2,2),(2,2),(0.501893482104,
    1.072828874901),(-0.281478152259,0.929860395094),
  .PIECEWISE_BEZIER_KNOTS.);
#3900 = CARTESIAN_POINT('',(2.06383863973,-0.355436311443,
    15.180491966229));
#3901 = CARTESIAN_POINT('',(1.99043673694,0.609525637522,15.264330619969
    ));
#3902 = CARTESIAN_POINT('',(2.49340190279,-0.355436311443,
    15.556580553903));
#3903 = CARTESIAN_POINT('',(2.42,0.609525637522,15.640419207642));
#3904 = ADVANCED_FACE('',(#3905),#3916,.F.);
#3905 = FACE_BOUND('',#3906,.F.);
#3906 = EDGE_LOOP('',(#3907,#3908,#3909,#3915));
#3907 = ORIENTED_EDGE('',*,*,#3894,.F.);
#3908 = ORIENTED_EDGE('',*,*,#3458,.T.);
#3909 = ORIENTED_EDGE('',*,*,#3910,.F.);
#3910 = EDGE_CURVE('',#3689,#3459,#3911,.T.);
#3911 = ( BOUNDED_CURVE() B_SPLINE_CURVE(2,(#3912,#3913,#3914),
.UNSPECIFIED.,.F.,.F.) B_SPLINE_CURVE_WITH_KNOTS((3,3),(1.875520440674,
2.778807456082),.PIECEWISE_BEZIER_KNOTS.) CURVE() 
GEOMETRIC_REPRESENTATION_ITEM() RATIONAL_B_SPLINE_CURVE((1.,
1.103736451716,1.)) REPRESENTATION_ITEM('') );
#3912 = CARTESIAN_POINT('',(2.173063633312,0.599894858306,
    15.851865009304));
#3913 = CARTESIAN_POINT('',(2.04633639553,0.351273615801,15.750703074705
    ));
#3914 = CARTESIAN_POINT('',(1.737516485147,-0.274585854495,
    15.507688576106));
#3915 = ORIENTED_EDGE('',*,*,#3688,.T.);
#3916 = ( BOUNDED_SURFACE() B_SPLINE_SURFACE(2,1,(
    (#3917,#3918)
    ,(#3919,#3920)
    ,(#3921,#3922
)),.UNSPECIFIED.,.F.,.F.,.F.) B_SPLINE_SURFACE_WITH_KNOTS((3,3),(2,2),(
    3.5160477192,4.337933914774),(-1.752196538967,-0.530765182767),
.PIECEWISE_BEZIER_KNOTS.) GEOMETRIC_REPRESENTATION_ITEM() 
RATIONAL_B_SPLINE_SURFACE((
    (1.,1.)
    ,(0.916744487438,0.916744487438)
,(1.,1.))) REPRESENTATION_ITEM('') SURFACE() );
#3917 = CARTESIAN_POINT('',(2.173063633312,0.599894858306,
    15.851865009304));
#3918 = CARTESIAN_POINT('',(1.665828275671,-0.274585854496,
    15.652522861331));
#3919 = CARTESIAN_POINT('',(2.237613887725,0.599894858306,
    15.687613887725));
#3920 = CARTESIAN_POINT('',(1.817242452688,-0.274585854496,
    15.267242452688));
#3921 = CARTESIAN_POINT('',(2.401865009304,0.599894858306,
    15.623063633312));
#3922 = CARTESIAN_POINT('',(2.202522861331,-0.274585854496,
    15.115828275671));
#3923 = ADVANCED_FACE('',(#3924),#3934,.T.);
#3924 = FACE_BOUND('',#3925,.T.);
#3925 = EDGE_LOOP('',(#3926,#3931,#3932,#3933));
#3926 = ORIENTED_EDGE('',*,*,#3927,.F.);
#3927 = EDGE_CURVE('',#3467,#3697,#3928,.T.);
#3928 = B_SPLINE_CURVE_WITH_KNOTS('',1,(#3929,#3930),.UNSPECIFIED.,.F.,
  .F.,(2,2),(0.855312296978,2.070573102947),.PIECEWISE_BEZIER_KNOTS.);
#3929 = CARTESIAN_POINT('',(2.042316171153,-0.355436311442,15.87));
#3930 = CARTESIAN_POINT('',(2.190419207642,0.609525637522,15.87));
#3931 = ORIENTED_EDGE('',*,*,#3466,.T.);
#3932 = ORIENTED_EDGE('',*,*,#3910,.F.);
#3933 = ORIENTED_EDGE('',*,*,#3696,.F.);
#3934 = B_SPLINE_SURFACE_WITH_KNOTS('',1,1,(
    (#3935,#3936)
    ,(#3937,#3938
    )),.UNSPECIFIED.,.F.,.F.,.F.,(2,2),(2,2),(-1.072828874901,
    -0.501893482104),(-0.281478152259,0.929860395094),
  .PIECEWISE_BEZIER_KNOTS.);
#3935 = CARTESIAN_POINT('',(2.106580553903,-0.355436311443,
    15.94340190279));
#3936 = CARTESIAN_POINT('',(2.190419207642,0.609525637522,15.87));
#3937 = CARTESIAN_POINT('',(1.730491966229,-0.355436311443,
    15.51383863973));
#3938 = CARTESIAN_POINT('',(1.814330619969,0.609525637522,15.44043673694
    ));
#3939 = ADVANCED_FACE('',(#3940),#3950,.T.);
#3940 = FACE_BOUND('',#3941,.T.);
#3941 = EDGE_LOOP('',(#3942,#3943,#3948,#3949));
#3942 = ORIENTED_EDGE('',*,*,#3704,.F.);
#3943 = ORIENTED_EDGE('',*,*,#3944,.F.);
#3944 = EDGE_CURVE('',#3475,#3705,#3945,.T.);
#3945 = B_SPLINE_CURVE_WITH_KNOTS('',1,(#3946,#3947),.UNSPECIFIED.,.F.,
  .F.,(2,2),(0.845178469998,2.112014469757),.PIECEWISE_BEZIER_KNOTS.);
#3946 = CARTESIAN_POINT('',(2.090611528508,-0.363482944218,16.));
#3947 = CARTESIAN_POINT('',(2.245,0.642431612838,16.));
#3948 = ORIENTED_EDGE('',*,*,#3474,.T.);
#3949 = ORIENTED_EDGE('',*,*,#3927,.T.);
#3950 = B_SPLINE_SURFACE_WITH_KNOTS('',1,1,(
    (#3951,#3952)
    ,(#3953,#3954
    )),.UNSPECIFIED.,.F.,.F.,.F.,(2,2),(2,2),(-0.1118333452,
    8.181085418322E-02),(-0.29224789802,0.97339501281),
  .PIECEWISE_BEZIER_KNOTS.);
#3951 = CARTESIAN_POINT('',(2.110182112514,-0.363482944218,
    16.051365988676));
#3952 = CARTESIAN_POINT('',(2.245,0.642431612838,16.));
#3953 = CARTESIAN_POINT('',(2.041237719683,-0.363482944218,
    15.870410892998));
#3954 = CARTESIAN_POINT('',(2.17605560717,0.642431612838,15.819044904322
    ));
#3955 = ADVANCED_FACE('',(#3956),#3966,.T.);
#3956 = FACE_BOUND('',#3957,.T.);
#3957 = EDGE_LOOP('',(#3958,#3963,#3964,#3965));
#3958 = ORIENTED_EDGE('',*,*,#3959,.F.);
#3959 = EDGE_CURVE('',#3483,#3713,#3960,.T.);
#3960 = B_SPLINE_CURVE_WITH_KNOTS('',1,(#3961,#3962),.UNSPECIFIED.,.F.,
  .F.,(2,2),(0.855312296978,2.070573102947),.PIECEWISE_BEZIER_KNOTS.);
#3961 = CARTESIAN_POINT('',(2.042316171153,-0.355436311442,16.13));
#3962 = CARTESIAN_POINT('',(2.190419207642,0.609525637522,16.13));
#3963 = ORIENTED_EDGE('',*,*,#3482,.T.);
#3964 = ORIENTED_EDGE('',*,*,#3944,.T.);
#3965 = ORIENTED_EDGE('',*,*,#3712,.F.);
#3966 = B_SPLINE_SURFACE_WITH_KNOTS('',1,1,(
    (#3967,#3968)
    ,(#3969,#3970
    )),.UNSPECIFIED.,.F.,.F.,.F.,(2,2),(2,2),(-8.181085418322E-02,
    0.1118333452),(-0.29224789802,0.97339501281),
  .PIECEWISE_BEZIER_KNOTS.);
#3967 = CARTESIAN_POINT('',(2.041237719683,-0.363482944218,
    16.129589107002));
#3968 = CARTESIAN_POINT('',(2.17605560717,0.642431612838,16.180955095678
    ));
#3969 = CARTESIAN_POINT('',(2.110182112514,-0.363482944218,
    15.948634011324));
#3970 = CARTESIAN_POINT('',(2.245,0.642431612838,16.));
#3971 = ADVANCED_FACE('',(#3972),#3983,.T.);
#3972 = FACE_BOUND('',#3973,.T.);
#3973 = EDGE_LOOP('',(#3974,#3975,#3976,#3977));
#3974 = ORIENTED_EDGE('',*,*,#3490,.T.);
#3975 = ORIENTED_EDGE('',*,*,#3959,.T.);
#3976 = ORIENTED_EDGE('',*,*,#3720,.F.);
#3977 = ORIENTED_EDGE('',*,*,#3978,.F.);
#3978 = EDGE_CURVE('',#3491,#3721,#3979,.T.);
#3979 = ( BOUNDED_CURVE() B_SPLINE_CURVE(2,(#3980,#3981,#3982),
.UNSPECIFIED.,.F.,.F.) B_SPLINE_CURVE_WITH_KNOTS((3,3),(-2.778807456082,
-1.875520440674),.PIECEWISE_BEZIER_KNOTS.) CURVE() 
GEOMETRIC_REPRESENTATION_ITEM() RATIONAL_B_SPLINE_CURVE((1.,
1.103736451716,1.)) REPRESENTATION_ITEM('') );
#3980 = CARTESIAN_POINT('',(1.737516485147,-0.274585854495,
    16.492311423894));
#3981 = CARTESIAN_POINT('',(2.04633639553,0.351273615801,16.249296925295
    ));
#3982 = CARTESIAN_POINT('',(2.173063633312,0.599894858306,
    16.148134990696));
#3983 = B_SPLINE_SURFACE_WITH_KNOTS('',1,1,(
    (#3984,#3985)
    ,(#3986,#3987
    )),.UNSPECIFIED.,.F.,.F.,.F.,(2,2),(2,2),(0.501893482104,
    1.072828874901),(-0.281478152259,0.929860395094),
  .PIECEWISE_BEZIER_KNOTS.);
#3984 = CARTESIAN_POINT('',(1.730491966229,-0.355436311443,
    16.48616136027));
#3985 = CARTESIAN_POINT('',(1.814330619969,0.609525637522,16.55956326306
    ));
#3986 = CARTESIAN_POINT('',(2.106580553903,-0.355436311443,
    16.05659809721));
#3987 = CARTESIAN_POINT('',(2.190419207642,0.609525637522,16.13));
#3988 = ADVANCED_FACE('',(#3989),#4000,.F.);
#3989 = FACE_BOUND('',#3990,.F.);
#3990 = EDGE_LOOP('',(#3991,#3992,#3993,#3999));
#3991 = ORIENTED_EDGE('',*,*,#3978,.F.);
#3992 = ORIENTED_EDGE('',*,*,#3498,.T.);
#3993 = ORIENTED_EDGE('',*,*,#3994,.F.);
#3994 = EDGE_CURVE('',#3729,#3499,#3995,.T.);
#3995 = ( BOUNDED_CURVE() B_SPLINE_CURVE(2,(#3996,#3997,#3998),
.UNSPECIFIED.,.F.,.F.) B_SPLINE_CURVE_WITH_KNOTS((3,3),(1.875520440674,
2.778807456082),.PIECEWISE_BEZIER_KNOTS.) CURVE() 
GEOMETRIC_REPRESENTATION_ITEM() RATIONAL_B_SPLINE_CURVE((1.,
1.103736451716,1.)) REPRESENTATION_ITEM('') );
#3996 = CARTESIAN_POINT('',(2.401865009304,0.599894858306,
    16.376936366688));
#3997 = CARTESIAN_POINT('',(2.300703074705,0.351273615801,16.50366360447
    ));
#3998 = CARTESIAN_POINT('',(2.057688576106,-0.274585854495,
    16.812483514853));
#3999 = ORIENTED_EDGE('',*,*,#3728,.T.);
#4000 = ( BOUNDED_SURFACE() B_SPLINE_SURFACE(2,1,(
    (#4001,#4002)
    ,(#4003,#4004)
    ,(#4005,#4006
)),.UNSPECIFIED.,.F.,.F.,.F.) B_SPLINE_SURFACE_WITH_KNOTS((3,3),(2,2),(
    1.945251392406,2.767137587979),(-1.752196538967,-0.530765182767),
.PIECEWISE_BEZIER_KNOTS.) GEOMETRIC_REPRESENTATION_ITEM() 
RATIONAL_B_SPLINE_SURFACE((
    (1.,1.)
    ,(0.916744487438,0.916744487438)
,(1.,1.))) REPRESENTATION_ITEM('') SURFACE() );
#4001 = CARTESIAN_POINT('',(2.401865009304,0.599894858306,
    16.376936366688));
#4002 = CARTESIAN_POINT('',(2.202522861331,-0.274585854496,
    16.884171724329));
#4003 = CARTESIAN_POINT('',(2.237613887725,0.599894858306,
    16.312386112275));
#4004 = CARTESIAN_POINT('',(1.817242452688,-0.274585854496,
    16.732757547312));
#4005 = CARTESIAN_POINT('',(2.173063633312,0.599894858306,
    16.148134990696));
#4006 = CARTESIAN_POINT('',(1.665828275671,-0.274585854496,
    16.347477138669));
#4007 = ADVANCED_FACE('',(#4008),#4018,.T.);
#4008 = FACE_BOUND('',#4009,.T.);
#4009 = EDGE_LOOP('',(#4010,#4015,#4016,#4017));
#4010 = ORIENTED_EDGE('',*,*,#4011,.F.);
#4011 = EDGE_CURVE('',#3507,#3737,#4012,.T.);
#4012 = B_SPLINE_CURVE_WITH_KNOTS('',1,(#4013,#4014),.UNSPECIFIED.,.F.,
  .F.,(2,2),(0.855312296978,2.070573102947),.PIECEWISE_BEZIER_KNOTS.);
#4013 = CARTESIAN_POINT('',(2.42,-0.355436311442,16.507683828847));
#4014 = CARTESIAN_POINT('',(2.42,0.609525637522,16.359580792358));
#4015 = ORIENTED_EDGE('',*,*,#3506,.T.);
#4016 = ORIENTED_EDGE('',*,*,#3994,.F.);
#4017 = ORIENTED_EDGE('',*,*,#3736,.F.);
#4018 = B_SPLINE_SURFACE_WITH_KNOTS('',1,1,(
    (#4019,#4020)
    ,(#4021,#4022
    )),.UNSPECIFIED.,.F.,.F.,.F.,(2,2),(2,2),(-1.072828874901,
    -0.501893482104),(-0.281478152259,0.929860395094),
  .PIECEWISE_BEZIER_KNOTS.);
#4019 = CARTESIAN_POINT('',(2.49340190279,-0.355436311443,
    16.443419446097));
#4020 = CARTESIAN_POINT('',(2.42,0.609525637522,16.359580792358));
#4021 = CARTESIAN_POINT('',(2.06383863973,-0.355436311443,
    16.819508033771));
#4022 = CARTESIAN_POINT('',(1.99043673694,0.609525637522,16.735669380031
    ));
#4023 = ADVANCED_FACE('',(#4024),#4034,.T.);
#4024 = FACE_BOUND('',#4025,.T.);
#4025 = EDGE_LOOP('',(#4026,#4027,#4032,#4033));
#4026 = ORIENTED_EDGE('',*,*,#3744,.F.);
#4027 = ORIENTED_EDGE('',*,*,#4028,.F.);
#4028 = EDGE_CURVE('',#3515,#3745,#4029,.T.);
#4029 = B_SPLINE_CURVE_WITH_KNOTS('',1,(#4030,#4031),.UNSPECIFIED.,.F.,
  .F.,(2,2),(0.845178469998,2.112014469757),.PIECEWISE_BEZIER_KNOTS.);
#4030 = CARTESIAN_POINT('',(2.55,-0.363482944218,16.459388471492));
#4031 = CARTESIAN_POINT('',(2.55,0.642431612838,16.305));
#4032 = ORIENTED_EDGE('',*,*,#3514,.T.);
#4033 = ORIENTED_EDGE('',*,*,#4011,.T.);
#4034 = B_SPLINE_SURFACE_WITH_KNOTS('',1,1,(
    (#4035,#4036)
    ,(#4037,#4038
    )),.UNSPECIFIED.,.F.,.F.,.F.,(2,2),(2,2),(-0.1118333452,
    8.181085418322E-02),(-0.29224789802,0.97339501281),
  .PIECEWISE_BEZIER_KNOTS.);
#4035 = CARTESIAN_POINT('',(2.601365988676,-0.363482944218,
    16.439817887486));
#4036 = CARTESIAN_POINT('',(2.55,0.642431612838,16.305));
#4037 = CARTESIAN_POINT('',(2.420410892998,-0.363482944218,
    16.508762280317));
#4038 = CARTESIAN_POINT('',(2.369044904322,0.642431612838,16.37394439283
    ));
#4039 = ADVANCED_FACE('',(#4040),#4050,.T.);
#4040 = FACE_BOUND('',#4041,.T.);
#4041 = EDGE_LOOP('',(#4042,#4047,#4048,#4049));
#4042 = ORIENTED_EDGE('',*,*,#4043,.F.);
#4043 = EDGE_CURVE('',#3523,#3753,#4044,.T.);
#4044 = B_SPLINE_CURVE_WITH_KNOTS('',1,(#4045,#4046),.UNSPECIFIED.,.F.,
  .F.,(2,2),(0.855312296978,2.070573102947),.PIECEWISE_BEZIER_KNOTS.);
#4045 = CARTESIAN_POINT('',(2.68,-0.355436311442,16.507683828847));
#4046 = CARTESIAN_POINT('',(2.68,0.609525637522,16.359580792358));
#4047 = ORIENTED_EDGE('',*,*,#3522,.T.);
#4048 = ORIENTED_EDGE('',*,*,#4028,.T.);
#4049 = ORIENTED_EDGE('',*,*,#3752,.F.);
#4050 = B_SPLINE_SURFACE_WITH_KNOTS('',1,1,(
    (#4051,#4052)
    ,(#4053,#4054
    )),.UNSPECIFIED.,.F.,.F.,.F.,(2,2),(2,2),(-8.181085418322E-02,
    0.1118333452),(-0.29224789802,0.97339501281),
  .PIECEWISE_BEZIER_KNOTS.);
#4051 = CARTESIAN_POINT('',(2.679589107002,-0.363482944218,
    16.508762280317));
#4052 = CARTESIAN_POINT('',(2.730955095678,0.642431612838,16.37394439283
    ));
#4053 = CARTESIAN_POINT('',(2.498634011324,-0.363482944218,
    16.439817887486));
#4054 = CARTESIAN_POINT('',(2.55,0.642431612838,16.305));
#4055 = ADVANCED_FACE('',(#4056),#4067,.T.);
#4056 = FACE_BOUND('',#4057,.T.);
#4057 = EDGE_LOOP('',(#4058,#4059,#4060,#4061));
#4058 = ORIENTED_EDGE('',*,*,#3530,.T.);
#4059 = ORIENTED_EDGE('',*,*,#4043,.T.);
#4060 = ORIENTED_EDGE('',*,*,#3760,.F.);
#4061 = ORIENTED_EDGE('',*,*,#4062,.F.);
#4062 = EDGE_CURVE('',#3531,#3761,#4063,.T.);
#4063 = ( BOUNDED_CURVE() B_SPLINE_CURVE(2,(#4064,#4065,#4066),
.UNSPECIFIED.,.F.,.F.) B_SPLINE_CURVE_WITH_KNOTS((3,3),(-2.778807456082,
-1.875520440674),.PIECEWISE_BEZIER_KNOTS.) CURVE() 
GEOMETRIC_REPRESENTATION_ITEM() RATIONAL_B_SPLINE_CURVE((1.,
1.103736451716,1.)) REPRESENTATION_ITEM('') );
#4064 = CARTESIAN_POINT('',(3.042311423894,-0.274585854495,
    16.812483514853));
#4065 = CARTESIAN_POINT('',(2.799296925295,0.351273615801,16.50366360447
    ));
#4066 = CARTESIAN_POINT('',(2.698134990696,0.599894858306,
    16.376936366688));
#4067 = B_SPLINE_SURFACE_WITH_KNOTS('',1,1,(
    (#4068,#4069)
    ,(#4070,#4071
    )),.UNSPECIFIED.,.F.,.F.,.F.,(2,2),(2,2),(0.501893482104,
    1.072828874901),(-0.281478152259,0.929860395094),
  .PIECEWISE_BEZIER_KNOTS.);
#4068 = CARTESIAN_POINT('',(3.03616136027,-0.355436311443,
    16.819508033771));
#4069 = CARTESIAN_POINT('',(3.10956326306,0.609525637522,16.735669380031
    ));
#4070 = CARTESIAN_POINT('',(2.60659809721,-0.355436311443,
    16.443419446097));
#4071 = CARTESIAN_POINT('',(2.68,0.609525637522,16.359580792358));
#4072 = ADVANCED_FACE('',(#4073),#4084,.F.);
#4073 = FACE_BOUND('',#4074,.F.);
#4074 = EDGE_LOOP('',(#4075,#4076,#4077,#4083));
#4075 = ORIENTED_EDGE('',*,*,#4062,.F.);
#4076 = ORIENTED_EDGE('',*,*,#3538,.T.);
#4077 = ORIENTED_EDGE('',*,*,#4078,.F.);
#4078 = EDGE_CURVE('',#3769,#3539,#4079,.T.);
#4079 = ( BOUNDED_CURVE() B_SPLINE_CURVE(2,(#4080,#4081,#4082),
.UNSPECIFIED.,.F.,.F.) B_SPLINE_CURVE_WITH_KNOTS((3,3),(1.875520440674,
2.778807456082),.PIECEWISE_BEZIER_KNOTS.) CURVE() 
GEOMETRIC_REPRESENTATION_ITEM() RATIONAL_B_SPLINE_CURVE((1.,
1.103736451716,1.)) REPRESENTATION_ITEM('') );
#4080 = CARTESIAN_POINT('',(2.926936366688,0.599894858306,
    16.148134990696));
#4081 = CARTESIAN_POINT('',(3.05366360447,0.351273615801,16.249296925295
    ));
#4082 = CARTESIAN_POINT('',(3.362483514853,-0.274585854495,
    16.492311423894));
#4083 = ORIENTED_EDGE('',*,*,#3768,.T.);
#4084 = ( BOUNDED_SURFACE() B_SPLINE_SURFACE(2,1,(
    (#4085,#4086)
    ,(#4087,#4088)
    ,(#4089,#4090
)),.UNSPECIFIED.,.F.,.F.,.F.) B_SPLINE_SURFACE_WITH_KNOTS((3,3),(2,2),(
    0.374455065611,1.196341261184),(-1.752196538967,-0.530765182767),
.PIECEWISE_BEZIER_KNOTS.) GEOMETRIC_REPRESENTATION_ITEM() 
RATIONAL_B_SPLINE_SURFACE((
    (1.,1.)
    ,(0.916744487438,0.916744487438)
,(1.,1.))) REPRESENTATION_ITEM('') SURFACE() );
#4085 = CARTESIAN_POINT('',(2.926936366688,0.599894858306,
    16.148134990696));
#4086 = CARTESIAN_POINT('',(3.434171724329,-0.274585854496,
    16.347477138669));
#4087 = CARTESIAN_POINT('',(2.862386112275,0.599894858306,
    16.312386112275));
#4088 = CARTESIAN_POINT('',(3.282757547312,-0.274585854496,
    16.732757547312));
#4089 = CARTESIAN_POINT('',(2.698134990696,0.599894858306,
    16.376936366688));
#4090 = CARTESIAN_POINT('',(2.897477138669,-0.274585854496,
    16.884171724329));
#4091 = ADVANCED_FACE('',(#4092),#4102,.T.);
#4092 = FACE_BOUND('',#4093,.T.);
#4093 = EDGE_LOOP('',(#4094,#4099,#4100,#4101));
#4094 = ORIENTED_EDGE('',*,*,#4095,.F.);
#4095 = EDGE_CURVE('',#3547,#3777,#4096,.T.);
#4096 = B_SPLINE_CURVE_WITH_KNOTS('',1,(#4097,#4098),.UNSPECIFIED.,.F.,
  .F.,(2,2),(0.855312296978,2.070573102947),.PIECEWISE_BEZIER_KNOTS.);
#4097 = CARTESIAN_POINT('',(3.057683828847,-0.355436311442,16.13));
#4098 = CARTESIAN_POINT('',(2.909580792358,0.609525637522,16.13));
#4099 = ORIENTED_EDGE('',*,*,#3546,.T.);
#4100 = ORIENTED_EDGE('',*,*,#4078,.F.);
#4101 = ORIENTED_EDGE('',*,*,#3776,.F.);
#4102 = B_SPLINE_SURFACE_WITH_KNOTS('',1,1,(
    (#4103,#4104)
    ,(#4105,#4106
    )),.UNSPECIFIED.,.F.,.F.,.F.,(2,2),(2,2),(-1.072828874901,
    -0.501893482104),(-0.281478152259,0.929860395094),
  .PIECEWISE_BEZIER_KNOTS.);
#4103 = CARTESIAN_POINT('',(2.993419446097,-0.355436311443,
    16.05659809721));
#4104 = CARTESIAN_POINT('',(2.909580792358,0.609525637522,16.13));
#4105 = CARTESIAN_POINT('',(3.369508033771,-0.355436311443,
    16.48616136027));
#4106 = CARTESIAN_POINT('',(3.285669380031,0.609525637522,16.55956326306
    ));
#4107 = ADVANCED_FACE('',(#4108),#4114,.T.);
#4108 = FACE_BOUND('',#4109,.T.);
#4109 = EDGE_LOOP('',(#4110,#4111,#4112,#4113));
#4110 = ORIENTED_EDGE('',*,*,#3784,.F.);
#4111 = ORIENTED_EDGE('',*,*,#3865,.F.);
#4112 = ORIENTED_EDGE('',*,*,#3554,.T.);
#4113 = ORIENTED_EDGE('',*,*,#4095,.T.);
#4114 = B_SPLINE_SURFACE_WITH_KNOTS('',1,1,(
    (#4115,#4116)
    ,(#4117,#4118
    )),.UNSPECIFIED.,.F.,.F.,.F.,(2,2),(2,2),(-0.1118333452,
    8.181085418322E-02),(-0.29224789802,0.97339501281),
  .PIECEWISE_BEZIER_KNOTS.);
#4115 = CARTESIAN_POINT('',(2.989817887486,-0.363482944218,
    15.948634011324));
#4116 = CARTESIAN_POINT('',(2.855,0.642431612838,16.));
#4117 = CARTESIAN_POINT('',(3.058762280317,-0.363482944218,
    16.129589107002));
#4118 = CARTESIAN_POINT('',(2.92394439283,0.642431612838,16.180955095678
    ));
#4119 = ADVANCED_FACE('',(#4120),#4578,.T.);
#4120 = FACE_BOUND('',#4121,.T.);
#4121 = EDGE_LOOP('',(#4122,#4129,#4226,#4365,#4462,#4469,#4576,#4577));
#4122 = ORIENTED_EDGE('',*,*,#4123,.T.);
#4123 = EDGE_CURVE('',#3365,#4124,#4126,.T.);
#4124 = VERTEX_POINT('',#4125);
#4125 = CARTESIAN_POINT('',(3.549999747675,1.210000017943,16.0000000014)
  );
#4126 = B_SPLINE_CURVE_WITH_KNOTS('',1,(#4127,#4128),.UNSPECIFIED.,.F.,
  .F.,(2,2),(0.,0.300000022429),.PIECEWISE_BEZIER_KNOTS.);
#4127 = CARTESIAN_POINT('',(3.55,0.97,16.));
#4128 = CARTESIAN_POINT('',(3.55,1.210000017943,16.));
#4129 = ORIENTED_EDGE('',*,*,#4130,.T.);
#4130 = EDGE_CURVE('',#4124,#4131,#4133,.T.);
#4131 = VERTEX_POINT('',#4132);
#4132 = CARTESIAN_POINT('',(1.618046984918,1.168221464326,
    16.362579064038));
#4133 = B_SPLINE_CURVE_WITH_KNOTS('',4,(#4134,#4135,#4136,#4137,#4138,
    #4139,#4140,#4141,#4142,#4143,#4144,#4145,#4146,#4147,#4148,#4149,
    #4150,#4151,#4152,#4153,#4154,#4155,#4156,#4157,#4158,#4159,#4160,
    #4161,#4162,#4163,#4164,#4165,#4166,#4167,#4168,#4169,#4170,#4171,
    #4172,#4173,#4174,#4175,#4176,#4177,#4178,#4179,#4180,#4181,#4182,
    #4183,#4184,#4185,#4186,#4187,#4188,#4189,#4190,#4191,#4192,#4193,
    #4194,#4195,#4196,#4197,#4198,#4199,#4200,#4201,#4202,#4203,#4204,
    #4205,#4206,#4207,#4208,#4209,#4210,#4211,#4212,#4213,#4214,#4215,
    #4216,#4217,#4218,#4219,#4220,#4221,#4222,#4223,#4224,#4225),
  .UNSPECIFIED.,.F.,.F.,(5,3,3,3,3,3,3,3,3,3,3,3,3,3,3,3,3,3,3,3,3,3,3,3
    ,3,3,3,3,3,3,5),(0.,3.697227091068E-02,7.382534076852E-02,
    0.110440091993,0.146722658373,0.182599749209,0.218012635637,
    0.252911778934,0.287253305708,0.320997954305,0.354112683931,
    0.386574763847,0.418377784641,0.449538645879,0.480104200134,
    0.510155932121,0.539810954852,0.569217962267,0.598547845867,
    0.627980336152,0.657689461041,0.687830826428,0.718532577066,
    0.749890312681,0.781965223484,0.81478453477,0.848343658627,
    0.882609795558,0.917526857426,0.953021450998,1.),.UNSPECIFIED.);
#4134 = CARTESIAN_POINT('',(3.55,1.21,16.));
#4135 = CARTESIAN_POINT('',(3.549999997744,1.209659986662,
    16.022857788802));
#4136 = CARTESIAN_POINT('',(3.549303369973,1.209319791955,
    16.045713107821));
#4137 = CARTESIAN_POINT('',(3.547910405199,1.208979397306,
    16.068546367191));
#4138 = CARTESIAN_POINT('',(3.54373641986,1.208299139413,16.11405409742)
  );
#4139 = CARTESIAN_POINT('',(3.540959899623,1.207959278111,
    16.136728823305));
#4140 = CARTESIAN_POINT('',(3.537489425227,1.207619051692,
    16.159340742203));
#4141 = CARTESIAN_POINT('',(3.529183423079,1.20693978042,16.204249590017
    ));
#4142 = CARTESIAN_POINT('',(3.524356880244,1.206600742569,
    16.226547593337));
#4143 = CARTESIAN_POINT('',(3.518841321387,1.206261057295,
    16.248740582992));
#4144 = CARTESIAN_POINT('',(3.506483241642,1.205583093831,
    16.292669954624));
#4145 = CARTESIAN_POINT('',(3.499653226002,1.205244831402,
    16.314408635709));
#4146 = CARTESIAN_POINT('',(3.492141526406,1.204905554838,16.33599882966
    ));
#4147 = CARTESIAN_POINT('',(3.475840713474,1.204228333796,
    16.378593653627));
#4148 = CARTESIAN_POINT('',(3.467066828011,1.203890417441,
    16.399602112969));
#4149 = CARTESIAN_POINT('',(3.457620934407,1.203551077334,
    16.420417491225));
#4150 = CARTESIAN_POINT('',(3.4375107958,1.202873499126,16.461343337665)
  );
#4151 = CARTESIAN_POINT('',(3.426863913664,1.202535304227,
    16.481459421367));
#4152 = CARTESIAN_POINT('',(3.415557197134,1.202195275119,
    16.501336785911));
#4153 = CARTESIAN_POINT('',(3.391793649732,1.201516068226,
    16.540274080389));
#4154 = CARTESIAN_POINT('',(3.379355907275,1.20117695029,16.559341663146
    ));
#4155 = CARTESIAN_POINT('',(3.36627341522,1.200835624586,16.578123877021
    ));
#4156 = CARTESIAN_POINT('',(3.339036455096,1.200153657954,
    16.614763525648));
#4157 = CARTESIAN_POINT('',(3.324902488089,1.199813093844,
    16.632630917991));
#4158 = CARTESIAN_POINT('',(3.310142469622,1.199470016308,
    16.650165318667));
#4159 = CARTESIAN_POINT('',(3.279639538623,1.198784528719,
    16.684207091297));
#4160 = CARTESIAN_POINT('',(3.263918214167,1.198442211324,
    16.700726994855));
#4161 = CARTESIAN_POINT('',(3.247594156387,1.198097166277,
    16.716865416176));
#4162 = CARTESIAN_POINT('',(3.214063746351,1.197407896976,16.7480195424)
  );
#4163 = CARTESIAN_POINT('',(3.196879613858,1.197063778274,
    16.763050565769));
#4164 = CARTESIAN_POINT('',(3.179122000204,1.196716825622,
    16.777650990604));
#4165 = CARTESIAN_POINT('',(3.142836031719,1.196024043098,
    16.805642657538));
#4166 = CARTESIAN_POINT('',(3.124329842276,1.195678326535,
    16.819052056856));
#4167 = CARTESIAN_POINT('',(3.105286960797,1.195329788287,
    16.831981581524));
#4168 = CARTESIAN_POINT('',(3.066550845105,1.194634225477,16.85655741393
    ));
#4169 = CARTESIAN_POINT('',(3.046878752634,1.194287314516,
    16.868224463565));
#4170 = CARTESIAN_POINT('',(3.026716118486,1.19393771898,16.879363005577
    ));
#4171 = CARTESIAN_POINT('',(2.985866002446,1.19324043451,16.900298223905
    ));
#4172 = CARTESIAN_POINT('',(2.965197425398,1.192892850174,
    16.910117503308));
#4173 = CARTESIAN_POINT('',(2.944095695636,1.192542846112,
    16.919361563469));
#4174 = CARTESIAN_POINT('',(2.901493086251,1.191845041046,
    16.936466436199));
#4175 = CARTESIAN_POINT('',(2.880007593993,1.191497325949,
    16.944350385916));
#4176 = CARTESIAN_POINT('',(2.858159166099,1.191147582542,
    16.951616211815));
#4177 = CARTESIAN_POINT('',(2.814183747647,1.190450407463,16.96474068094
    ));
#4178 = CARTESIAN_POINT('',(2.792067615217,1.190103035431,
    16.970621039651));
#4179 = CARTESIAN_POINT('',(2.769672323842,1.18975414449,16.975846710041
    ));
#4180 = CARTESIAN_POINT('',(2.724714111469,1.189058530024,
    16.984882601332));
#4181 = CARTESIAN_POINT('',(2.7021572204,1.188711837561,16.988710714597)
  );
#4182 = CARTESIAN_POINT('',(2.679417638526,1.188364231877,
    16.991856896361));
#4183 = CARTESIAN_POINT('',(2.633869546344,1.187670766914,
    16.996737736482));
#4184 = CARTESIAN_POINT('',(2.611063029165,1.187324915474,
    16.998484065273));
#4185 = CARTESIAN_POINT('',(2.588179903659,1.186978813162,
    16.999533402337));
#4186 = CARTESIAN_POINT('',(2.542431459204,1.186287682466,17.00023232096
    ));
#4187 = CARTESIAN_POINT('',(2.519566026717,1.185942651466,
    16.999885586105));
#4188 = CARTESIAN_POINT('',(2.496734445988,1.18559803269,16.998840864119
    ));
#4189 = CARTESIAN_POINT('',(2.451167073233,1.184909015264,
    16.995367264064));
#4190 = CARTESIAN_POINT('',(2.428431685954,1.184564619751,
    16.992933501519));
#4191 = CARTESIAN_POINT('',(2.405838640118,1.18422123975,16.989814983246
    ));
#4192 = CARTESIAN_POINT('',(2.360822831452,1.183533764054,
    16.982210744544));
#4193 = CARTESIAN_POINT('',(2.33840352685,1.183189690948,16.977712341001
    ));
#4194 = CARTESIAN_POINT('',(2.316227298332,1.182847128706,
    16.972554970196));
#4195 = CARTESIAN_POINT('',(2.272121838214,1.182160377262,
    16.960891047277));
#4196 = CARTESIAN_POINT('',(2.250200849696,1.181816236818,
    16.954365833356));
#4197 = CARTESIAN_POINT('',(2.228612050829,1.181473971199,
    16.947217114005));
#4198 = CARTESIAN_POINT('',(2.185764942497,1.18078702064,16.931591356588
    ));
#4199 = CARTESIAN_POINT('',(2.164520274417,1.180442409629,
    16.923091986571));
#4200 = CARTESIAN_POINT('',(2.14368371776,1.180099908102,16.9140110695)
  );
#4201 = CARTESIAN_POINT('',(2.102433839161,1.179411883282,
    16.894547750622));
#4202 = CARTESIAN_POINT('',(2.082039154811,1.179066452697,
    16.884141613702));
#4203 = CARTESIAN_POINT('',(2.062115561158,1.178723256374,
    16.873199627888));
#4204 = CARTESIAN_POINT('',(2.022793820453,1.178033473674,
    16.850050586853));
#4205 = CARTESIAN_POINT('',(2.003418211547,1.177686990191,
    16.837820285618));
#4206 = CARTESIAN_POINT('',(1.984565020419,1.17734278181,16.825101544974
    ));
#4207 = CARTESIAN_POINT('',(1.947494008349,1.176650858209,
    16.798448319373));
#4208 = CARTESIAN_POINT('',(1.929301183343,1.176303247727,
    16.784492463305));
#4209 = CARTESIAN_POINT('',(1.911672124802,1.175957893066,
    16.770095983368));
#4210 = CARTESIAN_POINT('',(1.877163751177,1.175263802066,
    16.740151976136));
#4211 = CARTESIAN_POINT('',(1.860310375692,1.17491516548,16.72458583161)
  );
#4212 = CARTESIAN_POINT('',(1.844053795956,1.174568721972,
    16.708626553065));
#4213 = CARTESIAN_POINT('',(1.812404948998,1.173872784006,
    16.675638187536));
#4214 = CARTESIAN_POINT('',(1.797038169079,1.173523379318,
    16.658593671966));
#4215 = CARTESIAN_POINT('',(1.782294360857,1.173176069273,
    16.641202852459));
#4216 = CARTESIAN_POINT('',(1.753781151344,1.17247887349,16.60544881565)
  );
#4217 = CARTESIAN_POINT('',(1.740035625906,1.172129064277,
    16.587073433814));
#4218 = CARTESIAN_POINT('',(1.726933623962,1.171781215193,
    16.568397831898));
#4219 = CARTESIAN_POINT('',(1.701805199433,1.171083482084,
    16.530185901956));
#4220 = CARTESIAN_POINT('',(1.689800182295,1.170733659613,
    16.510640479104));
#4221 = CARTESIAN_POINT('',(1.678454627512,1.170385620749,
    16.490840222268));
#4222 = CARTESIAN_POINT('',(1.653617937299,1.16958077288,16.444299629108
    ));
#4223 = CARTESIAN_POINT('',(1.64062030447,1.169125204754,16.417386638236
    ));
#4224 = CARTESIAN_POINT('',(1.628765464412,1.168672218536,
    16.390129245535));
#4225 = CARTESIAN_POINT('',(1.618046984918,1.168221464326,
    16.362579064038));
#4226 = ORIENTED_EDGE('',*,*,#4227,.F.);
#4227 = EDGE_CURVE('',#4228,#4131,#4230,.T.);
#4228 = VERTEX_POINT('',#4229);
#4229 = CARTESIAN_POINT('',(1.617461038798,1.24808092549,16.361069364306
    ));
#4230 = B_SPLINE_CURVE_WITH_KNOTS('',5,(#4231,#4232,#4233,#4234,#4235,
    #4236,#4237,#4238,#4239,#4240,#4241,#4242,#4243,#4244,#4245,#4246,
    #4247,#4248,#4249,#4250,#4251,#4252,#4253,#4254,#4255,#4256,#4257,
    #4258,#4259,#4260,#4261,#4262,#4263,#4264,#4265,#4266,#4267,#4268,
    #4269,#4270,#4271,#4272,#4273,#4274,#4275,#4276,#4277,#4278,#4279,
    #4280,#4281,#4282,#4283,#4284,#4285,#4286,#4287,#4288,#4289,#4290,
    #4291,#4292,#4293,#4294,#4295,#4296,#4297,#4298,#4299,#4300,#4301,
    #4302,#4303,#4304,#4305,#4306,#4307,#4308,#4309,#4310,#4311,#4312,
    #4313,#4314,#4315,#4316,#4317,#4318,#4319,#4320,#4321,#4322,#4323,
    #4324,#4325,#4326,#4327,#4328,#4329,#4330,#4331,#4332,#4333,#4334,
    #4335,#4336,#4337,#4338,#4339,#4340,#4341,#4342,#4343,#4344,#4345,
    #4346,#4347,#4348,#4349,#4350,#4351,#4352,#4353,#4354,#4355,#4356,
    #4357,#4358,#4359,#4360,#4361,#4362,#4363,#4364),.UNSPECIFIED.,.F.,
  .F.,(6,4,4,4,4,4,4,4,4,4,4,4,4,4,4,4,4,4,4,4,4,4,4,4,4,4,4,4,4,4,4,4,4
    ,6),(0.,5.823823192823E-02,0.112124605842,0.161804708189,
    0.207462990441,0.249311085296,0.287574313941,0.322477047765,
    0.354228417216,0.38301074451,0.408973454056,0.43223462118,
    0.452890966688,0.471035878912,0.486785400221,0.500315314216,
    0.511932069945,0.522262103202,0.532643021844,0.543974470174,
    0.556807096063,0.571535115909,0.588453265171,0.607791121811,
    0.629746453957,0.65451195099,0.682291471759,0.713305915825,
    0.74779061759,0.785987146328,0.828132312655,0.87444644727,
    0.925122159352,1.),.UNSPECIFIED.);
#4231 = CARTESIAN_POINT('',(1.617461038798,1.24808092549,16.361069364306
    ));
#4232 = CARTESIAN_POINT('',(1.614668169835,1.247404354506,16.35385618111
    ));
#4233 = CARTESIAN_POINT('',(1.611919977291,1.246711926113,
    16.346551261223));
#4234 = CARTESIAN_POINT('',(1.609218633978,1.246002790587,
    16.339152766086));
#4235 = CARTESIAN_POINT('',(1.606566557288,1.245275975807,
    16.331659034138));
#4236 = CARTESIAN_POINT('',(1.601560557442,1.243840512887,
    16.317045324908));
#4237 = CARTESIAN_POINT('',(1.59919916923,1.243134562704,16.309939289853
    ));
#4238 = CARTESIAN_POINT('',(1.596884354888,1.242411670406,
    16.302749283781));
#4239 = CARTESIAN_POINT('',(1.594618438384,1.241670847591,
    16.295474445909));
#4240 = CARTESIAN_POINT('',(1.5903623346,1.240210433518,16.281328570828)
  );
#4241 = CARTESIAN_POINT('',(1.588364434085,1.239493696066,
    16.274470373178));
#4242 = CARTESIAN_POINT('',(1.586412247531,1.238759902284,
    16.267539224517));
#4243 = CARTESIAN_POINT('',(1.584507934749,1.238008063494,
    16.260535188827));
#4244 = CARTESIAN_POINT('',(1.580949810824,1.236528494604,
    16.246955319989));
#4245 = CARTESIAN_POINT('',(1.579288201095,1.235803737237,
    16.240390761003));
#4246 = CARTESIAN_POINT('',(1.577670806104,1.235061940737,16.2337655676)
  );
#4247 = CARTESIAN_POINT('',(1.576099547726,1.234302129587,
    16.227080804656));
#4248 = CARTESIAN_POINT('',(1.57318047031,1.232809293966,16.214158228885
    ));
#4249 = CARTESIAN_POINT('',(1.571824945094,1.23207932219,16.207929709007
    ));
#4250 = CARTESIAN_POINT('',(1.57051145222,1.231332457562,16.201653929252
    ));
#4251 = CARTESIAN_POINT('',(1.569241606875,1.230567744187,
    16.195332961055));
#4252 = CARTESIAN_POINT('',(1.566897430846,1.229067602534,
    16.183151423011));
#4253 = CARTESIAN_POINT('',(1.565815665688,1.228335273085,
    16.177297836904));
#4254 = CARTESIAN_POINT('',(1.564773048078,1.227586303951,16.17141104276
    ));
#4255 = CARTESIAN_POINT('',(1.56377083396,1.226819753317,16.165494043114
    ));
#4256 = CARTESIAN_POINT('',(1.561934051564,1.225318315392,
    16.154129298548));
#4257 = CARTESIAN_POINT('',(1.561092484535,1.224586554092,
    16.148686018161));
#4258 = CARTESIAN_POINT('',(1.56028650282,1.223838465594,16.143223749195
    ));
#4259 = CARTESIAN_POINT('',(1.559516978796,1.223073100537,
    16.137746284486));
#4260 = CARTESIAN_POINT('',(1.55811856645,1.221576392339,16.12726582548)
  );
#4261 = CARTESIAN_POINT('',(1.557483247967,1.220848208744,
    16.122264685029));
#4262 = CARTESIAN_POINT('',(1.556879364229,1.220103997013,
    16.117258380992));
#4263 = CARTESIAN_POINT('',(1.556307416001,1.219342761761,
    16.112251342394));
#4264 = CARTESIAN_POINT('',(1.555278642493,1.217856780572,
    16.102714279461));
#4265 = CARTESIAN_POINT('',(1.55481604854,1.217135268065,16.098183482342
    ));
#4266 = CARTESIAN_POINT('',(1.554380313106,1.216397925269,
    16.093660483636));
#4267 = CARTESIAN_POINT('',(1.553971612198,1.215643659254,16.08915026252
    ));
#4268 = CARTESIAN_POINT('',(1.553245776809,1.214174319442,
    16.080607389209));
#4269 = CARTESIAN_POINT('',(1.552923590626,1.213462631462,
    16.076571311792));
#4270 = CARTESIAN_POINT('',(1.552623485284,1.212735126995,
    16.072554931884));
#4271 = CARTESIAN_POINT('',(1.552345381519,1.211990558812,
    16.068563846632));
#4272 = CARTESIAN_POINT('',(1.551859447036,1.210543636366,
    16.061057926412));
#4273 = CARTESIAN_POINT('',(1.551647311934,1.209844935743,
    16.057536865677));
#4274 = CARTESIAN_POINT('',(1.551452530414,1.209130194928,
    16.054046538541));
#4275 = CARTESIAN_POINT('',(1.551274841982,1.208397960742,
    16.050593446335));
#4276 = CARTESIAN_POINT('',(1.550970922948,1.206979041866,
    16.044159718256));
#4277 = CARTESIAN_POINT('',(1.55084115482,1.20629642286,16.041169661566)
  );
#4278 = CARTESIAN_POINT('',(1.550724301152,1.20559730113,16.038221148864
    ));
#4279 = CARTESIAN_POINT('',(1.550619983774,1.204879985866,
    16.035322126162));
#4280 = CARTESIAN_POINT('',(1.550446655589,1.203494414747,
    16.029988967971));
#4281 = CARTESIAN_POINT('',(1.550374894259,1.20283080882,16.027541317902
    ));
#4282 = CARTESIAN_POINT('',(1.550312075661,1.202149997788,
    16.025147172039));
#4283 = CARTESIAN_POINT('',(1.550257778394,1.201450229275,
    16.022816065866));
#4284 = CARTESIAN_POINT('',(1.550171185837,1.200103017718,16.01860568556
    ));
#4285 = CARTESIAN_POINT('',(1.550136935537,1.199460917261,
    16.016707554278));
#4286 = CARTESIAN_POINT('',(1.550108287528,1.198801011958,
    16.014876843387));
#4287 = CARTESIAN_POINT('',(1.550084786597,1.19812148379,16.013126113924
    ));
#4288 = CARTESIAN_POINT('',(1.550049548524,1.196817107354,
    16.010055271663));
#4289 = CARTESIAN_POINT('',(1.550036622596,1.196198158811,
    16.008709647056));
#4290 = CARTESIAN_POINT('',(1.550026673795,1.195561331401,
    16.007448683319));
#4291 = CARTESIAN_POINT('',(1.550019248263,1.194905063883,
    16.006289903419));
#4292 = CARTESIAN_POINT('',(1.550009156711,1.193646509739,
    16.004370322604));
#4293 = CARTESIAN_POINT('',(1.550005967477,1.193050028989,
    16.003577036521));
#4294 = CARTESIAN_POINT('',(1.550003922513,1.192437048598,
    16.002891435487));
#4295 = CARTESIAN_POINT('',(1.550002648888,1.191808012565,16.00233635155
    ));
#4296 = CARTESIAN_POINT('',(1.55000118281,1.190594659122,16.00157884331)
  );
#4297 = CARTESIAN_POINT('',(1.550000888483,1.190012824237,
    16.001343986725));
#4298 = CARTESIAN_POINT('',(1.550000800201,1.189424542674,
    16.001248791434));
#4299 = CARTESIAN_POINT('',(1.550000833959,1.18883655655,16.001308308165
    ));
#4300 = CARTESIAN_POINT('',(1.550001470345,1.187676952965,
    16.001727678315));
#4301 = CARTESIAN_POINT('',(1.550002074285,1.187104793357,
    16.002089227645));
#4302 = CARTESIAN_POINT('',(1.55000311593,1.18654807709,16.002598640151)
  );
#4303 = CARTESIAN_POINT('',(1.550004960831,1.186009814085,16.00324037518
    ));
#4304 = CARTESIAN_POINT('',(1.550011324971,1.184923738464,
    16.004831043042));
#4305 = CARTESIAN_POINT('',(1.550016071588,1.184379790494,
    16.005802399405));
#4306 = CARTESIAN_POINT('',(1.550022763893,1.183859535494,
    16.006896698618));
#4307 = CARTESIAN_POINT('',(1.550031936402,1.183362401658,16.00809519814
    ));
#4308 = CARTESIAN_POINT('',(1.55005772174,1.18234888791,16.010842955651)
  );
#4309 = CARTESIAN_POINT('',(1.550075159494,1.18183880447,16.012417350673
    ));
#4310 = CARTESIAN_POINT('',(1.550096981046,1.181355000566,
    16.014085871826));
#4311 = CARTESIAN_POINT('',(1.550123692317,1.180895486126,
    16.015832030172));
#4312 = CARTESIAN_POINT('',(1.550192361125,1.17995623352,16.019723356422
    ));
#4313 = CARTESIAN_POINT('',(1.550235993278,1.179483605623,
    16.021889009646));
#4314 = CARTESIAN_POINT('',(1.550287113029,1.179037241714,
    16.024122933421));
#4315 = CARTESIAN_POINT('',(1.550346123144,1.178614513963,
    16.026411810357));
#4316 = CARTESIAN_POINT('',(1.55049041925,1.177752204718,16.031429268889
    ));
#4317 = CARTESIAN_POINT('',(1.550578306551,1.177319509581,
    16.034172162034));
#4318 = CARTESIAN_POINT('',(1.550677357752,1.176911717739,
    16.036961746772));
#4319 = CARTESIAN_POINT('',(1.550787777911,1.176526303856,
    16.039788337854));
#4320 = CARTESIAN_POINT('',(1.55104910462,1.175743632422,16.045910689255
    ));
#4321 = CARTESIAN_POINT('',(1.55120353888,1.175352574878,16.049215418529
    ));
#4322 = CARTESIAN_POINT('',(1.551373207108,1.174984821209,
    16.052549303429));
#4323 = CARTESIAN_POINT('',(1.551558182323,1.174637887573,
    16.055904815572));
#4324 = CARTESIAN_POINT('',(1.551985775988,1.173937513694,
    16.063105615388));
#4325 = CARTESIAN_POINT('',(1.552232811519,1.173589515937,
    16.066955428012));
#4326 = CARTESIAN_POINT('',(1.552499478161,1.173263143468,
    16.070818835008));
#4327 = CARTESIAN_POINT('',(1.552785627805,1.17295617457,16.074690063341
    ));
#4328 = CARTESIAN_POINT('',(1.553435500224,1.172340657722,
    16.082936258125));
#4329 = CARTESIAN_POINT('',(1.553804467245,1.172036904,16.087312087927)
  );
#4330 = CARTESIAN_POINT('',(1.554197574369,1.171753227669,
    16.091686778239));
#4331 = CARTESIAN_POINT('',(1.554614403568,1.171487649388,
    16.096055815561));
#4332 = CARTESIAN_POINT('',(1.555548083505,1.170959344311,16.10530693325
    ));
#4333 = CARTESIAN_POINT('',(1.556070936544,1.170700870143,
    16.110186612001));
#4334 = CARTESIAN_POINT('',(1.556622333345,1.170461058158,16.11505051772
    ));
#4335 = CARTESIAN_POINT('',(1.557201542525,1.170238129912,
    16.119895169827));
#4336 = CARTESIAN_POINT('',(1.558484639865,1.169799107926,
    16.130102817493));
#4337 = CARTESIAN_POINT('',(1.559195195584,1.169586810042,
    16.135460384748));
#4338 = CARTESIAN_POINT('',(1.559938387353,1.169391852388,
    16.140787477442));
#4339 = CARTESIAN_POINT('',(1.560713146947,1.169212620831,
    16.146081599755));
#4340 = CARTESIAN_POINT('',(1.562413775383,1.168864616853,
    16.157189218555));
#4341 = CARTESIAN_POINT('',(1.563346854317,1.168699239628,
    16.162994473302));
#4342 = CARTESIAN_POINT('',(1.56431618747,1.168549935914,16.168754692465
    ));
#4343 = CARTESIAN_POINT('',(1.565320373908,1.168415232009,
    16.174468390474));
#4344 = CARTESIAN_POINT('',(1.567507462912,1.168159615025,16.18641118069
    ));
#4345 = CARTESIAN_POINT('',(1.568697967616,1.168041730936,
    16.192629488128));
#4346 = CARTESIAN_POINT('',(1.569927765446,1.167938687954,
    16.198788712358));
#4347 = CARTESIAN_POINT('',(1.571195153206,1.167849140415,
    16.204888397952));
#4348 = CARTESIAN_POINT('',(1.573936675923,1.167686900746,
    16.217593368014));
#4349 = CARTESIAN_POINT('',(1.575418636569,1.167616894193,
    16.224185680107));
#4350 = CARTESIAN_POINT('',(1.576942299075,1.167560527374,
    16.230705748875));
#4351 = CARTESIAN_POINT('',(1.578505707457,1.167516577386,
    16.237154123266));
#4352 = CARTESIAN_POINT('',(1.581866852688,1.167448323618,
    16.250540266341));
#4353 = CARTESIAN_POINT('',(1.58367246533,1.167426381154,16.257463303995
    ));
#4354 = CARTESIAN_POINT('',(1.585521548875,1.167416916738,
    16.264302115027));
#4355 = CARTESIAN_POINT('',(1.587411954083,1.167418827881,
    16.271058174153));
#4356 = CARTESIAN_POINT('',(1.591453278884,1.167444788201,
    16.285036813306));
#4357 = CARTESIAN_POINT('',(1.593611958242,1.167470894631,
    16.292243375674));
#4358 = CARTESIAN_POINT('',(1.595815255608,1.167508371398,
    16.299355086805));
#4359 = CARTESIAN_POINT('',(1.598060890384,1.167556234212,
    16.306374227093));
#4360 = CARTESIAN_POINT('',(1.603724513411,1.167698577866,
    16.323541234902));
#4361 = CARTESIAN_POINT('',(1.60719016474,1.167804379174,16.333582282924
    ));
#4362 = CARTESIAN_POINT('',(1.610737263173,1.167928538087,
    16.343433851681));
#4363 = CARTESIAN_POINT('',(1.61436016249,1.168069016779,16.353103210221
    ));
#4364 = CARTESIAN_POINT('',(1.618054093379,1.168224292149,16.3625973347)
  );
#4365 = ORIENTED_EDGE('',*,*,#4366,.F.);
#4366 = EDGE_CURVE('',#4367,#4228,#4369,.T.);
#4367 = VERTEX_POINT('',#4368);
#4368 = CARTESIAN_POINT('',(3.55000014018,1.490000017943,16.0000000014)
  );
#4369 = B_SPLINE_CURVE_WITH_KNOTS('',4,(#4370,#4371,#4372,#4373,#4374,
    #4375,#4376,#4377,#4378,#4379,#4380,#4381,#4382,#4383,#4384,#4385,
    #4386,#4387,#4388,#4389,#4390,#4391,#4392,#4393,#4394,#4395,#4396,
    #4397,#4398,#4399,#4400,#4401,#4402,#4403,#4404,#4405,#4406,#4407,
    #4408,#4409,#4410,#4411,#4412,#4413,#4414,#4415,#4416,#4417,#4418,
    #4419,#4420,#4421,#4422,#4423,#4424,#4425,#4426,#4427,#4428,#4429,
    #4430,#4431,#4432,#4433,#4434,#4435,#4436,#4437,#4438,#4439,#4440,
    #4441,#4442,#4443,#4444,#4445,#4446,#4447,#4448,#4449,#4450,#4451,
    #4452,#4453,#4454,#4455,#4456,#4457,#4458,#4459,#4460,#4461),
  .UNSPECIFIED.,.F.,.F.,(5,3,3,3,3,3,3,3,3,3,3,3,3,3,3,3,3,3,3,3,3,3,3,3
    ,3,3,3,3,3,3,5),(0.,3.714170918318E-02,7.41539861166E-02,
    0.110925962167,0.147363638217,0.183387613716,0.218929899901,
    0.253931241521,0.288339845902,0.322111978853,0.35521452423,
    0.38762927747,0.419358425173,0.450430347818,0.480904584461,
    0.510874564983,0.540466683085,0.569834705842,0.599149605634,
    0.628586432016,0.658310971726,0.688468830987,0.719178297168,
    0.750526860939,0.782570460807,0.815334471246,0.848815820143,
    0.882985996381,0.917794888809,0.95317535091,1.),.UNSPECIFIED.);
#4370 = CARTESIAN_POINT('',(3.55,1.49,16.));
#4371 = CARTESIAN_POINT('',(3.54999999774,1.488004926961,16.022935784359
    ));
#4372 = CARTESIAN_POINT('',(3.549298600246,1.486009748856,
    16.045871126253));
#4373 = CARTESIAN_POINT('',(3.54789586321,1.48401347115,16.068784017226)
  );
#4374 = CARTESIAN_POINT('',(3.543693587223,1.480023727469,16.1144411648)
  );
#4375 = CARTESIAN_POINT('',(3.540898929318,1.478030276212,
    16.137185711349));
#4376 = CARTESIAN_POINT('',(3.537406352607,1.476033797937,
    16.159864297164));
#4377 = CARTESIAN_POINT('',(3.529049395767,1.472045873717,
    16.204898381765));
#4378 = CARTESIAN_POINT('',(3.524194070292,1.470054479363,
    16.227254998372));
#4379 = CARTESIAN_POINT('',(3.518646722244,1.468058226726,
    16.249502713245));
#4380 = CARTESIAN_POINT('',(3.506219918878,1.464072350231,
    16.293533618448));
#4381 = CARTESIAN_POINT('',(3.499353037985,1.462082831201,
    16.315319165957));
#4382 = CARTESIAN_POINT('',(3.491801956874,1.460086728162,
    16.336953132614));
#4383 = CARTESIAN_POINT('',(3.4754188493,1.456102280427,16.379626611098)
  );
#4384 = CARTESIAN_POINT('',(3.466602351224,1.454114105218,
    16.400670053814));
#4385 = CARTESIAN_POINT('',(3.457111190205,1.452117723919,
    16.421518995298));
#4386 = CARTESIAN_POINT('',(3.436908834468,1.448133568781,
    16.462501505397));
#4387 = CARTESIAN_POINT('',(3.426215669637,1.446146037378,
    16.482640880651));
#4388 = CARTESIAN_POINT('',(3.41485930285,1.444148780657,16.502542035336
    ));
#4389 = CARTESIAN_POINT('',(3.390996893093,1.440163609844,
    16.541514841256));
#4390 = CARTESIAN_POINT('',(3.378511007824,1.4381760173,16.560594475824)
  );
#4391 = CARTESIAN_POINT('',(3.365375941467,1.436177293613,
    16.579390882746));
#4392 = CARTESIAN_POINT('',(3.338036531409,1.432189926646,
    16.616045687848));
#4393 = CARTESIAN_POINT('',(3.323854104105,1.430201687653,
    16.633914550506));
#4394 = CARTESIAN_POINT('',(3.309040109304,1.428201054917,
    16.651453571966));
#4395 = CARTESIAN_POINT('',(3.278434076693,1.424210660181,
    16.685490977589));
#4396 = CARTESIAN_POINT('',(3.262665254956,1.422221384316,
    16.702002584897));
#4397 = CARTESIAN_POINT('',(3.246287449942,1.420218650135,
    16.718136065203));
#4398 = CARTESIAN_POINT('',(3.212656138863,1.416224871617,
    16.749267264831));
#4399 = CARTESIAN_POINT('',(3.195426504817,1.4142343865,16.764281145631)
  );
#4400 = CARTESIAN_POINT('',(3.17761709803,1.412229659421,16.778867200168
    ));
#4401 = CARTESIAN_POINT('',(3.141235183213,1.408232646813,
    16.806818565828));
#4402 = CARTESIAN_POINT('',(3.122686304924,1.406240972986,16.82020294643
    ));
#4403 = CARTESIAN_POINT('',(3.103595335168,1.404234665006,
    16.833109039841));
#4404 = CARTESIAN_POINT('',(3.064770832168,1.400235016724,
    16.857628661101));
#4405 = CARTESIAN_POINT('',(3.045059523035,1.39824230511,16.869263782006
    ));
#4406 = CARTESIAN_POINT('',(3.024854175445,1.396235090727,16.88037051038
    ));
#4407 = CARTESIAN_POINT('',(2.983925615905,1.392233730818,
    16.901235372517));
#4408 = CARTESIAN_POINT('',(2.963221883262,1.390240180954,
    16.911016735493));
#4409 = CARTESIAN_POINT('',(2.942084276582,1.388232922194,
    16.920221614057));
#4410 = CARTESIAN_POINT('',(2.899415262344,1.38423094144,16.937244033754
    ));
#4411 = CARTESIAN_POINT('',(2.877899298923,1.382236724316,
    16.945084949448));
#4412 = CARTESIAN_POINT('',(2.85602295208,1.380230372927,16.952305549994
    ));
#4413 = CARTESIAN_POINT('',(2.811994907727,1.376228867533,
    16.965337758255));
#4414 = CARTESIAN_POINT('',(2.789853738313,1.374234077081,
    16.971170820566));
#4415 = CARTESIAN_POINT('',(2.767439146923,1.372229563446,
    16.976346778812));
#4416 = CARTESIAN_POINT('',(2.722443405211,1.36822949746,16.985283074203
    ));
#4417 = CARTESIAN_POINT('',(2.699867812814,1.366234144946,
    16.989060549989));
#4418 = CARTESIAN_POINT('',(2.677117667647,1.364232260346,
    16.992154196333));
#4419 = CARTESIAN_POINT('',(2.631547953909,1.360234361162,
    16.996930690923));
#4420 = CARTESIAN_POINT('',(2.608730030918,1.358238406068,
    16.998624118876));
#4421 = CARTESIAN_POINT('',(2.585844655506,1.356239687082,
    16.999619703746));
#4422 = CARTESIAN_POINT('',(2.540090723348,1.352244368258,
    17.000212128643));
#4423 = CARTESIAN_POINT('',(2.517221990573,1.350247757838,
    16.999811501426));
#4424 = CARTESIAN_POINT('',(2.49439564555,1.348252393401,16.998713200561
    ));
#4425 = CARTESIAN_POINT('',(2.448838552153,1.344259702109,
    16.995133456588));
#4426 = CARTESIAN_POINT('',(2.426108402859,1.34226238977,16.992646215968
    ));
#4427 = CARTESIAN_POINT('',(2.403527105928,1.340270183478,
    16.989475380321));
#4428 = CARTESIAN_POINT('',(2.358536497538,1.336279789753,
    16.981767638988));
#4429 = CARTESIAN_POINT('',(2.336130906198,1.334281726834,
    16.977217576017));
#4430 = CARTESIAN_POINT('',(2.313972094995,1.332292138644,
    16.972009970586));
#4431 = CARTESIAN_POINT('',(2.269905621207,1.328303392228,
    16.960247232038));
#4432 = CARTESIAN_POINT('',(2.248006298809,1.326304515295,
    16.953673444625));
#4433 = CARTESIAN_POINT('',(2.226440017431,1.324316774358,
    16.946477253987));
#4434 = CARTESIAN_POINT('',(2.18364441712,1.320328832678,16.930759194428
    ));
#4435 = CARTESIAN_POINT('',(2.162428515937,1.31832907124,16.922215388308
    ));
#4436 = CARTESIAN_POINT('',(2.141619263859,1.316342321853,16.91309043836
    ));
#4437 = CARTESIAN_POINT('',(2.100432082831,1.312354319548,
    16.893542985641));
#4438 = CARTESIAN_POINT('',(2.080072221272,1.310353629828,
    16.883097366899));
#4439 = CARTESIAN_POINT('',(2.060180525809,1.308367068848,
    16.872115532804));
#4440 = CARTESIAN_POINT('',(2.020931253016,1.304378284862,
    16.848892033353));
#4441 = CARTESIAN_POINT('',(2.001595386351,1.302376696415,
    16.836627802214));
#4442 = CARTESIAN_POINT('',(1.98277844996,1.300389676528,16.823874214503
    ));
#4443 = CARTESIAN_POINT('',(1.945788123423,1.296399662015,
    16.797157550851));
#4444 = CARTESIAN_POINT('',(1.927638797968,1.294397317556,16.78317372277
    ));
#4445 = CARTESIAN_POINT('',(1.910049939163,1.292409407486,
    16.768748221697));
#4446 = CARTESIAN_POINT('',(1.875628751741,1.288418052451,
    16.738752936141));
#4447 = CARTESIAN_POINT('',(1.858821489947,1.286415224462,
    16.723165024132));
#4448 = CARTESIAN_POINT('',(1.842608396302,1.284426226018,16.70718328671
    ));
#4449 = CARTESIAN_POINT('',(1.811051358695,1.280433755233,
    16.674156683033));
#4450 = CARTESIAN_POINT('',(1.795732215406,1.278430830284,
    16.657096729564));
#4451 = CARTESIAN_POINT('',(1.781034264602,1.276440755349,
    16.639690559221));
#4452 = CARTESIAN_POINT('',(1.752615487835,1.272447654857,
    16.603911901761));
#4453 = CARTESIAN_POINT('',(1.738918104781,1.270445085015,
    16.585527458846));
#4454 = CARTESIAN_POINT('',(1.725863207725,1.268454098089,
    16.566843888166));
#4455 = CARTESIAN_POINT('',(1.700829779352,1.26446098486,16.528621208924
    ));
#4456 = CARTESIAN_POINT('',(1.688872473585,1.262459214228,
    16.509073116295));
#4457 = CARTESIAN_POINT('',(1.677574027447,1.260467550274,
    16.489272236958));
#4458 = CARTESIAN_POINT('',(1.652846299766,1.255861345898,
    16.442737205923));
#4459 = CARTESIAN_POINT('',(1.639909954715,1.253253713797,
    16.415832187058));
#4460 = CARTESIAN_POINT('',(1.628115271561,1.250660049457,
    16.388587498882));
#4461 = CARTESIAN_POINT('',(1.617455308287,1.248078332911,
    16.361054563685));
#4462 = ORIENTED_EDGE('',*,*,#4463,.T.);
#4463 = EDGE_CURVE('',#4367,#4464,#4466,.T.);
#4464 = VERTEX_POINT('',#4465);
#4465 = CARTESIAN_POINT('',(3.550000140181,1.530000053829,16.0000000042)
  );
#4466 = B_SPLINE_CURVE_WITH_KNOTS('',1,(#4467,#4468),.UNSPECIFIED.,.F.,
  .F.,(2,2),(0.650000022429,0.700000067286),.PIECEWISE_BEZIER_KNOTS.);
#4467 = CARTESIAN_POINT('',(3.55,1.490000017943,16.));
#4468 = CARTESIAN_POINT('',(3.55,1.530000053829,16.));
#4469 = ORIENTED_EDGE('',*,*,#4470,.T.);
#4470 = EDGE_CURVE('',#4464,#4124,#4471,.T.);
#4471 = B_SPLINE_CURVE_WITH_KNOTS('',4,(#4472,#4473,#4474,#4475,#4476,
    #4477,#4478,#4479,#4480,#4481,#4482,#4483,#4484,#4485,#4486,#4487,
    #4488,#4489,#4490,#4491,#4492,#4493,#4494,#4495,#4496,#4497,#4498,
    #4499,#4500,#4501,#4502,#4503,#4504,#4505,#4506,#4507,#4508,#4509,
    #4510,#4511,#4512,#4513,#4514,#4515,#4516,#4517,#4518,#4519,#4520,
    #4521,#4522,#4523,#4524,#4525,#4526,#4527,#4528,#4529,#4530,#4531,
    #4532,#4533,#4534,#4535,#4536,#4537,#4538,#4539,#4540,#4541,#4542,
    #4543,#4544,#4545,#4546,#4547,#4548,#4549,#4550,#4551,#4552,#4553,
    #4554,#4555,#4556,#4557,#4558,#4559,#4560,#4561,#4562,#4563,#4564,
    #4565,#4566,#4567,#4568,#4569,#4570,#4571,#4572,#4573,#4574,#4575),
  .UNSPECIFIED.,.F.,.F.,(5,3,3,3,3,3,3,3,3,3,3,3,3,3,3,3,3,3,3,3,3,3,3,3
    ,3,3,3,3,3,3,3,3,3,3,5),(0.,2.027224022422E-02,4.985109762004E-02,
    7.984997933799E-02,0.109849805035,0.136052064464,0.166053191737,
    0.196054108691,0.226054323534,0.256053931871,0.285755548004,
    0.315755690696,0.345756436194,0.375757418571,0.40164117752,
    0.430241037873,0.460240459685,0.490239238237,0.519960465124,
    0.549959468827,0.579959215138,0.609738028627,0.639738930777,
    0.669739790454,0.699740155036,0.729739888522,0.758840186265,
    0.788840104164,0.818840819983,0.84884205398,0.874964937793,
    0.904965305429,0.93496453427,0.964963136408,1.),.UNSPECIFIED.);
#4472 = CARTESIAN_POINT('',(3.55,1.529999928226,15.9999999944));
#4473 = CARTESIAN_POINT('',(3.549999997,1.528378154205,16.031843672587)
  );
#4474 = CARTESIAN_POINT('',(3.548647977139,1.526756381714,
    16.063687311499));
#4475 = CARTESIAN_POINT('',(3.545943932052,1.52513459063,16.095444643784
    ));
#4476 = CARTESIAN_POINT('',(3.535996813653,1.521146450714,
    16.173115566122));
#4477 = CARTESIAN_POINT('',(3.527239777827,1.518780077638,
    16.218835417518));
#4478 = CARTESIAN_POINT('',(3.515662021848,1.516413680532,
    16.263923307126));
#4479 = CARTESIAN_POINT('',(3.486827042677,1.511647284254,
    16.352952526932));
#4480 = CARTESIAN_POINT('',(3.469491372243,1.509247278587,
    16.396868882844));
#4481 = CARTESIAN_POINT('',(3.449425453114,1.506847290139,
    16.439606960597));
#4482 = CARTESIAN_POINT('',(3.404101379522,1.502047290009,
    16.522236918224));
#4483 = CARTESIAN_POINT('',(3.378842853534,1.499647272436,
    16.562129097483));
#4484 = CARTESIAN_POINT('',(3.351122785876,1.497247282948,
    16.600352350334));
#4485 = CARTESIAN_POINT('',(3.294914108822,1.492751157471,
    16.668428759362));
#4486 = CARTESIAN_POINT('',(3.266966773795,1.490655010282,
    16.698729213022));
#4487 = CARTESIAN_POINT('',(3.237396239729,1.488558880161,
    16.727447927569));
#4488 = CARTESIAN_POINT('',(3.17078798552,1.484062736126,16.785393651108
    ));
#4489 = CARTESIAN_POINT('',(3.133288973802,1.481662722481,
    16.814090894597));
#4490 = CARTESIAN_POINT('',(3.094057688772,1.479262712405,
    16.840370228291));
#4491 = CARTESIAN_POINT('',(3.012615166257,1.474462704258,
    16.887810827891));
#4492 = CARTESIAN_POINT('',(2.970403559539,1.47206270039,16.908972352671
    ));
#4493 = CARTESIAN_POINT('',(2.926943638796,1.469662681756,
    16.927434253049));
#4494 = CARTESIAN_POINT('',(2.838056482756,1.464862669588,16.95877221453
    ));
#4495 = CARTESIAN_POINT('',(2.792628874871,1.462462670215,
    16.971648551773));
#4496 = CARTESIAN_POINT('',(2.74648086217,1.460062649238,16.981639411717
    ));
#4497 = CARTESIAN_POINT('',(2.653298702367,1.455262631226,
    16.995766012744));
#4498 = CARTESIAN_POINT('',(2.606264132473,1.452862628024,
    16.999901939334));
#4499 = CARTESIAN_POINT('',(2.559062477941,1.450462616437,17.0010686516)
  );
#4500 = CARTESIAN_POINT('',(2.465352458469,1.445686443387,
    16.997502617398));
#4501 = CARTESIAN_POINT('',(2.418841439138,1.443310276105,
    16.992828341681));
#4502 = CARTESIAN_POINT('',(2.372712094489,1.440934120114,
    16.985264277115));
#4503 = CARTESIAN_POINT('',(2.281289580653,1.436157965462,
    16.964373051753));
#4504 = CARTESIAN_POINT('',(2.236009039583,1.433757960886,
    16.950988631959));
#4505 = CARTESIAN_POINT('',(2.191660809941,1.431357977306,
    16.934780046462));
#4506 = CARTESIAN_POINT('',(2.105341242853,1.426558002472,
    16.896938899442));
#4507 = CARTESIAN_POINT('',(2.063369544065,1.424158005376,
    16.875306051226));
#4508 = CARTESIAN_POINT('',(2.022842913493,1.42175802183,16.851073585664
    ));
#4509 = CARTESIAN_POINT('',(1.945141567737,1.416958053492,
    16.797726240047));
#4510 = CARTESIAN_POINT('',(1.907966507648,1.414558062846,
    16.768611068602));
#4511 = CARTESIAN_POINT('',(1.872698212519,1.4121580708,16.737213116338)
  );
#4512 = CARTESIAN_POINT('',(1.810921003421,1.407687442723,
    16.674844709087));
#4513 = CARTESIAN_POINT('',(1.783874032089,1.405616805162,16.64440674654
    ));
#4514 = CARTESIAN_POINT('',(1.758519511863,1.403546155597,
    16.612545311433));
#4515 = CARTESIAN_POINT('',(1.70893172291,1.399187551642,16.54279132008)
  );
#4516 = CARTESIAN_POINT('',(1.685095079377,1.396899587077,
    16.504616410859));
#4517 = CARTESIAN_POINT('',(1.663592277867,1.394611603625,
    16.465080164108));
#4518 = CARTESIAN_POINT('',(1.624527163934,1.389923632174,
    16.381733673687));
#4519 = CARTESIAN_POINT('',(1.607209012143,1.38752363755,16.337808591563
    ));
#4520 = CARTESIAN_POINT('',(1.592690523132,1.385123619197,16.29288063904
    ));
#4521 = CARTESIAN_POINT('',(1.569391557095,1.380323602299,
    16.201562619811));
#4522 = CARTESIAN_POINT('',(1.560610848162,1.377923597725,
    16.155172152449));
#4523 = CARTESIAN_POINT('',(1.554767906073,1.375523579432,
    16.108321066517));
#4524 = CARTESIAN_POINT('',(1.549018665311,1.37074574429,16.014691686804
    ));
#4525 = CARTESIAN_POINT('',(1.549057913629,1.36836792193,15.967916307562
    ));
#4526 = CARTESIAN_POINT('',(1.552014296417,1.365990102716,
    15.921234387979));
#4527 = CARTESIAN_POINT('',(1.563747950997,1.361212270226,
    15.828164870624));
#4528 = CARTESIAN_POINT('',(1.572579422044,1.358812250869,
    15.781783657871));
#4529 = CARTESIAN_POINT('',(1.58431320978,1.356412250571,15.736050217809
    ));
#4530 = CARTESIAN_POINT('',(1.613413080963,1.351612239967,
    15.646410524272));
#4531 = CARTESIAN_POINT('',(1.630779439789,1.349212223681,15.60250389146
    ));
#4532 = CARTESIAN_POINT('',(1.650875590725,1.346812231601,
    15.559777397081));
#4533 = CARTESIAN_POINT('',(1.696090812644,1.342029970991,
    15.477479994784));
#4534 = CARTESIAN_POINT('',(1.721172013639,1.339647696082,
    15.437887776396));
#4535 = CARTESIAN_POINT('',(1.748678441897,1.337265440418,15.39994011265
    ));
#4536 = CARTESIAN_POINT('',(1.808415163383,1.332483193296,
    15.327487697321));
#4537 = CARTESIAN_POINT('',(1.840679435773,1.330083196581,
    15.293010395469));
#4538 = CARTESIAN_POINT('',(1.875050359579,1.327683207098,
    15.260632800748));
#4539 = CARTESIAN_POINT('',(1.947574230249,1.322883237075,
    15.200435082007));
#4540 = CARTESIAN_POINT('',(1.985727519409,1.320483250644,
    15.172614664679));
#4541 = CARTESIAN_POINT('',(2.025556512928,1.318083256342,
    15.147251585359));
#4542 = CARTESIAN_POINT('',(2.108074670631,1.313283285749,
    15.101711204696));
#4543 = CARTESIAN_POINT('',(2.150764179834,1.310883303638,
    15.081533603494));
#4544 = CARTESIAN_POINT('',(2.194639154636,1.30848330187,15.064083666638
    ));
#4545 = CARTESIAN_POINT('',(2.284226649963,1.30368331688,15.034813413659
    ));
#4546 = CARTESIAN_POINT('',(2.32993955575,1.30128332771,15.022992841432)
  );
#4547 = CARTESIAN_POINT('',(2.37630585342,1.298883320891,15.014073563567
    ));
#4548 = CARTESIAN_POINT('',(2.468388270684,1.294155251734,
    15.002288136289));
#4549 = CARTESIAN_POINT('',(2.51408258314,1.291827185147,14.999248471656
    ));
#4550 = CARTESIAN_POINT('',(2.559877245937,1.289499117419,
    14.999004559543));
#4551 = CARTESIAN_POINT('',(2.652567787773,1.284771036949,
    15.004158413738));
#4552 = CARTESIAN_POINT('',(2.699454388844,1.28237101822,15.009730847624
    ));
#4553 = CARTESIAN_POINT('',(2.74589724414,1.279971019026,15.018243967443
    ));
#4554 = CARTESIAN_POINT('',(2.837353180403,1.275171004694,
    15.041016733429));
#4555 = CARTESIAN_POINT('',(2.882366653917,1.272770983587,
    15.055276638735));
#4556 = CARTESIAN_POINT('',(2.92639328315,1.270370984005,15.072342246223
    ));
#4557 = CARTESIAN_POINT('',(3.011964839359,1.265570976006,
    15.111850589339));
#4558 = CARTESIAN_POINT('',(3.053510129545,1.263170961825,
    15.134293601324));
#4559 = CARTESIAN_POINT('',(3.093560191688,1.260770953146,
    15.159307871474));
#4560 = CARTESIAN_POINT('',(3.165259189878,1.256281189306,
    15.210607849684));
#4561 = CARTESIAN_POINT('',(3.19732510497,1.254191430807,15.236311330842
    ));
#4562 = CARTESIAN_POINT('',(3.227934380581,1.252101662422,
    15.263733203428));
#4563 = CARTESIAN_POINT('',(3.290285891461,1.247611910894,
    15.326058174339));
#4564 = CARTESIAN_POINT('',(3.321522187581,1.245211917632,
    15.361467858934));
#4565 = CARTESIAN_POINT('',(3.350466979575,1.242811897339,
    15.398773502131));
#4566 = CARTESIAN_POINT('',(3.403457718251,1.238011897022,
    15.476711894174));
#4567 = CARTESIAN_POINT('',(3.427504096436,1.235611911321,
    15.517344888329));
#4568 = CARTESIAN_POINT('',(3.448944694886,1.233211895725,
    15.559410762603));
#4569 = CARTESIAN_POINT('',(3.486391544307,1.228411890539,
    15.645893767984));
#4570 = CARTESIAN_POINT('',(3.502398081717,1.226011894466,
    15.690311253882));
#4571 = CARTESIAN_POINT('',(3.515576811102,1.223611901277,
    15.735648353902));
#4572 = CARTESIAN_POINT('',(3.537884318651,1.218408895832,
    15.835338540354));
#4573 = CARTESIAN_POINT('',(3.545961347267,1.215605879868,
    15.889927760293));
#4574 = CARTESIAN_POINT('',(3.549999994507,1.212802935645,
    15.944964051988));
#4575 = CARTESIAN_POINT('',(3.55,1.21,16.));
#4576 = ORIENTED_EDGE('',*,*,#4123,.F.);
#4577 = ORIENTED_EDGE('',*,*,#3372,.F.);
#4578 = ( BOUNDED_SURFACE() B_SPLINE_SURFACE(2,1,(
    (#4579,#4580)
    ,(#4581,#4582)
    ,(#4583,#4584)
    ,(#4585,#4586)
    ,(#4587,#4588)
    ,(#4589,#4590)
    ,(#4591,#4592
)),.UNSPECIFIED.,.T.,.F.,.F.) B_SPLINE_SURFACE_WITH_KNOTS((1,2,2,2,2,1),
  (2,2),(-2.094395102394,0.,2.094395102393,4.188790204786,6.28318530718,
    8.377580409573),(0.,0.700000067286),.UNSPECIFIED.) 
GEOMETRIC_REPRESENTATION_ITEM() RATIONAL_B_SPLINE_SURFACE((
    (1.,1.)
    ,(0.5,0.5)
    ,(1.,1.)
    ,(0.5,0.5)
    ,(1.,1.)
    ,(0.5,0.5)
,(1.,1.))) REPRESENTATION_ITEM('') SURFACE() );
#4579 = CARTESIAN_POINT('',(3.55,0.97,16.));
#4580 = CARTESIAN_POINT('',(3.55,1.530000053829,16.));
#4581 = CARTESIAN_POINT('',(3.55,0.97,14.267949192431));
#4582 = CARTESIAN_POINT('',(3.55,1.530000053829,14.267949192431));
#4583 = CARTESIAN_POINT('',(2.05,0.97,15.133974596216));
#4584 = CARTESIAN_POINT('',(2.05,1.530000053829,15.133974596216));
#4585 = CARTESIAN_POINT('',(0.55,0.97,16.));
#4586 = CARTESIAN_POINT('',(0.55,1.530000053829,16.));
#4587 = CARTESIAN_POINT('',(2.05,0.97,16.866025403784));
#4588 = CARTESIAN_POINT('',(2.05,1.530000053829,16.866025403784));
#4589 = CARTESIAN_POINT('',(3.55,0.97,17.732050807569));
#4590 = CARTESIAN_POINT('',(3.55,1.530000053829,17.732050807569));
#4591 = CARTESIAN_POINT('',(3.55,0.97,16.));
#4592 = CARTESIAN_POINT('',(3.55,1.530000053829,16.));
#4593 = ADVANCED_FACE('',(#4594),#4625,.T.);
#4594 = FACE_BOUND('',#4595,.T.);
#4595 = EDGE_LOOP('',(#4596,#4597,#4604,#4620));
#4596 = ORIENTED_EDGE('',*,*,#4470,.F.);
#4597 = ORIENTED_EDGE('',*,*,#4598,.T.);
#4598 = EDGE_CURVE('',#4464,#4599,#4601,.T.);
#4599 = VERTEX_POINT('',#4600);
#4600 = CARTESIAN_POINT('',(3.333493424766,1.630000424366,
    16.000000033108));
#4601 = B_SPLINE_CURVE_WITH_KNOTS('',1,(#4602,#4603),.UNSPECIFIED.,.F.,
  .F.,(2,2),(0.,0.25),.PIECEWISE_BEZIER_KNOTS.);
#4602 = CARTESIAN_POINT('',(3.549998990701,1.530000071774,16.0000000056)
  );
#4603 = CARTESIAN_POINT('',(3.333493200479,1.630000848732,
    16.000000066216));
#4604 = ORIENTED_EDGE('',*,*,#4605,.T.);
#4605 = EDGE_CURVE('',#4599,#4606,#4608,.T.);
#4606 = VERTEX_POINT('',#4607);
#4607 = CARTESIAN_POINT('',(3.333493424766,1.310000424366,
    16.000000033108));
#4608 = B_SPLINE_CURVE_WITH_KNOTS('',10,(#4609,#4610,#4611,#4612,#4613,
    #4614,#4615,#4616,#4617,#4618,#4619),.UNSPECIFIED.,.F.,.F.,(11,11),(
    0.,6.295904828089),.PIECEWISE_BEZIER_KNOTS.);
#4609 = CARTESIAN_POINT('',(3.333493649054,1.63,16.));
#4610 = CARTESIAN_POINT('',(3.333493030798,1.598001169772,
    16.492315490718));
#4611 = CARTESIAN_POINT('',(2.989854728012,1.566022382681,
    16.984300273588));
#4612 = CARTESIAN_POINT('',(2.302008321494,1.533938452364,
    17.206237842439));
#4613 = CARTESIAN_POINT('',(1.515976289616,1.502063943087,
    16.895220500461));
#4614 = CARTESIAN_POINT('',(1.100321361247,1.470000424572,
    16.000009341537));
#4615 = CARTESIAN_POINT('',(1.51604511485,1.437936905316,15.104765538705
    ));
#4616 = CARTESIAN_POINT('',(2.301942204044,1.406062396525,
    14.793767453628));
#4617 = CARTESIAN_POINT('',(2.989877825607,1.373978466016,
    15.015698900533));
#4618 = CARTESIAN_POINT('',(3.333493860324,1.341999678958,
    15.507684575498));
#4619 = CARTESIAN_POINT('',(3.333493200479,1.310000848732,
    16.000000066216));
#4620 = ORIENTED_EDGE('',*,*,#4621,.F.);
#4621 = EDGE_CURVE('',#4124,#4606,#4622,.T.);
#4622 = B_SPLINE_CURVE_WITH_KNOTS('',1,(#4623,#4624),.UNSPECIFIED.,.F.,
  .F.,(2,2),(0.,0.25),.PIECEWISE_BEZIER_KNOTS.);
#4623 = CARTESIAN_POINT('',(3.549998990701,1.210000071774,16.0000000056)
  );
#4624 = CARTESIAN_POINT('',(3.333493200479,1.310000848732,
    16.000000066216));
#4625 = B_SPLINE_SURFACE_WITH_KNOTS('',1,10,(
    (#4626,#4627,#4628,#4629,#4630,#4631,#4632,#4633,#4634,#4635,#4636)
    ,(#4637,#4638,#4639,#4640,#4641,#4642,#4643,#4644,#4645,#4646,#4647
    )),.UNSPECIFIED.,.F.,.F.,.F.,(2,2),(11,11),(0.,0.25),(0.,
    6.295904828089),.PIECEWISE_BEZIER_KNOTS.);
#4626 = CARTESIAN_POINT('',(3.55,1.53,16.));
#4627 = CARTESIAN_POINT('',(3.549998608924,1.498000098921,
    16.628320924264));
#4628 = CARTESIAN_POINT('',(3.111417190516,1.466001892784,
    17.256598174373));
#4629 = CARTESIAN_POINT('',(2.233395183283,1.43399479531,17.53887865721)
  );
#4630 = CARTESIAN_POINT('',(1.230458534405,1.402005407079,
    17.143250583753));
#4631 = CARTESIAN_POINT('',(0.699403894636,1.37000003635,16.000021151322
    ));
#4632 = CARTESIAN_POINT('',(1.230613227701,1.337994663955,
    14.856718193276));
#4633 = CARTESIAN_POINT('',(2.233246197964,1.306005276818,
    14.461133304468));
#4634 = CARTESIAN_POINT('',(3.111468980035,1.27399817891,14.743399886875
    ));
#4635 = CARTESIAN_POINT('',(3.550000385294,1.241999972848,
    15.371679081335));
#4636 = CARTESIAN_POINT('',(3.549998990701,1.210000071774,16.0000000056)
  );
#4637 = CARTESIAN_POINT('',(3.333493649054,1.63,16.));
#4638 = CARTESIAN_POINT('',(3.333493030798,1.598001169772,
    16.492315490718));
#4639 = CARTESIAN_POINT('',(2.989854728012,1.566022382681,
    16.984300273588));
#4640 = CARTESIAN_POINT('',(2.302008321494,1.533938452364,
    17.206237842439));
#4641 = CARTESIAN_POINT('',(1.515976289616,1.502063943087,
    16.895220500461));
#4642 = CARTESIAN_POINT('',(1.100321361247,1.470000424572,
    16.000009341537));
#4643 = CARTESIAN_POINT('',(1.51604511485,1.437936905316,15.104765538705
    ));
#4644 = CARTESIAN_POINT('',(2.301942204044,1.406062396525,
    14.793767453628));
#4645 = CARTESIAN_POINT('',(2.989877825607,1.373978466016,
    15.015698900533));
#4646 = CARTESIAN_POINT('',(3.333493860324,1.341999678958,
    15.507684575498));
#4647 = CARTESIAN_POINT('',(3.333493200479,1.310000848732,
    16.000000066216));
#4648 = ADVANCED_FACE('',(#4649),#4690,.T.);
#4649 = FACE_BOUND('',#4650,.T.);
#4650 = EDGE_LOOP('',(#4651,#4652,#4664,#4680));
#4651 = ORIENTED_EDGE('',*,*,#4605,.F.);
#4652 = ORIENTED_EDGE('',*,*,#4653,.T.);
#4653 = EDGE_CURVE('',#4599,#4654,#4656,.T.);
#4654 = VERTEX_POINT('',#4655);
#4655 = CARTESIAN_POINT('',(3.333493649055,1.710000424366,
    16.000000033108));
#4656 = ( BOUNDED_CURVE() B_SPLINE_CURVE(6,(#4657,#4658,#4659,#4660,
#4661,#4662,#4663),.UNSPECIFIED.,.F.,.F.) B_SPLINE_CURVE_WITH_KNOTS((7,7
),(0.,2.094395102393),.PIECEWISE_BEZIER_KNOTS.) CURVE() 
GEOMETRIC_REPRESENTATION_ITEM() RATIONAL_B_SPLINE_CURVE((1.056590953773,
    1.017435169568,0.996326512422,0.989390034249,0.996326512422,
1.017435169568,1.056590953773)) REPRESENTATION_ITEM('') );
#4657 = CARTESIAN_POINT('',(3.333493649054,1.63,16.));
#4658 = CARTESIAN_POINT('',(3.315369130164,1.638371356688,16.));
#4659 = CARTESIAN_POINT('',(3.302596729916,1.652540149093,16.));
#4660 = CARTESIAN_POINT('',(3.297980253375,1.67,16.));
#4661 = CARTESIAN_POINT('',(3.302596729916,1.687459850907,16.));
#4662 = CARTESIAN_POINT('',(3.315369130164,1.701628643312,16.));
#4663 = CARTESIAN_POINT('',(3.333493649054,1.71,16.));
#4664 = ORIENTED_EDGE('',*,*,#4665,.T.);
#4665 = EDGE_CURVE('',#4654,#4666,#4668,.T.);
#4666 = VERTEX_POINT('',#4667);
#4667 = CARTESIAN_POINT('',(3.333493649055,1.390000424366,
    16.000000033108));
#4668 = ( BOUNDED_CURVE() B_SPLINE_CURVE(10,(#4669,#4670,#4671,#4672,
    #4673,#4674,#4675,#4676,#4677,#4678,#4679),.UNSPECIFIED.,.F.,.F.) 
B_SPLINE_CURVE_WITH_KNOTS((11,11),(0.,6.295904828089),
.PIECEWISE_BEZIER_KNOTS.) CURVE() GEOMETRIC_REPRESENTATION_ITEM() 
RATIONAL_B_SPLINE_CURVE((1.056590953773,1.056590953773,1.056590953773,
    1.056590953773,1.056590953774,1.056590953773,1.056590953774,
    1.056590953773,1.056590953773,1.056590953773,1.056590953773)) 
REPRESENTATION_ITEM('') );
#4669 = CARTESIAN_POINT('',(3.333493649054,1.71,16.));
#4670 = CARTESIAN_POINT('',(3.333493649054,1.678001169772,
    16.492315631612));
#4671 = CARTESIAN_POINT('',(2.989866361178,1.646022382677,
    16.984300987207));
#4672 = CARTESIAN_POINT('',(2.301975140604,1.613938452343,
    17.206235528489));
#4673 = CARTESIAN_POINT('',(1.51601036875,1.582063943191,16.895227694214
    ));
#4674 = CARTESIAN_POINT('',(1.100320945917,1.550000424366,
    15.999999938643));
#4675 = CARTESIAN_POINT('',(1.516010444244,1.517936905541,
    15.104772218549));
#4676 = CARTESIAN_POINT('',(2.301975242688,1.486062396387,
    14.793764450487));
#4677 = CARTESIAN_POINT('',(2.989866444335,1.453978466054,15.01569904998
    ));
#4678 = CARTESIAN_POINT('',(3.333493690645,1.421999678959,
    15.507684434604));
#4679 = CARTESIAN_POINT('',(3.333493649056,1.390000848731,
    16.000000066216));
#4680 = ORIENTED_EDGE('',*,*,#4681,.F.);
#4681 = EDGE_CURVE('',#4606,#4666,#4682,.T.);
#4682 = ( BOUNDED_CURVE() B_SPLINE_CURVE(6,(#4683,#4684,#4685,#4686,
#4687,#4688,#4689),.UNSPECIFIED.,.F.,.F.) B_SPLINE_CURVE_WITH_KNOTS((7,7
),(0.,2.094395102393),.PIECEWISE_BEZIER_KNOTS.) CURVE() 
GEOMETRIC_REPRESENTATION_ITEM() RATIONAL_B_SPLINE_CURVE((1.056590953773,
    1.017435169568,0.996326512422,0.989390034249,0.996326512422,
1.017435169568,1.056590953773)) REPRESENTATION_ITEM('') );
#4683 = CARTESIAN_POINT('',(3.333493649054,1.31,16.));
#4684 = CARTESIAN_POINT('',(3.315369130164,1.318371356688,16.));
#4685 = CARTESIAN_POINT('',(3.302596729916,1.332540149093,16.));
#4686 = CARTESIAN_POINT('',(3.297980253375,1.35,16.));
#4687 = CARTESIAN_POINT('',(3.302596729916,1.367459850907,16.));
#4688 = CARTESIAN_POINT('',(3.315369130164,1.381628643312,16.));
#4689 = CARTESIAN_POINT('',(3.333493649054,1.39,16.));
#4690 = ( BOUNDED_SURFACE() B_SPLINE_SURFACE(6,10,(
    (#4691,#4692,#4693,#4694,#4695,#4696,#4697,#4698,#4699,#4700,#4701)
    ,(#4702,#4703,#4704,#4705,#4706,#4707,#4708,#4709,#4710,#4711,#4712)
    ,(#4713,#4714,#4715,#4716,#4717,#4718,#4719,#4720,#4721,#4722,#4723)
    ,(#4724,#4725,#4726,#4727,#4728,#4729,#4730,#4731,#4732,#4733,#4734)
    ,(#4735,#4736,#4737,#4738,#4739,#4740,#4741,#4742,#4743,#4744,#4745)
    ,(#4746,#4747,#4748,#4749,#4750,#4751,#4752,#4753,#4754,#4755,#4756)
    ,(#4757,#4758,#4759,#4760,#4761,#4762,#4763,#4764,#4765,#4766,#4767
)),.UNSPECIFIED.,.F.,.F.,.F.) B_SPLINE_SURFACE_WITH_KNOTS((7,7),(11,11),
  (0.,2.094395102393),(0.,6.295904828089),.PIECEWISE_BEZIER_KNOTS.) 
GEOMETRIC_REPRESENTATION_ITEM() RATIONAL_B_SPLINE_SURFACE((
    (1.056590953773,1.056590953773,1.056590953773,1.056590953773
      ,1.056590953774,1.056590953773,1.056590953774,1.056590953773
      ,1.056590953773,1.056590953773,1.056590953773)
    ,(1.017435169568,1.017435169568,1.017435169568,1.017435169568
      ,1.017435169569,1.017435169568,1.017435169569,1.017435169568
      ,1.017435169568,1.017435169568,1.017435169568)
    ,(0.996326512422,0.996326512422,0.996326512422,0.996326512422
      ,0.996326512423,0.996326512422,0.996326512423,0.996326512422
      ,0.996326512422,0.996326512422,0.996326512422)
    ,(0.989390034249,0.989390034249,0.989390034249,0.989390034248
      ,0.989390034249,0.989390034248,0.989390034249,0.989390034248
      ,0.989390034249,0.989390034249,0.989390034249)
    ,(0.996326512422,0.996326512422,0.996326512422,0.996326512422
      ,0.996326512423,0.996326512422,0.996326512423,0.996326512422
      ,0.996326512422,0.996326512422,0.996326512422)
    ,(1.017435169568,1.017435169568,1.017435169568,1.017435169568
      ,1.017435169569,1.017435169568,1.017435169568,1.017435169568
      ,1.017435169568,1.017435169568,1.017435169568)
    ,(1.056590953773,1.056590953773,1.056590953773,1.056590953773
      ,1.056590953774,1.056590953773,1.056590953774,1.056590953773
      ,1.056590953773,1.056590953773,1.056590953773
))) REPRESENTATION_ITEM('') SURFACE() );
#4691 = CARTESIAN_POINT('',(3.333493649054,1.63,16.));
#4692 = CARTESIAN_POINT('',(3.333493030798,1.598001169772,
    16.492315490718));
#4693 = CARTESIAN_POINT('',(2.989854728012,1.566022382681,
    16.984300273588));
#4694 = CARTESIAN_POINT('',(2.302008321493,1.533938452364,17.20623784244
    ));
#4695 = CARTESIAN_POINT('',(1.515976289617,1.502063943087,
    16.895220500461));
#4696 = CARTESIAN_POINT('',(1.100321361246,1.470000424572,
    16.000009341537));
#4697 = CARTESIAN_POINT('',(1.516045114851,1.437936905316,
    15.104765538705));
#4698 = CARTESIAN_POINT('',(2.301942204043,1.406062396525,
    14.793767453628));
#4699 = CARTESIAN_POINT('',(2.989877825607,1.373978466016,
    15.015698900534));
#4700 = CARTESIAN_POINT('',(3.333493860324,1.341999678958,
    15.507684575498));
#4701 = CARTESIAN_POINT('',(3.333493200479,1.310000848732,
    16.000000066216));
#4702 = CARTESIAN_POINT('',(3.315369130164,1.638371356688,16.));
#4703 = CARTESIAN_POINT('',(3.315368576603,1.606372616105,
    16.480929990761));
#4704 = CARTESIAN_POINT('',(2.979678300677,1.574395454651,
    16.961505245059));
#4705 = CARTESIAN_POINT('',(2.307752172028,1.542305092383,
    17.178391293345));
#4706 = CARTESIAN_POINT('',(1.539877999314,1.510440200034,
    16.874457017495));
#4707 = CARTESIAN_POINT('',(1.133883592401,1.478371813759,
    16.000008352897));
#4708 = CARTESIAN_POINT('',(1.539939636225,1.446303426822,
    15.125530466747));
#4709 = CARTESIAN_POINT('',(2.307692991743,1.414438534907,14.82161344472
    ));
#4710 = CARTESIAN_POINT('',(2.979698996369,1.382348172468,
    15.038494022225));
#4711 = CARTESIAN_POINT('',(3.315369326866,1.350371011043,
    15.519070080529));
#4712 = CARTESIAN_POINT('',(3.315368728529,1.318372270462,16.00000007129
    ));
#4713 = CARTESIAN_POINT('',(3.302596729916,1.652540149093,16.));
#4714 = CARTESIAN_POINT('',(3.302596285855,1.620541471682,
    16.472906610974));
#4715 = CARTESIAN_POINT('',(2.972508145759,1.588565455819,16.94544159709
    ));
#4716 = CARTESIAN_POINT('',(2.311796450055,1.556470560935,
    17.158767511445));
#4717 = CARTESIAN_POINT('',(1.556725125135,1.524612445674,
    16.859825675329));
#4718 = CARTESIAN_POINT('',(1.157534949659,1.492540629045,
    16.000006684238));
#4719 = CARTESIAN_POINT('',(1.556774589864,1.460468811884,
    15.140164261352));
#4720 = CARTESIAN_POINT('',(2.311749003419,1.428610696971,
    14.841236283776));
#4721 = CARTESIAN_POINT('',(2.972524769857,1.39651580195,15.05455782506)
  );
#4722 = CARTESIAN_POINT('',(3.302596898812,1.36453978611,15.527093463892
    ));
#4723 = CARTESIAN_POINT('',(3.302596407729,1.332541108702,
    16.000000074866));
#4724 = CARTESIAN_POINT('',(3.297980253375,1.67,16.));
#4725 = CARTESIAN_POINT('',(3.297979944247,1.638001345422,
    16.470006649628));
#4726 = CARTESIAN_POINT('',(2.96991834785,1.606025743624,16.939635636833
    ));
#4727 = CARTESIAN_POINT('',(2.313253102703,1.573929210461,
    17.151674303798));
#4728 = CARTESIAN_POINT('',(1.562819633066,1.542073544742,
    16.854538409398));
#4729 = CARTESIAN_POINT('',(1.166083469565,1.51000048819,16.000004630877
    ));
#4730 = CARTESIAN_POINT('',(1.562854094766,1.47792743127,15.145454553467
    ));
#4731 = CARTESIAN_POINT('',(2.313220110349,1.446071765793,
    14.848328330567));
#4732 = CARTESIAN_POINT('',(2.969929950713,1.413975232534,
    15.060363974405));
#4733 = CARTESIAN_POINT('',(3.297980386052,1.381999630752,
    15.529993426531));
#4734 = CARTESIAN_POINT('',(3.297980029089,1.350000976176,
    16.000000076158));
#4735 = CARTESIAN_POINT('',(3.302596729916,1.687459850907,16.));
#4736 = CARTESIAN_POINT('',(3.302596555721,1.655461173497,
    16.472906672474));
#4737 = CARTESIAN_POINT('',(2.972513223593,1.623485157633,
    16.945441908582));
#4738 = CARTESIAN_POINT('',(2.31178196672,1.591390262742,17.158766501414
    ));
#4739 = CARTESIAN_POINT('',(1.55674000055,1.559532147534,16.859828815376
    ));
#4740 = CARTESIAN_POINT('',(1.157534768369,1.52746033077,16.000002579911
    ));
#4741 = CARTESIAN_POINT('',(1.556759456274,1.495388513797,
    15.140167177079));
#4742 = CARTESIAN_POINT('',(2.311763424664,1.463530398726,
    14.841234972916));
#4743 = CARTESIAN_POINT('',(2.972519801974,1.431435503782,
    15.054557890292));
#4744 = CARTESIAN_POINT('',(3.302596824748,1.399459487926,
    15.527093402393));
#4745 = CARTESIAN_POINT('',(3.302596603531,1.367460810516,
    16.000000074866));
#4746 = CARTESIAN_POINT('',(3.315369130164,1.701628643312,16.));
#4747 = CARTESIAN_POINT('',(3.315369065468,1.669629902729,
    16.480930102168));
#4748 = CARTESIAN_POINT('',(2.979687499209,1.637652741272,
    16.961505809329));
#4749 = CARTESIAN_POINT('',(2.307725935365,1.605562378991,
    17.178389463667));
#4750 = CARTESIAN_POINT('',(1.539904946232,1.573697486739,
    16.874462705711));
#4751 = CARTESIAN_POINT('',(1.133883263993,1.54162910022,16.000000917878
    ));
#4752 = CARTESIAN_POINT('',(1.539912221619,1.509560713624,
    15.125535748606));
#4753 = CARTESIAN_POINT('',(2.307719115931,1.477695821422,
    14.821611070089));
#4754 = CARTESIAN_POINT('',(2.979689997014,1.445605459122,
    15.038494140394));
#4755 = CARTESIAN_POINT('',(3.315369192698,1.413628297668,
    15.519069969122));
#4756 = CARTESIAN_POINT('',(3.315369083226,1.381629557086,16.00000007129
    ));
#4757 = CARTESIAN_POINT('',(3.333493649054,1.71,16.));
#4758 = CARTESIAN_POINT('',(3.333493649054,1.678001169772,
    16.492315631612));
#4759 = CARTESIAN_POINT('',(2.989866361178,1.646022382677,
    16.984300987207));
#4760 = CARTESIAN_POINT('',(2.301975140604,1.613938452343,
    17.206235528489));
#4761 = CARTESIAN_POINT('',(1.51601036875,1.582063943191,16.895227694214
    ));
#4762 = CARTESIAN_POINT('',(1.100320945917,1.550000424366,
    15.999999938643));
#4763 = CARTESIAN_POINT('',(1.516010444244,1.517936905541,
    15.104772218549));
#4764 = CARTESIAN_POINT('',(2.301975242688,1.486062396387,
    14.793764450487));
#4765 = CARTESIAN_POINT('',(2.989866444335,1.453978466054,15.01569904998
    ));
#4766 = CARTESIAN_POINT('',(3.333493690645,1.421999678959,
    15.507684434604));
#4767 = CARTESIAN_POINT('',(3.333493649056,1.390000848731,
    16.000000066216));
#4768 = ADVANCED_FACE('',(#4769),#4798,.T.);
#4769 = FACE_BOUND('',#4770,.T.);
#4770 = EDGE_LOOP('',(#4771,#4772,#4779,#4793));
#4771 = ORIENTED_EDGE('',*,*,#4665,.F.);
#4772 = ORIENTED_EDGE('',*,*,#4773,.T.);
#4773 = EDGE_CURVE('',#4654,#4774,#4776,.T.);
#4774 = VERTEX_POINT('',#4775);
#4775 = CARTESIAN_POINT('',(3.550000280361,1.810000035886,16.0000000028)
  );
#4776 = B_SPLINE_CURVE_WITH_KNOTS('',1,(#4777,#4778),.UNSPECIFIED.,.F.,
  .F.,(2,2),(0.,0.25),.PIECEWISE_BEZIER_KNOTS.);
#4777 = CARTESIAN_POINT('',(3.333493649054,1.71,16.));
#4778 = CARTESIAN_POINT('',(3.55,1.81,16.));
#4779 = ORIENTED_EDGE('',*,*,#4780,.T.);
#4780 = EDGE_CURVE('',#4774,#4367,#4781,.T.);
#4781 = B_SPLINE_CURVE_WITH_KNOTS('',10,(#4782,#4783,#4784,#4785,#4786,
    #4787,#4788,#4789,#4790,#4791,#4792),.UNSPECIFIED.,.F.,.F.,(11,11),(
    0.,6.295904828089),.PIECEWISE_BEZIER_KNOTS.);
#4782 = CARTESIAN_POINT('',(3.55,1.81,16.));
#4783 = CARTESIAN_POINT('',(3.55000077282,1.778000098921,16.628321417394
    ));
#4784 = CARTESIAN_POINT('',(3.111457906599,1.746001892771,17.25660067204
    ));
#4785 = CARTESIAN_POINT('',(2.233279050168,1.713994795238,17.53887055838
    ));
#4786 = CARTESIAN_POINT('',(1.230577811371,1.682005407442,
    17.143275761891));
#4787 = CARTESIAN_POINT('',(0.699402440984,1.650000035628,
    15.999988241194));
#4788 = CARTESIAN_POINT('',(1.23049188058,1.61799466474,14.85674157273)
  );
#4789 = CARTESIAN_POINT('',(2.23336183322,1.586005276336,14.461122793477
    ));
#4790 = CARTESIAN_POINT('',(3.111429145582,1.553998179044,
    14.743400409936));
#4791 = CARTESIAN_POINT('',(3.549999791419,1.521999972853,
    15.371678588205));
#4792 = CARTESIAN_POINT('',(3.550000560722,1.490000071771,
    16.000000005599));
#4793 = ORIENTED_EDGE('',*,*,#4794,.F.);
#4794 = EDGE_CURVE('',#4666,#4367,#4795,.T.);
#4795 = B_SPLINE_CURVE_WITH_KNOTS('',1,(#4796,#4797),.UNSPECIFIED.,.F.,
  .F.,(2,2),(0.,0.25),.PIECEWISE_BEZIER_KNOTS.);
#4796 = CARTESIAN_POINT('',(3.333493649056,1.390000848731,
    16.000000066216));
#4797 = CARTESIAN_POINT('',(3.550000560722,1.490000071771,
    16.000000005599));
#4798 = B_SPLINE_SURFACE_WITH_KNOTS('',1,10,(
    (#4799,#4800,#4801,#4802,#4803,#4804,#4805,#4806,#4807,#4808,#4809)
    ,(#4810,#4811,#4812,#4813,#4814,#4815,#4816,#4817,#4818,#4819,#4820
    )),.UNSPECIFIED.,.F.,.F.,.F.,(2,2),(11,11),(0.,0.25),(0.,
    6.295904828089),.PIECEWISE_BEZIER_KNOTS.);
#4799 = CARTESIAN_POINT('',(3.333493649054,1.71,16.));
#4800 = CARTESIAN_POINT('',(3.333493649054,1.678001169772,
    16.492315631612));
#4801 = CARTESIAN_POINT('',(2.989866361178,1.646022382677,
    16.984300987207));
#4802 = CARTESIAN_POINT('',(2.301975140604,1.613938452343,
    17.206235528488));
#4803 = CARTESIAN_POINT('',(1.51601036875,1.582063943191,16.895227694214
    ));
#4804 = CARTESIAN_POINT('',(1.100320945918,1.550000424366,
    15.999999938643));
#4805 = CARTESIAN_POINT('',(1.516010444244,1.517936905541,
    15.104772218549));
#4806 = CARTESIAN_POINT('',(2.301975242688,1.486062396387,
    14.793764450487));
#4807 = CARTESIAN_POINT('',(2.989866444335,1.453978466054,
    15.015699049979));
#4808 = CARTESIAN_POINT('',(3.333493690645,1.421999678959,
    15.507684434604));
#4809 = CARTESIAN_POINT('',(3.333493649056,1.390000848731,
    16.000000066216));
#4810 = CARTESIAN_POINT('',(3.55,1.81,16.));
#4811 = CARTESIAN_POINT('',(3.55000077282,1.778000098921,16.628321417394
    ));
#4812 = CARTESIAN_POINT('',(3.111457906599,1.746001892771,17.25660067204
    ));
#4813 = CARTESIAN_POINT('',(2.233279050168,1.713994795238,17.53887055838
    ));
#4814 = CARTESIAN_POINT('',(1.230577811371,1.682005407442,
    17.143275761891));
#4815 = CARTESIAN_POINT('',(0.699402440984,1.650000035628,
    15.999988241194));
#4816 = CARTESIAN_POINT('',(1.23049188058,1.61799466474,14.85674157273)
  );
#4817 = CARTESIAN_POINT('',(2.23336183322,1.586005276336,14.461122793477
    ));
#4818 = CARTESIAN_POINT('',(3.111429145582,1.553998179044,
    14.743400409936));
#4819 = CARTESIAN_POINT('',(3.549999791419,1.521999972853,
    15.371678588205));
#4820 = CARTESIAN_POINT('',(3.550000560722,1.490000071771,
    16.000000005599));
#4821 = ADVANCED_FACE('',(#4822),#4847,.T.);
#4822 = FACE_BOUND('',#4823,.T.);
#4823 = EDGE_LOOP('',(#4824,#4825,#4832,#4846));
#4824 = ORIENTED_EDGE('',*,*,#4780,.F.);
#4825 = ORIENTED_EDGE('',*,*,#4826,.T.);
#4826 = EDGE_CURVE('',#4774,#4827,#4829,.T.);
#4827 = VERTEX_POINT('',#4828);
#4828 = CARTESIAN_POINT('',(3.549999593477,1.850000044858,16.0000000035)
  );
#4829 = B_SPLINE_CURVE_WITH_KNOTS('',1,(#4830,#4831),.UNSPECIFIED.,.F.,
  .F.,(2,2),(0.,5.E-02),.PIECEWISE_BEZIER_KNOTS.);
#4830 = CARTESIAN_POINT('',(3.55,1.81,16.));
#4831 = CARTESIAN_POINT('',(3.55,1.85,16.));
#4832 = ORIENTED_EDGE('',*,*,#4833,.T.);
#4833 = EDGE_CURVE('',#4827,#4464,#4834,.T.);
#4834 = B_SPLINE_CURVE_WITH_KNOTS('',10,(#4835,#4836,#4837,#4838,#4839,
    #4840,#4841,#4842,#4843,#4844,#4845),.UNSPECIFIED.,.F.,.F.,(11,11),(
    0.,6.295904828089),.PIECEWISE_BEZIER_KNOTS.);
#4835 = CARTESIAN_POINT('',(3.55,1.85,16.));
#4836 = CARTESIAN_POINT('',(3.550001081948,1.818000098921,
    16.628321487841));
#4837 = CARTESIAN_POINT('',(3.111463723182,1.78600189277,17.25660102885)
  );
#4838 = CARTESIAN_POINT('',(2.233262459723,1.753994795229,
    17.538869401405));
#4839 = CARTESIAN_POINT('',(1.230594850938,1.722005407494,
    17.143279358767));
#4840 = CARTESIAN_POINT('',(0.699402233319,1.690000035525,
    15.999983539747));
#4841 = CARTESIAN_POINT('',(1.230474545277,1.657994664852,
    14.856744912652));
#4842 = CARTESIAN_POINT('',(2.233378352543,1.626005276267,
    14.461121291906));
#4843 = CARTESIAN_POINT('',(3.111423454945,1.593998179063,
    14.743400484659));
#4844 = CARTESIAN_POINT('',(3.54999970658,1.561999972854,15.371678517758
    ));
#4845 = CARTESIAN_POINT('',(3.550000785011,1.530000071771,
    16.000000005599));
#4846 = ORIENTED_EDGE('',*,*,#4463,.F.);
#4847 = B_SPLINE_SURFACE_WITH_KNOTS('',1,10,(
    (#4848,#4849,#4850,#4851,#4852,#4853,#4854,#4855,#4856,#4857,#4858)
    ,(#4859,#4860,#4861,#4862,#4863,#4864,#4865,#4866,#4867,#4868,#4869
    )),.UNSPECIFIED.,.F.,.F.,.F.,(2,2),(11,11),(0.,5.E-02),(0.,
    6.295904828089),.PIECEWISE_BEZIER_KNOTS.);
#4848 = CARTESIAN_POINT('',(3.55,1.81,16.));
#4849 = CARTESIAN_POINT('',(3.55000077282,1.778000098921,16.628321417394
    ));
#4850 = CARTESIAN_POINT('',(3.111457906599,1.746001892771,17.25660067204
    ));
#4851 = CARTESIAN_POINT('',(2.233279050168,1.713994795238,17.53887055838
    ));
#4852 = CARTESIAN_POINT('',(1.230577811371,1.682005407442,
    17.143275761891));
#4853 = CARTESIAN_POINT('',(0.699402440984,1.650000035628,
    15.999988241194));
#4854 = CARTESIAN_POINT('',(1.23049188058,1.61799466474,14.85674157273)
  );
#4855 = CARTESIAN_POINT('',(2.23336183322,1.586005276336,14.461122793477
    ));
#4856 = CARTESIAN_POINT('',(3.111429145582,1.553998179044,
    14.743400409936));
#4857 = CARTESIAN_POINT('',(3.549999791419,1.521999972853,
    15.371678588205));
#4858 = CARTESIAN_POINT('',(3.550000560722,1.490000071771,
    16.000000005599));
#4859 = CARTESIAN_POINT('',(3.55,1.85,16.));
#4860 = CARTESIAN_POINT('',(3.550001081948,1.818000098921,
    16.628321487841));
#4861 = CARTESIAN_POINT('',(3.111463723182,1.78600189277,17.25660102885)
  );
#4862 = CARTESIAN_POINT('',(2.233262459723,1.753994795229,
    17.538869401405));
#4863 = CARTESIAN_POINT('',(1.230594850938,1.722005407494,
    17.143279358767));
#4864 = CARTESIAN_POINT('',(0.699402233319,1.690000035525,
    15.999983539747));
#4865 = CARTESIAN_POINT('',(1.230474545277,1.657994664852,
    14.856744912652));
#4866 = CARTESIAN_POINT('',(2.233378352543,1.626005276267,
    14.461121291906));
#4867 = CARTESIAN_POINT('',(3.111423454945,1.593998179063,
    14.743400484659));
#4868 = CARTESIAN_POINT('',(3.54999970658,1.561999972854,15.371678517758
    ));
#4869 = CARTESIAN_POINT('',(3.550000785011,1.530000071771,
    16.000000005599));
#4870 = ADVANCED_FACE('',(#4871),#4896,.T.);
#4871 = FACE_BOUND('',#4872,.T.);
#4872 = EDGE_LOOP('',(#4873,#4874,#4881,#4895));
#4873 = ORIENTED_EDGE('',*,*,#4833,.F.);
#4874 = ORIENTED_EDGE('',*,*,#4875,.T.);
#4875 = EDGE_CURVE('',#4827,#4876,#4878,.T.);
#4876 = VERTEX_POINT('',#4877);
#4877 = CARTESIAN_POINT('',(3.333493424766,1.950000424366,
    16.000000033108));
#4878 = B_SPLINE_CURVE_WITH_KNOTS('',1,(#4879,#4880),.UNSPECIFIED.,.F.,
  .F.,(2,2),(0.,0.25),.PIECEWISE_BEZIER_KNOTS.);
#4879 = CARTESIAN_POINT('',(3.55,1.85,16.));
#4880 = CARTESIAN_POINT('',(3.333493649054,1.95,16.));
#4881 = ORIENTED_EDGE('',*,*,#4882,.T.);
#4882 = EDGE_CURVE('',#4876,#4599,#4883,.T.);
#4883 = B_SPLINE_CURVE_WITH_KNOTS('',10,(#4884,#4885,#4886,#4887,#4888,
    #4889,#4890,#4891,#4892,#4893,#4894),.UNSPECIFIED.,.F.,.F.,(11,11),(
    0.,6.295904828089),.PIECEWISE_BEZIER_KNOTS.);
#4884 = CARTESIAN_POINT('',(3.333493649054,1.95,16.));
#4885 = CARTESIAN_POINT('',(3.333493030798,1.918001169772,
    16.492315490718));
#4886 = CARTESIAN_POINT('',(2.989854728012,1.886022382681,
    16.984300273588));
#4887 = CARTESIAN_POINT('',(2.302008321494,1.853938452364,
    17.206237842439));
#4888 = CARTESIAN_POINT('',(1.515976289616,1.822063943087,
    16.895220500461));
#4889 = CARTESIAN_POINT('',(1.100321361247,1.790000424572,
    16.000009341537));
#4890 = CARTESIAN_POINT('',(1.51604511485,1.757936905316,15.104765538705
    ));
#4891 = CARTESIAN_POINT('',(2.301942204044,1.726062396525,
    14.793767453628));
#4892 = CARTESIAN_POINT('',(2.989877825607,1.693978466016,
    15.015698900533));
#4893 = CARTESIAN_POINT('',(3.333493860324,1.661999678958,
    15.507684575498));
#4894 = CARTESIAN_POINT('',(3.333493200479,1.630000848732,
    16.000000066216));
#4895 = ORIENTED_EDGE('',*,*,#4598,.F.);
#4896 = B_SPLINE_SURFACE_WITH_KNOTS('',1,10,(
    (#4897,#4898,#4899,#4900,#4901,#4902,#4903,#4904,#4905,#4906,#4907)
    ,(#4908,#4909,#4910,#4911,#4912,#4913,#4914,#4915,#4916,#4917,#4918
    )),.UNSPECIFIED.,.F.,.F.,.F.,(2,2),(11,11),(0.,0.25),(0.,
    6.295904828089),.PIECEWISE_BEZIER_KNOTS.);
#4897 = CARTESIAN_POINT('',(3.55,1.85,16.));
#4898 = CARTESIAN_POINT('',(3.549998608924,1.818000098921,
    16.628320924264));
#4899 = CARTESIAN_POINT('',(3.111417190516,1.786001892784,
    17.256598174373));
#4900 = CARTESIAN_POINT('',(2.233395183283,1.75399479531,17.53887865721)
  );
#4901 = CARTESIAN_POINT('',(1.230458534405,1.722005407079,
    17.143250583753));
#4902 = CARTESIAN_POINT('',(0.699403894636,1.69000003635,16.000021151322
    ));
#4903 = CARTESIAN_POINT('',(1.230613227701,1.657994663955,
    14.856718193276));
#4904 = CARTESIAN_POINT('',(2.233246197964,1.626005276818,
    14.461133304468));
#4905 = CARTESIAN_POINT('',(3.111468980035,1.59399817891,14.743399886875
    ));
#4906 = CARTESIAN_POINT('',(3.550000385294,1.561999972848,
    15.371679081335));
#4907 = CARTESIAN_POINT('',(3.549998990701,1.530000071774,16.0000000056)
  );
#4908 = CARTESIAN_POINT('',(3.333493649054,1.95,16.));
#4909 = CARTESIAN_POINT('',(3.333493030798,1.918001169772,
    16.492315490718));
#4910 = CARTESIAN_POINT('',(2.989854728012,1.886022382681,
    16.984300273588));
#4911 = CARTESIAN_POINT('',(2.302008321494,1.853938452364,
    17.206237842439));
#4912 = CARTESIAN_POINT('',(1.515976289616,1.822063943087,
    16.895220500461));
#4913 = CARTESIAN_POINT('',(1.100321361247,1.790000424572,
    16.000009341537));
#4914 = CARTESIAN_POINT('',(1.51604511485,1.757936905316,15.104765538705
    ));
#4915 = CARTESIAN_POINT('',(2.301942204044,1.726062396525,
    14.793767453628));
#4916 = CARTESIAN_POINT('',(2.989877825607,1.693978466016,
    15.015698900533));
#4917 = CARTESIAN_POINT('',(3.333493860324,1.661999678958,
    15.507684575498));
#4918 = CARTESIAN_POINT('',(3.333493200479,1.630000848732,
    16.000000066216));
#4919 = ADVANCED_FACE('',(#4920),#4950,.T.);
#4920 = FACE_BOUND('',#4921,.T.);
#4921 = EDGE_LOOP('',(#4922,#4923,#4935,#4949));
#4922 = ORIENTED_EDGE('',*,*,#4882,.F.);
#4923 = ORIENTED_EDGE('',*,*,#4924,.T.);
#4924 = EDGE_CURVE('',#4876,#4925,#4927,.T.);
#4925 = VERTEX_POINT('',#4926);
#4926 = CARTESIAN_POINT('',(3.333493649055,2.030000424366,
    16.000000033108));
#4927 = ( BOUNDED_CURVE() B_SPLINE_CURVE(6,(#4928,#4929,#4930,#4931,
#4932,#4933,#4934),.UNSPECIFIED.,.F.,.F.) B_SPLINE_CURVE_WITH_KNOTS((7,7
),(0.,2.094395102393),.PIECEWISE_BEZIER_KNOTS.) CURVE() 
GEOMETRIC_REPRESENTATION_ITEM() RATIONAL_B_SPLINE_CURVE((1.056590953773,
    1.017435169568,0.996326512422,0.989390034249,0.996326512422,
1.017435169568,1.056590953773)) REPRESENTATION_ITEM('') );
#4928 = CARTESIAN_POINT('',(3.333493649054,1.95,16.));
#4929 = CARTESIAN_POINT('',(3.315369130164,1.958371356688,16.));
#4930 = CARTESIAN_POINT('',(3.302596729916,1.972540149093,16.));
#4931 = CARTESIAN_POINT('',(3.297980253375,1.99,16.));
#4932 = CARTESIAN_POINT('',(3.302596729916,2.007459850907,16.));
#4933 = CARTESIAN_POINT('',(3.315369130164,2.021628643312,16.));
#4934 = CARTESIAN_POINT('',(3.333493649054,2.03,16.));
#4935 = ORIENTED_EDGE('',*,*,#4936,.T.);
#4936 = EDGE_CURVE('',#4925,#4654,#4937,.T.);
#4937 = ( BOUNDED_CURVE() B_SPLINE_CURVE(10,(#4938,#4939,#4940,#4941,
    #4942,#4943,#4944,#4945,#4946,#4947,#4948),.UNSPECIFIED.,.F.,.F.) 
B_SPLINE_CURVE_WITH_KNOTS((11,11),(0.,6.295904828089),
.PIECEWISE_BEZIER_KNOTS.) CURVE() GEOMETRIC_REPRESENTATION_ITEM() 
RATIONAL_B_SPLINE_CURVE((1.056590953773,1.056590953773,1.056590953773,
    1.056590953773,1.056590953774,1.056590953773,1.056590953774,
    1.056590953773,1.056590953773,1.056590953773,1.056590953773)) 
REPRESENTATION_ITEM('') );
#4938 = CARTESIAN_POINT('',(3.333493649054,2.03,16.));
#4939 = CARTESIAN_POINT('',(3.333493649054,1.998001169772,
    16.492315631612));
#4940 = CARTESIAN_POINT('',(2.989866361178,1.966022382677,
    16.984300987207));
#4941 = CARTESIAN_POINT('',(2.301975140604,1.933938452343,
    17.206235528489));
#4942 = CARTESIAN_POINT('',(1.51601036875,1.902063943191,16.895227694214
    ));
#4943 = CARTESIAN_POINT('',(1.100320945917,1.870000424366,
    15.999999938643));
#4944 = CARTESIAN_POINT('',(1.516010444244,1.837936905541,
    15.104772218549));
#4945 = CARTESIAN_POINT('',(2.301975242688,1.806062396387,
    14.793764450487));
#4946 = CARTESIAN_POINT('',(2.989866444335,1.773978466054,15.01569904998
    ));
#4947 = CARTESIAN_POINT('',(3.333493690645,1.741999678959,
    15.507684434604));
#4948 = CARTESIAN_POINT('',(3.333493649056,1.710000848731,
    16.000000066216));
#4949 = ORIENTED_EDGE('',*,*,#4653,.F.);
#4950 = ( BOUNDED_SURFACE() B_SPLINE_SURFACE(6,10,(
    (#4951,#4952,#4953,#4954,#4955,#4956,#4957,#4958,#4959,#4960,#4961)
    ,(#4962,#4963,#4964,#4965,#4966,#4967,#4968,#4969,#4970,#4971,#4972)
    ,(#4973,#4974,#4975,#4976,#4977,#4978,#4979,#4980,#4981,#4982,#4983)
    ,(#4984,#4985,#4986,#4987,#4988,#4989,#4990,#4991,#4992,#4993,#4994)
    ,(#4995,#4996,#4997,#4998,#4999,#5000,#5001,#5002,#5003,#5004,#5005)
    ,(#5006,#5007,#5008,#5009,#5010,#5011,#5012,#5013,#5014,#5015,#5016)
    ,(#5017,#5018,#5019,#5020,#5021,#5022,#5023,#5024,#5025,#5026,#5027
)),.UNSPECIFIED.,.F.,.F.,.F.) B_SPLINE_SURFACE_WITH_KNOTS((7,7),(11,11),
  (0.,2.094395102393),(0.,6.295904828089),.PIECEWISE_BEZIER_KNOTS.) 
GEOMETRIC_REPRESENTATION_ITEM() RATIONAL_B_SPLINE_SURFACE((
    (1.056590953773,1.056590953773,1.056590953773,1.056590953773
      ,1.056590953774,1.056590953773,1.056590953774,1.056590953773
      ,1.056590953773,1.056590953773,1.056590953773)
    ,(1.017435169568,1.017435169568,1.017435169568,1.017435169568
      ,1.017435169569,1.017435169568,1.017435169569,1.017435169568
      ,1.017435169568,1.017435169568,1.017435169568)
    ,(0.996326512422,0.996326512422,0.996326512422,0.996326512422
      ,0.996326512423,0.996326512422,0.996326512423,0.996326512422
      ,0.996326512422,0.996326512422,0.996326512422)
    ,(0.989390034249,0.989390034249,0.989390034249,0.989390034248
      ,0.989390034249,0.989390034248,0.989390034249,0.989390034248
      ,0.989390034249,0.989390034249,0.989390034249)
    ,(0.996326512422,0.996326512422,0.996326512422,0.996326512422
      ,0.996326512423,0.996326512422,0.996326512423,0.996326512422
      ,0.996326512422,0.996326512422,0.996326512422)
    ,(1.017435169568,1.017435169568,1.017435169568,1.017435169568
      ,1.017435169569,1.017435169568,1.017435169568,1.017435169568
      ,1.017435169568,1.017435169568,1.017435169568)
    ,(1.056590953773,1.056590953773,1.056590953773,1.056590953773
      ,1.056590953774,1.056590953773,1.056590953774,1.056590953773
      ,1.056590953773,1.056590953773,1.056590953773
))) REPRESENTATION_ITEM('') SURFACE() );
#4951 = CARTESIAN_POINT('',(3.333493649054,1.95,16.));
#4952 = CARTESIAN_POINT('',(3.333493030798,1.918001169772,
    16.492315490718));
#4953 = CARTESIAN_POINT('',(2.989854728012,1.886022382681,
    16.984300273588));
#4954 = CARTESIAN_POINT('',(2.302008321493,1.853938452364,17.20623784244
    ));
#4955 = CARTESIAN_POINT('',(1.515976289617,1.822063943087,
    16.895220500461));
#4956 = CARTESIAN_POINT('',(1.100321361246,1.790000424572,
    16.000009341537));
#4957 = CARTESIAN_POINT('',(1.516045114851,1.757936905316,
    15.104765538705));
#4958 = CARTESIAN_POINT('',(2.301942204043,1.726062396525,
    14.793767453628));
#4959 = CARTESIAN_POINT('',(2.989877825607,1.693978466016,
    15.015698900534));
#4960 = CARTESIAN_POINT('',(3.333493860324,1.661999678958,
    15.507684575498));
#4961 = CARTESIAN_POINT('',(3.333493200479,1.630000848732,
    16.000000066216));
#4962 = CARTESIAN_POINT('',(3.315369130164,1.958371356688,16.));
#4963 = CARTESIAN_POINT('',(3.315368576603,1.926372616105,
    16.480929990761));
#4964 = CARTESIAN_POINT('',(2.979678300677,1.894395454651,
    16.961505245059));
#4965 = CARTESIAN_POINT('',(2.307752172028,1.862305092383,
    17.178391293345));
#4966 = CARTESIAN_POINT('',(1.539877999314,1.830440200034,
    16.874457017495));
#4967 = CARTESIAN_POINT('',(1.133883592401,1.798371813759,
    16.000008352897));
#4968 = CARTESIAN_POINT('',(1.539939636225,1.766303426822,
    15.125530466747));
#4969 = CARTESIAN_POINT('',(2.307692991743,1.734438534907,14.82161344472
    ));
#4970 = CARTESIAN_POINT('',(2.979698996369,1.702348172468,
    15.038494022225));
#4971 = CARTESIAN_POINT('',(3.315369326866,1.670371011043,
    15.519070080529));
#4972 = CARTESIAN_POINT('',(3.315368728529,1.638372270462,16.00000007129
    ));
#4973 = CARTESIAN_POINT('',(3.302596729916,1.972540149093,16.));
#4974 = CARTESIAN_POINT('',(3.302596285855,1.940541471682,
    16.472906610974));
#4975 = CARTESIAN_POINT('',(2.972508145759,1.908565455819,16.94544159709
    ));
#4976 = CARTESIAN_POINT('',(2.311796450055,1.876470560935,
    17.158767511445));
#4977 = CARTESIAN_POINT('',(1.556725125135,1.844612445674,
    16.859825675329));
#4978 = CARTESIAN_POINT('',(1.157534949659,1.812540629045,
    16.000006684238));
#4979 = CARTESIAN_POINT('',(1.556774589864,1.780468811884,
    15.140164261352));
#4980 = CARTESIAN_POINT('',(2.311749003419,1.748610696971,
    14.841236283776));
#4981 = CARTESIAN_POINT('',(2.972524769857,1.71651580195,15.05455782506)
  );
#4982 = CARTESIAN_POINT('',(3.302596898812,1.68453978611,15.527093463892
    ));
#4983 = CARTESIAN_POINT('',(3.302596407729,1.652541108702,
    16.000000074866));
#4984 = CARTESIAN_POINT('',(3.297980253375,1.99,16.));
#4985 = CARTESIAN_POINT('',(3.297979944247,1.958001345422,
    16.470006649628));
#4986 = CARTESIAN_POINT('',(2.96991834785,1.926025743624,16.939635636833
    ));
#4987 = CARTESIAN_POINT('',(2.313253102703,1.893929210461,
    17.151674303798));
#4988 = CARTESIAN_POINT('',(1.562819633066,1.862073544742,
    16.854538409398));
#4989 = CARTESIAN_POINT('',(1.166083469565,1.83000048819,16.000004630877
    ));
#4990 = CARTESIAN_POINT('',(1.562854094766,1.79792743127,15.145454553467
    ));
#4991 = CARTESIAN_POINT('',(2.313220110349,1.766071765793,
    14.848328330567));
#4992 = CARTESIAN_POINT('',(2.969929950713,1.733975232534,
    15.060363974405));
#4993 = CARTESIAN_POINT('',(3.297980386052,1.701999630752,
    15.529993426531));
#4994 = CARTESIAN_POINT('',(3.297980029089,1.670000976176,
    16.000000076158));
#4995 = CARTESIAN_POINT('',(3.302596729916,2.007459850907,16.));
#4996 = CARTESIAN_POINT('',(3.302596555721,1.975461173497,
    16.472906672474));
#4997 = CARTESIAN_POINT('',(2.972513223593,1.943485157633,
    16.945441908582));
#4998 = CARTESIAN_POINT('',(2.31178196672,1.911390262742,17.158766501414
    ));
#4999 = CARTESIAN_POINT('',(1.55674000055,1.879532147534,16.859828815376
    ));
#5000 = CARTESIAN_POINT('',(1.157534768369,1.84746033077,16.000002579911
    ));
#5001 = CARTESIAN_POINT('',(1.556759456274,1.815388513797,
    15.140167177079));
#5002 = CARTESIAN_POINT('',(2.311763424664,1.783530398726,
    14.841234972916));
#5003 = CARTESIAN_POINT('',(2.972519801974,1.751435503782,
    15.054557890292));
#5004 = CARTESIAN_POINT('',(3.302596824748,1.719459487926,
    15.527093402393));
#5005 = CARTESIAN_POINT('',(3.302596603531,1.687460810516,
    16.000000074866));
#5006 = CARTESIAN_POINT('',(3.315369130164,2.021628643312,16.));
#5007 = CARTESIAN_POINT('',(3.315369065468,1.989629902729,
    16.480930102168));
#5008 = CARTESIAN_POINT('',(2.979687499209,1.957652741272,
    16.961505809329));
#5009 = CARTESIAN_POINT('',(2.307725935365,1.925562378991,
    17.178389463667));
#5010 = CARTESIAN_POINT('',(1.539904946232,1.893697486739,
    16.874462705711));
#5011 = CARTESIAN_POINT('',(1.133883263993,1.86162910022,16.000000917878
    ));
#5012 = CARTESIAN_POINT('',(1.539912221619,1.829560713624,
    15.125535748606));
#5013 = CARTESIAN_POINT('',(2.307719115931,1.797695821422,
    14.821611070089));
#5014 = CARTESIAN_POINT('',(2.979689997014,1.765605459122,
    15.038494140394));
#5015 = CARTESIAN_POINT('',(3.315369192698,1.733628297668,
    15.519069969122));
#5016 = CARTESIAN_POINT('',(3.315369083226,1.701629557086,16.00000007129
    ));
#5017 = CARTESIAN_POINT('',(3.333493649054,2.03,16.));
#5018 = CARTESIAN_POINT('',(3.333493649054,1.998001169772,
    16.492315631612));
#5019 = CARTESIAN_POINT('',(2.989866361178,1.966022382677,
    16.984300987207));
#5020 = CARTESIAN_POINT('',(2.301975140604,1.933938452343,
    17.206235528489));
#5021 = CARTESIAN_POINT('',(1.51601036875,1.902063943191,16.895227694214
    ));
#5022 = CARTESIAN_POINT('',(1.100320945917,1.870000424366,
    15.999999938643));
#5023 = CARTESIAN_POINT('',(1.516010444244,1.837936905541,
    15.104772218549));
#5024 = CARTESIAN_POINT('',(2.301975242688,1.806062396387,
    14.793764450487));
#5025 = CARTESIAN_POINT('',(2.989866444335,1.773978466054,15.01569904998
    ));
#5026 = CARTESIAN_POINT('',(3.333493690645,1.741999678959,
    15.507684434604));
#5027 = CARTESIAN_POINT('',(3.333493649056,1.710000848731,
    16.000000066216));
#5028 = ADVANCED_FACE('',(#5029),#5054,.T.);
#5029 = FACE_BOUND('',#5030,.T.);
#5030 = EDGE_LOOP('',(#5031,#5032,#5039,#5053));
#5031 = ORIENTED_EDGE('',*,*,#4936,.F.);
#5032 = ORIENTED_EDGE('',*,*,#5033,.T.);
#5033 = EDGE_CURVE('',#4925,#5034,#5036,.T.);
#5034 = VERTEX_POINT('',#5035);
#5035 = CARTESIAN_POINT('',(3.550000280361,2.130000035886,16.0000000028)
  );
#5036 = B_SPLINE_CURVE_WITH_KNOTS('',1,(#5037,#5038),.UNSPECIFIED.,.F.,
  .F.,(2,2),(0.,0.25),.PIECEWISE_BEZIER_KNOTS.);
#5037 = CARTESIAN_POINT('',(3.333493649054,2.03,16.));
#5038 = CARTESIAN_POINT('',(3.55,2.13,16.));
#5039 = ORIENTED_EDGE('',*,*,#5040,.T.);
#5040 = EDGE_CURVE('',#5034,#4774,#5041,.T.);
#5041 = B_SPLINE_CURVE_WITH_KNOTS('',10,(#5042,#5043,#5044,#5045,#5046,
    #5047,#5048,#5049,#5050,#5051,#5052),.UNSPECIFIED.,.F.,.F.,(11,11),(
    0.,6.295904828089),.PIECEWISE_BEZIER_KNOTS.);
#5042 = CARTESIAN_POINT('',(3.55,2.13,16.));
#5043 = CARTESIAN_POINT('',(3.55000077282,2.098000098921,16.628321417394
    ));
#5044 = CARTESIAN_POINT('',(3.111457906599,2.066001892771,17.25660067204
    ));
#5045 = CARTESIAN_POINT('',(2.233279050168,2.033994795238,17.53887055838
    ));
#5046 = CARTESIAN_POINT('',(1.230577811371,2.002005407442,
    17.143275761891));
#5047 = CARTESIAN_POINT('',(0.699402440984,1.970000035628,
    15.999988241194));
#5048 = CARTESIAN_POINT('',(1.23049188058,1.93799466474,14.85674157273)
  );
#5049 = CARTESIAN_POINT('',(2.23336183322,1.906005276336,14.461122793477
    ));
#5050 = CARTESIAN_POINT('',(3.111429145582,1.873998179044,
    14.743400409936));
#5051 = CARTESIAN_POINT('',(3.549999791419,1.841999972853,
    15.371678588205));
#5052 = CARTESIAN_POINT('',(3.550000560722,1.810000071771,
    16.000000005599));
#5053 = ORIENTED_EDGE('',*,*,#4773,.F.);
#5054 = B_SPLINE_SURFACE_WITH_KNOTS('',1,10,(
    (#5055,#5056,#5057,#5058,#5059,#5060,#5061,#5062,#5063,#5064,#5065)
    ,(#5066,#5067,#5068,#5069,#5070,#5071,#5072,#5073,#5074,#5075,#5076
    )),.UNSPECIFIED.,.F.,.F.,.F.,(2,2),(11,11),(0.,0.25),(0.,
    6.295904828089),.PIECEWISE_BEZIER_KNOTS.);
#5055 = CARTESIAN_POINT('',(3.333493649054,2.03,16.));
#5056 = CARTESIAN_POINT('',(3.333493649054,1.998001169772,
    16.492315631612));
#5057 = CARTESIAN_POINT('',(2.989866361178,1.966022382677,
    16.984300987207));
#5058 = CARTESIAN_POINT('',(2.301975140604,1.933938452343,
    17.206235528488));
#5059 = CARTESIAN_POINT('',(1.51601036875,1.902063943191,16.895227694214
    ));
#5060 = CARTESIAN_POINT('',(1.100320945918,1.870000424366,
    15.999999938643));
#5061 = CARTESIAN_POINT('',(1.516010444244,1.837936905541,
    15.104772218549));
#5062 = CARTESIAN_POINT('',(2.301975242688,1.806062396387,
    14.793764450487));
#5063 = CARTESIAN_POINT('',(2.989866444335,1.773978466054,
    15.015699049979));
#5064 = CARTESIAN_POINT('',(3.333493690645,1.741999678959,
    15.507684434604));
#5065 = CARTESIAN_POINT('',(3.333493649056,1.710000848731,
    16.000000066216));
#5066 = CARTESIAN_POINT('',(3.55,2.13,16.));
#5067 = CARTESIAN_POINT('',(3.55000077282,2.098000098921,16.628321417394
    ));
#5068 = CARTESIAN_POINT('',(3.111457906599,2.066001892771,17.25660067204
    ));
#5069 = CARTESIAN_POINT('',(2.233279050168,2.033994795238,17.53887055838
    ));
#5070 = CARTESIAN_POINT('',(1.230577811371,2.002005407442,
    17.143275761891));
#5071 = CARTESIAN_POINT('',(0.699402440984,1.970000035628,
    15.999988241194));
#5072 = CARTESIAN_POINT('',(1.23049188058,1.93799466474,14.85674157273)
  );
#5073 = CARTESIAN_POINT('',(2.23336183322,1.906005276336,14.461122793477
    ));
#5074 = CARTESIAN_POINT('',(3.111429145582,1.873998179044,
    14.743400409936));
#5075 = CARTESIAN_POINT('',(3.549999791419,1.841999972853,
    15.371678588205));
#5076 = CARTESIAN_POINT('',(3.550000560722,1.810000071771,
    16.000000005599));
#5077 = ADVANCED_FACE('',(#5078),#5103,.T.);
#5078 = FACE_BOUND('',#5079,.T.);
#5079 = EDGE_LOOP('',(#5080,#5081,#5088,#5102));
#5080 = ORIENTED_EDGE('',*,*,#5040,.F.);
#5081 = ORIENTED_EDGE('',*,*,#5082,.T.);
#5082 = EDGE_CURVE('',#5034,#5083,#5085,.T.);
#5083 = VERTEX_POINT('',#5084);
#5084 = CARTESIAN_POINT('',(3.549999593477,2.170000044858,16.0000000035)
  );
#5085 = B_SPLINE_CURVE_WITH_KNOTS('',1,(#5086,#5087),.UNSPECIFIED.,.F.,
  .F.,(2,2),(0.,5.E-02),.PIECEWISE_BEZIER_KNOTS.);
#5086 = CARTESIAN_POINT('',(3.550000560722,2.130000071771,
    16.000000005599));
#5087 = CARTESIAN_POINT('',(3.550000785011,2.170000071771,
    16.000000005599));
#5088 = ORIENTED_EDGE('',*,*,#5089,.T.);
#5089 = EDGE_CURVE('',#5083,#4827,#5090,.T.);
#5090 = B_SPLINE_CURVE_WITH_KNOTS('',10,(#5091,#5092,#5093,#5094,#5095,
    #5096,#5097,#5098,#5099,#5100,#5101),.UNSPECIFIED.,.F.,.F.,(11,11),(
    0.,6.295904828089),.PIECEWISE_BEZIER_KNOTS.);
#5091 = CARTESIAN_POINT('',(3.55,2.17,16.));
#5092 = CARTESIAN_POINT('',(3.550001081948,2.138000098921,
    16.628321487841));
#5093 = CARTESIAN_POINT('',(3.111463723182,2.10600189277,17.25660102885)
  );
#5094 = CARTESIAN_POINT('',(2.233262459723,2.073994795229,
    17.538869401405));
#5095 = CARTESIAN_POINT('',(1.230594850938,2.042005407494,
    17.143279358767));
#5096 = CARTESIAN_POINT('',(0.699402233319,2.010000035525,
    15.999983539747));
#5097 = CARTESIAN_POINT('',(1.230474545277,1.977994664852,
    14.856744912652));
#5098 = CARTESIAN_POINT('',(2.233378352543,1.946005276267,
    14.461121291906));
#5099 = CARTESIAN_POINT('',(3.111423454945,1.913998179063,
    14.743400484659));
#5100 = CARTESIAN_POINT('',(3.54999970658,1.881999972854,15.371678517758
    ));
#5101 = CARTESIAN_POINT('',(3.550000785011,1.850000071771,
    16.000000005599));
#5102 = ORIENTED_EDGE('',*,*,#4826,.F.);
#5103 = B_SPLINE_SURFACE_WITH_KNOTS('',1,10,(
    (#5104,#5105,#5106,#5107,#5108,#5109,#5110,#5111,#5112,#5113,#5114)
    ,(#5115,#5116,#5117,#5118,#5119,#5120,#5121,#5122,#5123,#5124,#5125
    )),.UNSPECIFIED.,.F.,.F.,.F.,(2,2),(11,11),(0.,5.E-02),(0.,
    6.295904828089),.PIECEWISE_BEZIER_KNOTS.);
#5104 = CARTESIAN_POINT('',(3.55,2.13,16.));
#5105 = CARTESIAN_POINT('',(3.55000077282,2.098000098921,16.628321417394
    ));
#5106 = CARTESIAN_POINT('',(3.111457906599,2.066001892771,17.25660067204
    ));
#5107 = CARTESIAN_POINT('',(2.233279050168,2.033994795238,17.53887055838
    ));
#5108 = CARTESIAN_POINT('',(1.230577811371,2.002005407442,
    17.143275761891));
#5109 = CARTESIAN_POINT('',(0.699402440984,1.970000035628,
    15.999988241194));
#5110 = CARTESIAN_POINT('',(1.23049188058,1.93799466474,14.85674157273)
  );
#5111 = CARTESIAN_POINT('',(2.23336183322,1.906005276336,14.461122793477
    ));
#5112 = CARTESIAN_POINT('',(3.111429145582,1.873998179044,
    14.743400409936));
#5113 = CARTESIAN_POINT('',(3.549999791419,1.841999972853,
    15.371678588205));
#5114 = CARTESIAN_POINT('',(3.550000560722,1.810000071771,
    16.000000005599));
#5115 = CARTESIAN_POINT('',(3.55,2.17,16.));
#5116 = CARTESIAN_POINT('',(3.550001081948,2.138000098921,
    16.628321487841));
#5117 = CARTESIAN_POINT('',(3.111463723182,2.10600189277,17.25660102885)
  );
#5118 = CARTESIAN_POINT('',(2.233262459723,2.073994795229,
    17.538869401405));
#5119 = CARTESIAN_POINT('',(1.230594850938,2.042005407494,
    17.143279358767));
#5120 = CARTESIAN_POINT('',(0.699402233319,2.010000035525,
    15.999983539747));
#5121 = CARTESIAN_POINT('',(1.230474545277,1.977994664852,
    14.856744912652));
#5122 = CARTESIAN_POINT('',(2.233378352543,1.946005276267,
    14.461121291906));
#5123 = CARTESIAN_POINT('',(3.111423454945,1.913998179063,
    14.743400484659));
#5124 = CARTESIAN_POINT('',(3.54999970658,1.881999972854,15.371678517758
    ));
#5125 = CARTESIAN_POINT('',(3.550000785011,1.850000071771,
    16.000000005599));
#5126 = ADVANCED_FACE('',(#5127),#5152,.T.);
#5127 = FACE_BOUND('',#5128,.T.);
#5128 = EDGE_LOOP('',(#5129,#5130,#5137,#5151));
#5129 = ORIENTED_EDGE('',*,*,#5089,.F.);
#5130 = ORIENTED_EDGE('',*,*,#5131,.T.);
#5131 = EDGE_CURVE('',#5083,#5132,#5134,.T.);
#5132 = VERTEX_POINT('',#5133);
#5133 = CARTESIAN_POINT('',(3.333493424766,2.270000424366,
    16.000000033108));
#5134 = B_SPLINE_CURVE_WITH_KNOTS('',1,(#5135,#5136),.UNSPECIFIED.,.F.,
  .F.,(2,2),(0.,0.25),.PIECEWISE_BEZIER_KNOTS.);
#5135 = CARTESIAN_POINT('',(3.55,2.17,16.));
#5136 = CARTESIAN_POINT('',(3.333493649054,2.27,16.));
#5137 = ORIENTED_EDGE('',*,*,#5138,.T.);
#5138 = EDGE_CURVE('',#5132,#4876,#5139,.T.);
#5139 = B_SPLINE_CURVE_WITH_KNOTS('',10,(#5140,#5141,#5142,#5143,#5144,
    #5145,#5146,#5147,#5148,#5149,#5150),.UNSPECIFIED.,.F.,.F.,(11,11),(
    0.,6.295904828089),.PIECEWISE_BEZIER_KNOTS.);
#5140 = CARTESIAN_POINT('',(3.333493649054,2.27,16.));
#5141 = CARTESIAN_POINT('',(3.333493030798,2.238001169772,
    16.492315490718));
#5142 = CARTESIAN_POINT('',(2.989854728012,2.206022382681,
    16.984300273588));
#5143 = CARTESIAN_POINT('',(2.302008321494,2.173938452364,
    17.206237842439));
#5144 = CARTESIAN_POINT('',(1.515976289616,2.142063943087,
    16.895220500461));
#5145 = CARTESIAN_POINT('',(1.100321361247,2.110000424572,
    16.000009341537));
#5146 = CARTESIAN_POINT('',(1.51604511485,2.077936905316,15.104765538705
    ));
#5147 = CARTESIAN_POINT('',(2.301942204044,2.046062396525,
    14.793767453628));
#5148 = CARTESIAN_POINT('',(2.989877825607,2.013978466016,
    15.015698900533));
#5149 = CARTESIAN_POINT('',(3.333493860324,1.981999678958,
    15.507684575498));
#5150 = CARTESIAN_POINT('',(3.333493200479,1.950000848732,
    16.000000066216));
#5151 = ORIENTED_EDGE('',*,*,#4875,.F.);
#5152 = B_SPLINE_SURFACE_WITH_KNOTS('',1,10,(
    (#5153,#5154,#5155,#5156,#5157,#5158,#5159,#5160,#5161,#5162,#5163)
    ,(#5164,#5165,#5166,#5167,#5168,#5169,#5170,#5171,#5172,#5173,#5174
    )),.UNSPECIFIED.,.F.,.F.,.F.,(2,2),(11,11),(0.,0.25),(0.,
    6.295904828089),.PIECEWISE_BEZIER_KNOTS.);
#5153 = CARTESIAN_POINT('',(3.55,2.17,16.));
#5154 = CARTESIAN_POINT('',(3.549998608924,2.138000098921,
    16.628320924264));
#5155 = CARTESIAN_POINT('',(3.111417190516,2.106001892784,
    17.256598174373));
#5156 = CARTESIAN_POINT('',(2.233395183283,2.07399479531,17.53887865721)
  );
#5157 = CARTESIAN_POINT('',(1.230458534405,2.042005407079,
    17.143250583753));
#5158 = CARTESIAN_POINT('',(0.699403894636,2.01000003635,16.000021151322
    ));
#5159 = CARTESIAN_POINT('',(1.230613227701,1.977994663955,
    14.856718193276));
#5160 = CARTESIAN_POINT('',(2.233246197964,1.946005276818,
    14.461133304468));
#5161 = CARTESIAN_POINT('',(3.111468980035,1.91399817891,14.743399886875
    ));
#5162 = CARTESIAN_POINT('',(3.550000385294,1.881999972848,
    15.371679081335));
#5163 = CARTESIAN_POINT('',(3.549998990701,1.850000071774,16.0000000056)
  );
#5164 = CARTESIAN_POINT('',(3.333493649054,2.27,16.));
#5165 = CARTESIAN_POINT('',(3.333493030798,2.238001169772,
    16.492315490718));
#5166 = CARTESIAN_POINT('',(2.989854728012,2.206022382681,
    16.984300273588));
#5167 = CARTESIAN_POINT('',(2.302008321494,2.173938452364,
    17.206237842439));
#5168 = CARTESIAN_POINT('',(1.515976289616,2.142063943087,
    16.895220500461));
#5169 = CARTESIAN_POINT('',(1.100321361247,2.110000424572,
    16.000009341537));
#5170 = CARTESIAN_POINT('',(1.51604511485,2.077936905316,15.104765538705
    ));
#5171 = CARTESIAN_POINT('',(2.301942204044,2.046062396525,
    14.793767453628));
#5172 = CARTESIAN_POINT('',(2.989877825607,2.013978466016,
    15.015698900533));
#5173 = CARTESIAN_POINT('',(3.333493860324,1.981999678958,
    15.507684575498));
#5174 = CARTESIAN_POINT('',(3.333493200479,1.950000848732,
    16.000000066216));
#5175 = ADVANCED_FACE('',(#5176),#5206,.T.);
#5176 = FACE_BOUND('',#5177,.T.);
#5177 = EDGE_LOOP('',(#5178,#5179,#5191,#5205));
#5178 = ORIENTED_EDGE('',*,*,#5138,.F.);
#5179 = ORIENTED_EDGE('',*,*,#5180,.T.);
#5180 = EDGE_CURVE('',#5132,#5181,#5183,.T.);
#5181 = VERTEX_POINT('',#5182);
#5182 = CARTESIAN_POINT('',(3.333493649055,2.350000424366,
    16.000000033108));
#5183 = ( BOUNDED_CURVE() B_SPLINE_CURVE(6,(#5184,#5185,#5186,#5187,
#5188,#5189,#5190),.UNSPECIFIED.,.F.,.F.) B_SPLINE_CURVE_WITH_KNOTS((7,7
),(0.,2.094395102393),.PIECEWISE_BEZIER_KNOTS.) CURVE() 
GEOMETRIC_REPRESENTATION_ITEM() RATIONAL_B_SPLINE_CURVE((1.056590953773,
    1.017435169568,0.996326512422,0.989390034249,0.996326512422,
1.017435169568,1.056590953773)) REPRESENTATION_ITEM('') );
#5184 = CARTESIAN_POINT('',(3.333493649054,2.27,16.));
#5185 = CARTESIAN_POINT('',(3.315369130164,2.278371356688,16.));
#5186 = CARTESIAN_POINT('',(3.302596729916,2.292540149093,16.));
#5187 = CARTESIAN_POINT('',(3.297980253375,2.31,16.));
#5188 = CARTESIAN_POINT('',(3.302596729916,2.327459850907,16.));
#5189 = CARTESIAN_POINT('',(3.315369130164,2.341628643312,16.));
#5190 = CARTESIAN_POINT('',(3.333493649054,2.35,16.));
#5191 = ORIENTED_EDGE('',*,*,#5192,.T.);
#5192 = EDGE_CURVE('',#5181,#4925,#5193,.T.);
#5193 = ( BOUNDED_CURVE() B_SPLINE_CURVE(10,(#5194,#5195,#5196,#5197,
    #5198,#5199,#5200,#5201,#5202,#5203,#5204),.UNSPECIFIED.,.F.,.F.) 
B_SPLINE_CURVE_WITH_KNOTS((11,11),(0.,6.295904828089),
.PIECEWISE_BEZIER_KNOTS.) CURVE() GEOMETRIC_REPRESENTATION_ITEM() 
RATIONAL_B_SPLINE_CURVE((1.056590953773,1.056590953773,1.056590953773,
    1.056590953773,1.056590953774,1.056590953773,1.056590953774,
    1.056590953773,1.056590953773,1.056590953773,1.056590953773)) 
REPRESENTATION_ITEM('') );
#5194 = CARTESIAN_POINT('',(3.333493649054,2.35,16.));
#5195 = CARTESIAN_POINT('',(3.333493649054,2.318001169772,
    16.492315631612));
#5196 = CARTESIAN_POINT('',(2.989866361178,2.286022382677,
    16.984300987207));
#5197 = CARTESIAN_POINT('',(2.301975140604,2.253938452343,
    17.206235528489));
#5198 = CARTESIAN_POINT('',(1.51601036875,2.222063943191,16.895227694214
    ));
#5199 = CARTESIAN_POINT('',(1.100320945917,2.190000424366,
    15.999999938643));
#5200 = CARTESIAN_POINT('',(1.516010444244,2.157936905541,
    15.104772218549));
#5201 = CARTESIAN_POINT('',(2.301975242688,2.126062396387,
    14.793764450487));
#5202 = CARTESIAN_POINT('',(2.989866444335,2.093978466054,15.01569904998
    ));
#5203 = CARTESIAN_POINT('',(3.333493690645,2.061999678959,
    15.507684434604));
#5204 = CARTESIAN_POINT('',(3.333493649056,2.030000848731,
    16.000000066216));
#5205 = ORIENTED_EDGE('',*,*,#4924,.F.);
#5206 = ( BOUNDED_SURFACE() B_SPLINE_SURFACE(6,10,(
    (#5207,#5208,#5209,#5210,#5211,#5212,#5213,#5214,#5215,#5216,#5217)
    ,(#5218,#5219,#5220,#5221,#5222,#5223,#5224,#5225,#5226,#5227,#5228)
    ,(#5229,#5230,#5231,#5232,#5233,#5234,#5235,#5236,#5237,#5238,#5239)
    ,(#5240,#5241,#5242,#5243,#5244,#5245,#5246,#5247,#5248,#5249,#5250)
    ,(#5251,#5252,#5253,#5254,#5255,#5256,#5257,#5258,#5259,#5260,#5261)
    ,(#5262,#5263,#5264,#5265,#5266,#5267,#5268,#5269,#5270,#5271,#5272)
    ,(#5273,#5274,#5275,#5276,#5277,#5278,#5279,#5280,#5281,#5282,#5283
)),.UNSPECIFIED.,.F.,.F.,.F.) B_SPLINE_SURFACE_WITH_KNOTS((7,7),(11,11),
  (0.,2.094395102393),(0.,6.295904828089),.PIECEWISE_BEZIER_KNOTS.) 
GEOMETRIC_REPRESENTATION_ITEM() RATIONAL_B_SPLINE_SURFACE((
    (1.056590953773,1.056590953773,1.056590953773,1.056590953773
      ,1.056590953774,1.056590953773,1.056590953774,1.056590953773
      ,1.056590953773,1.056590953773,1.056590953773)
    ,(1.017435169568,1.017435169568,1.017435169568,1.017435169568
      ,1.017435169569,1.017435169568,1.017435169569,1.017435169568
      ,1.017435169568,1.017435169568,1.017435169568)
    ,(0.996326512422,0.996326512422,0.996326512422,0.996326512422
      ,0.996326512423,0.996326512422,0.996326512423,0.996326512422
      ,0.996326512422,0.996326512422,0.996326512422)
    ,(0.989390034249,0.989390034249,0.989390034249,0.989390034248
      ,0.989390034249,0.989390034248,0.989390034249,0.989390034248
      ,0.989390034249,0.989390034249,0.989390034249)
    ,(0.996326512422,0.996326512422,0.996326512422,0.996326512422
      ,0.996326512423,0.996326512422,0.996326512423,0.996326512422
      ,0.996326512422,0.996326512422,0.996326512422)
    ,(1.017435169568,1.017435169568,1.017435169568,1.017435169568
      ,1.017435169569,1.017435169568,1.017435169568,1.017435169568
      ,1.017435169568,1.017435169568,1.017435169568)
    ,(1.056590953773,1.056590953773,1.056590953773,1.056590953773
      ,1.056590953774,1.056590953773,1.056590953774,1.056590953773
      ,1.056590953773,1.056590953773,1.056590953773
))) REPRESENTATION_ITEM('') SURFACE() );
#5207 = CARTESIAN_POINT('',(3.333493649054,2.27,16.));
#5208 = CARTESIAN_POINT('',(3.333493030798,2.238001169772,
    16.492315490718));
#5209 = CARTESIAN_POINT('',(2.989854728012,2.206022382681,
    16.984300273588));
#5210 = CARTESIAN_POINT('',(2.302008321493,2.173938452364,17.20623784244
    ));
#5211 = CARTESIAN_POINT('',(1.515976289617,2.142063943087,
    16.895220500461));
#5212 = CARTESIAN_POINT('',(1.100321361246,2.110000424572,
    16.000009341537));
#5213 = CARTESIAN_POINT('',(1.516045114851,2.077936905316,
    15.104765538705));
#5214 = CARTESIAN_POINT('',(2.301942204043,2.046062396525,
    14.793767453628));
#5215 = CARTESIAN_POINT('',(2.989877825607,2.013978466016,
    15.015698900534));
#5216 = CARTESIAN_POINT('',(3.333493860324,1.981999678958,
    15.507684575498));
#5217 = CARTESIAN_POINT('',(3.333493200479,1.950000848732,
    16.000000066216));
#5218 = CARTESIAN_POINT('',(3.315369130164,2.278371356688,16.));
#5219 = CARTESIAN_POINT('',(3.315368576603,2.246372616105,
    16.480929990761));
#5220 = CARTESIAN_POINT('',(2.979678300677,2.214395454651,
    16.961505245059));
#5221 = CARTESIAN_POINT('',(2.307752172028,2.182305092383,
    17.178391293345));
#5222 = CARTESIAN_POINT('',(1.539877999314,2.150440200034,
    16.874457017495));
#5223 = CARTESIAN_POINT('',(1.133883592401,2.118371813759,
    16.000008352897));
#5224 = CARTESIAN_POINT('',(1.539939636225,2.086303426822,
    15.125530466747));
#5225 = CARTESIAN_POINT('',(2.307692991743,2.054438534907,14.82161344472
    ));
#5226 = CARTESIAN_POINT('',(2.979698996369,2.022348172468,
    15.038494022225));
#5227 = CARTESIAN_POINT('',(3.315369326866,1.990371011043,
    15.519070080529));
#5228 = CARTESIAN_POINT('',(3.315368728529,1.958372270462,16.00000007129
    ));
#5229 = CARTESIAN_POINT('',(3.302596729916,2.292540149093,16.));
#5230 = CARTESIAN_POINT('',(3.302596285855,2.260541471682,
    16.472906610974));
#5231 = CARTESIAN_POINT('',(2.972508145759,2.228565455819,16.94544159709
    ));
#5232 = CARTESIAN_POINT('',(2.311796450055,2.196470560935,
    17.158767511445));
#5233 = CARTESIAN_POINT('',(1.556725125135,2.164612445674,
    16.859825675329));
#5234 = CARTESIAN_POINT('',(1.157534949659,2.132540629045,
    16.000006684238));
#5235 = CARTESIAN_POINT('',(1.556774589864,2.100468811884,
    15.140164261352));
#5236 = CARTESIAN_POINT('',(2.311749003419,2.068610696971,
    14.841236283776));
#5237 = CARTESIAN_POINT('',(2.972524769857,2.03651580195,15.05455782506)
  );
#5238 = CARTESIAN_POINT('',(3.302596898812,2.00453978611,15.527093463892
    ));
#5239 = CARTESIAN_POINT('',(3.302596407729,1.972541108702,
    16.000000074866));
#5240 = CARTESIAN_POINT('',(3.297980253375,2.31,16.));
#5241 = CARTESIAN_POINT('',(3.297979944247,2.278001345422,
    16.470006649628));
#5242 = CARTESIAN_POINT('',(2.96991834785,2.246025743624,16.939635636833
    ));
#5243 = CARTESIAN_POINT('',(2.313253102703,2.213929210461,
    17.151674303798));
#5244 = CARTESIAN_POINT('',(1.562819633066,2.182073544742,
    16.854538409398));
#5245 = CARTESIAN_POINT('',(1.166083469565,2.15000048819,16.000004630877
    ));
#5246 = CARTESIAN_POINT('',(1.562854094766,2.11792743127,15.145454553467
    ));
#5247 = CARTESIAN_POINT('',(2.313220110349,2.086071765793,
    14.848328330567));
#5248 = CARTESIAN_POINT('',(2.969929950713,2.053975232534,
    15.060363974405));
#5249 = CARTESIAN_POINT('',(3.297980386052,2.021999630752,
    15.529993426531));
#5250 = CARTESIAN_POINT('',(3.297980029089,1.990000976176,
    16.000000076158));
#5251 = CARTESIAN_POINT('',(3.302596729916,2.327459850907,16.));
#5252 = CARTESIAN_POINT('',(3.302596555721,2.295461173497,
    16.472906672474));
#5253 = CARTESIAN_POINT('',(2.972513223593,2.263485157633,
    16.945441908582));
#5254 = CARTESIAN_POINT('',(2.31178196672,2.231390262742,17.158766501414
    ));
#5255 = CARTESIAN_POINT('',(1.55674000055,2.199532147534,16.859828815376
    ));
#5256 = CARTESIAN_POINT('',(1.157534768369,2.16746033077,16.000002579911
    ));
#5257 = CARTESIAN_POINT('',(1.556759456274,2.135388513797,
    15.140167177079));
#5258 = CARTESIAN_POINT('',(2.311763424664,2.103530398726,
    14.841234972916));
#5259 = CARTESIAN_POINT('',(2.972519801974,2.071435503782,
    15.054557890292));
#5260 = CARTESIAN_POINT('',(3.302596824748,2.039459487926,
    15.527093402393));
#5261 = CARTESIAN_POINT('',(3.302596603531,2.007460810516,
    16.000000074866));
#5262 = CARTESIAN_POINT('',(3.315369130164,2.341628643312,16.));
#5263 = CARTESIAN_POINT('',(3.315369065468,2.309629902729,
    16.480930102168));
#5264 = CARTESIAN_POINT('',(2.979687499209,2.277652741272,
    16.961505809329));
#5265 = CARTESIAN_POINT('',(2.307725935365,2.245562378991,
    17.178389463667));
#5266 = CARTESIAN_POINT('',(1.539904946232,2.213697486739,
    16.874462705711));
#5267 = CARTESIAN_POINT('',(1.133883263993,2.18162910022,16.000000917878
    ));
#5268 = CARTESIAN_POINT('',(1.539912221619,2.149560713624,
    15.125535748606));
#5269 = CARTESIAN_POINT('',(2.307719115931,2.117695821422,
    14.821611070089));
#5270 = CARTESIAN_POINT('',(2.979689997014,2.085605459122,
    15.038494140394));
#5271 = CARTESIAN_POINT('',(3.315369192698,2.053628297668,
    15.519069969122));
#5272 = CARTESIAN_POINT('',(3.315369083226,2.021629557086,16.00000007129
    ));
#5273 = CARTESIAN_POINT('',(3.333493649054,2.35,16.));
#5274 = CARTESIAN_POINT('',(3.333493649054,2.318001169772,
    16.492315631612));
#5275 = CARTESIAN_POINT('',(2.989866361178,2.286022382677,
    16.984300987207));
#5276 = CARTESIAN_POINT('',(2.301975140604,2.253938452343,
    17.206235528489));
#5277 = CARTESIAN_POINT('',(1.51601036875,2.222063943191,16.895227694214
    ));
#5278 = CARTESIAN_POINT('',(1.100320945917,2.190000424366,
    15.999999938643));
#5279 = CARTESIAN_POINT('',(1.516010444244,2.157936905541,
    15.104772218549));
#5280 = CARTESIAN_POINT('',(2.301975242688,2.126062396387,
    14.793764450487));
#5281 = CARTESIAN_POINT('',(2.989866444335,2.093978466054,15.01569904998
    ));
#5282 = CARTESIAN_POINT('',(3.333493690645,2.061999678959,
    15.507684434604));
#5283 = CARTESIAN_POINT('',(3.333493649056,2.030000848731,
    16.000000066216));
#5284 = ADVANCED_FACE('',(#5285),#5310,.T.);
#5285 = FACE_BOUND('',#5286,.T.);
#5286 = EDGE_LOOP('',(#5287,#5288,#5295,#5309));
#5287 = ORIENTED_EDGE('',*,*,#5192,.F.);
#5288 = ORIENTED_EDGE('',*,*,#5289,.T.);
#5289 = EDGE_CURVE('',#5181,#5290,#5292,.T.);
#5290 = VERTEX_POINT('',#5291);
#5291 = CARTESIAN_POINT('',(3.550000280361,2.450000035886,16.0000000028)
  );
#5292 = B_SPLINE_CURVE_WITH_KNOTS('',1,(#5293,#5294),.UNSPECIFIED.,.F.,
  .F.,(2,2),(0.,0.25),.PIECEWISE_BEZIER_KNOTS.);
#5293 = CARTESIAN_POINT('',(3.333493649054,2.35,16.));
#5294 = CARTESIAN_POINT('',(3.55,2.45,16.));
#5295 = ORIENTED_EDGE('',*,*,#5296,.T.);
#5296 = EDGE_CURVE('',#5290,#5034,#5297,.T.);
#5297 = B_SPLINE_CURVE_WITH_KNOTS('',10,(#5298,#5299,#5300,#5301,#5302,
    #5303,#5304,#5305,#5306,#5307,#5308),.UNSPECIFIED.,.F.,.F.,(11,11),(
    0.,6.295904828089),.PIECEWISE_BEZIER_KNOTS.);
#5298 = CARTESIAN_POINT('',(3.55,2.45,16.));
#5299 = CARTESIAN_POINT('',(3.55000077282,2.418000098921,16.628321417394
    ));
#5300 = CARTESIAN_POINT('',(3.111457906599,2.386001892771,17.25660067204
    ));
#5301 = CARTESIAN_POINT('',(2.233279050168,2.353994795238,17.53887055838
    ));
#5302 = CARTESIAN_POINT('',(1.230577811371,2.322005407442,
    17.143275761891));
#5303 = CARTESIAN_POINT('',(0.699402440984,2.290000035628,
    15.999988241194));
#5304 = CARTESIAN_POINT('',(1.23049188058,2.25799466474,14.85674157273)
  );
#5305 = CARTESIAN_POINT('',(2.23336183322,2.226005276336,14.461122793477
    ));
#5306 = CARTESIAN_POINT('',(3.111429145582,2.193998179044,
    14.743400409936));
#5307 = CARTESIAN_POINT('',(3.549999791419,2.161999972853,
    15.371678588205));
#5308 = CARTESIAN_POINT('',(3.550000560722,2.130000071771,
    16.000000005599));
#5309 = ORIENTED_EDGE('',*,*,#5033,.F.);
#5310 = B_SPLINE_SURFACE_WITH_KNOTS('',1,10,(
    (#5311,#5312,#5313,#5314,#5315,#5316,#5317,#5318,#5319,#5320,#5321)
    ,(#5322,#5323,#5324,#5325,#5326,#5327,#5328,#5329,#5330,#5331,#5332
    )),.UNSPECIFIED.,.F.,.F.,.F.,(2,2),(11,11),(0.,0.25),(0.,
    6.295904828089),.PIECEWISE_BEZIER_KNOTS.);
#5311 = CARTESIAN_POINT('',(3.333493649054,2.35,16.));
#5312 = CARTESIAN_POINT('',(3.333493649054,2.318001169772,
    16.492315631612));
#5313 = CARTESIAN_POINT('',(2.989866361178,2.286022382677,
    16.984300987207));
#5314 = CARTESIAN_POINT('',(2.301975140604,2.253938452343,
    17.206235528488));
#5315 = CARTESIAN_POINT('',(1.51601036875,2.222063943191,16.895227694214
    ));
#5316 = CARTESIAN_POINT('',(1.100320945918,2.190000424366,
    15.999999938643));
#5317 = CARTESIAN_POINT('',(1.516010444244,2.157936905541,
    15.104772218549));
#5318 = CARTESIAN_POINT('',(2.301975242688,2.126062396387,
    14.793764450487));
#5319 = CARTESIAN_POINT('',(2.989866444335,2.093978466054,
    15.015699049979));
#5320 = CARTESIAN_POINT('',(3.333493690645,2.061999678959,
    15.507684434604));
#5321 = CARTESIAN_POINT('',(3.333493649056,2.030000848731,
    16.000000066216));
#5322 = CARTESIAN_POINT('',(3.55,2.45,16.));
#5323 = CARTESIAN_POINT('',(3.55000077282,2.418000098921,16.628321417394
    ));
#5324 = CARTESIAN_POINT('',(3.111457906599,2.386001892771,17.25660067204
    ));
#5325 = CARTESIAN_POINT('',(2.233279050168,2.353994795238,17.53887055838
    ));
#5326 = CARTESIAN_POINT('',(1.230577811371,2.322005407442,
    17.143275761891));
#5327 = CARTESIAN_POINT('',(0.699402440984,2.290000035628,
    15.999988241194));
#5328 = CARTESIAN_POINT('',(1.23049188058,2.25799466474,14.85674157273)
  );
#5329 = CARTESIAN_POINT('',(2.23336183322,2.226005276336,14.461122793477
    ));
#5330 = CARTESIAN_POINT('',(3.111429145582,2.193998179044,
    14.743400409936));
#5331 = CARTESIAN_POINT('',(3.549999791419,2.161999972853,
    15.371678588205));
#5332 = CARTESIAN_POINT('',(3.550000560722,2.130000071771,
    16.000000005599));
#5333 = ADVANCED_FACE('',(#5334),#5359,.T.);
#5334 = FACE_BOUND('',#5335,.T.);
#5335 = EDGE_LOOP('',(#5336,#5337,#5344,#5358));
#5336 = ORIENTED_EDGE('',*,*,#5296,.F.);
#5337 = ORIENTED_EDGE('',*,*,#5338,.T.);
#5338 = EDGE_CURVE('',#5290,#5339,#5341,.T.);
#5339 = VERTEX_POINT('',#5340);
#5340 = CARTESIAN_POINT('',(3.549999593477,2.490000044858,16.0000000035)
  );
#5341 = B_SPLINE_CURVE_WITH_KNOTS('',1,(#5342,#5343),.UNSPECIFIED.,.F.,
  .F.,(2,2),(0.,5.E-02),.PIECEWISE_BEZIER_KNOTS.);
#5342 = CARTESIAN_POINT('',(3.55,2.45,16.));
#5343 = CARTESIAN_POINT('',(3.55,2.49,16.));
#5344 = ORIENTED_EDGE('',*,*,#5345,.T.);
#5345 = EDGE_CURVE('',#5339,#5083,#5346,.T.);
#5346 = B_SPLINE_CURVE_WITH_KNOTS('',10,(#5347,#5348,#5349,#5350,#5351,
    #5352,#5353,#5354,#5355,#5356,#5357),.UNSPECIFIED.,.F.,.F.,(11,11),(
    0.,6.295904828089),.PIECEWISE_BEZIER_KNOTS.);
#5347 = CARTESIAN_POINT('',(3.55,2.49,16.));
#5348 = CARTESIAN_POINT('',(3.550001081948,2.458000098921,
    16.628321487841));
#5349 = CARTESIAN_POINT('',(3.111463723182,2.42600189277,17.25660102885)
  );
#5350 = CARTESIAN_POINT('',(2.233262459723,2.393994795229,
    17.538869401405));
#5351 = CARTESIAN_POINT('',(1.230594850938,2.362005407494,
    17.143279358767));
#5352 = CARTESIAN_POINT('',(0.699402233319,2.330000035525,
    15.999983539747));
#5353 = CARTESIAN_POINT('',(1.230474545277,2.297994664852,
    14.856744912652));
#5354 = CARTESIAN_POINT('',(2.233378352543,2.266005276267,
    14.461121291906));
#5355 = CARTESIAN_POINT('',(3.111423454945,2.233998179063,
    14.743400484659));
#5356 = CARTESIAN_POINT('',(3.54999970658,2.201999972854,15.371678517758
    ));
#5357 = CARTESIAN_POINT('',(3.550000785011,2.170000071771,
    16.000000005599));
#5358 = ORIENTED_EDGE('',*,*,#5082,.F.);
#5359 = B_SPLINE_SURFACE_WITH_KNOTS('',1,10,(
    (#5360,#5361,#5362,#5363,#5364,#5365,#5366,#5367,#5368,#5369,#5370)
    ,(#5371,#5372,#5373,#5374,#5375,#5376,#5377,#5378,#5379,#5380,#5381
    )),.UNSPECIFIED.,.F.,.F.,.F.,(2,2),(11,11),(0.,5.E-02),(0.,
    6.295904828089),.PIECEWISE_BEZIER_KNOTS.);
#5360 = CARTESIAN_POINT('',(3.55,2.45,16.));
#5361 = CARTESIAN_POINT('',(3.55000077282,2.418000098921,16.628321417394
    ));
#5362 = CARTESIAN_POINT('',(3.111457906599,2.386001892771,17.25660067204
    ));
#5363 = CARTESIAN_POINT('',(2.233279050168,2.353994795238,17.53887055838
    ));
#5364 = CARTESIAN_POINT('',(1.230577811371,2.322005407442,
    17.143275761891));
#5365 = CARTESIAN_POINT('',(0.699402440984,2.290000035628,
    15.999988241194));
#5366 = CARTESIAN_POINT('',(1.23049188058,2.25799466474,14.85674157273)
  );
#5367 = CARTESIAN_POINT('',(2.23336183322,2.226005276336,14.461122793477
    ));
#5368 = CARTESIAN_POINT('',(3.111429145582,2.193998179044,
    14.743400409936));
#5369 = CARTESIAN_POINT('',(3.549999791419,2.161999972853,
    15.371678588205));
#5370 = CARTESIAN_POINT('',(3.550000560722,2.130000071771,
    16.000000005599));
#5371 = CARTESIAN_POINT('',(3.55,2.49,16.));
#5372 = CARTESIAN_POINT('',(3.550001081948,2.458000098921,
    16.628321487841));
#5373 = CARTESIAN_POINT('',(3.111463723182,2.42600189277,17.25660102885)
  );
#5374 = CARTESIAN_POINT('',(2.233262459723,2.393994795229,
    17.538869401405));
#5375 = CARTESIAN_POINT('',(1.230594850938,2.362005407494,
    17.143279358767));
#5376 = CARTESIAN_POINT('',(0.699402233319,2.330000035525,
    15.999983539747));
#5377 = CARTESIAN_POINT('',(1.230474545277,2.297994664852,
    14.856744912652));
#5378 = CARTESIAN_POINT('',(2.233378352543,2.266005276267,
    14.461121291906));
#5379 = CARTESIAN_POINT('',(3.111423454945,2.233998179063,
    14.743400484659));
#5380 = CARTESIAN_POINT('',(3.54999970658,2.201999972854,15.371678517758
    ));
#5381 = CARTESIAN_POINT('',(3.550000785011,2.170000071771,
    16.000000005599));
#5382 = ADVANCED_FACE('',(#5383),#5408,.T.);
#5383 = FACE_BOUND('',#5384,.T.);
#5384 = EDGE_LOOP('',(#5385,#5386,#5393,#5407));
#5385 = ORIENTED_EDGE('',*,*,#5345,.F.);
#5386 = ORIENTED_EDGE('',*,*,#5387,.T.);
#5387 = EDGE_CURVE('',#5339,#5388,#5390,.T.);
#5388 = VERTEX_POINT('',#5389);
#5389 = CARTESIAN_POINT('',(3.333493424766,2.590000424366,
    16.000000033108));
#5390 = B_SPLINE_CURVE_WITH_KNOTS('',1,(#5391,#5392),.UNSPECIFIED.,.F.,
  .F.,(2,2),(0.,0.25),.PIECEWISE_BEZIER_KNOTS.);
#5391 = CARTESIAN_POINT('',(3.549998990701,2.490000071774,16.0000000056)
  );
#5392 = CARTESIAN_POINT('',(3.333493200479,2.590000848732,
    16.000000066216));
#5393 = ORIENTED_EDGE('',*,*,#5394,.T.);
#5394 = EDGE_CURVE('',#5388,#5132,#5395,.T.);
#5395 = B_SPLINE_CURVE_WITH_KNOTS('',10,(#5396,#5397,#5398,#5399,#5400,
    #5401,#5402,#5403,#5404,#5405,#5406),.UNSPECIFIED.,.F.,.F.,(11,11),(
    0.,6.295904828089),.PIECEWISE_BEZIER_KNOTS.);
#5396 = CARTESIAN_POINT('',(3.333493649054,2.59,16.));
#5397 = CARTESIAN_POINT('',(3.333493030798,2.558001169772,
    16.492315490718));
#5398 = CARTESIAN_POINT('',(2.989854728012,2.526022382681,
    16.984300273588));
#5399 = CARTESIAN_POINT('',(2.302008321494,2.493938452364,
    17.206237842439));
#5400 = CARTESIAN_POINT('',(1.515976289616,2.462063943087,
    16.895220500461));
#5401 = CARTESIAN_POINT('',(1.100321361247,2.430000424572,
    16.000009341537));
#5402 = CARTESIAN_POINT('',(1.51604511485,2.397936905316,15.104765538705
    ));
#5403 = CARTESIAN_POINT('',(2.301942204044,2.366062396525,
    14.793767453628));
#5404 = CARTESIAN_POINT('',(2.989877825607,2.333978466016,
    15.015698900533));
#5405 = CARTESIAN_POINT('',(3.333493860324,2.301999678958,
    15.507684575498));
#5406 = CARTESIAN_POINT('',(3.333493200479,2.270000848732,
    16.000000066216));
#5407 = ORIENTED_EDGE('',*,*,#5131,.F.);
#5408 = B_SPLINE_SURFACE_WITH_KNOTS('',1,10,(
    (#5409,#5410,#5411,#5412,#5413,#5414,#5415,#5416,#5417,#5418,#5419)
    ,(#5420,#5421,#5422,#5423,#5424,#5425,#5426,#5427,#5428,#5429,#5430
    )),.UNSPECIFIED.,.F.,.F.,.F.,(2,2),(11,11),(0.,0.25),(0.,
    6.295904828089),.PIECEWISE_BEZIER_KNOTS.);
#5409 = CARTESIAN_POINT('',(3.55,2.49,16.));
#5410 = CARTESIAN_POINT('',(3.549998608924,2.458000098921,
    16.628320924264));
#5411 = CARTESIAN_POINT('',(3.111417190516,2.426001892784,
    17.256598174373));
#5412 = CARTESIAN_POINT('',(2.233395183283,2.39399479531,17.53887865721)
  );
#5413 = CARTESIAN_POINT('',(1.230458534405,2.362005407079,
    17.143250583753));
#5414 = CARTESIAN_POINT('',(0.699403894636,2.33000003635,16.000021151322
    ));
#5415 = CARTESIAN_POINT('',(1.230613227701,2.297994663955,
    14.856718193276));
#5416 = CARTESIAN_POINT('',(2.233246197964,2.266005276818,
    14.461133304468));
#5417 = CARTESIAN_POINT('',(3.111468980035,2.23399817891,14.743399886875
    ));
#5418 = CARTESIAN_POINT('',(3.550000385294,2.201999972848,
    15.371679081335));
#5419 = CARTESIAN_POINT('',(3.549998990701,2.170000071774,16.0000000056)
  );
#5420 = CARTESIAN_POINT('',(3.333493649054,2.59,16.));
#5421 = CARTESIAN_POINT('',(3.333493030798,2.558001169772,
    16.492315490718));
#5422 = CARTESIAN_POINT('',(2.989854728012,2.526022382681,
    16.984300273588));
#5423 = CARTESIAN_POINT('',(2.302008321494,2.493938452364,
    17.206237842439));
#5424 = CARTESIAN_POINT('',(1.515976289616,2.462063943087,
    16.895220500461));
#5425 = CARTESIAN_POINT('',(1.100321361247,2.430000424572,
    16.000009341537));
#5426 = CARTESIAN_POINT('',(1.51604511485,2.397936905316,15.104765538705
    ));
#5427 = CARTESIAN_POINT('',(2.301942204044,2.366062396525,
    14.793767453628));
#5428 = CARTESIAN_POINT('',(2.989877825607,2.333978466016,
    15.015698900533));
#5429 = CARTESIAN_POINT('',(3.333493860324,2.301999678958,
    15.507684575498));
#5430 = CARTESIAN_POINT('',(3.333493200479,2.270000848732,
    16.000000066216));
#5431 = ADVANCED_FACE('',(#5432),#5462,.T.);
#5432 = FACE_BOUND('',#5433,.T.);
#5433 = EDGE_LOOP('',(#5434,#5435,#5447,#5461));
#5434 = ORIENTED_EDGE('',*,*,#5394,.F.);
#5435 = ORIENTED_EDGE('',*,*,#5436,.T.);
#5436 = EDGE_CURVE('',#5388,#5437,#5439,.T.);
#5437 = VERTEX_POINT('',#5438);
#5438 = CARTESIAN_POINT('',(3.333493649055,2.670000424366,
    16.000000033108));
#5439 = ( BOUNDED_CURVE() B_SPLINE_CURVE(6,(#5440,#5441,#5442,#5443,
#5444,#5445,#5446),.UNSPECIFIED.,.F.,.F.) B_SPLINE_CURVE_WITH_KNOTS((7,7
),(0.,2.094395102393),.PIECEWISE_BEZIER_KNOTS.) CURVE() 
GEOMETRIC_REPRESENTATION_ITEM() RATIONAL_B_SPLINE_CURVE((1.056590953773,
    1.017435169568,0.996326512422,0.989390034249,0.996326512422,
1.017435169568,1.056590953773)) REPRESENTATION_ITEM('') );
#5440 = CARTESIAN_POINT('',(3.333493649054,2.59,16.));
#5441 = CARTESIAN_POINT('',(3.315369130164,2.598371356688,16.));
#5442 = CARTESIAN_POINT('',(3.302596729916,2.612540149093,16.));
#5443 = CARTESIAN_POINT('',(3.297980253375,2.63,16.));
#5444 = CARTESIAN_POINT('',(3.302596729916,2.647459850907,16.));
#5445 = CARTESIAN_POINT('',(3.315369130164,2.661628643312,16.));
#5446 = CARTESIAN_POINT('',(3.333493649054,2.67,16.));
#5447 = ORIENTED_EDGE('',*,*,#5448,.T.);
#5448 = EDGE_CURVE('',#5437,#5181,#5449,.T.);
#5449 = ( BOUNDED_CURVE() B_SPLINE_CURVE(10,(#5450,#5451,#5452,#5453,
    #5454,#5455,#5456,#5457,#5458,#5459,#5460),.UNSPECIFIED.,.F.,.F.) 
B_SPLINE_CURVE_WITH_KNOTS((11,11),(0.,6.295904828089),
.PIECEWISE_BEZIER_KNOTS.) CURVE() GEOMETRIC_REPRESENTATION_ITEM() 
RATIONAL_B_SPLINE_CURVE((1.056590953773,1.056590953773,1.056590953773,
    1.056590953773,1.056590953774,1.056590953773,1.056590953774,
    1.056590953773,1.056590953773,1.056590953773,1.056590953773)) 
REPRESENTATION_ITEM('') );
#5450 = CARTESIAN_POINT('',(3.333493649054,2.67,16.));
#5451 = CARTESIAN_POINT('',(3.333493649054,2.638001169772,
    16.492315631612));
#5452 = CARTESIAN_POINT('',(2.989866361178,2.606022382677,
    16.984300987207));
#5453 = CARTESIAN_POINT('',(2.301975140604,2.573938452343,
    17.206235528489));
#5454 = CARTESIAN_POINT('',(1.51601036875,2.542063943191,16.895227694214
    ));
#5455 = CARTESIAN_POINT('',(1.100320945917,2.510000424366,
    15.999999938643));
#5456 = CARTESIAN_POINT('',(1.516010444244,2.477936905541,
    15.104772218549));
#5457 = CARTESIAN_POINT('',(2.301975242688,2.446062396387,
    14.793764450487));
#5458 = CARTESIAN_POINT('',(2.989866444335,2.413978466054,15.01569904998
    ));
#5459 = CARTESIAN_POINT('',(3.333493690645,2.381999678959,
    15.507684434604));
#5460 = CARTESIAN_POINT('',(3.333493649056,2.350000848731,
    16.000000066216));
#5461 = ORIENTED_EDGE('',*,*,#5180,.F.);
#5462 = ( BOUNDED_SURFACE() B_SPLINE_SURFACE(6,10,(
    (#5463,#5464,#5465,#5466,#5467,#5468,#5469,#5470,#5471,#5472,#5473)
    ,(#5474,#5475,#5476,#5477,#5478,#5479,#5480,#5481,#5482,#5483,#5484)
    ,(#5485,#5486,#5487,#5488,#5489,#5490,#5491,#5492,#5493,#5494,#5495)
    ,(#5496,#5497,#5498,#5499,#5500,#5501,#5502,#5503,#5504,#5505,#5506)
    ,(#5507,#5508,#5509,#5510,#5511,#5512,#5513,#5514,#5515,#5516,#5517)
    ,(#5518,#5519,#5520,#5521,#5522,#5523,#5524,#5525,#5526,#5527,#5528)
    ,(#5529,#5530,#5531,#5532,#5533,#5534,#5535,#5536,#5537,#5538,#5539
)),.UNSPECIFIED.,.F.,.F.,.F.) B_SPLINE_SURFACE_WITH_KNOTS((7,7),(11,11),
  (0.,2.094395102393),(0.,6.295904828089),.PIECEWISE_BEZIER_KNOTS.) 
GEOMETRIC_REPRESENTATION_ITEM() RATIONAL_B_SPLINE_SURFACE((
    (1.056590953773,1.056590953773,1.056590953773,1.056590953773
      ,1.056590953774,1.056590953773,1.056590953774,1.056590953773
      ,1.056590953773,1.056590953773,1.056590953773)
    ,(1.017435169568,1.017435169568,1.017435169568,1.017435169568
      ,1.017435169569,1.017435169568,1.017435169569,1.017435169568
      ,1.017435169568,1.017435169568,1.017435169568)
    ,(0.996326512422,0.996326512422,0.996326512422,0.996326512422
      ,0.996326512423,0.996326512422,0.996326512423,0.996326512422
      ,0.996326512422,0.996326512422,0.996326512422)
    ,(0.989390034249,0.989390034249,0.989390034249,0.989390034248
      ,0.989390034249,0.989390034248,0.989390034249,0.989390034248
      ,0.989390034249,0.989390034249,0.989390034249)
    ,(0.996326512422,0.996326512422,0.996326512422,0.996326512422
      ,0.996326512423,0.996326512422,0.996326512423,0.996326512422
      ,0.996326512422,0.996326512422,0.996326512422)
    ,(1.017435169568,1.017435169568,1.017435169568,1.017435169568
      ,1.017435169569,1.017435169568,1.017435169568,1.017435169568
      ,1.017435169568,1.017435169568,1.017435169568)
    ,(1.056590953773,1.056590953773,1.056590953773,1.056590953773
      ,1.056590953774,1.056590953773,1.056590953774,1.056590953773
      ,1.056590953773,1.056590953773,1.056590953773
))) REPRESENTATION_ITEM('') SURFACE() );
#5463 = CARTESIAN_POINT('',(3.333493649054,2.59,16.));
#5464 = CARTESIAN_POINT('',(3.333493030798,2.558001169772,
    16.492315490718));
#5465 = CARTESIAN_POINT('',(2.989854728012,2.526022382681,
    16.984300273588));
#5466 = CARTESIAN_POINT('',(2.302008321493,2.493938452364,17.20623784244
    ));
#5467 = CARTESIAN_POINT('',(1.515976289617,2.462063943087,
    16.895220500461));
#5468 = CARTESIAN_POINT('',(1.100321361246,2.430000424572,
    16.000009341537));
#5469 = CARTESIAN_POINT('',(1.516045114851,2.397936905316,
    15.104765538705));
#5470 = CARTESIAN_POINT('',(2.301942204043,2.366062396525,
    14.793767453628));
#5471 = CARTESIAN_POINT('',(2.989877825607,2.333978466016,
    15.015698900534));
#5472 = CARTESIAN_POINT('',(3.333493860324,2.301999678958,
    15.507684575498));
#5473 = CARTESIAN_POINT('',(3.333493200479,2.270000848732,
    16.000000066216));
#5474 = CARTESIAN_POINT('',(3.315369130164,2.598371356688,16.));
#5475 = CARTESIAN_POINT('',(3.315368576603,2.566372616105,
    16.480929990761));
#5476 = CARTESIAN_POINT('',(2.979678300677,2.534395454651,
    16.961505245059));
#5477 = CARTESIAN_POINT('',(2.307752172028,2.502305092383,
    17.178391293345));
#5478 = CARTESIAN_POINT('',(1.539877999314,2.470440200034,
    16.874457017495));
#5479 = CARTESIAN_POINT('',(1.133883592401,2.438371813759,
    16.000008352897));
#5480 = CARTESIAN_POINT('',(1.539939636225,2.406303426822,
    15.125530466747));
#5481 = CARTESIAN_POINT('',(2.307692991743,2.374438534907,14.82161344472
    ));
#5482 = CARTESIAN_POINT('',(2.979698996369,2.342348172468,
    15.038494022225));
#5483 = CARTESIAN_POINT('',(3.315369326866,2.310371011043,
    15.519070080529));
#5484 = CARTESIAN_POINT('',(3.315368728529,2.278372270462,16.00000007129
    ));
#5485 = CARTESIAN_POINT('',(3.302596729916,2.612540149093,16.));
#5486 = CARTESIAN_POINT('',(3.302596285855,2.580541471682,
    16.472906610974));
#5487 = CARTESIAN_POINT('',(2.972508145759,2.548565455819,16.94544159709
    ));
#5488 = CARTESIAN_POINT('',(2.311796450055,2.516470560935,
    17.158767511445));
#5489 = CARTESIAN_POINT('',(1.556725125135,2.484612445674,
    16.859825675329));
#5490 = CARTESIAN_POINT('',(1.157534949659,2.452540629045,
    16.000006684238));
#5491 = CARTESIAN_POINT('',(1.556774589864,2.420468811884,
    15.140164261352));
#5492 = CARTESIAN_POINT('',(2.311749003419,2.388610696971,
    14.841236283776));
#5493 = CARTESIAN_POINT('',(2.972524769857,2.35651580195,15.05455782506)
  );
#5494 = CARTESIAN_POINT('',(3.302596898812,2.32453978611,15.527093463892
    ));
#5495 = CARTESIAN_POINT('',(3.302596407729,2.292541108702,
    16.000000074866));
#5496 = CARTESIAN_POINT('',(3.297980253375,2.63,16.));
#5497 = CARTESIAN_POINT('',(3.297979944247,2.598001345422,
    16.470006649628));
#5498 = CARTESIAN_POINT('',(2.96991834785,2.566025743624,16.939635636833
    ));
#5499 = CARTESIAN_POINT('',(2.313253102703,2.533929210461,
    17.151674303798));
#5500 = CARTESIAN_POINT('',(1.562819633066,2.502073544742,
    16.854538409398));
#5501 = CARTESIAN_POINT('',(1.166083469565,2.47000048819,16.000004630877
    ));
#5502 = CARTESIAN_POINT('',(1.562854094766,2.43792743127,15.145454553467
    ));
#5503 = CARTESIAN_POINT('',(2.313220110349,2.406071765793,
    14.848328330567));
#5504 = CARTESIAN_POINT('',(2.969929950713,2.373975232534,
    15.060363974405));
#5505 = CARTESIAN_POINT('',(3.297980386052,2.341999630752,
    15.529993426531));
#5506 = CARTESIAN_POINT('',(3.297980029089,2.310000976176,
    16.000000076158));
#5507 = CARTESIAN_POINT('',(3.302596729916,2.647459850907,16.));
#5508 = CARTESIAN_POINT('',(3.302596555721,2.615461173497,
    16.472906672474));
#5509 = CARTESIAN_POINT('',(2.972513223593,2.583485157633,
    16.945441908582));
#5510 = CARTESIAN_POINT('',(2.31178196672,2.551390262742,17.158766501414
    ));
#5511 = CARTESIAN_POINT('',(1.55674000055,2.519532147534,16.859828815376
    ));
#5512 = CARTESIAN_POINT('',(1.157534768369,2.48746033077,16.000002579911
    ));
#5513 = CARTESIAN_POINT('',(1.556759456274,2.455388513797,
    15.140167177079));
#5514 = CARTESIAN_POINT('',(2.311763424664,2.423530398726,
    14.841234972916));
#5515 = CARTESIAN_POINT('',(2.972519801974,2.391435503782,
    15.054557890292));
#5516 = CARTESIAN_POINT('',(3.302596824748,2.359459487926,
    15.527093402393));
#5517 = CARTESIAN_POINT('',(3.302596603531,2.327460810516,
    16.000000074866));
#5518 = CARTESIAN_POINT('',(3.315369130164,2.661628643312,16.));
#5519 = CARTESIAN_POINT('',(3.315369065468,2.629629902729,
    16.480930102168));
#5520 = CARTESIAN_POINT('',(2.979687499209,2.597652741272,
    16.961505809329));
#5521 = CARTESIAN_POINT('',(2.307725935365,2.565562378991,
    17.178389463667));
#5522 = CARTESIAN_POINT('',(1.539904946232,2.533697486739,
    16.874462705711));
#5523 = CARTESIAN_POINT('',(1.133883263993,2.50162910022,16.000000917878
    ));
#5524 = CARTESIAN_POINT('',(1.539912221619,2.469560713624,
    15.125535748606));
#5525 = CARTESIAN_POINT('',(2.307719115931,2.437695821422,
    14.821611070089));
#5526 = CARTESIAN_POINT('',(2.979689997014,2.405605459122,
    15.038494140394));
#5527 = CARTESIAN_POINT('',(3.315369192698,2.373628297668,
    15.519069969122));
#5528 = CARTESIAN_POINT('',(3.315369083226,2.341629557086,16.00000007129
    ));
#5529 = CARTESIAN_POINT('',(3.333493649054,2.67,16.));
#5530 = CARTESIAN_POINT('',(3.333493649054,2.638001169772,
    16.492315631612));
#5531 = CARTESIAN_POINT('',(2.989866361178,2.606022382677,
    16.984300987207));
#5532 = CARTESIAN_POINT('',(2.301975140604,2.573938452343,
    17.206235528489));
#5533 = CARTESIAN_POINT('',(1.51601036875,2.542063943191,16.895227694214
    ));
#5534 = CARTESIAN_POINT('',(1.100320945917,2.510000424366,
    15.999999938643));
#5535 = CARTESIAN_POINT('',(1.516010444244,2.477936905541,
    15.104772218549));
#5536 = CARTESIAN_POINT('',(2.301975242688,2.446062396387,
    14.793764450487));
#5537 = CARTESIAN_POINT('',(2.989866444335,2.413978466054,15.01569904998
    ));
#5538 = CARTESIAN_POINT('',(3.333493690645,2.381999678959,
    15.507684434604));
#5539 = CARTESIAN_POINT('',(3.333493649056,2.350000848731,
    16.000000066216));
#5540 = ADVANCED_FACE('',(#5541),#5566,.T.);
#5541 = FACE_BOUND('',#5542,.T.);
#5542 = EDGE_LOOP('',(#5543,#5544,#5551,#5565));
#5543 = ORIENTED_EDGE('',*,*,#5448,.F.);
#5544 = ORIENTED_EDGE('',*,*,#5545,.T.);
#5545 = EDGE_CURVE('',#5437,#5546,#5548,.T.);
#5546 = VERTEX_POINT('',#5547);
#5547 = CARTESIAN_POINT('',(3.550000280361,2.770000035886,16.0000000028)
  );
#5548 = B_SPLINE_CURVE_WITH_KNOTS('',1,(#5549,#5550),.UNSPECIFIED.,.F.,
  .F.,(2,2),(0.,0.25),.PIECEWISE_BEZIER_KNOTS.);
#5549 = CARTESIAN_POINT('',(3.333493649054,2.67,16.));
#5550 = CARTESIAN_POINT('',(3.55,2.77,16.));
#5551 = ORIENTED_EDGE('',*,*,#5552,.T.);
#5552 = EDGE_CURVE('',#5546,#5290,#5553,.T.);
#5553 = B_SPLINE_CURVE_WITH_KNOTS('',10,(#5554,#5555,#5556,#5557,#5558,
    #5559,#5560,#5561,#5562,#5563,#5564),.UNSPECIFIED.,.F.,.F.,(11,11),(
    0.,6.295904828089),.PIECEWISE_BEZIER_KNOTS.);
#5554 = CARTESIAN_POINT('',(3.55,2.77,16.));
#5555 = CARTESIAN_POINT('',(3.55000077282,2.738000098921,16.628321417394
    ));
#5556 = CARTESIAN_POINT('',(3.111457906599,2.706001892771,17.25660067204
    ));
#5557 = CARTESIAN_POINT('',(2.233279050168,2.673994795238,17.53887055838
    ));
#5558 = CARTESIAN_POINT('',(1.230577811371,2.642005407442,
    17.143275761891));
#5559 = CARTESIAN_POINT('',(0.699402440984,2.610000035628,
    15.999988241194));
#5560 = CARTESIAN_POINT('',(1.23049188058,2.57799466474,14.85674157273)
  );
#5561 = CARTESIAN_POINT('',(2.23336183322,2.546005276336,14.461122793477
    ));
#5562 = CARTESIAN_POINT('',(3.111429145582,2.513998179044,
    14.743400409936));
#5563 = CARTESIAN_POINT('',(3.549999791419,2.481999972853,
    15.371678588205));
#5564 = CARTESIAN_POINT('',(3.550000560722,2.450000071771,
    16.000000005599));
#5565 = ORIENTED_EDGE('',*,*,#5289,.F.);
#5566 = B_SPLINE_SURFACE_WITH_KNOTS('',1,10,(
    (#5567,#5568,#5569,#5570,#5571,#5572,#5573,#5574,#5575,#5576,#5577)
    ,(#5578,#5579,#5580,#5581,#5582,#5583,#5584,#5585,#5586,#5587,#5588
    )),.UNSPECIFIED.,.F.,.F.,.F.,(2,2),(11,11),(0.,0.25),(0.,
    6.295904828089),.PIECEWISE_BEZIER_KNOTS.);
#5567 = CARTESIAN_POINT('',(3.333493649054,2.67,16.));
#5568 = CARTESIAN_POINT('',(3.333493649054,2.638001169772,
    16.492315631612));
#5569 = CARTESIAN_POINT('',(2.989866361178,2.606022382677,
    16.984300987207));
#5570 = CARTESIAN_POINT('',(2.301975140604,2.573938452343,
    17.206235528488));
#5571 = CARTESIAN_POINT('',(1.51601036875,2.542063943191,16.895227694214
    ));
#5572 = CARTESIAN_POINT('',(1.100320945918,2.510000424366,
    15.999999938643));
#5573 = CARTESIAN_POINT('',(1.516010444244,2.477936905541,
    15.104772218549));
#5574 = CARTESIAN_POINT('',(2.301975242688,2.446062396387,
    14.793764450487));
#5575 = CARTESIAN_POINT('',(2.989866444335,2.413978466054,
    15.015699049979));
#5576 = CARTESIAN_POINT('',(3.333493690645,2.381999678959,
    15.507684434604));
#5577 = CARTESIAN_POINT('',(3.333493649056,2.350000848731,
    16.000000066216));
#5578 = CARTESIAN_POINT('',(3.55,2.77,16.));
#5579 = CARTESIAN_POINT('',(3.55000077282,2.738000098921,16.628321417394
    ));
#5580 = CARTESIAN_POINT('',(3.111457906599,2.706001892771,17.25660067204
    ));
#5581 = CARTESIAN_POINT('',(2.233279050168,2.673994795238,17.53887055838
    ));
#5582 = CARTESIAN_POINT('',(1.230577811371,2.642005407442,
    17.143275761891));
#5583 = CARTESIAN_POINT('',(0.699402440984,2.610000035628,
    15.999988241194));
#5584 = CARTESIAN_POINT('',(1.23049188058,2.57799466474,14.85674157273)
  );
#5585 = CARTESIAN_POINT('',(2.23336183322,2.546005276336,14.461122793477
    ));
#5586 = CARTESIAN_POINT('',(3.111429145582,2.513998179044,
    14.743400409936));
#5587 = CARTESIAN_POINT('',(3.549999791419,2.481999972853,
    15.371678588205));
#5588 = CARTESIAN_POINT('',(3.550000560722,2.450000071771,
    16.000000005599));
#5589 = ADVANCED_FACE('',(#5590),#5615,.T.);
#5590 = FACE_BOUND('',#5591,.T.);
#5591 = EDGE_LOOP('',(#5592,#5593,#5600,#5614));
#5592 = ORIENTED_EDGE('',*,*,#5552,.F.);
#5593 = ORIENTED_EDGE('',*,*,#5594,.T.);
#5594 = EDGE_CURVE('',#5546,#5595,#5597,.T.);
#5595 = VERTEX_POINT('',#5596);
#5596 = CARTESIAN_POINT('',(3.549999593477,2.810000044858,16.0000000035)
  );
#5597 = B_SPLINE_CURVE_WITH_KNOTS('',1,(#5598,#5599),.UNSPECIFIED.,.F.,
  .F.,(2,2),(0.,5.E-02),.PIECEWISE_BEZIER_KNOTS.);
#5598 = CARTESIAN_POINT('',(3.550000560722,2.770000071771,
    16.000000005599));
#5599 = CARTESIAN_POINT('',(3.550000785011,2.810000071771,
    16.000000005599));
#5600 = ORIENTED_EDGE('',*,*,#5601,.T.);
#5601 = EDGE_CURVE('',#5595,#5339,#5602,.T.);
#5602 = B_SPLINE_CURVE_WITH_KNOTS('',10,(#5603,#5604,#5605,#5606,#5607,
    #5608,#5609,#5610,#5611,#5612,#5613),.UNSPECIFIED.,.F.,.F.,(11,11),(
    0.,6.295904828089),.PIECEWISE_BEZIER_KNOTS.);
#5603 = CARTESIAN_POINT('',(3.55,2.81,16.));
#5604 = CARTESIAN_POINT('',(3.550001081948,2.778000098921,
    16.628321487841));
#5605 = CARTESIAN_POINT('',(3.111463723182,2.74600189277,17.25660102885)
  );
#5606 = CARTESIAN_POINT('',(2.233262459723,2.713994795229,
    17.538869401405));
#5607 = CARTESIAN_POINT('',(1.230594850938,2.682005407494,
    17.143279358767));
#5608 = CARTESIAN_POINT('',(0.699402233319,2.650000035525,
    15.999983539747));
#5609 = CARTESIAN_POINT('',(1.230474545277,2.617994664852,
    14.856744912652));
#5610 = CARTESIAN_POINT('',(2.233378352543,2.586005276267,
    14.461121291906));
#5611 = CARTESIAN_POINT('',(3.111423454945,2.553998179063,
    14.743400484659));
#5612 = CARTESIAN_POINT('',(3.54999970658,2.521999972854,15.371678517758
    ));
#5613 = CARTESIAN_POINT('',(3.550000785011,2.490000071771,
    16.000000005599));
#5614 = ORIENTED_EDGE('',*,*,#5338,.F.);
#5615 = B_SPLINE_SURFACE_WITH_KNOTS('',1,10,(
    (#5616,#5617,#5618,#5619,#5620,#5621,#5622,#5623,#5624,#5625,#5626)
    ,(#5627,#5628,#5629,#5630,#5631,#5632,#5633,#5634,#5635,#5636,#5637
    )),.UNSPECIFIED.,.F.,.F.,.F.,(2,2),(11,11),(0.,5.E-02),(0.,
    6.295904828089),.PIECEWISE_BEZIER_KNOTS.);
#5616 = CARTESIAN_POINT('',(3.55,2.77,16.));
#5617 = CARTESIAN_POINT('',(3.55000077282,2.738000098921,16.628321417394
    ));
#5618 = CARTESIAN_POINT('',(3.111457906599,2.706001892771,17.25660067204
    ));
#5619 = CARTESIAN_POINT('',(2.233279050168,2.673994795238,17.53887055838
    ));
#5620 = CARTESIAN_POINT('',(1.230577811371,2.642005407442,
    17.143275761891));
#5621 = CARTESIAN_POINT('',(0.699402440984,2.610000035628,
    15.999988241194));
#5622 = CARTESIAN_POINT('',(1.23049188058,2.57799466474,14.85674157273)
  );
#5623 = CARTESIAN_POINT('',(2.23336183322,2.546005276336,14.461122793477
    ));
#5624 = CARTESIAN_POINT('',(3.111429145582,2.513998179044,
    14.743400409936));
#5625 = CARTESIAN_POINT('',(3.549999791419,2.481999972853,
    15.371678588205));
#5626 = CARTESIAN_POINT('',(3.550000560722,2.450000071771,
    16.000000005599));
#5627 = CARTESIAN_POINT('',(3.55,2.81,16.));
#5628 = CARTESIAN_POINT('',(3.550001081948,2.778000098921,
    16.628321487841));
#5629 = CARTESIAN_POINT('',(3.111463723182,2.74600189277,17.25660102885)
  );
#5630 = CARTESIAN_POINT('',(2.233262459723,2.713994795229,
    17.538869401405));
#5631 = CARTESIAN_POINT('',(1.230594850938,2.682005407494,
    17.143279358767));
#5632 = CARTESIAN_POINT('',(0.699402233319,2.650000035525,
    15.999983539747));
#5633 = CARTESIAN_POINT('',(1.230474545277,2.617994664852,
    14.856744912652));
#5634 = CARTESIAN_POINT('',(2.233378352543,2.586005276267,
    14.461121291906));
#5635 = CARTESIAN_POINT('',(3.111423454945,2.553998179063,
    14.743400484659));
#5636 = CARTESIAN_POINT('',(3.54999970658,2.521999972854,15.371678517758
    ));
#5637 = CARTESIAN_POINT('',(3.550000785011,2.490000071771,
    16.000000005599));
#5638 = ADVANCED_FACE('',(#5639),#5664,.T.);
#5639 = FACE_BOUND('',#5640,.T.);
#5640 = EDGE_LOOP('',(#5641,#5642,#5649,#5663));
#5641 = ORIENTED_EDGE('',*,*,#5601,.F.);
#5642 = ORIENTED_EDGE('',*,*,#5643,.T.);
#5643 = EDGE_CURVE('',#5595,#5644,#5646,.T.);
#5644 = VERTEX_POINT('',#5645);
#5645 = CARTESIAN_POINT('',(3.333493424766,2.910000424366,
    16.000000033108));
#5646 = B_SPLINE_CURVE_WITH_KNOTS('',1,(#5647,#5648),.UNSPECIFIED.,.F.,
  .F.,(2,2),(0.,0.25),.PIECEWISE_BEZIER_KNOTS.);
#5647 = CARTESIAN_POINT('',(3.549998990701,2.810000071774,16.0000000056)
  );
#5648 = CARTESIAN_POINT('',(3.333493200479,2.910000848732,
    16.000000066216));
#5649 = ORIENTED_EDGE('',*,*,#5650,.T.);
#5650 = EDGE_CURVE('',#5644,#5388,#5651,.T.);
#5651 = B_SPLINE_CURVE_WITH_KNOTS('',10,(#5652,#5653,#5654,#5655,#5656,
    #5657,#5658,#5659,#5660,#5661,#5662),.UNSPECIFIED.,.F.,.F.,(11,11),(
    0.,6.295904828089),.PIECEWISE_BEZIER_KNOTS.);
#5652 = CARTESIAN_POINT('',(3.333493649054,2.91,16.));
#5653 = CARTESIAN_POINT('',(3.333493030798,2.878001169772,
    16.492315490718));
#5654 = CARTESIAN_POINT('',(2.989854728012,2.846022382681,
    16.984300273588));
#5655 = CARTESIAN_POINT('',(2.302008321494,2.813938452364,
    17.206237842439));
#5656 = CARTESIAN_POINT('',(1.515976289616,2.782063943087,
    16.895220500461));
#5657 = CARTESIAN_POINT('',(1.100321361247,2.750000424572,
    16.000009341537));
#5658 = CARTESIAN_POINT('',(1.51604511485,2.717936905316,15.104765538705
    ));
#5659 = CARTESIAN_POINT('',(2.301942204044,2.686062396525,
    14.793767453628));
#5660 = CARTESIAN_POINT('',(2.989877825607,2.653978466016,
    15.015698900533));
#5661 = CARTESIAN_POINT('',(3.333493860324,2.621999678958,
    15.507684575498));
#5662 = CARTESIAN_POINT('',(3.333493200479,2.590000848732,
    16.000000066216));
#5663 = ORIENTED_EDGE('',*,*,#5387,.F.);
#5664 = B_SPLINE_SURFACE_WITH_KNOTS('',1,10,(
    (#5665,#5666,#5667,#5668,#5669,#5670,#5671,#5672,#5673,#5674,#5675)
    ,(#5676,#5677,#5678,#5679,#5680,#5681,#5682,#5683,#5684,#5685,#5686
    )),.UNSPECIFIED.,.F.,.F.,.F.,(2,2),(11,11),(0.,0.25),(0.,
    6.295904828089),.PIECEWISE_BEZIER_KNOTS.);
#5665 = CARTESIAN_POINT('',(3.55,2.81,16.));
#5666 = CARTESIAN_POINT('',(3.549998608924,2.778000098921,
    16.628320924264));
#5667 = CARTESIAN_POINT('',(3.111417190516,2.746001892784,
    17.256598174373));
#5668 = CARTESIAN_POINT('',(2.233395183283,2.71399479531,17.53887865721)
  );
#5669 = CARTESIAN_POINT('',(1.230458534405,2.682005407079,
    17.143250583753));
#5670 = CARTESIAN_POINT('',(0.699403894636,2.65000003635,16.000021151322
    ));
#5671 = CARTESIAN_POINT('',(1.230613227701,2.617994663955,
    14.856718193276));
#5672 = CARTESIAN_POINT('',(2.233246197964,2.586005276818,
    14.461133304468));
#5673 = CARTESIAN_POINT('',(3.111468980035,2.55399817891,14.743399886875
    ));
#5674 = CARTESIAN_POINT('',(3.550000385294,2.521999972848,
    15.371679081335));
#5675 = CARTESIAN_POINT('',(3.549998990701,2.490000071774,16.0000000056)
  );
#5676 = CARTESIAN_POINT('',(3.333493649054,2.91,16.));
#5677 = CARTESIAN_POINT('',(3.333493030798,2.878001169772,
    16.492315490718));
#5678 = CARTESIAN_POINT('',(2.989854728012,2.846022382681,
    16.984300273588));
#5679 = CARTESIAN_POINT('',(2.302008321494,2.813938452364,
    17.206237842439));
#5680 = CARTESIAN_POINT('',(1.515976289616,2.782063943087,
    16.895220500461));
#5681 = CARTESIAN_POINT('',(1.100321361247,2.750000424572,
    16.000009341537));
#5682 = CARTESIAN_POINT('',(1.51604511485,2.717936905316,15.104765538705
    ));
#5683 = CARTESIAN_POINT('',(2.301942204044,2.686062396525,
    14.793767453628));
#5684 = CARTESIAN_POINT('',(2.989877825607,2.653978466016,
    15.015698900533));
#5685 = CARTESIAN_POINT('',(3.333493860324,2.621999678958,
    15.507684575498));
#5686 = CARTESIAN_POINT('',(3.333493200479,2.590000848732,
    16.000000066216));
#5687 = ADVANCED_FACE('',(#5688),#5718,.T.);
#5688 = FACE_BOUND('',#5689,.T.);
#5689 = EDGE_LOOP('',(#5690,#5691,#5703,#5717));
#5690 = ORIENTED_EDGE('',*,*,#5650,.F.);
#5691 = ORIENTED_EDGE('',*,*,#5692,.T.);
#5692 = EDGE_CURVE('',#5644,#5693,#5695,.T.);
#5693 = VERTEX_POINT('',#5694);
#5694 = CARTESIAN_POINT('',(3.333493649055,2.990000424366,
    16.000000033108));
#5695 = ( BOUNDED_CURVE() B_SPLINE_CURVE(6,(#5696,#5697,#5698,#5699,
#5700,#5701,#5702),.UNSPECIFIED.,.F.,.F.) B_SPLINE_CURVE_WITH_KNOTS((7,7
),(0.,2.094395102393),.PIECEWISE_BEZIER_KNOTS.) CURVE() 
GEOMETRIC_REPRESENTATION_ITEM() RATIONAL_B_SPLINE_CURVE((1.056590953773,
    1.017435169568,0.996326512422,0.989390034249,0.996326512422,
1.017435169568,1.056590953773)) REPRESENTATION_ITEM('') );
#5696 = CARTESIAN_POINT('',(3.333493649054,2.91,16.));
#5697 = CARTESIAN_POINT('',(3.315369130164,2.918371356688,16.));
#5698 = CARTESIAN_POINT('',(3.302596729916,2.932540149093,16.));
#5699 = CARTESIAN_POINT('',(3.297980253375,2.95,16.));
#5700 = CARTESIAN_POINT('',(3.302596729916,2.967459850907,16.));
#5701 = CARTESIAN_POINT('',(3.315369130164,2.981628643312,16.));
#5702 = CARTESIAN_POINT('',(3.333493649054,2.99,16.));
#5703 = ORIENTED_EDGE('',*,*,#5704,.T.);
#5704 = EDGE_CURVE('',#5693,#5437,#5705,.T.);
#5705 = ( BOUNDED_CURVE() B_SPLINE_CURVE(10,(#5706,#5707,#5708,#5709,
    #5710,#5711,#5712,#5713,#5714,#5715,#5716),.UNSPECIFIED.,.F.,.F.) 
B_SPLINE_CURVE_WITH_KNOTS((11,11),(0.,6.295904828089),
.PIECEWISE_BEZIER_KNOTS.) CURVE() GEOMETRIC_REPRESENTATION_ITEM() 
RATIONAL_B_SPLINE_CURVE((1.056590953773,1.056590953773,1.056590953773,
    1.056590953773,1.056590953774,1.056590953773,1.056590953774,
    1.056590953773,1.056590953773,1.056590953773,1.056590953773)) 
REPRESENTATION_ITEM('') );
#5706 = CARTESIAN_POINT('',(3.333493649054,2.99,16.));
#5707 = CARTESIAN_POINT('',(3.333493649054,2.958001169772,
    16.492315631612));
#5708 = CARTESIAN_POINT('',(2.989866361178,2.926022382677,
    16.984300987207));
#5709 = CARTESIAN_POINT('',(2.301975140604,2.893938452343,
    17.206235528489));
#5710 = CARTESIAN_POINT('',(1.51601036875,2.862063943191,16.895227694214
    ));
#5711 = CARTESIAN_POINT('',(1.100320945917,2.830000424366,
    15.999999938643));
#5712 = CARTESIAN_POINT('',(1.516010444244,2.797936905541,
    15.104772218549));
#5713 = CARTESIAN_POINT('',(2.301975242688,2.766062396387,
    14.793764450487));
#5714 = CARTESIAN_POINT('',(2.989866444335,2.733978466054,15.01569904998
    ));
#5715 = CARTESIAN_POINT('',(3.333493690645,2.701999678959,
    15.507684434604));
#5716 = CARTESIAN_POINT('',(3.333493649056,2.670000848731,
    16.000000066216));
#5717 = ORIENTED_EDGE('',*,*,#5436,.F.);
#5718 = ( BOUNDED_SURFACE() B_SPLINE_SURFACE(6,10,(
    (#5719,#5720,#5721,#5722,#5723,#5724,#5725,#5726,#5727,#5728,#5729)
    ,(#5730,#5731,#5732,#5733,#5734,#5735,#5736,#5737,#5738,#5739,#5740)
    ,(#5741,#5742,#5743,#5744,#5745,#5746,#5747,#5748,#5749,#5750,#5751)
    ,(#5752,#5753,#5754,#5755,#5756,#5757,#5758,#5759,#5760,#5761,#5762)
    ,(#5763,#5764,#5765,#5766,#5767,#5768,#5769,#5770,#5771,#5772,#5773)
    ,(#5774,#5775,#5776,#5777,#5778,#5779,#5780,#5781,#5782,#5783,#5784)
    ,(#5785,#5786,#5787,#5788,#5789,#5790,#5791,#5792,#5793,#5794,#5795
)),.UNSPECIFIED.,.F.,.F.,.F.) B_SPLINE_SURFACE_WITH_KNOTS((7,7),(11,11),
  (0.,2.094395102393),(0.,6.295904828089),.PIECEWISE_BEZIER_KNOTS.) 
GEOMETRIC_REPRESENTATION_ITEM() RATIONAL_B_SPLINE_SURFACE((
    (1.056590953773,1.056590953773,1.056590953773,1.056590953773
      ,1.056590953774,1.056590953773,1.056590953774,1.056590953773
      ,1.056590953773,1.056590953773,1.056590953773)
    ,(1.017435169568,1.017435169568,1.017435169568,1.017435169568
      ,1.017435169569,1.017435169568,1.017435169569,1.017435169568
      ,1.017435169568,1.017435169568,1.017435169568)
    ,(0.996326512422,0.996326512422,0.996326512422,0.996326512422
      ,0.996326512423,0.996326512422,0.996326512423,0.996326512422
      ,0.996326512422,0.996326512422,0.996326512422)
    ,(0.989390034249,0.989390034249,0.989390034249,0.989390034248
      ,0.989390034249,0.989390034248,0.989390034249,0.989390034248
      ,0.989390034249,0.989390034249,0.989390034249)
    ,(0.996326512422,0.996326512422,0.996326512422,0.996326512422
      ,0.996326512423,0.996326512422,0.996326512423,0.996326512422
      ,0.996326512422,0.996326512422,0.996326512422)
    ,(1.017435169568,1.017435169568,1.017435169568,1.017435169568
      ,1.017435169569,1.017435169568,1.017435169568,1.017435169568
      ,1.017435169568,1.017435169568,1.017435169568)
    ,(1.056590953773,1.056590953773,1.056590953773,1.056590953773
      ,1.056590953774,1.056590953773,1.056590953774,1.056590953773
      ,1.056590953773,1.056590953773,1.056590953773
))) REPRESENTATION_ITEM('') SURFACE() );
#5719 = CARTESIAN_POINT('',(3.333493649054,2.91,16.));
#5720 = CARTESIAN_POINT('',(3.333493030798,2.878001169772,
    16.492315490718));
#5721 = CARTESIAN_POINT('',(2.989854728012,2.846022382681,
    16.984300273588));
#5722 = CARTESIAN_POINT('',(2.302008321493,2.813938452364,17.20623784244
    ));
#5723 = CARTESIAN_POINT('',(1.515976289617,2.782063943087,
    16.895220500461));
#5724 = CARTESIAN_POINT('',(1.100321361246,2.750000424572,
    16.000009341537));
#5725 = CARTESIAN_POINT('',(1.516045114851,2.717936905316,
    15.104765538705));
#5726 = CARTESIAN_POINT('',(2.301942204043,2.686062396525,
    14.793767453628));
#5727 = CARTESIAN_POINT('',(2.989877825607,2.653978466016,
    15.015698900534));
#5728 = CARTESIAN_POINT('',(3.333493860324,2.621999678958,
    15.507684575498));
#5729 = CARTESIAN_POINT('',(3.333493200479,2.590000848732,
    16.000000066216));
#5730 = CARTESIAN_POINT('',(3.315369130164,2.918371356688,16.));
#5731 = CARTESIAN_POINT('',(3.315368576603,2.886372616105,
    16.480929990761));
#5732 = CARTESIAN_POINT('',(2.979678300677,2.854395454651,
    16.961505245059));
#5733 = CARTESIAN_POINT('',(2.307752172028,2.822305092383,
    17.178391293345));
#5734 = CARTESIAN_POINT('',(1.539877999314,2.790440200034,
    16.874457017495));
#5735 = CARTESIAN_POINT('',(1.133883592401,2.758371813759,
    16.000008352897));
#5736 = CARTESIAN_POINT('',(1.539939636225,2.726303426822,
    15.125530466747));
#5737 = CARTESIAN_POINT('',(2.307692991743,2.694438534907,14.82161344472
    ));
#5738 = CARTESIAN_POINT('',(2.979698996369,2.662348172468,
    15.038494022225));
#5739 = CARTESIAN_POINT('',(3.315369326866,2.630371011043,
    15.519070080529));
#5740 = CARTESIAN_POINT('',(3.315368728529,2.598372270462,16.00000007129
    ));
#5741 = CARTESIAN_POINT('',(3.302596729916,2.932540149093,16.));
#5742 = CARTESIAN_POINT('',(3.302596285855,2.900541471682,
    16.472906610974));
#5743 = CARTESIAN_POINT('',(2.972508145759,2.868565455819,16.94544159709
    ));
#5744 = CARTESIAN_POINT('',(2.311796450055,2.836470560935,
    17.158767511445));
#5745 = CARTESIAN_POINT('',(1.556725125135,2.804612445674,
    16.859825675329));
#5746 = CARTESIAN_POINT('',(1.157534949659,2.772540629045,
    16.000006684238));
#5747 = CARTESIAN_POINT('',(1.556774589864,2.740468811884,
    15.140164261352));
#5748 = CARTESIAN_POINT('',(2.311749003419,2.708610696971,
    14.841236283776));
#5749 = CARTESIAN_POINT('',(2.972524769857,2.67651580195,15.05455782506)
  );
#5750 = CARTESIAN_POINT('',(3.302596898812,2.64453978611,15.527093463892
    ));
#5751 = CARTESIAN_POINT('',(3.302596407729,2.612541108702,
    16.000000074866));
#5752 = CARTESIAN_POINT('',(3.297980253375,2.95,16.));
#5753 = CARTESIAN_POINT('',(3.297979944247,2.918001345422,
    16.470006649628));
#5754 = CARTESIAN_POINT('',(2.96991834785,2.886025743624,16.939635636833
    ));
#5755 = CARTESIAN_POINT('',(2.313253102703,2.853929210461,
    17.151674303798));
#5756 = CARTESIAN_POINT('',(1.562819633066,2.822073544742,
    16.854538409398));
#5757 = CARTESIAN_POINT('',(1.166083469565,2.79000048819,16.000004630877
    ));
#5758 = CARTESIAN_POINT('',(1.562854094766,2.75792743127,15.145454553467
    ));
#5759 = CARTESIAN_POINT('',(2.313220110349,2.726071765793,
    14.848328330567));
#5760 = CARTESIAN_POINT('',(2.969929950713,2.693975232534,
    15.060363974405));
#5761 = CARTESIAN_POINT('',(3.297980386052,2.661999630752,
    15.529993426531));
#5762 = CARTESIAN_POINT('',(3.297980029089,2.630000976176,
    16.000000076158));
#5763 = CARTESIAN_POINT('',(3.302596729916,2.967459850907,16.));
#5764 = CARTESIAN_POINT('',(3.302596555721,2.935461173497,
    16.472906672474));
#5765 = CARTESIAN_POINT('',(2.972513223593,2.903485157633,
    16.945441908582));
#5766 = CARTESIAN_POINT('',(2.31178196672,2.871390262742,17.158766501414
    ));
#5767 = CARTESIAN_POINT('',(1.55674000055,2.839532147534,16.859828815376
    ));
#5768 = CARTESIAN_POINT('',(1.157534768369,2.80746033077,16.000002579911
    ));
#5769 = CARTESIAN_POINT('',(1.556759456274,2.775388513797,
    15.140167177079));
#5770 = CARTESIAN_POINT('',(2.311763424664,2.743530398726,
    14.841234972916));
#5771 = CARTESIAN_POINT('',(2.972519801974,2.711435503782,
    15.054557890292));
#5772 = CARTESIAN_POINT('',(3.302596824748,2.679459487926,
    15.527093402393));
#5773 = CARTESIAN_POINT('',(3.302596603531,2.647460810516,
    16.000000074866));
#5774 = CARTESIAN_POINT('',(3.315369130164,2.981628643312,16.));
#5775 = CARTESIAN_POINT('',(3.315369065468,2.949629902729,
    16.480930102168));
#5776 = CARTESIAN_POINT('',(2.979687499209,2.917652741272,
    16.961505809329));
#5777 = CARTESIAN_POINT('',(2.307725935365,2.885562378991,
    17.178389463667));
#5778 = CARTESIAN_POINT('',(1.539904946232,2.853697486739,
    16.874462705711));
#5779 = CARTESIAN_POINT('',(1.133883263993,2.82162910022,16.000000917878
    ));
#5780 = CARTESIAN_POINT('',(1.539912221619,2.789560713624,
    15.125535748606));
#5781 = CARTESIAN_POINT('',(2.307719115931,2.757695821422,
    14.821611070089));
#5782 = CARTESIAN_POINT('',(2.979689997014,2.725605459122,
    15.038494140394));
#5783 = CARTESIAN_POINT('',(3.315369192698,2.693628297668,
    15.519069969122));
#5784 = CARTESIAN_POINT('',(3.315369083226,2.661629557086,16.00000007129
    ));
#5785 = CARTESIAN_POINT('',(3.333493649054,2.99,16.));
#5786 = CARTESIAN_POINT('',(3.333493649054,2.958001169772,
    16.492315631612));
#5787 = CARTESIAN_POINT('',(2.989866361178,2.926022382677,
    16.984300987207));
#5788 = CARTESIAN_POINT('',(2.301975140604,2.893938452343,
    17.206235528489));
#5789 = CARTESIAN_POINT('',(1.51601036875,2.862063943191,16.895227694214
    ));
#5790 = CARTESIAN_POINT('',(1.100320945917,2.830000424366,
    15.999999938643));
#5791 = CARTESIAN_POINT('',(1.516010444244,2.797936905541,
    15.104772218549));
#5792 = CARTESIAN_POINT('',(2.301975242688,2.766062396387,
    14.793764450487));
#5793 = CARTESIAN_POINT('',(2.989866444335,2.733978466054,15.01569904998
    ));
#5794 = CARTESIAN_POINT('',(3.333493690645,2.701999678959,
    15.507684434604));
#5795 = CARTESIAN_POINT('',(3.333493649056,2.670000848731,
    16.000000066216));
#5796 = ADVANCED_FACE('',(#5797),#5822,.T.);
#5797 = FACE_BOUND('',#5798,.T.);
#5798 = EDGE_LOOP('',(#5799,#5800,#5807,#5821));
#5799 = ORIENTED_EDGE('',*,*,#5704,.F.);
#5800 = ORIENTED_EDGE('',*,*,#5801,.T.);
#5801 = EDGE_CURVE('',#5693,#5802,#5804,.T.);
#5802 = VERTEX_POINT('',#5803);
#5803 = CARTESIAN_POINT('',(3.550000280361,3.090000035886,16.0000000028)
  );
#5804 = B_SPLINE_CURVE_WITH_KNOTS('',1,(#5805,#5806),.UNSPECIFIED.,.F.,
  .F.,(2,2),(0.,0.25),.PIECEWISE_BEZIER_KNOTS.);
#5805 = CARTESIAN_POINT('',(3.333493649054,2.99,16.));
#5806 = CARTESIAN_POINT('',(3.55,3.09,16.));
#5807 = ORIENTED_EDGE('',*,*,#5808,.T.);
#5808 = EDGE_CURVE('',#5802,#5546,#5809,.T.);
#5809 = B_SPLINE_CURVE_WITH_KNOTS('',10,(#5810,#5811,#5812,#5813,#5814,
    #5815,#5816,#5817,#5818,#5819,#5820),.UNSPECIFIED.,.F.,.F.,(11,11),(
    0.,6.295904828089),.PIECEWISE_BEZIER_KNOTS.);
#5810 = CARTESIAN_POINT('',(3.55,3.09,16.));
#5811 = CARTESIAN_POINT('',(3.55000077282,3.058000098921,16.628321417394
    ));
#5812 = CARTESIAN_POINT('',(3.111457906599,3.026001892771,17.25660067204
    ));
#5813 = CARTESIAN_POINT('',(2.233279050168,2.993994795238,17.53887055838
    ));
#5814 = CARTESIAN_POINT('',(1.230577811371,2.962005407442,
    17.143275761891));
#5815 = CARTESIAN_POINT('',(0.699402440984,2.930000035628,
    15.999988241194));
#5816 = CARTESIAN_POINT('',(1.23049188058,2.89799466474,14.85674157273)
  );
#5817 = CARTESIAN_POINT('',(2.23336183322,2.866005276336,14.461122793477
    ));
#5818 = CARTESIAN_POINT('',(3.111429145582,2.833998179044,
    14.743400409936));
#5819 = CARTESIAN_POINT('',(3.549999791419,2.801999972853,
    15.371678588205));
#5820 = CARTESIAN_POINT('',(3.550000560722,2.770000071771,
    16.000000005599));
#5821 = ORIENTED_EDGE('',*,*,#5545,.F.);
#5822 = B_SPLINE_SURFACE_WITH_KNOTS('',1,10,(
    (#5823,#5824,#5825,#5826,#5827,#5828,#5829,#5830,#5831,#5832,#5833)
    ,(#5834,#5835,#5836,#5837,#5838,#5839,#5840,#5841,#5842,#5843,#5844
    )),.UNSPECIFIED.,.F.,.F.,.F.,(2,2),(11,11),(0.,0.25),(0.,
    6.295904828089),.PIECEWISE_BEZIER_KNOTS.);
#5823 = CARTESIAN_POINT('',(3.333493649054,2.99,16.));
#5824 = CARTESIAN_POINT('',(3.333493649054,2.958001169772,
    16.492315631612));
#5825 = CARTESIAN_POINT('',(2.989866361178,2.926022382677,
    16.984300987207));
#5826 = CARTESIAN_POINT('',(2.301975140604,2.893938452343,
    17.206235528488));
#5827 = CARTESIAN_POINT('',(1.51601036875,2.862063943191,16.895227694214
    ));
#5828 = CARTESIAN_POINT('',(1.100320945918,2.830000424366,
    15.999999938643));
#5829 = CARTESIAN_POINT('',(1.516010444244,2.797936905541,
    15.104772218549));
#5830 = CARTESIAN_POINT('',(2.301975242688,2.766062396387,
    14.793764450487));
#5831 = CARTESIAN_POINT('',(2.989866444335,2.733978466054,
    15.015699049979));
#5832 = CARTESIAN_POINT('',(3.333493690645,2.701999678959,
    15.507684434604));
#5833 = CARTESIAN_POINT('',(3.333493649056,2.670000848731,
    16.000000066216));
#5834 = CARTESIAN_POINT('',(3.55,3.09,16.));
#5835 = CARTESIAN_POINT('',(3.55000077282,3.058000098921,16.628321417394
    ));
#5836 = CARTESIAN_POINT('',(3.111457906599,3.026001892771,17.25660067204
    ));
#5837 = CARTESIAN_POINT('',(2.233279050168,2.993994795238,17.53887055838
    ));
#5838 = CARTESIAN_POINT('',(1.230577811371,2.962005407442,
    17.143275761891));
#5839 = CARTESIAN_POINT('',(0.699402440984,2.930000035628,
    15.999988241194));
#5840 = CARTESIAN_POINT('',(1.23049188058,2.89799466474,14.85674157273)
  );
#5841 = CARTESIAN_POINT('',(2.23336183322,2.866005276336,14.461122793477
    ));
#5842 = CARTESIAN_POINT('',(3.111429145582,2.833998179044,
    14.743400409936));
#5843 = CARTESIAN_POINT('',(3.549999791419,2.801999972853,
    15.371678588205));
#5844 = CARTESIAN_POINT('',(3.550000560722,2.770000071771,
    16.000000005599));
#5845 = ADVANCED_FACE('',(#5846),#5871,.T.);
#5846 = FACE_BOUND('',#5847,.T.);
#5847 = EDGE_LOOP('',(#5848,#5849,#5856,#5870));
#5848 = ORIENTED_EDGE('',*,*,#5808,.F.);
#5849 = ORIENTED_EDGE('',*,*,#5850,.T.);
#5850 = EDGE_CURVE('',#5802,#5851,#5853,.T.);
#5851 = VERTEX_POINT('',#5852);
#5852 = CARTESIAN_POINT('',(3.549999593477,3.130000044858,16.0000000035)
  );
#5853 = B_SPLINE_CURVE_WITH_KNOTS('',1,(#5854,#5855),.UNSPECIFIED.,.F.,
  .F.,(2,2),(0.,5.E-02),.PIECEWISE_BEZIER_KNOTS.);
#5854 = CARTESIAN_POINT('',(3.550000560722,3.090000071771,
    16.000000005599));
#5855 = CARTESIAN_POINT('',(3.550000785011,3.130000071771,
    16.000000005599));
#5856 = ORIENTED_EDGE('',*,*,#5857,.T.);
#5857 = EDGE_CURVE('',#5851,#5595,#5858,.T.);
#5858 = B_SPLINE_CURVE_WITH_KNOTS('',10,(#5859,#5860,#5861,#5862,#5863,
    #5864,#5865,#5866,#5867,#5868,#5869),.UNSPECIFIED.,.F.,.F.,(11,11),(
    0.,6.295904828089),.PIECEWISE_BEZIER_KNOTS.);
#5859 = CARTESIAN_POINT('',(3.55,3.13,16.));
#5860 = CARTESIAN_POINT('',(3.550001081948,3.098000098921,
    16.628321487841));
#5861 = CARTESIAN_POINT('',(3.111463723182,3.06600189277,17.25660102885)
  );
#5862 = CARTESIAN_POINT('',(2.233262459723,3.033994795229,
    17.538869401405));
#5863 = CARTESIAN_POINT('',(1.230594850938,3.002005407494,
    17.143279358767));
#5864 = CARTESIAN_POINT('',(0.699402233319,2.970000035525,
    15.999983539747));
#5865 = CARTESIAN_POINT('',(1.230474545277,2.937994664852,
    14.856744912652));
#5866 = CARTESIAN_POINT('',(2.233378352543,2.906005276267,
    14.461121291906));
#5867 = CARTESIAN_POINT('',(3.111423454945,2.873998179063,
    14.743400484659));
#5868 = CARTESIAN_POINT('',(3.54999970658,2.841999972854,15.371678517758
    ));
#5869 = CARTESIAN_POINT('',(3.550000785011,2.810000071771,
    16.000000005599));
#5870 = ORIENTED_EDGE('',*,*,#5594,.F.);
#5871 = B_SPLINE_SURFACE_WITH_KNOTS('',1,10,(
    (#5872,#5873,#5874,#5875,#5876,#5877,#5878,#5879,#5880,#5881,#5882)
    ,(#5883,#5884,#5885,#5886,#5887,#5888,#5889,#5890,#5891,#5892,#5893
    )),.UNSPECIFIED.,.F.,.F.,.F.,(2,2),(11,11),(0.,5.E-02),(0.,
    6.295904828089),.PIECEWISE_BEZIER_KNOTS.);
#5872 = CARTESIAN_POINT('',(3.55,3.09,16.));
#5873 = CARTESIAN_POINT('',(3.55000077282,3.058000098921,16.628321417394
    ));
#5874 = CARTESIAN_POINT('',(3.111457906599,3.026001892771,17.25660067204
    ));
#5875 = CARTESIAN_POINT('',(2.233279050168,2.993994795238,17.53887055838
    ));
#5876 = CARTESIAN_POINT('',(1.230577811371,2.962005407442,
    17.143275761891));
#5877 = CARTESIAN_POINT('',(0.699402440984,2.930000035628,
    15.999988241194));
#5878 = CARTESIAN_POINT('',(1.23049188058,2.89799466474,14.85674157273)
  );
#5879 = CARTESIAN_POINT('',(2.23336183322,2.866005276336,14.461122793477
    ));
#5880 = CARTESIAN_POINT('',(3.111429145582,2.833998179044,
    14.743400409936));
#5881 = CARTESIAN_POINT('',(3.549999791419,2.801999972853,
    15.371678588205));
#5882 = CARTESIAN_POINT('',(3.550000560722,2.770000071771,
    16.000000005599));
#5883 = CARTESIAN_POINT('',(3.55,3.13,16.));
#5884 = CARTESIAN_POINT('',(3.550001081948,3.098000098921,
    16.628321487841));
#5885 = CARTESIAN_POINT('',(3.111463723182,3.06600189277,17.25660102885)
  );
#5886 = CARTESIAN_POINT('',(2.233262459723,3.033994795229,
    17.538869401405));
#5887 = CARTESIAN_POINT('',(1.230594850938,3.002005407494,
    17.143279358767));
#5888 = CARTESIAN_POINT('',(0.699402233319,2.970000035525,
    15.999983539747));
#5889 = CARTESIAN_POINT('',(1.230474545277,2.937994664852,
    14.856744912652));
#5890 = CARTESIAN_POINT('',(2.233378352543,2.906005276267,
    14.461121291906));
#5891 = CARTESIAN_POINT('',(3.111423454945,2.873998179063,
    14.743400484659));
#5892 = CARTESIAN_POINT('',(3.54999970658,2.841999972854,15.371678517758
    ));
#5893 = CARTESIAN_POINT('',(3.550000785011,2.810000071771,
    16.000000005599));
#5894 = ADVANCED_FACE('',(#5895),#5920,.T.);
#5895 = FACE_BOUND('',#5896,.T.);
#5896 = EDGE_LOOP('',(#5897,#5898,#5905,#5919));
#5897 = ORIENTED_EDGE('',*,*,#5857,.F.);
#5898 = ORIENTED_EDGE('',*,*,#5899,.T.);
#5899 = EDGE_CURVE('',#5851,#5900,#5902,.T.);
#5900 = VERTEX_POINT('',#5901);
#5901 = CARTESIAN_POINT('',(3.333493424766,3.230000424366,
    16.000000033108));
#5902 = B_SPLINE_CURVE_WITH_KNOTS('',1,(#5903,#5904),.UNSPECIFIED.,.F.,
  .F.,(2,2),(0.,0.25),.PIECEWISE_BEZIER_KNOTS.);
#5903 = CARTESIAN_POINT('',(3.549998990701,3.130000071774,16.0000000056)
  );
#5904 = CARTESIAN_POINT('',(3.333493200479,3.230000848732,
    16.000000066216));
#5905 = ORIENTED_EDGE('',*,*,#5906,.T.);
#5906 = EDGE_CURVE('',#5900,#5644,#5907,.T.);
#5907 = B_SPLINE_CURVE_WITH_KNOTS('',10,(#5908,#5909,#5910,#5911,#5912,
    #5913,#5914,#5915,#5916,#5917,#5918),.UNSPECIFIED.,.F.,.F.,(11,11),(
    0.,6.295904828089),.PIECEWISE_BEZIER_KNOTS.);
#5908 = CARTESIAN_POINT('',(3.333493649054,3.23,16.));
#5909 = CARTESIAN_POINT('',(3.333493030798,3.198001169772,
    16.492315490718));
#5910 = CARTESIAN_POINT('',(2.989854728012,3.166022382681,
    16.984300273588));
#5911 = CARTESIAN_POINT('',(2.302008321494,3.133938452364,
    17.206237842439));
#5912 = CARTESIAN_POINT('',(1.515976289616,3.102063943087,
    16.895220500461));
#5913 = CARTESIAN_POINT('',(1.100321361247,3.070000424572,
    16.000009341537));
#5914 = CARTESIAN_POINT('',(1.51604511485,3.037936905316,15.104765538705
    ));
#5915 = CARTESIAN_POINT('',(2.301942204044,3.006062396525,
    14.793767453628));
#5916 = CARTESIAN_POINT('',(2.989877825607,2.973978466016,
    15.015698900533));
#5917 = CARTESIAN_POINT('',(3.333493860324,2.941999678958,
    15.507684575498));
#5918 = CARTESIAN_POINT('',(3.333493200479,2.910000848732,
    16.000000066216));
#5919 = ORIENTED_EDGE('',*,*,#5643,.F.);
#5920 = B_SPLINE_SURFACE_WITH_KNOTS('',1,10,(
    (#5921,#5922,#5923,#5924,#5925,#5926,#5927,#5928,#5929,#5930,#5931)
    ,(#5932,#5933,#5934,#5935,#5936,#5937,#5938,#5939,#5940,#5941,#5942
    )),.UNSPECIFIED.,.F.,.F.,.F.,(2,2),(11,11),(0.,0.25),(0.,
    6.295904828089),.PIECEWISE_BEZIER_KNOTS.);
#5921 = CARTESIAN_POINT('',(3.55,3.13,16.));
#5922 = CARTESIAN_POINT('',(3.549998608924,3.098000098921,
    16.628320924264));
#5923 = CARTESIAN_POINT('',(3.111417190516,3.066001892784,
    17.256598174373));
#5924 = CARTESIAN_POINT('',(2.233395183283,3.03399479531,17.53887865721)
  );
#5925 = CARTESIAN_POINT('',(1.230458534405,3.002005407079,
    17.143250583753));
#5926 = CARTESIAN_POINT('',(0.699403894636,2.97000003635,16.000021151322
    ));
#5927 = CARTESIAN_POINT('',(1.230613227701,2.937994663955,
    14.856718193276));
#5928 = CARTESIAN_POINT('',(2.233246197964,2.906005276818,
    14.461133304468));
#5929 = CARTESIAN_POINT('',(3.111468980035,2.87399817891,14.743399886875
    ));
#5930 = CARTESIAN_POINT('',(3.550000385294,2.841999972848,
    15.371679081335));
#5931 = CARTESIAN_POINT('',(3.549998990701,2.810000071774,16.0000000056)
  );
#5932 = CARTESIAN_POINT('',(3.333493649054,3.23,16.));
#5933 = CARTESIAN_POINT('',(3.333493030798,3.198001169772,
    16.492315490718));
#5934 = CARTESIAN_POINT('',(2.989854728012,3.166022382681,
    16.984300273588));
#5935 = CARTESIAN_POINT('',(2.302008321494,3.133938452364,
    17.206237842439));
#5936 = CARTESIAN_POINT('',(1.515976289616,3.102063943087,
    16.895220500461));
#5937 = CARTESIAN_POINT('',(1.100321361247,3.070000424572,
    16.000009341537));
#5938 = CARTESIAN_POINT('',(1.51604511485,3.037936905316,15.104765538705
    ));
#5939 = CARTESIAN_POINT('',(2.301942204044,3.006062396525,
    14.793767453628));
#5940 = CARTESIAN_POINT('',(2.989877825607,2.973978466016,
    15.015698900533));
#5941 = CARTESIAN_POINT('',(3.333493860324,2.941999678958,
    15.507684575498));
#5942 = CARTESIAN_POINT('',(3.333493200479,2.910000848732,
    16.000000066216));
#5943 = ADVANCED_FACE('',(#5944),#5974,.T.);
#5944 = FACE_BOUND('',#5945,.T.);
#5945 = EDGE_LOOP('',(#5946,#5947,#5959,#5973));
#5946 = ORIENTED_EDGE('',*,*,#5906,.F.);
#5947 = ORIENTED_EDGE('',*,*,#5948,.T.);
#5948 = EDGE_CURVE('',#5900,#5949,#5951,.T.);
#5949 = VERTEX_POINT('',#5950);
#5950 = CARTESIAN_POINT('',(3.333493649055,3.310000424366,
    16.000000033108));
#5951 = ( BOUNDED_CURVE() B_SPLINE_CURVE(6,(#5952,#5953,#5954,#5955,
#5956,#5957,#5958),.UNSPECIFIED.,.F.,.F.) B_SPLINE_CURVE_WITH_KNOTS((7,7
),(0.,2.094395102393),.PIECEWISE_BEZIER_KNOTS.) CURVE() 
GEOMETRIC_REPRESENTATION_ITEM() RATIONAL_B_SPLINE_CURVE((1.056590953773,
    1.017435169568,0.996326512422,0.989390034249,0.996326512422,
1.017435169568,1.056590953773)) REPRESENTATION_ITEM('') );
#5952 = CARTESIAN_POINT('',(3.333493649054,3.23,16.));
#5953 = CARTESIAN_POINT('',(3.315369130164,3.238371356688,16.));
#5954 = CARTESIAN_POINT('',(3.302596729916,3.252540149093,16.));
#5955 = CARTESIAN_POINT('',(3.297980253375,3.27,16.));
#5956 = CARTESIAN_POINT('',(3.302596729916,3.287459850907,16.));
#5957 = CARTESIAN_POINT('',(3.315369130164,3.301628643312,16.));
#5958 = CARTESIAN_POINT('',(3.333493649054,3.31,16.));
#5959 = ORIENTED_EDGE('',*,*,#5960,.T.);
#5960 = EDGE_CURVE('',#5949,#5693,#5961,.T.);
#5961 = ( BOUNDED_CURVE() B_SPLINE_CURVE(10,(#5962,#5963,#5964,#5965,
    #5966,#5967,#5968,#5969,#5970,#5971,#5972),.UNSPECIFIED.,.F.,.F.) 
B_SPLINE_CURVE_WITH_KNOTS((11,11),(0.,6.295904828089),
.PIECEWISE_BEZIER_KNOTS.) CURVE() GEOMETRIC_REPRESENTATION_ITEM() 
RATIONAL_B_SPLINE_CURVE((1.056590953773,1.056590953773,1.056590953773,
    1.056590953773,1.056590953774,1.056590953773,1.056590953774,
    1.056590953773,1.056590953773,1.056590953773,1.056590953773)) 
REPRESENTATION_ITEM('') );
#5962 = CARTESIAN_POINT('',(3.333493649054,3.31,16.));
#5963 = CARTESIAN_POINT('',(3.333493649054,3.278001169772,
    16.492315631612));
#5964 = CARTESIAN_POINT('',(2.989866361178,3.246022382677,
    16.984300987207));
#5965 = CARTESIAN_POINT('',(2.301975140604,3.213938452343,
    17.206235528489));
#5966 = CARTESIAN_POINT('',(1.51601036875,3.182063943191,16.895227694214
    ));
#5967 = CARTESIAN_POINT('',(1.100320945917,3.150000424366,
    15.999999938643));
#5968 = CARTESIAN_POINT('',(1.516010444244,3.117936905541,
    15.104772218549));
#5969 = CARTESIAN_POINT('',(2.301975242688,3.086062396387,
    14.793764450487));
#5970 = CARTESIAN_POINT('',(2.989866444335,3.053978466054,15.01569904998
    ));
#5971 = CARTESIAN_POINT('',(3.333493690645,3.021999678959,
    15.507684434604));
#5972 = CARTESIAN_POINT('',(3.333493649056,2.990000848731,
    16.000000066216));
#5973 = ORIENTED_EDGE('',*,*,#5692,.F.);
#5974 = ( BOUNDED_SURFACE() B_SPLINE_SURFACE(6,10,(
    (#5975,#5976,#5977,#5978,#5979,#5980,#5981,#5982,#5983,#5984,#5985)
    ,(#5986,#5987,#5988,#5989,#5990,#5991,#5992,#5993,#5994,#5995,#5996)
    ,(#5997,#5998,#5999,#6000,#6001,#6002,#6003,#6004,#6005,#6006,#6007)
    ,(#6008,#6009,#6010,#6011,#6012,#6013,#6014,#6015,#6016,#6017,#6018)
    ,(#6019,#6020,#6021,#6022,#6023,#6024,#6025,#6026,#6027,#6028,#6029)
    ,(#6030,#6031,#6032,#6033,#6034,#6035,#6036,#6037,#6038,#6039,#6040)
    ,(#6041,#6042,#6043,#6044,#6045,#6046,#6047,#6048,#6049,#6050,#6051
)),.UNSPECIFIED.,.F.,.F.,.F.) B_SPLINE_SURFACE_WITH_KNOTS((7,7),(11,11),
  (0.,2.094395102393),(0.,6.295904828089),.PIECEWISE_BEZIER_KNOTS.) 
GEOMETRIC_REPRESENTATION_ITEM() RATIONAL_B_SPLINE_SURFACE((
    (1.056590953773,1.056590953773,1.056590953773,1.056590953773
      ,1.056590953774,1.056590953773,1.056590953774,1.056590953773
      ,1.056590953773,1.056590953773,1.056590953773)
    ,(1.017435169568,1.017435169568,1.017435169568,1.017435169568
      ,1.017435169569,1.017435169568,1.017435169569,1.017435169568
      ,1.017435169568,1.017435169568,1.017435169568)
    ,(0.996326512422,0.996326512422,0.996326512422,0.996326512422
      ,0.996326512423,0.996326512422,0.996326512423,0.996326512422
      ,0.996326512422,0.996326512422,0.996326512422)
    ,(0.989390034249,0.989390034249,0.989390034249,0.989390034248
      ,0.989390034249,0.989390034248,0.989390034249,0.989390034248
      ,0.989390034249,0.989390034249,0.989390034249)
    ,(0.996326512422,0.996326512422,0.996326512422,0.996326512422
      ,0.996326512423,0.996326512422,0.996326512423,0.996326512422
      ,0.996326512422,0.996326512422,0.996326512422)
    ,(1.017435169568,1.017435169568,1.017435169568,1.017435169568
      ,1.017435169569,1.017435169568,1.017435169568,1.017435169568
      ,1.017435169568,1.017435169568,1.017435169568)
    ,(1.056590953773,1.056590953773,1.056590953773,1.056590953773
      ,1.056590953774,1.056590953773,1.056590953774,1.056590953773
      ,1.056590953773,1.056590953773,1.056590953773
))) REPRESENTATION_ITEM('') SURFACE() );
#5975 = CARTESIAN_POINT('',(3.333493649054,3.23,16.));
#5976 = CARTESIAN_POINT('',(3.333493030798,3.198001169772,
    16.492315490718));
#5977 = CARTESIAN_POINT('',(2.989854728012,3.166022382681,
    16.984300273588));
#5978 = CARTESIAN_POINT('',(2.302008321493,3.133938452364,17.20623784244
    ));
#5979 = CARTESIAN_POINT('',(1.515976289617,3.102063943087,
    16.895220500461));
#5980 = CARTESIAN_POINT('',(1.100321361246,3.070000424572,
    16.000009341537));
#5981 = CARTESIAN_POINT('',(1.516045114851,3.037936905316,
    15.104765538705));
#5982 = CARTESIAN_POINT('',(2.301942204043,3.006062396525,
    14.793767453628));
#5983 = CARTESIAN_POINT('',(2.989877825607,2.973978466016,
    15.015698900534));
#5984 = CARTESIAN_POINT('',(3.333493860324,2.941999678958,
    15.507684575498));
#5985 = CARTESIAN_POINT('',(3.333493200479,2.910000848732,
    16.000000066216));
#5986 = CARTESIAN_POINT('',(3.315369130164,3.238371356688,16.));
#5987 = CARTESIAN_POINT('',(3.315368576603,3.206372616105,
    16.480929990761));
#5988 = CARTESIAN_POINT('',(2.979678300677,3.174395454651,
    16.961505245059));
#5989 = CARTESIAN_POINT('',(2.307752172028,3.142305092383,
    17.178391293345));
#5990 = CARTESIAN_POINT('',(1.539877999314,3.110440200034,
    16.874457017495));
#5991 = CARTESIAN_POINT('',(1.133883592401,3.078371813759,
    16.000008352897));
#5992 = CARTESIAN_POINT('',(1.539939636225,3.046303426822,
    15.125530466747));
#5993 = CARTESIAN_POINT('',(2.307692991743,3.014438534907,14.82161344472
    ));
#5994 = CARTESIAN_POINT('',(2.979698996369,2.982348172468,
    15.038494022225));
#5995 = CARTESIAN_POINT('',(3.315369326866,2.950371011043,
    15.519070080529));
#5996 = CARTESIAN_POINT('',(3.315368728529,2.918372270462,16.00000007129
    ));
#5997 = CARTESIAN_POINT('',(3.302596729916,3.252540149093,16.));
#5998 = CARTESIAN_POINT('',(3.302596285855,3.220541471682,
    16.472906610974));
#5999 = CARTESIAN_POINT('',(2.972508145759,3.188565455819,16.94544159709
    ));
#6000 = CARTESIAN_POINT('',(2.311796450055,3.156470560935,
    17.158767511445));
#6001 = CARTESIAN_POINT('',(1.556725125135,3.124612445674,
    16.859825675329));
#6002 = CARTESIAN_POINT('',(1.157534949659,3.092540629045,
    16.000006684238));
#6003 = CARTESIAN_POINT('',(1.556774589864,3.060468811884,
    15.140164261352));
#6004 = CARTESIAN_POINT('',(2.311749003419,3.028610696971,
    14.841236283776));
#6005 = CARTESIAN_POINT('',(2.972524769857,2.99651580195,15.05455782506)
  );
#6006 = CARTESIAN_POINT('',(3.302596898812,2.96453978611,15.527093463892
    ));
#6007 = CARTESIAN_POINT('',(3.302596407729,2.932541108702,
    16.000000074866));
#6008 = CARTESIAN_POINT('',(3.297980253375,3.27,16.));
#6009 = CARTESIAN_POINT('',(3.297979944247,3.238001345422,
    16.470006649628));
#6010 = CARTESIAN_POINT('',(2.96991834785,3.206025743624,16.939635636833
    ));
#6011 = CARTESIAN_POINT('',(2.313253102703,3.173929210461,
    17.151674303798));
#6012 = CARTESIAN_POINT('',(1.562819633066,3.142073544742,
    16.854538409398));
#6013 = CARTESIAN_POINT('',(1.166083469565,3.11000048819,16.000004630877
    ));
#6014 = CARTESIAN_POINT('',(1.562854094766,3.07792743127,15.145454553467
    ));
#6015 = CARTESIAN_POINT('',(2.313220110349,3.046071765793,
    14.848328330567));
#6016 = CARTESIAN_POINT('',(2.969929950713,3.013975232534,
    15.060363974405));
#6017 = CARTESIAN_POINT('',(3.297980386052,2.981999630752,
    15.529993426531));
#6018 = CARTESIAN_POINT('',(3.297980029089,2.950000976176,
    16.000000076158));
#6019 = CARTESIAN_POINT('',(3.302596729916,3.287459850907,16.));
#6020 = CARTESIAN_POINT('',(3.302596555721,3.255461173497,
    16.472906672474));
#6021 = CARTESIAN_POINT('',(2.972513223593,3.223485157633,
    16.945441908582));
#6022 = CARTESIAN_POINT('',(2.31178196672,3.191390262742,17.158766501414
    ));
#6023 = CARTESIAN_POINT('',(1.55674000055,3.159532147534,16.859828815376
    ));
#6024 = CARTESIAN_POINT('',(1.157534768369,3.12746033077,16.000002579911
    ));
#6025 = CARTESIAN_POINT('',(1.556759456274,3.095388513797,
    15.140167177079));
#6026 = CARTESIAN_POINT('',(2.311763424664,3.063530398726,
    14.841234972916));
#6027 = CARTESIAN_POINT('',(2.972519801974,3.031435503782,
    15.054557890292));
#6028 = CARTESIAN_POINT('',(3.302596824748,2.999459487926,
    15.527093402393));
#6029 = CARTESIAN_POINT('',(3.302596603531,2.967460810516,
    16.000000074866));
#6030 = CARTESIAN_POINT('',(3.315369130164,3.301628643312,16.));
#6031 = CARTESIAN_POINT('',(3.315369065468,3.269629902729,
    16.480930102168));
#6032 = CARTESIAN_POINT('',(2.979687499209,3.237652741272,
    16.961505809329));
#6033 = CARTESIAN_POINT('',(2.307725935365,3.205562378991,
    17.178389463667));
#6034 = CARTESIAN_POINT('',(1.539904946232,3.173697486739,
    16.874462705711));
#6035 = CARTESIAN_POINT('',(1.133883263993,3.14162910022,16.000000917878
    ));
#6036 = CARTESIAN_POINT('',(1.539912221619,3.109560713624,
    15.125535748606));
#6037 = CARTESIAN_POINT('',(2.307719115931,3.077695821422,
    14.821611070089));
#6038 = CARTESIAN_POINT('',(2.979689997014,3.045605459122,
    15.038494140394));
#6039 = CARTESIAN_POINT('',(3.315369192698,3.013628297668,
    15.519069969122));
#6040 = CARTESIAN_POINT('',(3.315369083226,2.981629557086,16.00000007129
    ));
#6041 = CARTESIAN_POINT('',(3.333493649054,3.31,16.));
#6042 = CARTESIAN_POINT('',(3.333493649054,3.278001169772,
    16.492315631612));
#6043 = CARTESIAN_POINT('',(2.989866361178,3.246022382677,
    16.984300987207));
#6044 = CARTESIAN_POINT('',(2.301975140604,3.213938452343,
    17.206235528489));
#6045 = CARTESIAN_POINT('',(1.51601036875,3.182063943191,16.895227694214
    ));
#6046 = CARTESIAN_POINT('',(1.100320945917,3.150000424366,
    15.999999938643));
#6047 = CARTESIAN_POINT('',(1.516010444244,3.117936905541,
    15.104772218549));
#6048 = CARTESIAN_POINT('',(2.301975242688,3.086062396387,
    14.793764450487));
#6049 = CARTESIAN_POINT('',(2.989866444335,3.053978466054,15.01569904998
    ));
#6050 = CARTESIAN_POINT('',(3.333493690645,3.021999678959,
    15.507684434604));
#6051 = CARTESIAN_POINT('',(3.333493649056,2.990000848731,
    16.000000066216));
#6052 = ADVANCED_FACE('',(#6053),#6078,.T.);
#6053 = FACE_BOUND('',#6054,.T.);
#6054 = EDGE_LOOP('',(#6055,#6056,#6063,#6077));
#6055 = ORIENTED_EDGE('',*,*,#5960,.F.);
#6056 = ORIENTED_EDGE('',*,*,#6057,.T.);
#6057 = EDGE_CURVE('',#5949,#6058,#6060,.T.);
#6058 = VERTEX_POINT('',#6059);
#6059 = CARTESIAN_POINT('',(3.550000280361,3.410000035886,16.0000000028)
  );
#6060 = B_SPLINE_CURVE_WITH_KNOTS('',1,(#6061,#6062),.UNSPECIFIED.,.F.,
  .F.,(2,2),(0.,0.25),.PIECEWISE_BEZIER_KNOTS.);
#6061 = CARTESIAN_POINT('',(3.333493649056,3.310000848731,
    16.000000066216));
#6062 = CARTESIAN_POINT('',(3.550000560722,3.410000071771,
    16.000000005599));
#6063 = ORIENTED_EDGE('',*,*,#6064,.T.);
#6064 = EDGE_CURVE('',#6058,#5802,#6065,.T.);
#6065 = B_SPLINE_CURVE_WITH_KNOTS('',10,(#6066,#6067,#6068,#6069,#6070,
    #6071,#6072,#6073,#6074,#6075,#6076),.UNSPECIFIED.,.F.,.F.,(11,11),(
    0.,6.295904828089),.PIECEWISE_BEZIER_KNOTS.);
#6066 = CARTESIAN_POINT('',(3.55,3.41,16.));
#6067 = CARTESIAN_POINT('',(3.55000077282,3.378000098921,16.628321417394
    ));
#6068 = CARTESIAN_POINT('',(3.111457906599,3.346001892771,17.25660067204
    ));
#6069 = CARTESIAN_POINT('',(2.233279050168,3.313994795238,17.53887055838
    ));
#6070 = CARTESIAN_POINT('',(1.230577811371,3.282005407442,
    17.143275761891));
#6071 = CARTESIAN_POINT('',(0.699402440984,3.250000035628,
    15.999988241194));
#6072 = CARTESIAN_POINT('',(1.23049188058,3.21799466474,14.85674157273)
  );
#6073 = CARTESIAN_POINT('',(2.23336183322,3.186005276336,14.461122793477
    ));
#6074 = CARTESIAN_POINT('',(3.111429145582,3.153998179044,
    14.743400409936));
#6075 = CARTESIAN_POINT('',(3.549999791419,3.121999972853,
    15.371678588205));
#6076 = CARTESIAN_POINT('',(3.550000560722,3.090000071771,
    16.000000005599));
#6077 = ORIENTED_EDGE('',*,*,#5801,.F.);
#6078 = B_SPLINE_SURFACE_WITH_KNOTS('',1,10,(
    (#6079,#6080,#6081,#6082,#6083,#6084,#6085,#6086,#6087,#6088,#6089)
    ,(#6090,#6091,#6092,#6093,#6094,#6095,#6096,#6097,#6098,#6099,#6100
    )),.UNSPECIFIED.,.F.,.F.,.F.,(2,2),(11,11),(0.,0.25),(0.,
    6.295904828089),.PIECEWISE_BEZIER_KNOTS.);
#6079 = CARTESIAN_POINT('',(3.333493649054,3.31,16.));
#6080 = CARTESIAN_POINT('',(3.333493649054,3.278001169772,
    16.492315631612));
#6081 = CARTESIAN_POINT('',(2.989866361178,3.246022382677,
    16.984300987207));
#6082 = CARTESIAN_POINT('',(2.301975140604,3.213938452343,
    17.206235528488));
#6083 = CARTESIAN_POINT('',(1.51601036875,3.182063943191,16.895227694214
    ));
#6084 = CARTESIAN_POINT('',(1.100320945918,3.150000424366,
    15.999999938643));
#6085 = CARTESIAN_POINT('',(1.516010444244,3.117936905541,
    15.104772218549));
#6086 = CARTESIAN_POINT('',(2.301975242688,3.086062396387,
    14.793764450487));
#6087 = CARTESIAN_POINT('',(2.989866444335,3.053978466054,
    15.015699049979));
#6088 = CARTESIAN_POINT('',(3.333493690645,3.021999678959,
    15.507684434604));
#6089 = CARTESIAN_POINT('',(3.333493649056,2.990000848731,
    16.000000066216));
#6090 = CARTESIAN_POINT('',(3.55,3.41,16.));
#6091 = CARTESIAN_POINT('',(3.55000077282,3.378000098921,16.628321417394
    ));
#6092 = CARTESIAN_POINT('',(3.111457906599,3.346001892771,17.25660067204
    ));
#6093 = CARTESIAN_POINT('',(2.233279050168,3.313994795238,17.53887055838
    ));
#6094 = CARTESIAN_POINT('',(1.230577811371,3.282005407442,
    17.143275761891));
#6095 = CARTESIAN_POINT('',(0.699402440984,3.250000035628,
    15.999988241194));
#6096 = CARTESIAN_POINT('',(1.23049188058,3.21799466474,14.85674157273)
  );
#6097 = CARTESIAN_POINT('',(2.23336183322,3.186005276336,14.461122793477
    ));
#6098 = CARTESIAN_POINT('',(3.111429145582,3.153998179044,
    14.743400409936));
#6099 = CARTESIAN_POINT('',(3.549999791419,3.121999972853,
    15.371678588205));
#6100 = CARTESIAN_POINT('',(3.550000560722,3.090000071771,
    16.000000005599));
#6101 = ADVANCED_FACE('',(#6102),#6127,.T.);
#6102 = FACE_BOUND('',#6103,.T.);
#6103 = EDGE_LOOP('',(#6104,#6105,#6112,#6126));
#6104 = ORIENTED_EDGE('',*,*,#6064,.F.);
#6105 = ORIENTED_EDGE('',*,*,#6106,.T.);
#6106 = EDGE_CURVE('',#6058,#6107,#6109,.T.);
#6107 = VERTEX_POINT('',#6108);
#6108 = CARTESIAN_POINT('',(3.549999593477,3.450000044858,16.0000000035)
  );
#6109 = B_SPLINE_CURVE_WITH_KNOTS('',1,(#6110,#6111),.UNSPECIFIED.,.F.,
  .F.,(2,2),(0.,5.E-02),.PIECEWISE_BEZIER_KNOTS.);
#6110 = CARTESIAN_POINT('',(3.55,3.41,16.));
#6111 = CARTESIAN_POINT('',(3.55,3.45,16.));
#6112 = ORIENTED_EDGE('',*,*,#6113,.T.);
#6113 = EDGE_CURVE('',#6107,#5851,#6114,.T.);
#6114 = B_SPLINE_CURVE_WITH_KNOTS('',10,(#6115,#6116,#6117,#6118,#6119,
    #6120,#6121,#6122,#6123,#6124,#6125),.UNSPECIFIED.,.F.,.F.,(11,11),(
    0.,6.295904828089),.PIECEWISE_BEZIER_KNOTS.);
#6115 = CARTESIAN_POINT('',(3.55,3.45,16.));
#6116 = CARTESIAN_POINT('',(3.550001081948,3.418000098921,
    16.628321487841));
#6117 = CARTESIAN_POINT('',(3.111463723182,3.38600189277,17.25660102885)
  );
#6118 = CARTESIAN_POINT('',(2.233262459723,3.353994795229,
    17.538869401405));
#6119 = CARTESIAN_POINT('',(1.230594850938,3.322005407494,
    17.143279358767));
#6120 = CARTESIAN_POINT('',(0.699402233319,3.290000035525,
    15.999983539747));
#6121 = CARTESIAN_POINT('',(1.230474545277,3.257994664852,
    14.856744912652));
#6122 = CARTESIAN_POINT('',(2.233378352543,3.226005276267,
    14.461121291906));
#6123 = CARTESIAN_POINT('',(3.111423454945,3.193998179063,
    14.743400484659));
#6124 = CARTESIAN_POINT('',(3.54999970658,3.161999972854,15.371678517758
    ));
#6125 = CARTESIAN_POINT('',(3.550000785011,3.130000071771,
    16.000000005599));
#6126 = ORIENTED_EDGE('',*,*,#5850,.F.);
#6127 = B_SPLINE_SURFACE_WITH_KNOTS('',1,10,(
    (#6128,#6129,#6130,#6131,#6132,#6133,#6134,#6135,#6136,#6137,#6138)
    ,(#6139,#6140,#6141,#6142,#6143,#6144,#6145,#6146,#6147,#6148,#6149
    )),.UNSPECIFIED.,.F.,.F.,.F.,(2,2),(11,11),(0.,5.E-02),(0.,
    6.295904828089),.PIECEWISE_BEZIER_KNOTS.);
#6128 = CARTESIAN_POINT('',(3.55,3.41,16.));
#6129 = CARTESIAN_POINT('',(3.55000077282,3.378000098921,16.628321417394
    ));
#6130 = CARTESIAN_POINT('',(3.111457906599,3.346001892771,17.25660067204
    ));
#6131 = CARTESIAN_POINT('',(2.233279050168,3.313994795238,17.53887055838
    ));
#6132 = CARTESIAN_POINT('',(1.230577811371,3.282005407442,
    17.143275761891));
#6133 = CARTESIAN_POINT('',(0.699402440984,3.250000035628,
    15.999988241194));
#6134 = CARTESIAN_POINT('',(1.23049188058,3.21799466474,14.85674157273)
  );
#6135 = CARTESIAN_POINT('',(2.23336183322,3.186005276336,14.461122793477
    ));
#6136 = CARTESIAN_POINT('',(3.111429145582,3.153998179044,
    14.743400409936));
#6137 = CARTESIAN_POINT('',(3.549999791419,3.121999972853,
    15.371678588205));
#6138 = CARTESIAN_POINT('',(3.550000560722,3.090000071771,
    16.000000005599));
#6139 = CARTESIAN_POINT('',(3.55,3.45,16.));
#6140 = CARTESIAN_POINT('',(3.550001081948,3.418000098921,
    16.628321487841));
#6141 = CARTESIAN_POINT('',(3.111463723182,3.38600189277,17.25660102885)
  );
#6142 = CARTESIAN_POINT('',(2.233262459723,3.353994795229,
    17.538869401405));
#6143 = CARTESIAN_POINT('',(1.230594850938,3.322005407494,
    17.143279358767));
#6144 = CARTESIAN_POINT('',(0.699402233319,3.290000035525,
    15.999983539747));
#6145 = CARTESIAN_POINT('',(1.230474545277,3.257994664852,
    14.856744912652));
#6146 = CARTESIAN_POINT('',(2.233378352543,3.226005276267,
    14.461121291906));
#6147 = CARTESIAN_POINT('',(3.111423454945,3.193998179063,
    14.743400484659));
#6148 = CARTESIAN_POINT('',(3.54999970658,3.161999972854,15.371678517758
    ));
#6149 = CARTESIAN_POINT('',(3.550000785011,3.130000071771,
    16.000000005599));
#6150 = ADVANCED_FACE('',(#6151),#6176,.T.);
#6151 = FACE_BOUND('',#6152,.T.);
#6152 = EDGE_LOOP('',(#6153,#6154,#6161,#6175));
#6153 = ORIENTED_EDGE('',*,*,#6113,.F.);
#6154 = ORIENTED_EDGE('',*,*,#6155,.T.);
#6155 = EDGE_CURVE('',#6107,#6156,#6158,.T.);
#6156 = VERTEX_POINT('',#6157);
#6157 = CARTESIAN_POINT('',(3.333493424766,3.550000424366,
    16.000000033108));
#6158 = B_SPLINE_CURVE_WITH_KNOTS('',1,(#6159,#6160),.UNSPECIFIED.,.F.,
  .F.,(2,2),(0.,0.25),.PIECEWISE_BEZIER_KNOTS.);
#6159 = CARTESIAN_POINT('',(3.549998990701,3.450000071774,16.0000000056)
  );
#6160 = CARTESIAN_POINT('',(3.333493200479,3.550000848732,
    16.000000066216));
#6161 = ORIENTED_EDGE('',*,*,#6162,.T.);
#6162 = EDGE_CURVE('',#6156,#5900,#6163,.T.);
#6163 = B_SPLINE_CURVE_WITH_KNOTS('',10,(#6164,#6165,#6166,#6167,#6168,
    #6169,#6170,#6171,#6172,#6173,#6174),.UNSPECIFIED.,.F.,.F.,(11,11),(
    0.,6.295904828089),.PIECEWISE_BEZIER_KNOTS.);
#6164 = CARTESIAN_POINT('',(3.333493649054,3.55,16.));
#6165 = CARTESIAN_POINT('',(3.333493030798,3.518001169772,
    16.492315490718));
#6166 = CARTESIAN_POINT('',(2.989854728012,3.486022382681,
    16.984300273588));
#6167 = CARTESIAN_POINT('',(2.302008321494,3.453938452364,
    17.206237842439));
#6168 = CARTESIAN_POINT('',(1.515976289616,3.422063943087,
    16.895220500461));
#6169 = CARTESIAN_POINT('',(1.100321361247,3.390000424572,
    16.000009341537));
#6170 = CARTESIAN_POINT('',(1.51604511485,3.357936905316,15.104765538705
    ));
#6171 = CARTESIAN_POINT('',(2.301942204044,3.326062396525,
    14.793767453628));
#6172 = CARTESIAN_POINT('',(2.989877825607,3.293978466016,
    15.015698900533));
#6173 = CARTESIAN_POINT('',(3.333493860324,3.261999678958,
    15.507684575498));
#6174 = CARTESIAN_POINT('',(3.333493200479,3.230000848732,
    16.000000066216));
#6175 = ORIENTED_EDGE('',*,*,#5899,.F.);
#6176 = B_SPLINE_SURFACE_WITH_KNOTS('',1,10,(
    (#6177,#6178,#6179,#6180,#6181,#6182,#6183,#6184,#6185,#6186,#6187)
    ,(#6188,#6189,#6190,#6191,#6192,#6193,#6194,#6195,#6196,#6197,#6198
    )),.UNSPECIFIED.,.F.,.F.,.F.,(2,2),(11,11),(0.,0.25),(0.,
    6.295904828089),.PIECEWISE_BEZIER_KNOTS.);
#6177 = CARTESIAN_POINT('',(3.55,3.45,16.));
#6178 = CARTESIAN_POINT('',(3.549998608924,3.418000098921,
    16.628320924264));
#6179 = CARTESIAN_POINT('',(3.111417190516,3.386001892784,
    17.256598174373));
#6180 = CARTESIAN_POINT('',(2.233395183283,3.35399479531,17.53887865721)
  );
#6181 = CARTESIAN_POINT('',(1.230458534405,3.322005407079,
    17.143250583753));
#6182 = CARTESIAN_POINT('',(0.699403894636,3.29000003635,16.000021151322
    ));
#6183 = CARTESIAN_POINT('',(1.230613227701,3.257994663955,
    14.856718193276));
#6184 = CARTESIAN_POINT('',(2.233246197964,3.226005276818,
    14.461133304468));
#6185 = CARTESIAN_POINT('',(3.111468980035,3.19399817891,14.743399886875
    ));
#6186 = CARTESIAN_POINT('',(3.550000385294,3.161999972848,
    15.371679081335));
#6187 = CARTESIAN_POINT('',(3.549998990701,3.130000071774,16.0000000056)
  );
#6188 = CARTESIAN_POINT('',(3.333493649054,3.55,16.));
#6189 = CARTESIAN_POINT('',(3.333493030798,3.518001169772,
    16.492315490718));
#6190 = CARTESIAN_POINT('',(2.989854728012,3.486022382681,
    16.984300273588));
#6191 = CARTESIAN_POINT('',(2.302008321494,3.453938452364,
    17.206237842439));
#6192 = CARTESIAN_POINT('',(1.515976289616,3.422063943087,
    16.895220500461));
#6193 = CARTESIAN_POINT('',(1.100321361247,3.390000424572,
    16.000009341537));
#6194 = CARTESIAN_POINT('',(1.51604511485,3.357936905316,15.104765538705
    ));
#6195 = CARTESIAN_POINT('',(2.301942204044,3.326062396525,
    14.793767453628));
#6196 = CARTESIAN_POINT('',(2.989877825607,3.293978466016,
    15.015698900533));
#6197 = CARTESIAN_POINT('',(3.333493860324,3.261999678958,
    15.507684575498));
#6198 = CARTESIAN_POINT('',(3.333493200479,3.230000848732,
    16.000000066216));
#6199 = ADVANCED_FACE('',(#6200),#6230,.T.);
#6200 = FACE_BOUND('',#6201,.T.);
#6201 = EDGE_LOOP('',(#6202,#6203,#6215,#6229));
#6202 = ORIENTED_EDGE('',*,*,#6162,.F.);
#6203 = ORIENTED_EDGE('',*,*,#6204,.T.);
#6204 = EDGE_CURVE('',#6156,#6205,#6207,.T.);
#6205 = VERTEX_POINT('',#6206);
#6206 = CARTESIAN_POINT('',(3.333493649055,3.630000424366,
    16.000000033108));
#6207 = ( BOUNDED_CURVE() B_SPLINE_CURVE(6,(#6208,#6209,#6210,#6211,
#6212,#6213,#6214),.UNSPECIFIED.,.F.,.F.) B_SPLINE_CURVE_WITH_KNOTS((7,7
),(0.,2.094395102393),.PIECEWISE_BEZIER_KNOTS.) CURVE() 
GEOMETRIC_REPRESENTATION_ITEM() RATIONAL_B_SPLINE_CURVE((1.056590953773,
    1.017435169568,0.996326512422,0.989390034249,0.996326512422,
1.017435169568,1.056590953773)) REPRESENTATION_ITEM('') );
#6208 = CARTESIAN_POINT('',(3.333493649054,3.55,16.));
#6209 = CARTESIAN_POINT('',(3.315369130164,3.558371356688,16.));
#6210 = CARTESIAN_POINT('',(3.302596729916,3.572540149093,16.));
#6211 = CARTESIAN_POINT('',(3.297980253375,3.59,16.));
#6212 = CARTESIAN_POINT('',(3.302596729916,3.607459850907,16.));
#6213 = CARTESIAN_POINT('',(3.315369130164,3.621628643312,16.));
#6214 = CARTESIAN_POINT('',(3.333493649054,3.63,16.));
#6215 = ORIENTED_EDGE('',*,*,#6216,.T.);
#6216 = EDGE_CURVE('',#6205,#5949,#6217,.T.);
#6217 = ( BOUNDED_CURVE() B_SPLINE_CURVE(10,(#6218,#6219,#6220,#6221,
    #6222,#6223,#6224,#6225,#6226,#6227,#6228),.UNSPECIFIED.,.F.,.F.) 
B_SPLINE_CURVE_WITH_KNOTS((11,11),(0.,6.295904828089),
.PIECEWISE_BEZIER_KNOTS.) CURVE() GEOMETRIC_REPRESENTATION_ITEM() 
RATIONAL_B_SPLINE_CURVE((1.056590953773,1.056590953773,1.056590953773,
    1.056590953773,1.056590953774,1.056590953773,1.056590953774,
    1.056590953773,1.056590953773,1.056590953773,1.056590953773)) 
REPRESENTATION_ITEM('') );
#6218 = CARTESIAN_POINT('',(3.333493649054,3.63,16.));
#6219 = CARTESIAN_POINT('',(3.333493649054,3.598001169772,
    16.492315631612));
#6220 = CARTESIAN_POINT('',(2.989866361178,3.566022382677,
    16.984300987207));
#6221 = CARTESIAN_POINT('',(2.301975140604,3.533938452343,
    17.206235528489));
#6222 = CARTESIAN_POINT('',(1.51601036875,3.502063943191,16.895227694214
    ));
#6223 = CARTESIAN_POINT('',(1.100320945917,3.470000424366,
    15.999999938643));
#6224 = CARTESIAN_POINT('',(1.516010444244,3.437936905541,
    15.104772218549));
#6225 = CARTESIAN_POINT('',(2.301975242688,3.406062396387,
    14.793764450487));
#6226 = CARTESIAN_POINT('',(2.989866444335,3.373978466054,15.01569904998
    ));
#6227 = CARTESIAN_POINT('',(3.333493690645,3.341999678959,
    15.507684434604));
#6228 = CARTESIAN_POINT('',(3.333493649056,3.310000848731,
    16.000000066216));
#6229 = ORIENTED_EDGE('',*,*,#5948,.F.);
#6230 = ( BOUNDED_SURFACE() B_SPLINE_SURFACE(6,10,(
    (#6231,#6232,#6233,#6234,#6235,#6236,#6237,#6238,#6239,#6240,#6241)
    ,(#6242,#6243,#6244,#6245,#6246,#6247,#6248,#6249,#6250,#6251,#6252)
    ,(#6253,#6254,#6255,#6256,#6257,#6258,#6259,#6260,#6261,#6262,#6263)
    ,(#6264,#6265,#6266,#6267,#6268,#6269,#6270,#6271,#6272,#6273,#6274)
    ,(#6275,#6276,#6277,#6278,#6279,#6280,#6281,#6282,#6283,#6284,#6285)
    ,(#6286,#6287,#6288,#6289,#6290,#6291,#6292,#6293,#6294,#6295,#6296)
    ,(#6297,#6298,#6299,#6300,#6301,#6302,#6303,#6304,#6305,#6306,#6307
)),.UNSPECIFIED.,.F.,.F.,.F.) B_SPLINE_SURFACE_WITH_KNOTS((7,7),(11,11),
  (0.,2.094395102393),(0.,6.295904828089),.PIECEWISE_BEZIER_KNOTS.) 
GEOMETRIC_REPRESENTATION_ITEM() RATIONAL_B_SPLINE_SURFACE((
    (1.056590953773,1.056590953773,1.056590953773,1.056590953773
      ,1.056590953774,1.056590953773,1.056590953774,1.056590953773
      ,1.056590953773,1.056590953773,1.056590953773)
    ,(1.017435169568,1.017435169568,1.017435169568,1.017435169568
      ,1.017435169569,1.017435169568,1.017435169569,1.017435169568
      ,1.017435169568,1.017435169568,1.017435169568)
    ,(0.996326512422,0.996326512422,0.996326512422,0.996326512422
      ,0.996326512423,0.996326512422,0.996326512423,0.996326512422
      ,0.996326512422,0.996326512422,0.996326512422)
    ,(0.989390034249,0.989390034249,0.989390034249,0.989390034248
      ,0.989390034249,0.989390034248,0.989390034249,0.989390034248
      ,0.989390034249,0.989390034249,0.989390034249)
    ,(0.996326512422,0.996326512422,0.996326512422,0.996326512422
      ,0.996326512423,0.996326512422,0.996326512423,0.996326512422
      ,0.996326512422,0.996326512422,0.996326512422)
    ,(1.017435169568,1.017435169568,1.017435169568,1.017435169568
      ,1.017435169569,1.017435169568,1.017435169568,1.017435169568
      ,1.017435169568,1.017435169568,1.017435169568)
    ,(1.056590953773,1.056590953773,1.056590953773,1.056590953773
      ,1.056590953774,1.056590953773,1.056590953774,1.056590953773
      ,1.056590953773,1.056590953773,1.056590953773
))) REPRESENTATION_ITEM('') SURFACE() );
#6231 = CARTESIAN_POINT('',(3.333493649054,3.55,16.));
#6232 = CARTESIAN_POINT('',(3.333493030798,3.518001169772,
    16.492315490718));
#6233 = CARTESIAN_POINT('',(2.989854728012,3.486022382681,
    16.984300273588));
#6234 = CARTESIAN_POINT('',(2.302008321493,3.453938452364,17.20623784244
    ));
#6235 = CARTESIAN_POINT('',(1.515976289617,3.422063943087,
    16.895220500461));
#6236 = CARTESIAN_POINT('',(1.100321361246,3.390000424572,
    16.000009341537));
#6237 = CARTESIAN_POINT('',(1.516045114851,3.357936905316,
    15.104765538705));
#6238 = CARTESIAN_POINT('',(2.301942204043,3.326062396525,
    14.793767453628));
#6239 = CARTESIAN_POINT('',(2.989877825607,3.293978466016,
    15.015698900534));
#6240 = CARTESIAN_POINT('',(3.333493860324,3.261999678958,
    15.507684575498));
#6241 = CARTESIAN_POINT('',(3.333493200479,3.230000848732,
    16.000000066216));
#6242 = CARTESIAN_POINT('',(3.315369130164,3.558371356688,16.));
#6243 = CARTESIAN_POINT('',(3.315368576603,3.526372616105,
    16.480929990761));
#6244 = CARTESIAN_POINT('',(2.979678300677,3.494395454651,
    16.961505245059));
#6245 = CARTESIAN_POINT('',(2.307752172028,3.462305092383,
    17.178391293345));
#6246 = CARTESIAN_POINT('',(1.539877999314,3.430440200034,
    16.874457017495));
#6247 = CARTESIAN_POINT('',(1.133883592401,3.398371813759,
    16.000008352897));
#6248 = CARTESIAN_POINT('',(1.539939636225,3.366303426822,
    15.125530466747));
#6249 = CARTESIAN_POINT('',(2.307692991743,3.334438534907,14.82161344472
    ));
#6250 = CARTESIAN_POINT('',(2.979698996369,3.302348172468,
    15.038494022225));
#6251 = CARTESIAN_POINT('',(3.315369326866,3.270371011043,
    15.519070080529));
#6252 = CARTESIAN_POINT('',(3.315368728529,3.238372270462,16.00000007129
    ));
#6253 = CARTESIAN_POINT('',(3.302596729916,3.572540149093,16.));
#6254 = CARTESIAN_POINT('',(3.302596285855,3.540541471682,
    16.472906610974));
#6255 = CARTESIAN_POINT('',(2.972508145759,3.508565455819,16.94544159709
    ));
#6256 = CARTESIAN_POINT('',(2.311796450055,3.476470560935,
    17.158767511445));
#6257 = CARTESIAN_POINT('',(1.556725125135,3.444612445674,
    16.859825675329));
#6258 = CARTESIAN_POINT('',(1.157534949659,3.412540629045,
    16.000006684238));
#6259 = CARTESIAN_POINT('',(1.556774589864,3.380468811884,
    15.140164261352));
#6260 = CARTESIAN_POINT('',(2.311749003419,3.348610696971,
    14.841236283776));
#6261 = CARTESIAN_POINT('',(2.972524769857,3.31651580195,15.05455782506)
  );
#6262 = CARTESIAN_POINT('',(3.302596898812,3.28453978611,15.527093463892
    ));
#6263 = CARTESIAN_POINT('',(3.302596407729,3.252541108702,
    16.000000074866));
#6264 = CARTESIAN_POINT('',(3.297980253375,3.59,16.));
#6265 = CARTESIAN_POINT('',(3.297979944247,3.558001345422,
    16.470006649628));
#6266 = CARTESIAN_POINT('',(2.96991834785,3.526025743624,16.939635636833
    ));
#6267 = CARTESIAN_POINT('',(2.313253102703,3.493929210461,
    17.151674303798));
#6268 = CARTESIAN_POINT('',(1.562819633066,3.462073544742,
    16.854538409398));
#6269 = CARTESIAN_POINT('',(1.166083469565,3.43000048819,16.000004630877
    ));
#6270 = CARTESIAN_POINT('',(1.562854094766,3.39792743127,15.145454553467
    ));
#6271 = CARTESIAN_POINT('',(2.313220110349,3.366071765793,
    14.848328330567));
#6272 = CARTESIAN_POINT('',(2.969929950713,3.333975232534,
    15.060363974405));
#6273 = CARTESIAN_POINT('',(3.297980386052,3.301999630752,
    15.529993426531));
#6274 = CARTESIAN_POINT('',(3.297980029089,3.270000976176,
    16.000000076158));
#6275 = CARTESIAN_POINT('',(3.302596729916,3.607459850907,16.));
#6276 = CARTESIAN_POINT('',(3.302596555721,3.575461173497,
    16.472906672474));
#6277 = CARTESIAN_POINT('',(2.972513223593,3.543485157633,
    16.945441908582));
#6278 = CARTESIAN_POINT('',(2.31178196672,3.511390262742,17.158766501414
    ));
#6279 = CARTESIAN_POINT('',(1.55674000055,3.479532147534,16.859828815376
    ));
#6280 = CARTESIAN_POINT('',(1.157534768369,3.44746033077,16.000002579911
    ));
#6281 = CARTESIAN_POINT('',(1.556759456274,3.415388513797,
    15.140167177079));
#6282 = CARTESIAN_POINT('',(2.311763424664,3.383530398726,
    14.841234972916));
#6283 = CARTESIAN_POINT('',(2.972519801974,3.351435503782,
    15.054557890292));
#6284 = CARTESIAN_POINT('',(3.302596824748,3.319459487926,
    15.527093402393));
#6285 = CARTESIAN_POINT('',(3.302596603531,3.287460810516,
    16.000000074866));
#6286 = CARTESIAN_POINT('',(3.315369130164,3.621628643312,16.));
#6287 = CARTESIAN_POINT('',(3.315369065468,3.589629902729,
    16.480930102168));
#6288 = CARTESIAN_POINT('',(2.979687499209,3.557652741272,
    16.961505809329));
#6289 = CARTESIAN_POINT('',(2.307725935365,3.525562378991,
    17.178389463667));
#6290 = CARTESIAN_POINT('',(1.539904946232,3.493697486739,
    16.874462705711));
#6291 = CARTESIAN_POINT('',(1.133883263993,3.46162910022,16.000000917878
    ));
#6292 = CARTESIAN_POINT('',(1.539912221619,3.429560713624,
    15.125535748606));
#6293 = CARTESIAN_POINT('',(2.307719115931,3.397695821422,
    14.821611070089));
#6294 = CARTESIAN_POINT('',(2.979689997014,3.365605459122,
    15.038494140394));
#6295 = CARTESIAN_POINT('',(3.315369192698,3.333628297668,
    15.519069969122));
#6296 = CARTESIAN_POINT('',(3.315369083226,3.301629557086,16.00000007129
    ));
#6297 = CARTESIAN_POINT('',(3.333493649054,3.63,16.));
#6298 = CARTESIAN_POINT('',(3.333493649054,3.598001169772,
    16.492315631612));
#6299 = CARTESIAN_POINT('',(2.989866361178,3.566022382677,
    16.984300987207));
#6300 = CARTESIAN_POINT('',(2.301975140604,3.533938452343,
    17.206235528489));
#6301 = CARTESIAN_POINT('',(1.51601036875,3.502063943191,16.895227694214
    ));
#6302 = CARTESIAN_POINT('',(1.100320945917,3.470000424366,
    15.999999938643));
#6303 = CARTESIAN_POINT('',(1.516010444244,3.437936905541,
    15.104772218549));
#6304 = CARTESIAN_POINT('',(2.301975242688,3.406062396387,
    14.793764450487));
#6305 = CARTESIAN_POINT('',(2.989866444335,3.373978466054,15.01569904998
    ));
#6306 = CARTESIAN_POINT('',(3.333493690645,3.341999678959,
    15.507684434604));
#6307 = CARTESIAN_POINT('',(3.333493649056,3.310000848731,
    16.000000066216));
#6308 = ADVANCED_FACE('',(#6309),#6334,.T.);
#6309 = FACE_BOUND('',#6310,.T.);
#6310 = EDGE_LOOP('',(#6311,#6312,#6319,#6333));
#6311 = ORIENTED_EDGE('',*,*,#6216,.F.);
#6312 = ORIENTED_EDGE('',*,*,#6313,.T.);
#6313 = EDGE_CURVE('',#6205,#6314,#6316,.T.);
#6314 = VERTEX_POINT('',#6315);
#6315 = CARTESIAN_POINT('',(3.550000280361,3.730000035886,16.0000000028)
  );
#6316 = B_SPLINE_CURVE_WITH_KNOTS('',1,(#6317,#6318),.UNSPECIFIED.,.F.,
  .F.,(2,2),(0.,0.25),.PIECEWISE_BEZIER_KNOTS.);
#6317 = CARTESIAN_POINT('',(3.333493649056,3.630000848731,
    16.000000066216));
#6318 = CARTESIAN_POINT('',(3.550000560722,3.730000071771,
    16.000000005599));
#6319 = ORIENTED_EDGE('',*,*,#6320,.T.);
#6320 = EDGE_CURVE('',#6314,#6058,#6321,.T.);
#6321 = B_SPLINE_CURVE_WITH_KNOTS('',10,(#6322,#6323,#6324,#6325,#6326,
    #6327,#6328,#6329,#6330,#6331,#6332),.UNSPECIFIED.,.F.,.F.,(11,11),(
    0.,6.295904828089),.PIECEWISE_BEZIER_KNOTS.);
#6322 = CARTESIAN_POINT('',(3.55,3.73,16.));
#6323 = CARTESIAN_POINT('',(3.55000077282,3.698000098921,16.628321417394
    ));
#6324 = CARTESIAN_POINT('',(3.111457906599,3.666001892771,17.25660067204
    ));
#6325 = CARTESIAN_POINT('',(2.233279050168,3.633994795238,17.53887055838
    ));
#6326 = CARTESIAN_POINT('',(1.230577811371,3.602005407442,
    17.143275761891));
#6327 = CARTESIAN_POINT('',(0.699402440984,3.570000035628,
    15.999988241194));
#6328 = CARTESIAN_POINT('',(1.23049188058,3.53799466474,14.85674157273)
  );
#6329 = CARTESIAN_POINT('',(2.23336183322,3.506005276336,14.461122793477
    ));
#6330 = CARTESIAN_POINT('',(3.111429145582,3.473998179044,
    14.743400409936));
#6331 = CARTESIAN_POINT('',(3.549999791419,3.441999972853,
    15.371678588205));
#6332 = CARTESIAN_POINT('',(3.550000560722,3.410000071771,
    16.000000005599));
#6333 = ORIENTED_EDGE('',*,*,#6057,.F.);
#6334 = B_SPLINE_SURFACE_WITH_KNOTS('',1,10,(
    (#6335,#6336,#6337,#6338,#6339,#6340,#6341,#6342,#6343,#6344,#6345)
    ,(#6346,#6347,#6348,#6349,#6350,#6351,#6352,#6353,#6354,#6355,#6356
    )),.UNSPECIFIED.,.F.,.F.,.F.,(2,2),(11,11),(0.,0.25),(0.,
    6.295904828089),.PIECEWISE_BEZIER_KNOTS.);
#6335 = CARTESIAN_POINT('',(3.333493649054,3.63,16.));
#6336 = CARTESIAN_POINT('',(3.333493649054,3.598001169772,
    16.492315631612));
#6337 = CARTESIAN_POINT('',(2.989866361178,3.566022382677,
    16.984300987207));
#6338 = CARTESIAN_POINT('',(2.301975140604,3.533938452343,
    17.206235528488));
#6339 = CARTESIAN_POINT('',(1.51601036875,3.502063943191,16.895227694214
    ));
#6340 = CARTESIAN_POINT('',(1.100320945918,3.470000424366,
    15.999999938643));
#6341 = CARTESIAN_POINT('',(1.516010444244,3.437936905541,
    15.104772218549));
#6342 = CARTESIAN_POINT('',(2.301975242688,3.406062396387,
    14.793764450487));
#6343 = CARTESIAN_POINT('',(2.989866444335,3.373978466054,
    15.015699049979));
#6344 = CARTESIAN_POINT('',(3.333493690645,3.341999678959,
    15.507684434604));
#6345 = CARTESIAN_POINT('',(3.333493649056,3.310000848731,
    16.000000066216));
#6346 = CARTESIAN_POINT('',(3.55,3.73,16.));
#6347 = CARTESIAN_POINT('',(3.55000077282,3.698000098921,16.628321417394
    ));
#6348 = CARTESIAN_POINT('',(3.111457906599,3.666001892771,17.25660067204
    ));
#6349 = CARTESIAN_POINT('',(2.233279050168,3.633994795238,17.53887055838
    ));
#6350 = CARTESIAN_POINT('',(1.230577811371,3.602005407442,
    17.143275761891));
#6351 = CARTESIAN_POINT('',(0.699402440984,3.570000035628,
    15.999988241194));
#6352 = CARTESIAN_POINT('',(1.23049188058,3.53799466474,14.85674157273)
  );
#6353 = CARTESIAN_POINT('',(2.23336183322,3.506005276336,14.461122793477
    ));
#6354 = CARTESIAN_POINT('',(3.111429145582,3.473998179044,
    14.743400409936));
#6355 = CARTESIAN_POINT('',(3.549999791419,3.441999972853,
    15.371678588205));
#6356 = CARTESIAN_POINT('',(3.550000560722,3.410000071771,
    16.000000005599));
#6357 = ADVANCED_FACE('',(#6358),#6383,.T.);
#6358 = FACE_BOUND('',#6359,.T.);
#6359 = EDGE_LOOP('',(#6360,#6361,#6368,#6382));
#6360 = ORIENTED_EDGE('',*,*,#6320,.F.);
#6361 = ORIENTED_EDGE('',*,*,#6362,.T.);
#6362 = EDGE_CURVE('',#6314,#6363,#6365,.T.);
#6363 = VERTEX_POINT('',#6364);
#6364 = CARTESIAN_POINT('',(3.549999593477,3.770000044858,16.0000000035)
  );
#6365 = B_SPLINE_CURVE_WITH_KNOTS('',1,(#6366,#6367),.UNSPECIFIED.,.F.,
  .F.,(2,2),(0.,5.E-02),.PIECEWISE_BEZIER_KNOTS.);
#6366 = CARTESIAN_POINT('',(3.55,3.73,16.));
#6367 = CARTESIAN_POINT('',(3.55,3.77,16.));
#6368 = ORIENTED_EDGE('',*,*,#6369,.T.);
#6369 = EDGE_CURVE('',#6363,#6107,#6370,.T.);
#6370 = B_SPLINE_CURVE_WITH_KNOTS('',10,(#6371,#6372,#6373,#6374,#6375,
    #6376,#6377,#6378,#6379,#6380,#6381),.UNSPECIFIED.,.F.,.F.,(11,11),(
    0.,6.295904828089),.PIECEWISE_BEZIER_KNOTS.);
#6371 = CARTESIAN_POINT('',(3.55,3.77,16.));
#6372 = CARTESIAN_POINT('',(3.550001081948,3.738000098921,
    16.628321487841));
#6373 = CARTESIAN_POINT('',(3.111463723182,3.70600189277,17.25660102885)
  );
#6374 = CARTESIAN_POINT('',(2.233262459723,3.673994795229,
    17.538869401405));
#6375 = CARTESIAN_POINT('',(1.230594850938,3.642005407494,
    17.143279358767));
#6376 = CARTESIAN_POINT('',(0.699402233319,3.610000035525,
    15.999983539747));
#6377 = CARTESIAN_POINT('',(1.230474545277,3.577994664852,
    14.856744912652));
#6378 = CARTESIAN_POINT('',(2.233378352543,3.546005276267,
    14.461121291906));
#6379 = CARTESIAN_POINT('',(3.111423454945,3.513998179063,
    14.743400484659));
#6380 = CARTESIAN_POINT('',(3.54999970658,3.481999972854,15.371678517758
    ));
#6381 = CARTESIAN_POINT('',(3.550000785011,3.450000071771,
    16.000000005599));
#6382 = ORIENTED_EDGE('',*,*,#6106,.F.);
#6383 = B_SPLINE_SURFACE_WITH_KNOTS('',1,10,(
    (#6384,#6385,#6386,#6387,#6388,#6389,#6390,#6391,#6392,#6393,#6394)
    ,(#6395,#6396,#6397,#6398,#6399,#6400,#6401,#6402,#6403,#6404,#6405
    )),.UNSPECIFIED.,.F.,.F.,.F.,(2,2),(11,11),(0.,5.E-02),(0.,
    6.295904828089),.PIECEWISE_BEZIER_KNOTS.);
#6384 = CARTESIAN_POINT('',(3.55,3.73,16.));
#6385 = CARTESIAN_POINT('',(3.55000077282,3.698000098921,16.628321417394
    ));
#6386 = CARTESIAN_POINT('',(3.111457906599,3.666001892771,17.25660067204
    ));
#6387 = CARTESIAN_POINT('',(2.233279050168,3.633994795238,17.53887055838
    ));
#6388 = CARTESIAN_POINT('',(1.230577811371,3.602005407442,
    17.143275761891));
#6389 = CARTESIAN_POINT('',(0.699402440984,3.570000035628,
    15.999988241194));
#6390 = CARTESIAN_POINT('',(1.23049188058,3.53799466474,14.85674157273)
  );
#6391 = CARTESIAN_POINT('',(2.23336183322,3.506005276336,14.461122793477
    ));
#6392 = CARTESIAN_POINT('',(3.111429145582,3.473998179044,
    14.743400409936));
#6393 = CARTESIAN_POINT('',(3.549999791419,3.441999972853,
    15.371678588205));
#6394 = CARTESIAN_POINT('',(3.550000560722,3.410000071771,
    16.000000005599));
#6395 = CARTESIAN_POINT('',(3.55,3.77,16.));
#6396 = CARTESIAN_POINT('',(3.550001081948,3.738000098921,
    16.628321487841));
#6397 = CARTESIAN_POINT('',(3.111463723182,3.70600189277,17.25660102885)
  );
#6398 = CARTESIAN_POINT('',(2.233262459723,3.673994795229,
    17.538869401405));
#6399 = CARTESIAN_POINT('',(1.230594850938,3.642005407494,
    17.143279358767));
#6400 = CARTESIAN_POINT('',(0.699402233319,3.610000035525,
    15.999983539747));
#6401 = CARTESIAN_POINT('',(1.230474545277,3.577994664852,
    14.856744912652));
#6402 = CARTESIAN_POINT('',(2.233378352543,3.546005276267,
    14.461121291906));
#6403 = CARTESIAN_POINT('',(3.111423454945,3.513998179063,
    14.743400484659));
#6404 = CARTESIAN_POINT('',(3.54999970658,3.481999972854,15.371678517758
    ));
#6405 = CARTESIAN_POINT('',(3.550000785011,3.450000071771,
    16.000000005599));
#6406 = ADVANCED_FACE('',(#6407),#6432,.T.);
#6407 = FACE_BOUND('',#6408,.T.);
#6408 = EDGE_LOOP('',(#6409,#6410,#6417,#6431));
#6409 = ORIENTED_EDGE('',*,*,#6369,.F.);
#6410 = ORIENTED_EDGE('',*,*,#6411,.T.);
#6411 = EDGE_CURVE('',#6363,#6412,#6414,.T.);
#6412 = VERTEX_POINT('',#6413);
#6413 = CARTESIAN_POINT('',(3.333493424766,3.870000424366,
    16.000000033108));
#6414 = B_SPLINE_CURVE_WITH_KNOTS('',1,(#6415,#6416),.UNSPECIFIED.,.F.,
  .F.,(2,2),(0.,0.25),.PIECEWISE_BEZIER_KNOTS.);
#6415 = CARTESIAN_POINT('',(3.549998990701,3.770000071774,16.0000000056)
  );
#6416 = CARTESIAN_POINT('',(3.333493200479,3.870000848732,
    16.000000066216));
#6417 = ORIENTED_EDGE('',*,*,#6418,.T.);
#6418 = EDGE_CURVE('',#6412,#6156,#6419,.T.);
#6419 = B_SPLINE_CURVE_WITH_KNOTS('',10,(#6420,#6421,#6422,#6423,#6424,
    #6425,#6426,#6427,#6428,#6429,#6430),.UNSPECIFIED.,.F.,.F.,(11,11),(
    0.,6.295904828089),.PIECEWISE_BEZIER_KNOTS.);
#6420 = CARTESIAN_POINT('',(3.333493649054,3.87,16.));
#6421 = CARTESIAN_POINT('',(3.333493030798,3.838001169772,
    16.492315490718));
#6422 = CARTESIAN_POINT('',(2.989854728012,3.806022382681,
    16.984300273588));
#6423 = CARTESIAN_POINT('',(2.302008321494,3.773938452364,
    17.206237842439));
#6424 = CARTESIAN_POINT('',(1.515976289616,3.742063943087,
    16.895220500461));
#6425 = CARTESIAN_POINT('',(1.100321361247,3.710000424572,
    16.000009341537));
#6426 = CARTESIAN_POINT('',(1.51604511485,3.677936905316,15.104765538705
    ));
#6427 = CARTESIAN_POINT('',(2.301942204044,3.646062396525,
    14.793767453628));
#6428 = CARTESIAN_POINT('',(2.989877825607,3.613978466016,
    15.015698900533));
#6429 = CARTESIAN_POINT('',(3.333493860324,3.581999678958,
    15.507684575498));
#6430 = CARTESIAN_POINT('',(3.333493200479,3.550000848732,
    16.000000066216));
#6431 = ORIENTED_EDGE('',*,*,#6155,.F.);
#6432 = B_SPLINE_SURFACE_WITH_KNOTS('',1,10,(
    (#6433,#6434,#6435,#6436,#6437,#6438,#6439,#6440,#6441,#6442,#6443)
    ,(#6444,#6445,#6446,#6447,#6448,#6449,#6450,#6451,#6452,#6453,#6454
    )),.UNSPECIFIED.,.F.,.F.,.F.,(2,2),(11,11),(0.,0.25),(0.,
    6.295904828089),.PIECEWISE_BEZIER_KNOTS.);
#6433 = CARTESIAN_POINT('',(3.55,3.77,16.));
#6434 = CARTESIAN_POINT('',(3.549998608924,3.738000098921,
    16.628320924264));
#6435 = CARTESIAN_POINT('',(3.111417190516,3.706001892784,
    17.256598174373));
#6436 = CARTESIAN_POINT('',(2.233395183283,3.67399479531,17.53887865721)
  );
#6437 = CARTESIAN_POINT('',(1.230458534405,3.642005407079,
    17.143250583753));
#6438 = CARTESIAN_POINT('',(0.699403894636,3.61000003635,16.000021151322
    ));
#6439 = CARTESIAN_POINT('',(1.230613227701,3.577994663955,
    14.856718193276));
#6440 = CARTESIAN_POINT('',(2.233246197964,3.546005276818,
    14.461133304468));
#6441 = CARTESIAN_POINT('',(3.111468980035,3.51399817891,14.743399886875
    ));
#6442 = CARTESIAN_POINT('',(3.550000385294,3.481999972848,
    15.371679081335));
#6443 = CARTESIAN_POINT('',(3.549998990701,3.450000071774,16.0000000056)
  );
#6444 = CARTESIAN_POINT('',(3.333493649054,3.87,16.));
#6445 = CARTESIAN_POINT('',(3.333493030798,3.838001169772,
    16.492315490718));
#6446 = CARTESIAN_POINT('',(2.989854728012,3.806022382681,
    16.984300273588));
#6447 = CARTESIAN_POINT('',(2.302008321494,3.773938452364,
    17.206237842439));
#6448 = CARTESIAN_POINT('',(1.515976289616,3.742063943087,
    16.895220500461));
#6449 = CARTESIAN_POINT('',(1.100321361247,3.710000424572,
    16.000009341537));
#6450 = CARTESIAN_POINT('',(1.51604511485,3.677936905316,15.104765538705
    ));
#6451 = CARTESIAN_POINT('',(2.301942204044,3.646062396525,
    14.793767453628));
#6452 = CARTESIAN_POINT('',(2.989877825607,3.613978466016,
    15.015698900533));
#6453 = CARTESIAN_POINT('',(3.333493860324,3.581999678958,
    15.507684575498));
#6454 = CARTESIAN_POINT('',(3.333493200479,3.550000848732,
    16.000000066216));
#6455 = ADVANCED_FACE('',(#6456),#6486,.T.);
#6456 = FACE_BOUND('',#6457,.T.);
#6457 = EDGE_LOOP('',(#6458,#6459,#6471,#6485));
#6458 = ORIENTED_EDGE('',*,*,#6418,.F.);
#6459 = ORIENTED_EDGE('',*,*,#6460,.T.);
#6460 = EDGE_CURVE('',#6412,#6461,#6463,.T.);
#6461 = VERTEX_POINT('',#6462);
#6462 = CARTESIAN_POINT('',(3.333493649055,3.950000424366,
    16.000000033108));
#6463 = ( BOUNDED_CURVE() B_SPLINE_CURVE(6,(#6464,#6465,#6466,#6467,
#6468,#6469,#6470),.UNSPECIFIED.,.F.,.F.) B_SPLINE_CURVE_WITH_KNOTS((7,7
),(0.,2.094395102393),.PIECEWISE_BEZIER_KNOTS.) CURVE() 
GEOMETRIC_REPRESENTATION_ITEM() RATIONAL_B_SPLINE_CURVE((1.056590953773,
    1.017435169568,0.996326512422,0.989390034249,0.996326512422,
1.017435169568,1.056590953773)) REPRESENTATION_ITEM('') );
#6464 = CARTESIAN_POINT('',(3.333493649054,3.87,16.));
#6465 = CARTESIAN_POINT('',(3.315369130164,3.878371356688,16.));
#6466 = CARTESIAN_POINT('',(3.302596729916,3.892540149093,16.));
#6467 = CARTESIAN_POINT('',(3.297980253375,3.91,16.));
#6468 = CARTESIAN_POINT('',(3.302596729916,3.927459850907,16.));
#6469 = CARTESIAN_POINT('',(3.315369130164,3.941628643312,16.));
#6470 = CARTESIAN_POINT('',(3.333493649054,3.95,16.));
#6471 = ORIENTED_EDGE('',*,*,#6472,.T.);
#6472 = EDGE_CURVE('',#6461,#6205,#6473,.T.);
#6473 = ( BOUNDED_CURVE() B_SPLINE_CURVE(10,(#6474,#6475,#6476,#6477,
    #6478,#6479,#6480,#6481,#6482,#6483,#6484),.UNSPECIFIED.,.F.,.F.) 
B_SPLINE_CURVE_WITH_KNOTS((11,11),(0.,6.295904828089),
.PIECEWISE_BEZIER_KNOTS.) CURVE() GEOMETRIC_REPRESENTATION_ITEM() 
RATIONAL_B_SPLINE_CURVE((1.056590953773,1.056590953773,1.056590953773,
    1.056590953773,1.056590953774,1.056590953773,1.056590953774,
    1.056590953773,1.056590953773,1.056590953773,1.056590953773)) 
REPRESENTATION_ITEM('') );
#6474 = CARTESIAN_POINT('',(3.333493649054,3.95,16.));
#6475 = CARTESIAN_POINT('',(3.333493649054,3.918001169772,
    16.492315631612));
#6476 = CARTESIAN_POINT('',(2.989866361178,3.886022382677,
    16.984300987207));
#6477 = CARTESIAN_POINT('',(2.301975140604,3.853938452343,
    17.206235528489));
#6478 = CARTESIAN_POINT('',(1.51601036875,3.822063943191,16.895227694214
    ));
#6479 = CARTESIAN_POINT('',(1.100320945917,3.790000424366,
    15.999999938643));
#6480 = CARTESIAN_POINT('',(1.516010444244,3.757936905541,
    15.104772218549));
#6481 = CARTESIAN_POINT('',(2.301975242688,3.726062396387,
    14.793764450487));
#6482 = CARTESIAN_POINT('',(2.989866444335,3.693978466054,15.01569904998
    ));
#6483 = CARTESIAN_POINT('',(3.333493690645,3.661999678959,
    15.507684434604));
#6484 = CARTESIAN_POINT('',(3.333493649056,3.630000848731,
    16.000000066216));
#6485 = ORIENTED_EDGE('',*,*,#6204,.F.);
#6486 = ( BOUNDED_SURFACE() B_SPLINE_SURFACE(6,10,(
    (#6487,#6488,#6489,#6490,#6491,#6492,#6493,#6494,#6495,#6496,#6497)
    ,(#6498,#6499,#6500,#6501,#6502,#6503,#6504,#6505,#6506,#6507,#6508)
    ,(#6509,#6510,#6511,#6512,#6513,#6514,#6515,#6516,#6517,#6518,#6519)
    ,(#6520,#6521,#6522,#6523,#6524,#6525,#6526,#6527,#6528,#6529,#6530)
    ,(#6531,#6532,#6533,#6534,#6535,#6536,#6537,#6538,#6539,#6540,#6541)
    ,(#6542,#6543,#6544,#6545,#6546,#6547,#6548,#6549,#6550,#6551,#6552)
    ,(#6553,#6554,#6555,#6556,#6557,#6558,#6559,#6560,#6561,#6562,#6563
)),.UNSPECIFIED.,.F.,.F.,.F.) B_SPLINE_SURFACE_WITH_KNOTS((7,7),(11,11),
  (0.,2.094395102393),(0.,6.295904828089),.PIECEWISE_BEZIER_KNOTS.) 
GEOMETRIC_REPRESENTATION_ITEM() RATIONAL_B_SPLINE_SURFACE((
    (1.056590953773,1.056590953773,1.056590953773,1.056590953773
      ,1.056590953774,1.056590953773,1.056590953774,1.056590953773
      ,1.056590953773,1.056590953773,1.056590953773)
    ,(1.017435169568,1.017435169568,1.017435169568,1.017435169568
      ,1.017435169569,1.017435169568,1.017435169569,1.017435169568
      ,1.017435169568,1.017435169568,1.017435169568)
    ,(0.996326512422,0.996326512422,0.996326512422,0.996326512422
      ,0.996326512423,0.996326512422,0.996326512423,0.996326512422
      ,0.996326512422,0.996326512422,0.996326512422)
    ,(0.989390034249,0.989390034249,0.989390034249,0.989390034248
      ,0.989390034249,0.989390034248,0.989390034249,0.989390034248
      ,0.989390034249,0.989390034249,0.989390034249)
    ,(0.996326512422,0.996326512422,0.996326512422,0.996326512422
      ,0.996326512423,0.996326512422,0.996326512423,0.996326512422
      ,0.996326512422,0.996326512422,0.996326512422)
    ,(1.017435169568,1.017435169568,1.017435169568,1.017435169568
      ,1.017435169569,1.017435169568,1.017435169568,1.017435169568
      ,1.017435169568,1.017435169568,1.017435169568)
    ,(1.056590953773,1.056590953773,1.056590953773,1.056590953773
      ,1.056590953774,1.056590953773,1.056590953774,1.056590953773
      ,1.056590953773,1.056590953773,1.056590953773
))) REPRESENTATION_ITEM('') SURFACE() );
#6487 = CARTESIAN_POINT('',(3.333493649054,3.87,16.));
#6488 = CARTESIAN_POINT('',(3.333493030798,3.838001169772,
    16.492315490718));
#6489 = CARTESIAN_POINT('',(2.989854728012,3.806022382681,
    16.984300273588));
#6490 = CARTESIAN_POINT('',(2.302008321493,3.773938452364,17.20623784244
    ));
#6491 = CARTESIAN_POINT('',(1.515976289617,3.742063943087,
    16.895220500461));
#6492 = CARTESIAN_POINT('',(1.100321361246,3.710000424572,
    16.000009341537));
#6493 = CARTESIAN_POINT('',(1.516045114851,3.677936905316,
    15.104765538705));
#6494 = CARTESIAN_POINT('',(2.301942204043,3.646062396525,
    14.793767453628));
#6495 = CARTESIAN_POINT('',(2.989877825607,3.613978466016,
    15.015698900534));
#6496 = CARTESIAN_POINT('',(3.333493860324,3.581999678958,
    15.507684575498));
#6497 = CARTESIAN_POINT('',(3.333493200479,3.550000848732,
    16.000000066216));
#6498 = CARTESIAN_POINT('',(3.315369130164,3.878371356688,16.));
#6499 = CARTESIAN_POINT('',(3.315368576603,3.846372616105,
    16.480929990761));
#6500 = CARTESIAN_POINT('',(2.979678300677,3.814395454651,
    16.961505245059));
#6501 = CARTESIAN_POINT('',(2.307752172028,3.782305092383,
    17.178391293345));
#6502 = CARTESIAN_POINT('',(1.539877999314,3.750440200034,
    16.874457017495));
#6503 = CARTESIAN_POINT('',(1.133883592401,3.718371813759,
    16.000008352897));
#6504 = CARTESIAN_POINT('',(1.539939636225,3.686303426822,
    15.125530466747));
#6505 = CARTESIAN_POINT('',(2.307692991743,3.654438534907,14.82161344472
    ));
#6506 = CARTESIAN_POINT('',(2.979698996369,3.622348172468,
    15.038494022225));
#6507 = CARTESIAN_POINT('',(3.315369326866,3.590371011043,
    15.519070080529));
#6508 = CARTESIAN_POINT('',(3.315368728529,3.558372270462,16.00000007129
    ));
#6509 = CARTESIAN_POINT('',(3.302596729916,3.892540149093,16.));
#6510 = CARTESIAN_POINT('',(3.302596285855,3.860541471682,
    16.472906610974));
#6511 = CARTESIAN_POINT('',(2.972508145759,3.828565455819,16.94544159709
    ));
#6512 = CARTESIAN_POINT('',(2.311796450055,3.796470560935,
    17.158767511445));
#6513 = CARTESIAN_POINT('',(1.556725125135,3.764612445674,
    16.859825675329));
#6514 = CARTESIAN_POINT('',(1.157534949659,3.732540629045,
    16.000006684238));
#6515 = CARTESIAN_POINT('',(1.556774589864,3.700468811884,
    15.140164261352));
#6516 = CARTESIAN_POINT('',(2.311749003419,3.668610696971,
    14.841236283776));
#6517 = CARTESIAN_POINT('',(2.972524769857,3.63651580195,15.05455782506)
  );
#6518 = CARTESIAN_POINT('',(3.302596898812,3.60453978611,15.527093463892
    ));
#6519 = CARTESIAN_POINT('',(3.302596407729,3.572541108702,
    16.000000074866));
#6520 = CARTESIAN_POINT('',(3.297980253375,3.91,16.));
#6521 = CARTESIAN_POINT('',(3.297979944247,3.878001345422,
    16.470006649628));
#6522 = CARTESIAN_POINT('',(2.96991834785,3.846025743624,16.939635636833
    ));
#6523 = CARTESIAN_POINT('',(2.313253102703,3.813929210461,
    17.151674303798));
#6524 = CARTESIAN_POINT('',(1.562819633066,3.782073544742,
    16.854538409398));
#6525 = CARTESIAN_POINT('',(1.166083469565,3.75000048819,16.000004630877
    ));
#6526 = CARTESIAN_POINT('',(1.562854094766,3.71792743127,15.145454553467
    ));
#6527 = CARTESIAN_POINT('',(2.313220110349,3.686071765793,
    14.848328330567));
#6528 = CARTESIAN_POINT('',(2.969929950713,3.653975232534,
    15.060363974405));
#6529 = CARTESIAN_POINT('',(3.297980386052,3.621999630752,
    15.529993426531));
#6530 = CARTESIAN_POINT('',(3.297980029089,3.590000976176,
    16.000000076158));
#6531 = CARTESIAN_POINT('',(3.302596729916,3.927459850907,16.));
#6532 = CARTESIAN_POINT('',(3.302596555721,3.895461173497,
    16.472906672474));
#6533 = CARTESIAN_POINT('',(2.972513223593,3.863485157633,
    16.945441908582));
#6534 = CARTESIAN_POINT('',(2.31178196672,3.831390262742,17.158766501414
    ));
#6535 = CARTESIAN_POINT('',(1.55674000055,3.799532147534,16.859828815376
    ));
#6536 = CARTESIAN_POINT('',(1.157534768369,3.76746033077,16.000002579911
    ));
#6537 = CARTESIAN_POINT('',(1.556759456274,3.735388513797,
    15.140167177079));
#6538 = CARTESIAN_POINT('',(2.311763424664,3.703530398726,
    14.841234972916));
#6539 = CARTESIAN_POINT('',(2.972519801974,3.671435503782,
    15.054557890292));
#6540 = CARTESIAN_POINT('',(3.302596824748,3.639459487926,
    15.527093402393));
#6541 = CARTESIAN_POINT('',(3.302596603531,3.607460810516,
    16.000000074866));
#6542 = CARTESIAN_POINT('',(3.315369130164,3.941628643312,16.));
#6543 = CARTESIAN_POINT('',(3.315369065468,3.909629902729,
    16.480930102168));
#6544 = CARTESIAN_POINT('',(2.979687499209,3.877652741272,
    16.961505809329));
#6545 = CARTESIAN_POINT('',(2.307725935365,3.845562378991,
    17.178389463667));
#6546 = CARTESIAN_POINT('',(1.539904946232,3.813697486739,
    16.874462705711));
#6547 = CARTESIAN_POINT('',(1.133883263993,3.78162910022,16.000000917878
    ));
#6548 = CARTESIAN_POINT('',(1.539912221619,3.749560713624,
    15.125535748606));
#6549 = CARTESIAN_POINT('',(2.307719115931,3.717695821422,
    14.821611070089));
#6550 = CARTESIAN_POINT('',(2.979689997014,3.685605459122,
    15.038494140394));
#6551 = CARTESIAN_POINT('',(3.315369192698,3.653628297668,
    15.519069969122));
#6552 = CARTESIAN_POINT('',(3.315369083226,3.621629557086,16.00000007129
    ));
#6553 = CARTESIAN_POINT('',(3.333493649054,3.95,16.));
#6554 = CARTESIAN_POINT('',(3.333493649054,3.918001169772,
    16.492315631612));
#6555 = CARTESIAN_POINT('',(2.989866361178,3.886022382677,
    16.984300987207));
#6556 = CARTESIAN_POINT('',(2.301975140604,3.853938452343,
    17.206235528489));
#6557 = CARTESIAN_POINT('',(1.51601036875,3.822063943191,16.895227694214
    ));
#6558 = CARTESIAN_POINT('',(1.100320945917,3.790000424366,
    15.999999938643));
#6559 = CARTESIAN_POINT('',(1.516010444244,3.757936905541,
    15.104772218549));
#6560 = CARTESIAN_POINT('',(2.301975242688,3.726062396387,
    14.793764450487));
#6561 = CARTESIAN_POINT('',(2.989866444335,3.693978466054,15.01569904998
    ));
#6562 = CARTESIAN_POINT('',(3.333493690645,3.661999678959,
    15.507684434604));
#6563 = CARTESIAN_POINT('',(3.333493649056,3.630000848731,
    16.000000066216));
#6564 = ADVANCED_FACE('',(#6565),#6590,.T.);
#6565 = FACE_BOUND('',#6566,.T.);
#6566 = EDGE_LOOP('',(#6567,#6568,#6575,#6589));
#6567 = ORIENTED_EDGE('',*,*,#6472,.F.);
#6568 = ORIENTED_EDGE('',*,*,#6569,.T.);
#6569 = EDGE_CURVE('',#6461,#6570,#6572,.T.);
#6570 = VERTEX_POINT('',#6571);
#6571 = CARTESIAN_POINT('',(3.550000280361,4.050000035886,16.0000000028)
  );
#6572 = B_SPLINE_CURVE_WITH_KNOTS('',1,(#6573,#6574),.UNSPECIFIED.,.F.,
  .F.,(2,2),(0.,0.25),.PIECEWISE_BEZIER_KNOTS.);
#6573 = CARTESIAN_POINT('',(3.333493649056,3.950000848731,
    16.000000066216));
#6574 = CARTESIAN_POINT('',(3.550000560722,4.050000071771,
    16.000000005599));
#6575 = ORIENTED_EDGE('',*,*,#6576,.T.);
#6576 = EDGE_CURVE('',#6570,#6314,#6577,.T.);
#6577 = B_SPLINE_CURVE_WITH_KNOTS('',10,(#6578,#6579,#6580,#6581,#6582,
    #6583,#6584,#6585,#6586,#6587,#6588),.UNSPECIFIED.,.F.,.F.,(11,11),(
    0.,6.295904828089),.PIECEWISE_BEZIER_KNOTS.);
#6578 = CARTESIAN_POINT('',(3.55,4.05,16.));
#6579 = CARTESIAN_POINT('',(3.55000077282,4.018000098921,16.628321417394
    ));
#6580 = CARTESIAN_POINT('',(3.111457906599,3.986001892771,17.25660067204
    ));
#6581 = CARTESIAN_POINT('',(2.233279050168,3.953994795238,17.53887055838
    ));
#6582 = CARTESIAN_POINT('',(1.230577811371,3.922005407442,
    17.143275761891));
#6583 = CARTESIAN_POINT('',(0.699402440984,3.890000035628,
    15.999988241194));
#6584 = CARTESIAN_POINT('',(1.23049188058,3.85799466474,14.85674157273)
  );
#6585 = CARTESIAN_POINT('',(2.23336183322,3.826005276336,14.461122793477
    ));
#6586 = CARTESIAN_POINT('',(3.111429145582,3.793998179044,
    14.743400409936));
#6587 = CARTESIAN_POINT('',(3.549999791419,3.761999972853,
    15.371678588205));
#6588 = CARTESIAN_POINT('',(3.550000560722,3.730000071771,
    16.000000005599));
#6589 = ORIENTED_EDGE('',*,*,#6313,.F.);
#6590 = B_SPLINE_SURFACE_WITH_KNOTS('',1,10,(
    (#6591,#6592,#6593,#6594,#6595,#6596,#6597,#6598,#6599,#6600,#6601)
    ,(#6602,#6603,#6604,#6605,#6606,#6607,#6608,#6609,#6610,#6611,#6612
    )),.UNSPECIFIED.,.F.,.F.,.F.,(2,2),(11,11),(0.,0.25),(0.,
    6.295904828089),.PIECEWISE_BEZIER_KNOTS.);
#6591 = CARTESIAN_POINT('',(3.333493649054,3.95,16.));
#6592 = CARTESIAN_POINT('',(3.333493649054,3.918001169772,
    16.492315631612));
#6593 = CARTESIAN_POINT('',(2.989866361178,3.886022382677,
    16.984300987207));
#6594 = CARTESIAN_POINT('',(2.301975140604,3.853938452343,
    17.206235528488));
#6595 = CARTESIAN_POINT('',(1.51601036875,3.822063943191,16.895227694214
    ));
#6596 = CARTESIAN_POINT('',(1.100320945918,3.790000424366,
    15.999999938643));
#6597 = CARTESIAN_POINT('',(1.516010444244,3.757936905541,
    15.104772218549));
#6598 = CARTESIAN_POINT('',(2.301975242688,3.726062396387,
    14.793764450487));
#6599 = CARTESIAN_POINT('',(2.989866444335,3.693978466054,
    15.015699049979));
#6600 = CARTESIAN_POINT('',(3.333493690645,3.661999678959,
    15.507684434604));
#6601 = CARTESIAN_POINT('',(3.333493649056,3.630000848731,
    16.000000066216));
#6602 = CARTESIAN_POINT('',(3.55,4.05,16.));
#6603 = CARTESIAN_POINT('',(3.55000077282,4.018000098921,16.628321417394
    ));
#6604 = CARTESIAN_POINT('',(3.111457906599,3.986001892771,17.25660067204
    ));
#6605 = CARTESIAN_POINT('',(2.233279050168,3.953994795238,17.53887055838
    ));
#6606 = CARTESIAN_POINT('',(1.230577811371,3.922005407442,
    17.143275761891));
#6607 = CARTESIAN_POINT('',(0.699402440984,3.890000035628,
    15.999988241194));
#6608 = CARTESIAN_POINT('',(1.23049188058,3.85799466474,14.85674157273)
  );
#6609 = CARTESIAN_POINT('',(2.23336183322,3.826005276336,14.461122793477
    ));
#6610 = CARTESIAN_POINT('',(3.111429145582,3.793998179044,
    14.743400409936));
#6611 = CARTESIAN_POINT('',(3.549999791419,3.761999972853,
    15.371678588205));
#6612 = CARTESIAN_POINT('',(3.550000560722,3.730000071771,
    16.000000005599));
#6613 = ADVANCED_FACE('',(#6614),#6639,.T.);
#6614 = FACE_BOUND('',#6615,.T.);
#6615 = EDGE_LOOP('',(#6616,#6617,#6624,#6638));
#6616 = ORIENTED_EDGE('',*,*,#6576,.F.);
#6617 = ORIENTED_EDGE('',*,*,#6618,.T.);
#6618 = EDGE_CURVE('',#6570,#6619,#6621,.T.);
#6619 = VERTEX_POINT('',#6620);
#6620 = CARTESIAN_POINT('',(3.549999593477,4.090000044858,16.0000000035)
  );
#6621 = B_SPLINE_CURVE_WITH_KNOTS('',1,(#6622,#6623),.UNSPECIFIED.,.F.,
  .F.,(2,2),(0.,5.E-02),.PIECEWISE_BEZIER_KNOTS.);
#6622 = CARTESIAN_POINT('',(3.55,4.05,16.));
#6623 = CARTESIAN_POINT('',(3.55,4.09,16.));
#6624 = ORIENTED_EDGE('',*,*,#6625,.T.);
#6625 = EDGE_CURVE('',#6619,#6363,#6626,.T.);
#6626 = B_SPLINE_CURVE_WITH_KNOTS('',10,(#6627,#6628,#6629,#6630,#6631,
    #6632,#6633,#6634,#6635,#6636,#6637),.UNSPECIFIED.,.F.,.F.,(11,11),(
    0.,6.295904828089),.PIECEWISE_BEZIER_KNOTS.);
#6627 = CARTESIAN_POINT('',(3.55,4.09,16.));
#6628 = CARTESIAN_POINT('',(3.550001081948,4.058000098921,
    16.628321487841));
#6629 = CARTESIAN_POINT('',(3.111463723182,4.02600189277,17.25660102885)
  );
#6630 = CARTESIAN_POINT('',(2.233262459723,3.993994795229,
    17.538869401405));
#6631 = CARTESIAN_POINT('',(1.230594850938,3.962005407494,
    17.143279358767));
#6632 = CARTESIAN_POINT('',(0.699402233319,3.930000035525,
    15.999983539747));
#6633 = CARTESIAN_POINT('',(1.230474545277,3.897994664852,
    14.856744912652));
#6634 = CARTESIAN_POINT('',(2.233378352543,3.866005276267,
    14.461121291906));
#6635 = CARTESIAN_POINT('',(3.111423454945,3.833998179063,
    14.743400484659));
#6636 = CARTESIAN_POINT('',(3.54999970658,3.801999972854,15.371678517758
    ));
#6637 = CARTESIAN_POINT('',(3.550000785011,3.770000071771,
    16.000000005599));
#6638 = ORIENTED_EDGE('',*,*,#6362,.F.);
#6639 = B_SPLINE_SURFACE_WITH_KNOTS('',1,10,(
    (#6640,#6641,#6642,#6643,#6644,#6645,#6646,#6647,#6648,#6649,#6650)
    ,(#6651,#6652,#6653,#6654,#6655,#6656,#6657,#6658,#6659,#6660,#6661
    )),.UNSPECIFIED.,.F.,.F.,.F.,(2,2),(11,11),(0.,5.E-02),(0.,
    6.295904828089),.PIECEWISE_BEZIER_KNOTS.);
#6640 = CARTESIAN_POINT('',(3.55,4.05,16.));
#6641 = CARTESIAN_POINT('',(3.55000077282,4.018000098921,16.628321417394
    ));
#6642 = CARTESIAN_POINT('',(3.111457906599,3.986001892771,17.25660067204
    ));
#6643 = CARTESIAN_POINT('',(2.233279050168,3.953994795238,17.53887055838
    ));
#6644 = CARTESIAN_POINT('',(1.230577811371,3.922005407442,
    17.143275761891));
#6645 = CARTESIAN_POINT('',(0.699402440984,3.890000035628,
    15.999988241194));
#6646 = CARTESIAN_POINT('',(1.23049188058,3.85799466474,14.85674157273)
  );
#6647 = CARTESIAN_POINT('',(2.23336183322,3.826005276336,14.461122793477
    ));
#6648 = CARTESIAN_POINT('',(3.111429145582,3.793998179044,
    14.743400409936));
#6649 = CARTESIAN_POINT('',(3.549999791419,3.761999972853,
    15.371678588205));
#6650 = CARTESIAN_POINT('',(3.550000560722,3.730000071771,
    16.000000005599));
#6651 = CARTESIAN_POINT('',(3.55,4.09,16.));
#6652 = CARTESIAN_POINT('',(3.550001081948,4.058000098921,
    16.628321487841));
#6653 = CARTESIAN_POINT('',(3.111463723182,4.02600189277,17.25660102885)
  );
#6654 = CARTESIAN_POINT('',(2.233262459723,3.993994795229,
    17.538869401405));
#6655 = CARTESIAN_POINT('',(1.230594850938,3.962005407494,
    17.143279358767));
#6656 = CARTESIAN_POINT('',(0.699402233319,3.930000035525,
    15.999983539747));
#6657 = CARTESIAN_POINT('',(1.230474545277,3.897994664852,
    14.856744912652));
#6658 = CARTESIAN_POINT('',(2.233378352543,3.866005276267,
    14.461121291906));
#6659 = CARTESIAN_POINT('',(3.111423454945,3.833998179063,
    14.743400484659));
#6660 = CARTESIAN_POINT('',(3.54999970658,3.801999972854,15.371678517758
    ));
#6661 = CARTESIAN_POINT('',(3.550000785011,3.770000071771,
    16.000000005599));
#6662 = ADVANCED_FACE('',(#6663),#6688,.T.);
#6663 = FACE_BOUND('',#6664,.T.);
#6664 = EDGE_LOOP('',(#6665,#6666,#6673,#6687));
#6665 = ORIENTED_EDGE('',*,*,#6625,.F.);
#6666 = ORIENTED_EDGE('',*,*,#6667,.T.);
#6667 = EDGE_CURVE('',#6619,#6668,#6670,.T.);
#6668 = VERTEX_POINT('',#6669);
#6669 = CARTESIAN_POINT('',(3.333493424766,4.190000424366,
    16.000000033108));
#6670 = B_SPLINE_CURVE_WITH_KNOTS('',1,(#6671,#6672),.UNSPECIFIED.,.F.,
  .F.,(2,2),(0.,0.25),.PIECEWISE_BEZIER_KNOTS.);
#6671 = CARTESIAN_POINT('',(3.549998990701,4.090000071774,16.0000000056)
  );
#6672 = CARTESIAN_POINT('',(3.333493200479,4.190000848732,
    16.000000066216));
#6673 = ORIENTED_EDGE('',*,*,#6674,.T.);
#6674 = EDGE_CURVE('',#6668,#6412,#6675,.T.);
#6675 = B_SPLINE_CURVE_WITH_KNOTS('',10,(#6676,#6677,#6678,#6679,#6680,
    #6681,#6682,#6683,#6684,#6685,#6686),.UNSPECIFIED.,.F.,.F.,(11,11),(
    0.,6.295904828089),.PIECEWISE_BEZIER_KNOTS.);
#6676 = CARTESIAN_POINT('',(3.333493649054,4.19,16.));
#6677 = CARTESIAN_POINT('',(3.333493030798,4.158001169772,
    16.492315490718));
#6678 = CARTESIAN_POINT('',(2.989854728012,4.126022382681,
    16.984300273588));
#6679 = CARTESIAN_POINT('',(2.302008321494,4.093938452364,
    17.206237842439));
#6680 = CARTESIAN_POINT('',(1.515976289616,4.062063943087,
    16.895220500461));
#6681 = CARTESIAN_POINT('',(1.100321361247,4.030000424572,
    16.000009341537));
#6682 = CARTESIAN_POINT('',(1.51604511485,3.997936905316,15.104765538705
    ));
#6683 = CARTESIAN_POINT('',(2.301942204044,3.966062396525,
    14.793767453628));
#6684 = CARTESIAN_POINT('',(2.989877825607,3.933978466016,
    15.015698900533));
#6685 = CARTESIAN_POINT('',(3.333493860324,3.901999678958,
    15.507684575498));
#6686 = CARTESIAN_POINT('',(3.333493200479,3.870000848732,
    16.000000066216));
#6687 = ORIENTED_EDGE('',*,*,#6411,.F.);
#6688 = B_SPLINE_SURFACE_WITH_KNOTS('',1,10,(
    (#6689,#6690,#6691,#6692,#6693,#6694,#6695,#6696,#6697,#6698,#6699)
    ,(#6700,#6701,#6702,#6703,#6704,#6705,#6706,#6707,#6708,#6709,#6710
    )),.UNSPECIFIED.,.F.,.F.,.F.,(2,2),(11,11),(0.,0.25),(0.,
    6.295904828089),.PIECEWISE_BEZIER_KNOTS.);
#6689 = CARTESIAN_POINT('',(3.55,4.09,16.));
#6690 = CARTESIAN_POINT('',(3.549998608924,4.058000098921,
    16.628320924264));
#6691 = CARTESIAN_POINT('',(3.111417190516,4.026001892784,
    17.256598174373));
#6692 = CARTESIAN_POINT('',(2.233395183283,3.99399479531,17.53887865721)
  );
#6693 = CARTESIAN_POINT('',(1.230458534405,3.962005407079,
    17.143250583753));
#6694 = CARTESIAN_POINT('',(0.699403894636,3.93000003635,16.000021151322
    ));
#6695 = CARTESIAN_POINT('',(1.230613227701,3.897994663955,
    14.856718193276));
#6696 = CARTESIAN_POINT('',(2.233246197964,3.866005276818,
    14.461133304468));
#6697 = CARTESIAN_POINT('',(3.111468980035,3.83399817891,14.743399886875
    ));
#6698 = CARTESIAN_POINT('',(3.550000385294,3.801999972848,
    15.371679081335));
#6699 = CARTESIAN_POINT('',(3.549998990701,3.770000071774,16.0000000056)
  );
#6700 = CARTESIAN_POINT('',(3.333493649054,4.19,16.));
#6701 = CARTESIAN_POINT('',(3.333493030798,4.158001169772,
    16.492315490718));
#6702 = CARTESIAN_POINT('',(2.989854728012,4.126022382681,
    16.984300273588));
#6703 = CARTESIAN_POINT('',(2.302008321494,4.093938452364,
    17.206237842439));
#6704 = CARTESIAN_POINT('',(1.515976289616,4.062063943087,
    16.895220500461));
#6705 = CARTESIAN_POINT('',(1.100321361247,4.030000424572,
    16.000009341537));
#6706 = CARTESIAN_POINT('',(1.51604511485,3.997936905316,15.104765538705
    ));
#6707 = CARTESIAN_POINT('',(2.301942204044,3.966062396525,
    14.793767453628));
#6708 = CARTESIAN_POINT('',(2.989877825607,3.933978466016,
    15.015698900533));
#6709 = CARTESIAN_POINT('',(3.333493860324,3.901999678958,
    15.507684575498));
#6710 = CARTESIAN_POINT('',(3.333493200479,3.870000848732,
    16.000000066216));
#6711 = ADVANCED_FACE('',(#6712),#6742,.T.);
#6712 = FACE_BOUND('',#6713,.T.);
#6713 = EDGE_LOOP('',(#6714,#6715,#6727,#6741));
#6714 = ORIENTED_EDGE('',*,*,#6674,.F.);
#6715 = ORIENTED_EDGE('',*,*,#6716,.T.);
#6716 = EDGE_CURVE('',#6668,#6717,#6719,.T.);
#6717 = VERTEX_POINT('',#6718);
#6718 = CARTESIAN_POINT('',(3.333493649055,4.270000424366,
    16.000000033108));
#6719 = ( BOUNDED_CURVE() B_SPLINE_CURVE(6,(#6720,#6721,#6722,#6723,
#6724,#6725,#6726),.UNSPECIFIED.,.F.,.F.) B_SPLINE_CURVE_WITH_KNOTS((7,7
),(0.,2.094395102393),.PIECEWISE_BEZIER_KNOTS.) CURVE() 
GEOMETRIC_REPRESENTATION_ITEM() RATIONAL_B_SPLINE_CURVE((1.056590953773,
    1.017435169568,0.996326512422,0.989390034249,0.996326512422,
1.017435169568,1.056590953773)) REPRESENTATION_ITEM('') );
#6720 = CARTESIAN_POINT('',(3.333493649054,4.19,16.));
#6721 = CARTESIAN_POINT('',(3.315369130164,4.198371356688,16.));
#6722 = CARTESIAN_POINT('',(3.302596729916,4.212540149093,16.));
#6723 = CARTESIAN_POINT('',(3.297980253375,4.23,16.));
#6724 = CARTESIAN_POINT('',(3.302596729916,4.247459850907,16.));
#6725 = CARTESIAN_POINT('',(3.315369130164,4.261628643312,16.));
#6726 = CARTESIAN_POINT('',(3.333493649054,4.27,16.));
#6727 = ORIENTED_EDGE('',*,*,#6728,.T.);
#6728 = EDGE_CURVE('',#6717,#6461,#6729,.T.);
#6729 = ( BOUNDED_CURVE() B_SPLINE_CURVE(10,(#6730,#6731,#6732,#6733,
    #6734,#6735,#6736,#6737,#6738,#6739,#6740),.UNSPECIFIED.,.F.,.F.) 
B_SPLINE_CURVE_WITH_KNOTS((11,11),(0.,6.295904828089),
.PIECEWISE_BEZIER_KNOTS.) CURVE() GEOMETRIC_REPRESENTATION_ITEM() 
RATIONAL_B_SPLINE_CURVE((1.056590953773,1.056590953773,1.056590953773,
    1.056590953773,1.056590953774,1.056590953773,1.056590953774,
    1.056590953773,1.056590953773,1.056590953773,1.056590953773)) 
REPRESENTATION_ITEM('') );
#6730 = CARTESIAN_POINT('',(3.333493649054,4.27,16.));
#6731 = CARTESIAN_POINT('',(3.333493649054,4.238001169772,
    16.492315631612));
#6732 = CARTESIAN_POINT('',(2.989866361178,4.206022382677,
    16.984300987207));
#6733 = CARTESIAN_POINT('',(2.301975140604,4.173938452343,
    17.206235528489));
#6734 = CARTESIAN_POINT('',(1.51601036875,4.142063943191,16.895227694214
    ));
#6735 = CARTESIAN_POINT('',(1.100320945917,4.110000424366,
    15.999999938643));
#6736 = CARTESIAN_POINT('',(1.516010444244,4.077936905541,
    15.104772218549));
#6737 = CARTESIAN_POINT('',(2.301975242688,4.046062396387,
    14.793764450487));
#6738 = CARTESIAN_POINT('',(2.989866444335,4.013978466054,15.01569904998
    ));
#6739 = CARTESIAN_POINT('',(3.333493690645,3.981999678959,
    15.507684434604));
#6740 = CARTESIAN_POINT('',(3.333493649056,3.950000848731,
    16.000000066216));
#6741 = ORIENTED_EDGE('',*,*,#6460,.F.);
#6742 = ( BOUNDED_SURFACE() B_SPLINE_SURFACE(6,10,(
    (#6743,#6744,#6745,#6746,#6747,#6748,#6749,#6750,#6751,#6752,#6753)
    ,(#6754,#6755,#6756,#6757,#6758,#6759,#6760,#6761,#6762,#6763,#6764)
    ,(#6765,#6766,#6767,#6768,#6769,#6770,#6771,#6772,#6773,#6774,#6775)
    ,(#6776,#6777,#6778,#6779,#6780,#6781,#6782,#6783,#6784,#6785,#6786)
    ,(#6787,#6788,#6789,#6790,#6791,#6792,#6793,#6794,#6795,#6796,#6797)
    ,(#6798,#6799,#6800,#6801,#6802,#6803,#6804,#6805,#6806,#6807,#6808)
    ,(#6809,#6810,#6811,#6812,#6813,#6814,#6815,#6816,#6817,#6818,#6819
)),.UNSPECIFIED.,.F.,.F.,.F.) B_SPLINE_SURFACE_WITH_KNOTS((7,7),(11,11),
  (0.,2.094395102393),(0.,6.295904828089),.PIECEWISE_BEZIER_KNOTS.) 
GEOMETRIC_REPRESENTATION_ITEM() RATIONAL_B_SPLINE_SURFACE((
    (1.056590953773,1.056590953773,1.056590953773,1.056590953773
      ,1.056590953774,1.056590953773,1.056590953774,1.056590953773
      ,1.056590953773,1.056590953773,1.056590953773)
    ,(1.017435169568,1.017435169568,1.017435169568,1.017435169568
      ,1.017435169569,1.017435169568,1.017435169569,1.017435169568
      ,1.017435169568,1.017435169568,1.017435169568)
    ,(0.996326512422,0.996326512422,0.996326512422,0.996326512422
      ,0.996326512423,0.996326512422,0.996326512423,0.996326512422
      ,0.996326512422,0.996326512422,0.996326512422)
    ,(0.989390034249,0.989390034249,0.989390034249,0.989390034248
      ,0.989390034249,0.989390034248,0.989390034249,0.989390034248
      ,0.989390034249,0.989390034249,0.989390034249)
    ,(0.996326512422,0.996326512422,0.996326512422,0.996326512422
      ,0.996326512423,0.996326512422,0.996326512423,0.996326512422
      ,0.996326512422,0.996326512422,0.996326512422)
    ,(1.017435169568,1.017435169568,1.017435169568,1.017435169568
      ,1.017435169569,1.017435169568,1.017435169568,1.017435169568
      ,1.017435169568,1.017435169568,1.017435169568)
    ,(1.056590953773,1.056590953773,1.056590953773,1.056590953773
      ,1.056590953774,1.056590953773,1.056590953774,1.056590953773
      ,1.056590953773,1.056590953773,1.056590953773
))) REPRESENTATION_ITEM('') SURFACE() );
#6743 = CARTESIAN_POINT('',(3.333493649054,4.19,16.));
#6744 = CARTESIAN_POINT('',(3.333493030798,4.158001169772,
    16.492315490718));
#6745 = CARTESIAN_POINT('',(2.989854728012,4.126022382681,
    16.984300273588));
#6746 = CARTESIAN_POINT('',(2.302008321493,4.093938452364,17.20623784244
    ));
#6747 = CARTESIAN_POINT('',(1.515976289617,4.062063943087,
    16.895220500461));
#6748 = CARTESIAN_POINT('',(1.100321361246,4.030000424572,
    16.000009341537));
#6749 = CARTESIAN_POINT('',(1.516045114851,3.997936905316,
    15.104765538705));
#6750 = CARTESIAN_POINT('',(2.301942204043,3.966062396525,
    14.793767453628));
#6751 = CARTESIAN_POINT('',(2.989877825607,3.933978466016,
    15.015698900534));
#6752 = CARTESIAN_POINT('',(3.333493860324,3.901999678958,
    15.507684575498));
#6753 = CARTESIAN_POINT('',(3.333493200479,3.870000848732,
    16.000000066216));
#6754 = CARTESIAN_POINT('',(3.315369130164,4.198371356688,16.));
#6755 = CARTESIAN_POINT('',(3.315368576603,4.166372616105,
    16.480929990761));
#6756 = CARTESIAN_POINT('',(2.979678300677,4.134395454651,
    16.961505245059));
#6757 = CARTESIAN_POINT('',(2.307752172028,4.102305092383,
    17.178391293345));
#6758 = CARTESIAN_POINT('',(1.539877999314,4.070440200034,
    16.874457017495));
#6759 = CARTESIAN_POINT('',(1.133883592401,4.038371813759,
    16.000008352897));
#6760 = CARTESIAN_POINT('',(1.539939636225,4.006303426822,
    15.125530466747));
#6761 = CARTESIAN_POINT('',(2.307692991743,3.974438534907,14.82161344472
    ));
#6762 = CARTESIAN_POINT('',(2.979698996369,3.942348172468,
    15.038494022225));
#6763 = CARTESIAN_POINT('',(3.315369326866,3.910371011043,
    15.519070080529));
#6764 = CARTESIAN_POINT('',(3.315368728529,3.878372270462,16.00000007129
    ));
#6765 = CARTESIAN_POINT('',(3.302596729916,4.212540149093,16.));
#6766 = CARTESIAN_POINT('',(3.302596285855,4.180541471682,
    16.472906610974));
#6767 = CARTESIAN_POINT('',(2.972508145759,4.148565455819,16.94544159709
    ));
#6768 = CARTESIAN_POINT('',(2.311796450055,4.116470560935,
    17.158767511445));
#6769 = CARTESIAN_POINT('',(1.556725125135,4.084612445674,
    16.859825675329));
#6770 = CARTESIAN_POINT('',(1.157534949659,4.052540629045,
    16.000006684238));
#6771 = CARTESIAN_POINT('',(1.556774589864,4.020468811884,
    15.140164261352));
#6772 = CARTESIAN_POINT('',(2.311749003419,3.988610696971,
    14.841236283776));
#6773 = CARTESIAN_POINT('',(2.972524769857,3.95651580195,15.05455782506)
  );
#6774 = CARTESIAN_POINT('',(3.302596898812,3.92453978611,15.527093463892
    ));
#6775 = CARTESIAN_POINT('',(3.302596407729,3.892541108702,
    16.000000074866));
#6776 = CARTESIAN_POINT('',(3.297980253375,4.23,16.));
#6777 = CARTESIAN_POINT('',(3.297979944247,4.198001345422,
    16.470006649628));
#6778 = CARTESIAN_POINT('',(2.96991834785,4.166025743624,16.939635636833
    ));
#6779 = CARTESIAN_POINT('',(2.313253102703,4.133929210461,
    17.151674303798));
#6780 = CARTESIAN_POINT('',(1.562819633066,4.102073544742,
    16.854538409398));
#6781 = CARTESIAN_POINT('',(1.166083469565,4.07000048819,16.000004630877
    ));
#6782 = CARTESIAN_POINT('',(1.562854094766,4.03792743127,15.145454553467
    ));
#6783 = CARTESIAN_POINT('',(2.313220110349,4.006071765793,
    14.848328330567));
#6784 = CARTESIAN_POINT('',(2.969929950713,3.973975232534,
    15.060363974405));
#6785 = CARTESIAN_POINT('',(3.297980386052,3.941999630752,
    15.529993426531));
#6786 = CARTESIAN_POINT('',(3.297980029089,3.910000976176,
    16.000000076158));
#6787 = CARTESIAN_POINT('',(3.302596729916,4.247459850907,16.));
#6788 = CARTESIAN_POINT('',(3.302596555721,4.215461173497,
    16.472906672474));
#6789 = CARTESIAN_POINT('',(2.972513223593,4.183485157633,
    16.945441908582));
#6790 = CARTESIAN_POINT('',(2.31178196672,4.151390262742,17.158766501414
    ));
#6791 = CARTESIAN_POINT('',(1.55674000055,4.119532147534,16.859828815376
    ));
#6792 = CARTESIAN_POINT('',(1.157534768369,4.08746033077,16.000002579911
    ));
#6793 = CARTESIAN_POINT('',(1.556759456274,4.055388513797,
    15.140167177079));
#6794 = CARTESIAN_POINT('',(2.311763424664,4.023530398726,
    14.841234972916));
#6795 = CARTESIAN_POINT('',(2.972519801974,3.991435503782,
    15.054557890292));
#6796 = CARTESIAN_POINT('',(3.302596824748,3.959459487926,
    15.527093402393));
#6797 = CARTESIAN_POINT('',(3.302596603531,3.927460810516,
    16.000000074866));
#6798 = CARTESIAN_POINT('',(3.315369130164,4.261628643312,16.));
#6799 = CARTESIAN_POINT('',(3.315369065468,4.229629902729,
    16.480930102168));
#6800 = CARTESIAN_POINT('',(2.979687499209,4.197652741272,
    16.961505809329));
#6801 = CARTESIAN_POINT('',(2.307725935365,4.165562378991,
    17.178389463667));
#6802 = CARTESIAN_POINT('',(1.539904946232,4.133697486739,
    16.874462705711));
#6803 = CARTESIAN_POINT('',(1.133883263993,4.10162910022,16.000000917878
    ));
#6804 = CARTESIAN_POINT('',(1.539912221619,4.069560713624,
    15.125535748606));
#6805 = CARTESIAN_POINT('',(2.307719115931,4.037695821422,
    14.821611070089));
#6806 = CARTESIAN_POINT('',(2.979689997014,4.005605459122,
    15.038494140394));
#6807 = CARTESIAN_POINT('',(3.315369192698,3.973628297668,
    15.519069969122));
#6808 = CARTESIAN_POINT('',(3.315369083226,3.941629557086,16.00000007129
    ));
#6809 = CARTESIAN_POINT('',(3.333493649054,4.27,16.));
#6810 = CARTESIAN_POINT('',(3.333493649054,4.238001169772,
    16.492315631612));
#6811 = CARTESIAN_POINT('',(2.989866361178,4.206022382677,
    16.984300987207));
#6812 = CARTESIAN_POINT('',(2.301975140604,4.173938452343,
    17.206235528489));
#6813 = CARTESIAN_POINT('',(1.51601036875,4.142063943191,16.895227694214
    ));
#6814 = CARTESIAN_POINT('',(1.100320945917,4.110000424366,
    15.999999938643));
#6815 = CARTESIAN_POINT('',(1.516010444244,4.077936905541,
    15.104772218549));
#6816 = CARTESIAN_POINT('',(2.301975242688,4.046062396387,
    14.793764450487));
#6817 = CARTESIAN_POINT('',(2.989866444335,4.013978466054,15.01569904998
    ));
#6818 = CARTESIAN_POINT('',(3.333493690645,3.981999678959,
    15.507684434604));
#6819 = CARTESIAN_POINT('',(3.333493649056,3.950000848731,
    16.000000066216));
#6820 = ADVANCED_FACE('',(#6821),#6846,.T.);
#6821 = FACE_BOUND('',#6822,.T.);
#6822 = EDGE_LOOP('',(#6823,#6824,#6831,#6845));
#6823 = ORIENTED_EDGE('',*,*,#6728,.F.);
#6824 = ORIENTED_EDGE('',*,*,#6825,.T.);
#6825 = EDGE_CURVE('',#6717,#6826,#6828,.T.);
#6826 = VERTEX_POINT('',#6827);
#6827 = CARTESIAN_POINT('',(3.550000280361,4.370000035886,16.0000000028)
  );
#6828 = B_SPLINE_CURVE_WITH_KNOTS('',1,(#6829,#6830),.UNSPECIFIED.,.F.,
  .F.,(2,2),(0.,0.25),.PIECEWISE_BEZIER_KNOTS.);
#6829 = CARTESIAN_POINT('',(3.333493649056,4.270000848731,
    16.000000066216));
#6830 = CARTESIAN_POINT('',(3.550000560722,4.370000071771,
    16.000000005599));
#6831 = ORIENTED_EDGE('',*,*,#6832,.T.);
#6832 = EDGE_CURVE('',#6826,#6570,#6833,.T.);
#6833 = B_SPLINE_CURVE_WITH_KNOTS('',10,(#6834,#6835,#6836,#6837,#6838,
    #6839,#6840,#6841,#6842,#6843,#6844),.UNSPECIFIED.,.F.,.F.,(11,11),(
    0.,6.295904828089),.PIECEWISE_BEZIER_KNOTS.);
#6834 = CARTESIAN_POINT('',(3.55,4.37,16.));
#6835 = CARTESIAN_POINT('',(3.55000077282,4.338000098921,16.628321417394
    ));
#6836 = CARTESIAN_POINT('',(3.111457906599,4.306001892771,17.25660067204
    ));
#6837 = CARTESIAN_POINT('',(2.233279050168,4.273994795238,17.53887055838
    ));
#6838 = CARTESIAN_POINT('',(1.230577811371,4.242005407442,
    17.143275761891));
#6839 = CARTESIAN_POINT('',(0.699402440984,4.210000035628,
    15.999988241194));
#6840 = CARTESIAN_POINT('',(1.23049188058,4.17799466474,14.85674157273)
  );
#6841 = CARTESIAN_POINT('',(2.23336183322,4.146005276336,14.461122793477
    ));
#6842 = CARTESIAN_POINT('',(3.111429145582,4.113998179044,
    14.743400409936));
#6843 = CARTESIAN_POINT('',(3.549999791419,4.081999972853,
    15.371678588205));
#6844 = CARTESIAN_POINT('',(3.550000560722,4.050000071771,
    16.000000005599));
#6845 = ORIENTED_EDGE('',*,*,#6569,.F.);
#6846 = B_SPLINE_SURFACE_WITH_KNOTS('',1,10,(
    (#6847,#6848,#6849,#6850,#6851,#6852,#6853,#6854,#6855,#6856,#6857)
    ,(#6858,#6859,#6860,#6861,#6862,#6863,#6864,#6865,#6866,#6867,#6868
    )),.UNSPECIFIED.,.F.,.F.,.F.,(2,2),(11,11),(0.,0.25),(0.,
    6.295904828089),.PIECEWISE_BEZIER_KNOTS.);
#6847 = CARTESIAN_POINT('',(3.333493649054,4.27,16.));
#6848 = CARTESIAN_POINT('',(3.333493649054,4.238001169772,
    16.492315631612));
#6849 = CARTESIAN_POINT('',(2.989866361178,4.206022382677,
    16.984300987207));
#6850 = CARTESIAN_POINT('',(2.301975140604,4.173938452343,
    17.206235528488));
#6851 = CARTESIAN_POINT('',(1.51601036875,4.142063943191,16.895227694214
    ));
#6852 = CARTESIAN_POINT('',(1.100320945918,4.110000424366,
    15.999999938643));
#6853 = CARTESIAN_POINT('',(1.516010444244,4.077936905541,
    15.104772218549));
#6854 = CARTESIAN_POINT('',(2.301975242688,4.046062396387,
    14.793764450487));
#6855 = CARTESIAN_POINT('',(2.989866444335,4.013978466054,
    15.015699049979));
#6856 = CARTESIAN_POINT('',(3.333493690645,3.981999678959,
    15.507684434604));
#6857 = CARTESIAN_POINT('',(3.333493649056,3.950000848731,
    16.000000066216));
#6858 = CARTESIAN_POINT('',(3.55,4.37,16.));
#6859 = CARTESIAN_POINT('',(3.55000077282,4.338000098921,16.628321417394
    ));
#6860 = CARTESIAN_POINT('',(3.111457906599,4.306001892771,17.25660067204
    ));
#6861 = CARTESIAN_POINT('',(2.233279050168,4.273994795238,17.53887055838
    ));
#6862 = CARTESIAN_POINT('',(1.230577811371,4.242005407442,
    17.143275761891));
#6863 = CARTESIAN_POINT('',(0.699402440984,4.210000035628,
    15.999988241194));
#6864 = CARTESIAN_POINT('',(1.23049188058,4.17799466474,14.85674157273)
  );
#6865 = CARTESIAN_POINT('',(2.23336183322,4.146005276336,14.461122793477
    ));
#6866 = CARTESIAN_POINT('',(3.111429145582,4.113998179044,
    14.743400409936));
#6867 = CARTESIAN_POINT('',(3.549999791419,4.081999972853,
    15.371678588205));
#6868 = CARTESIAN_POINT('',(3.550000560722,4.050000071771,
    16.000000005599));
#6869 = ADVANCED_FACE('',(#6870),#6895,.T.);
#6870 = FACE_BOUND('',#6871,.T.);
#6871 = EDGE_LOOP('',(#6872,#6873,#6880,#6894));
#6872 = ORIENTED_EDGE('',*,*,#6832,.F.);
#6873 = ORIENTED_EDGE('',*,*,#6874,.T.);
#6874 = EDGE_CURVE('',#6826,#6875,#6877,.T.);
#6875 = VERTEX_POINT('',#6876);
#6876 = CARTESIAN_POINT('',(3.549999593477,4.410000044858,16.0000000035)
  );
#6877 = B_SPLINE_CURVE_WITH_KNOTS('',1,(#6878,#6879),.UNSPECIFIED.,.F.,
  .F.,(2,2),(0.,5.E-02),.PIECEWISE_BEZIER_KNOTS.);
#6878 = CARTESIAN_POINT('',(3.55,4.37,16.));
#6879 = CARTESIAN_POINT('',(3.55,4.41,16.));
#6880 = ORIENTED_EDGE('',*,*,#6881,.T.);
#6881 = EDGE_CURVE('',#6875,#6619,#6882,.T.);
#6882 = B_SPLINE_CURVE_WITH_KNOTS('',10,(#6883,#6884,#6885,#6886,#6887,
    #6888,#6889,#6890,#6891,#6892,#6893),.UNSPECIFIED.,.F.,.F.,(11,11),(
    0.,6.295904828089),.PIECEWISE_BEZIER_KNOTS.);
#6883 = CARTESIAN_POINT('',(3.55,4.41,16.));
#6884 = CARTESIAN_POINT('',(3.550001081948,4.378000098921,
    16.628321487841));
#6885 = CARTESIAN_POINT('',(3.111463723182,4.34600189277,17.25660102885)
  );
#6886 = CARTESIAN_POINT('',(2.233262459723,4.313994795229,
    17.538869401405));
#6887 = CARTESIAN_POINT('',(1.230594850938,4.282005407494,
    17.143279358767));
#6888 = CARTESIAN_POINT('',(0.699402233319,4.250000035525,
    15.999983539747));
#6889 = CARTESIAN_POINT('',(1.230474545277,4.217994664852,
    14.856744912652));
#6890 = CARTESIAN_POINT('',(2.233378352543,4.186005276267,
    14.461121291906));
#6891 = CARTESIAN_POINT('',(3.111423454945,4.153998179063,
    14.743400484659));
#6892 = CARTESIAN_POINT('',(3.54999970658,4.121999972854,15.371678517758
    ));
#6893 = CARTESIAN_POINT('',(3.550000785011,4.090000071771,
    16.000000005599));
#6894 = ORIENTED_EDGE('',*,*,#6618,.F.);
#6895 = B_SPLINE_SURFACE_WITH_KNOTS('',1,10,(
    (#6896,#6897,#6898,#6899,#6900,#6901,#6902,#6903,#6904,#6905,#6906)
    ,(#6907,#6908,#6909,#6910,#6911,#6912,#6913,#6914,#6915,#6916,#6917
    )),.UNSPECIFIED.,.F.,.F.,.F.,(2,2),(11,11),(0.,5.E-02),(0.,
    6.295904828089),.PIECEWISE_BEZIER_KNOTS.);
#6896 = CARTESIAN_POINT('',(3.55,4.37,16.));
#6897 = CARTESIAN_POINT('',(3.55000077282,4.338000098921,16.628321417394
    ));
#6898 = CARTESIAN_POINT('',(3.111457906599,4.306001892771,17.25660067204
    ));
#6899 = CARTESIAN_POINT('',(2.233279050168,4.273994795238,17.53887055838
    ));
#6900 = CARTESIAN_POINT('',(1.230577811371,4.242005407442,
    17.143275761891));
#6901 = CARTESIAN_POINT('',(0.699402440984,4.210000035628,
    15.999988241194));
#6902 = CARTESIAN_POINT('',(1.23049188058,4.17799466474,14.85674157273)
  );
#6903 = CARTESIAN_POINT('',(2.23336183322,4.146005276336,14.461122793477
    ));
#6904 = CARTESIAN_POINT('',(3.111429145582,4.113998179044,
    14.743400409936));
#6905 = CARTESIAN_POINT('',(3.549999791419,4.081999972853,
    15.371678588205));
#6906 = CARTESIAN_POINT('',(3.550000560722,4.050000071771,
    16.000000005599));
#6907 = CARTESIAN_POINT('',(3.55,4.41,16.));
#6908 = CARTESIAN_POINT('',(3.550001081948,4.378000098921,
    16.628321487841));
#6909 = CARTESIAN_POINT('',(3.111463723182,4.34600189277,17.25660102885)
  );
#6910 = CARTESIAN_POINT('',(2.233262459723,4.313994795229,
    17.538869401405));
#6911 = CARTESIAN_POINT('',(1.230594850938,4.282005407494,
    17.143279358767));
#6912 = CARTESIAN_POINT('',(0.699402233319,4.250000035525,
    15.999983539747));
#6913 = CARTESIAN_POINT('',(1.230474545277,4.217994664852,
    14.856744912652));
#6914 = CARTESIAN_POINT('',(2.233378352543,4.186005276267,
    14.461121291906));
#6915 = CARTESIAN_POINT('',(3.111423454945,4.153998179063,
    14.743400484659));
#6916 = CARTESIAN_POINT('',(3.54999970658,4.121999972854,15.371678517758
    ));
#6917 = CARTESIAN_POINT('',(3.550000785011,4.090000071771,
    16.000000005599));
#6918 = ADVANCED_FACE('',(#6919),#6944,.T.);
#6919 = FACE_BOUND('',#6920,.T.);
#6920 = EDGE_LOOP('',(#6921,#6922,#6929,#6943));
#6921 = ORIENTED_EDGE('',*,*,#6881,.F.);
#6922 = ORIENTED_EDGE('',*,*,#6923,.T.);
#6923 = EDGE_CURVE('',#6875,#6924,#6926,.T.);
#6924 = VERTEX_POINT('',#6925);
#6925 = CARTESIAN_POINT('',(3.333493424766,4.510000424366,
    16.000000033108));
#6926 = B_SPLINE_CURVE_WITH_KNOTS('',1,(#6927,#6928),.UNSPECIFIED.,.F.,
  .F.,(2,2),(0.,0.25),.PIECEWISE_BEZIER_KNOTS.);
#6927 = CARTESIAN_POINT('',(3.549998990701,4.410000071774,16.0000000056)
  );
#6928 = CARTESIAN_POINT('',(3.333493200479,4.510000848732,
    16.000000066216));
#6929 = ORIENTED_EDGE('',*,*,#6930,.T.);
#6930 = EDGE_CURVE('',#6924,#6668,#6931,.T.);
#6931 = B_SPLINE_CURVE_WITH_KNOTS('',10,(#6932,#6933,#6934,#6935,#6936,
    #6937,#6938,#6939,#6940,#6941,#6942),.UNSPECIFIED.,.F.,.F.,(11,11),(
    0.,6.295904828089),.PIECEWISE_BEZIER_KNOTS.);
#6932 = CARTESIAN_POINT('',(3.333493649054,4.51,16.));
#6933 = CARTESIAN_POINT('',(3.333493030798,4.478001169772,
    16.492315490718));
#6934 = CARTESIAN_POINT('',(2.989854728012,4.446022382681,
    16.984300273588));
#6935 = CARTESIAN_POINT('',(2.302008321494,4.413938452364,
    17.206237842439));
#6936 = CARTESIAN_POINT('',(1.515976289616,4.382063943087,
    16.895220500461));
#6937 = CARTESIAN_POINT('',(1.100321361247,4.350000424572,
    16.000009341537));
#6938 = CARTESIAN_POINT('',(1.51604511485,4.317936905316,15.104765538705
    ));
#6939 = CARTESIAN_POINT('',(2.301942204044,4.286062396525,
    14.793767453628));
#6940 = CARTESIAN_POINT('',(2.989877825607,4.253978466016,
    15.015698900533));
#6941 = CARTESIAN_POINT('',(3.333493860324,4.221999678958,
    15.507684575498));
#6942 = CARTESIAN_POINT('',(3.333493200479,4.190000848732,
    16.000000066216));
#6943 = ORIENTED_EDGE('',*,*,#6667,.F.);
#6944 = B_SPLINE_SURFACE_WITH_KNOTS('',1,10,(
    (#6945,#6946,#6947,#6948,#6949,#6950,#6951,#6952,#6953,#6954,#6955)
    ,(#6956,#6957,#6958,#6959,#6960,#6961,#6962,#6963,#6964,#6965,#6966
    )),.UNSPECIFIED.,.F.,.F.,.F.,(2,2),(11,11),(0.,0.25),(0.,
    6.295904828089),.PIECEWISE_BEZIER_KNOTS.);
#6945 = CARTESIAN_POINT('',(3.55,4.41,16.));
#6946 = CARTESIAN_POINT('',(3.549998608924,4.378000098921,
    16.628320924264));
#6947 = CARTESIAN_POINT('',(3.111417190516,4.346001892784,
    17.256598174373));
#6948 = CARTESIAN_POINT('',(2.233395183283,4.31399479531,17.53887865721)
  );
#6949 = CARTESIAN_POINT('',(1.230458534405,4.282005407079,
    17.143250583753));
#6950 = CARTESIAN_POINT('',(0.699403894636,4.25000003635,16.000021151322
    ));
#6951 = CARTESIAN_POINT('',(1.230613227701,4.217994663955,
    14.856718193276));
#6952 = CARTESIAN_POINT('',(2.233246197964,4.186005276818,
    14.461133304468));
#6953 = CARTESIAN_POINT('',(3.111468980035,4.15399817891,14.743399886875
    ));
#6954 = CARTESIAN_POINT('',(3.550000385294,4.121999972848,
    15.371679081335));
#6955 = CARTESIAN_POINT('',(3.549998990701,4.090000071774,16.0000000056)
  );
#6956 = CARTESIAN_POINT('',(3.333493649054,4.51,16.));
#6957 = CARTESIAN_POINT('',(3.333493030798,4.478001169772,
    16.492315490718));
#6958 = CARTESIAN_POINT('',(2.989854728012,4.446022382681,
    16.984300273588));
#6959 = CARTESIAN_POINT('',(2.302008321494,4.413938452364,
    17.206237842439));
#6960 = CARTESIAN_POINT('',(1.515976289616,4.382063943087,
    16.895220500461));
#6961 = CARTESIAN_POINT('',(1.100321361247,4.350000424572,
    16.000009341537));
#6962 = CARTESIAN_POINT('',(1.51604511485,4.317936905316,15.104765538705
    ));
#6963 = CARTESIAN_POINT('',(2.301942204044,4.286062396525,
    14.793767453628));
#6964 = CARTESIAN_POINT('',(2.989877825607,4.253978466016,
    15.015698900533));
#6965 = CARTESIAN_POINT('',(3.333493860324,4.221999678958,
    15.507684575498));
#6966 = CARTESIAN_POINT('',(3.333493200479,4.190000848732,
    16.000000066216));
#6967 = ADVANCED_FACE('',(#6968),#6998,.T.);
#6968 = FACE_BOUND('',#6969,.T.);
#6969 = EDGE_LOOP('',(#6970,#6971,#6983,#6997));
#6970 = ORIENTED_EDGE('',*,*,#6930,.F.);
#6971 = ORIENTED_EDGE('',*,*,#6972,.T.);
#6972 = EDGE_CURVE('',#6924,#6973,#6975,.T.);
#6973 = VERTEX_POINT('',#6974);
#6974 = CARTESIAN_POINT('',(3.333493649055,4.590000424366,
    16.000000033108));
#6975 = ( BOUNDED_CURVE() B_SPLINE_CURVE(6,(#6976,#6977,#6978,#6979,
#6980,#6981,#6982),.UNSPECIFIED.,.F.,.F.) B_SPLINE_CURVE_WITH_KNOTS((7,7
),(0.,2.094395102393),.PIECEWISE_BEZIER_KNOTS.) CURVE() 
GEOMETRIC_REPRESENTATION_ITEM() RATIONAL_B_SPLINE_CURVE((1.056590953773,
    1.017435169568,0.996326512422,0.989390034249,0.996326512422,
1.017435169568,1.056590953773)) REPRESENTATION_ITEM('') );
#6976 = CARTESIAN_POINT('',(3.333493649054,4.51,16.));
#6977 = CARTESIAN_POINT('',(3.315369130164,4.518371356688,16.));
#6978 = CARTESIAN_POINT('',(3.302596729916,4.532540149093,16.));
#6979 = CARTESIAN_POINT('',(3.297980253375,4.55,16.));
#6980 = CARTESIAN_POINT('',(3.302596729916,4.567459850907,16.));
#6981 = CARTESIAN_POINT('',(3.315369130164,4.581628643312,16.));
#6982 = CARTESIAN_POINT('',(3.333493649054,4.59,16.));
#6983 = ORIENTED_EDGE('',*,*,#6984,.T.);
#6984 = EDGE_CURVE('',#6973,#6717,#6985,.T.);
#6985 = ( BOUNDED_CURVE() B_SPLINE_CURVE(10,(#6986,#6987,#6988,#6989,
    #6990,#6991,#6992,#6993,#6994,#6995,#6996),.UNSPECIFIED.,.F.,.F.) 
B_SPLINE_CURVE_WITH_KNOTS((11,11),(0.,6.295904828089),
.PIECEWISE_BEZIER_KNOTS.) CURVE() GEOMETRIC_REPRESENTATION_ITEM() 
RATIONAL_B_SPLINE_CURVE((1.056590953773,1.056590953773,1.056590953773,
    1.056590953773,1.056590953774,1.056590953773,1.056590953774,
    1.056590953773,1.056590953773,1.056590953773,1.056590953773)) 
REPRESENTATION_ITEM('') );
#6986 = CARTESIAN_POINT('',(3.333493649054,4.59,16.));
#6987 = CARTESIAN_POINT('',(3.333493649054,4.558001169772,
    16.492315631612));
#6988 = CARTESIAN_POINT('',(2.989866361178,4.526022382677,
    16.984300987207));
#6989 = CARTESIAN_POINT('',(2.301975140604,4.493938452343,
    17.206235528489));
#6990 = CARTESIAN_POINT('',(1.51601036875,4.462063943191,16.895227694214
    ));
#6991 = CARTESIAN_POINT('',(1.100320945917,4.430000424366,
    15.999999938643));
#6992 = CARTESIAN_POINT('',(1.516010444244,4.397936905541,
    15.104772218549));
#6993 = CARTESIAN_POINT('',(2.301975242688,4.366062396387,
    14.793764450487));
#6994 = CARTESIAN_POINT('',(2.989866444335,4.333978466054,15.01569904998
    ));
#6995 = CARTESIAN_POINT('',(3.333493690645,4.301999678959,
    15.507684434604));
#6996 = CARTESIAN_POINT('',(3.333493649056,4.270000848731,
    16.000000066216));
#6997 = ORIENTED_EDGE('',*,*,#6716,.F.);
#6998 = ( BOUNDED_SURFACE() B_SPLINE_SURFACE(6,10,(
    (#6999,#7000,#7001,#7002,#7003,#7004,#7005,#7006,#7007,#7008,#7009)
    ,(#7010,#7011,#7012,#7013,#7014,#7015,#7016,#7017,#7018,#7019,#7020)
    ,(#7021,#7022,#7023,#7024,#7025,#7026,#7027,#7028,#7029,#7030,#7031)
    ,(#7032,#7033,#7034,#7035,#7036,#7037,#7038,#7039,#7040,#7041,#7042)
    ,(#7043,#7044,#7045,#7046,#7047,#7048,#7049,#7050,#7051,#7052,#7053)
    ,(#7054,#7055,#7056,#7057,#7058,#7059,#7060,#7061,#7062,#7063,#7064)
    ,(#7065,#7066,#7067,#7068,#7069,#7070,#7071,#7072,#7073,#7074,#7075
)),.UNSPECIFIED.,.F.,.F.,.F.) B_SPLINE_SURFACE_WITH_KNOTS((7,7),(11,11),
  (0.,2.094395102393),(0.,6.295904828089),.PIECEWISE_BEZIER_KNOTS.) 
GEOMETRIC_REPRESENTATION_ITEM() RATIONAL_B_SPLINE_SURFACE((
    (1.056590953773,1.056590953773,1.056590953773,1.056590953773
      ,1.056590953774,1.056590953773,1.056590953774,1.056590953773
      ,1.056590953773,1.056590953773,1.056590953773)
    ,(1.017435169568,1.017435169568,1.017435169568,1.017435169568
      ,1.017435169569,1.017435169568,1.017435169569,1.017435169568
      ,1.017435169568,1.017435169568,1.017435169568)
    ,(0.996326512422,0.996326512422,0.996326512422,0.996326512422
      ,0.996326512423,0.996326512422,0.996326512423,0.996326512422
      ,0.996326512422,0.996326512422,0.996326512422)
    ,(0.989390034249,0.989390034249,0.989390034249,0.989390034248
      ,0.989390034249,0.989390034248,0.989390034249,0.989390034248
      ,0.989390034249,0.989390034249,0.989390034249)
    ,(0.996326512422,0.996326512422,0.996326512422,0.996326512422
      ,0.996326512423,0.996326512422,0.996326512423,0.996326512422
      ,0.996326512422,0.996326512422,0.996326512422)
    ,(1.017435169568,1.017435169568,1.017435169568,1.017435169568
      ,1.017435169569,1.017435169568,1.017435169568,1.017435169568
      ,1.017435169568,1.017435169568,1.017435169568)
    ,(1.056590953773,1.056590953773,1.056590953773,1.056590953773
      ,1.056590953774,1.056590953773,1.056590953774,1.056590953773
      ,1.056590953773,1.056590953773,1.056590953773
))) REPRESENTATION_ITEM('') SURFACE() );
#6999 = CARTESIAN_POINT('',(3.333493649054,4.51,16.));
#7000 = CARTESIAN_POINT('',(3.333493030798,4.478001169772,
    16.492315490718));
#7001 = CARTESIAN_POINT('',(2.989854728012,4.446022382681,
    16.984300273588));
#7002 = CARTESIAN_POINT('',(2.302008321493,4.413938452364,17.20623784244
    ));
#7003 = CARTESIAN_POINT('',(1.515976289617,4.382063943087,
    16.895220500461));
#7004 = CARTESIAN_POINT('',(1.100321361246,4.350000424572,
    16.000009341537));
#7005 = CARTESIAN_POINT('',(1.516045114851,4.317936905316,
    15.104765538705));
#7006 = CARTESIAN_POINT('',(2.301942204043,4.286062396525,
    14.793767453628));
#7007 = CARTESIAN_POINT('',(2.989877825607,4.253978466016,
    15.015698900534));
#7008 = CARTESIAN_POINT('',(3.333493860324,4.221999678958,
    15.507684575498));
#7009 = CARTESIAN_POINT('',(3.333493200479,4.190000848732,
    16.000000066216));
#7010 = CARTESIAN_POINT('',(3.315369130164,4.518371356688,16.));
#7011 = CARTESIAN_POINT('',(3.315368576603,4.486372616105,
    16.480929990761));
#7012 = CARTESIAN_POINT('',(2.979678300677,4.454395454651,
    16.961505245059));
#7013 = CARTESIAN_POINT('',(2.307752172028,4.422305092383,
    17.178391293345));
#7014 = CARTESIAN_POINT('',(1.539877999314,4.390440200034,
    16.874457017495));
#7015 = CARTESIAN_POINT('',(1.133883592401,4.358371813759,
    16.000008352897));
#7016 = CARTESIAN_POINT('',(1.539939636225,4.326303426822,
    15.125530466747));
#7017 = CARTESIAN_POINT('',(2.307692991743,4.294438534907,14.82161344472
    ));
#7018 = CARTESIAN_POINT('',(2.979698996369,4.262348172468,
    15.038494022225));
#7019 = CARTESIAN_POINT('',(3.315369326866,4.230371011043,
    15.519070080529));
#7020 = CARTESIAN_POINT('',(3.315368728529,4.198372270462,16.00000007129
    ));
#7021 = CARTESIAN_POINT('',(3.302596729916,4.532540149093,16.));
#7022 = CARTESIAN_POINT('',(3.302596285855,4.500541471682,
    16.472906610974));
#7023 = CARTESIAN_POINT('',(2.972508145759,4.468565455819,16.94544159709
    ));
#7024 = CARTESIAN_POINT('',(2.311796450055,4.436470560935,
    17.158767511445));
#7025 = CARTESIAN_POINT('',(1.556725125135,4.404612445674,
    16.859825675329));
#7026 = CARTESIAN_POINT('',(1.157534949659,4.372540629045,
    16.000006684238));
#7027 = CARTESIAN_POINT('',(1.556774589864,4.340468811884,
    15.140164261352));
#7028 = CARTESIAN_POINT('',(2.311749003419,4.308610696971,
    14.841236283776));
#7029 = CARTESIAN_POINT('',(2.972524769857,4.27651580195,15.05455782506)
  );
#7030 = CARTESIAN_POINT('',(3.302596898812,4.24453978611,15.527093463892
    ));
#7031 = CARTESIAN_POINT('',(3.302596407729,4.212541108702,
    16.000000074866));
#7032 = CARTESIAN_POINT('',(3.297980253375,4.55,16.));
#7033 = CARTESIAN_POINT('',(3.297979944247,4.518001345422,
    16.470006649628));
#7034 = CARTESIAN_POINT('',(2.96991834785,4.486025743624,16.939635636833
    ));
#7035 = CARTESIAN_POINT('',(2.313253102703,4.453929210461,
    17.151674303798));
#7036 = CARTESIAN_POINT('',(1.562819633066,4.422073544742,
    16.854538409398));
#7037 = CARTESIAN_POINT('',(1.166083469565,4.39000048819,16.000004630877
    ));
#7038 = CARTESIAN_POINT('',(1.562854094766,4.35792743127,15.145454553467
    ));
#7039 = CARTESIAN_POINT('',(2.313220110349,4.326071765793,
    14.848328330567));
#7040 = CARTESIAN_POINT('',(2.969929950713,4.293975232534,
    15.060363974405));
#7041 = CARTESIAN_POINT('',(3.297980386052,4.261999630752,
    15.529993426531));
#7042 = CARTESIAN_POINT('',(3.297980029089,4.230000976176,
    16.000000076158));
#7043 = CARTESIAN_POINT('',(3.302596729916,4.567459850907,16.));
#7044 = CARTESIAN_POINT('',(3.302596555721,4.535461173497,
    16.472906672474));
#7045 = CARTESIAN_POINT('',(2.972513223593,4.503485157633,
    16.945441908582));
#7046 = CARTESIAN_POINT('',(2.31178196672,4.471390262742,17.158766501414
    ));
#7047 = CARTESIAN_POINT('',(1.55674000055,4.439532147534,16.859828815376
    ));
#7048 = CARTESIAN_POINT('',(1.157534768369,4.40746033077,16.000002579911
    ));
#7049 = CARTESIAN_POINT('',(1.556759456274,4.375388513797,
    15.140167177079));
#7050 = CARTESIAN_POINT('',(2.311763424664,4.343530398726,
    14.841234972916));
#7051 = CARTESIAN_POINT('',(2.972519801974,4.311435503782,
    15.054557890292));
#7052 = CARTESIAN_POINT('',(3.302596824748,4.279459487926,
    15.527093402393));
#7053 = CARTESIAN_POINT('',(3.302596603531,4.247460810516,
    16.000000074866));
#7054 = CARTESIAN_POINT('',(3.315369130164,4.581628643312,16.));
#7055 = CARTESIAN_POINT('',(3.315369065468,4.549629902729,
    16.480930102168));
#7056 = CARTESIAN_POINT('',(2.979687499209,4.517652741272,
    16.961505809329));
#7057 = CARTESIAN_POINT('',(2.307725935365,4.485562378991,
    17.178389463667));
#7058 = CARTESIAN_POINT('',(1.539904946232,4.453697486739,
    16.874462705711));
#7059 = CARTESIAN_POINT('',(1.133883263993,4.42162910022,16.000000917878
    ));
#7060 = CARTESIAN_POINT('',(1.539912221619,4.389560713624,
    15.125535748606));
#7061 = CARTESIAN_POINT('',(2.307719115931,4.357695821422,
    14.821611070089));
#7062 = CARTESIAN_POINT('',(2.979689997014,4.325605459122,
    15.038494140394));
#7063 = CARTESIAN_POINT('',(3.315369192698,4.293628297668,
    15.519069969122));
#7064 = CARTESIAN_POINT('',(3.315369083226,4.261629557086,16.00000007129
    ));
#7065 = CARTESIAN_POINT('',(3.333493649054,4.59,16.));
#7066 = CARTESIAN_POINT('',(3.333493649054,4.558001169772,
    16.492315631612));
#7067 = CARTESIAN_POINT('',(2.989866361178,4.526022382677,
    16.984300987207));
#7068 = CARTESIAN_POINT('',(2.301975140604,4.493938452343,
    17.206235528489));
#7069 = CARTESIAN_POINT('',(1.51601036875,4.462063943191,16.895227694214
    ));
#7070 = CARTESIAN_POINT('',(1.100320945917,4.430000424366,
    15.999999938643));
#7071 = CARTESIAN_POINT('',(1.516010444244,4.397936905541,
    15.104772218549));
#7072 = CARTESIAN_POINT('',(2.301975242688,4.366062396387,
    14.793764450487));
#7073 = CARTESIAN_POINT('',(2.989866444335,4.333978466054,15.01569904998
    ));
#7074 = CARTESIAN_POINT('',(3.333493690645,4.301999678959,
    15.507684434604));
#7075 = CARTESIAN_POINT('',(3.333493649056,4.270000848731,
    16.000000066216));
#7076 = ADVANCED_FACE('',(#7077),#7102,.T.);
#7077 = FACE_BOUND('',#7078,.T.);
#7078 = EDGE_LOOP('',(#7079,#7080,#7087,#7101));
#7079 = ORIENTED_EDGE('',*,*,#6984,.F.);
#7080 = ORIENTED_EDGE('',*,*,#7081,.T.);
#7081 = EDGE_CURVE('',#6973,#7082,#7084,.T.);
#7082 = VERTEX_POINT('',#7083);
#7083 = CARTESIAN_POINT('',(3.550000280361,4.690000035886,16.0000000028)
  );
#7084 = B_SPLINE_CURVE_WITH_KNOTS('',1,(#7085,#7086),.UNSPECIFIED.,.F.,
  .F.,(2,2),(0.,0.25),.PIECEWISE_BEZIER_KNOTS.);
#7085 = CARTESIAN_POINT('',(3.333493649056,4.590000848731,
    16.000000066216));
#7086 = CARTESIAN_POINT('',(3.550000560722,4.690000071771,
    16.000000005599));
#7087 = ORIENTED_EDGE('',*,*,#7088,.T.);
#7088 = EDGE_CURVE('',#7082,#6826,#7089,.T.);
#7089 = B_SPLINE_CURVE_WITH_KNOTS('',10,(#7090,#7091,#7092,#7093,#7094,
    #7095,#7096,#7097,#7098,#7099,#7100),.UNSPECIFIED.,.F.,.F.,(11,11),(
    0.,6.295904828089),.PIECEWISE_BEZIER_KNOTS.);
#7090 = CARTESIAN_POINT('',(3.55,4.69,16.));
#7091 = CARTESIAN_POINT('',(3.55000077282,4.658000098921,16.628321417394
    ));
#7092 = CARTESIAN_POINT('',(3.111457906599,4.626001892771,17.25660067204
    ));
#7093 = CARTESIAN_POINT('',(2.233279050168,4.593994795238,17.53887055838
    ));
#7094 = CARTESIAN_POINT('',(1.230577811371,4.562005407442,
    17.143275761891));
#7095 = CARTESIAN_POINT('',(0.699402440984,4.530000035628,
    15.999988241194));
#7096 = CARTESIAN_POINT('',(1.23049188058,4.49799466474,14.85674157273)
  );
#7097 = CARTESIAN_POINT('',(2.23336183322,4.466005276336,14.461122793477
    ));
#7098 = CARTESIAN_POINT('',(3.111429145582,4.433998179044,
    14.743400409936));
#7099 = CARTESIAN_POINT('',(3.549999791419,4.401999972853,
    15.371678588205));
#7100 = CARTESIAN_POINT('',(3.550000560722,4.370000071771,
    16.000000005599));
#7101 = ORIENTED_EDGE('',*,*,#6825,.F.);
#7102 = B_SPLINE_SURFACE_WITH_KNOTS('',1,10,(
    (#7103,#7104,#7105,#7106,#7107,#7108,#7109,#7110,#7111,#7112,#7113)
    ,(#7114,#7115,#7116,#7117,#7118,#7119,#7120,#7121,#7122,#7123,#7124
    )),.UNSPECIFIED.,.F.,.F.,.F.,(2,2),(11,11),(0.,0.25),(0.,
    6.295904828089),.PIECEWISE_BEZIER_KNOTS.);
#7103 = CARTESIAN_POINT('',(3.333493649054,4.59,16.));
#7104 = CARTESIAN_POINT('',(3.333493649054,4.558001169772,
    16.492315631612));
#7105 = CARTESIAN_POINT('',(2.989866361178,4.526022382677,
    16.984300987207));
#7106 = CARTESIAN_POINT('',(2.301975140604,4.493938452343,
    17.206235528488));
#7107 = CARTESIAN_POINT('',(1.51601036875,4.462063943191,16.895227694214
    ));
#7108 = CARTESIAN_POINT('',(1.100320945918,4.430000424366,
    15.999999938643));
#7109 = CARTESIAN_POINT('',(1.516010444244,4.397936905541,
    15.104772218549));
#7110 = CARTESIAN_POINT('',(2.301975242688,4.366062396387,
    14.793764450487));
#7111 = CARTESIAN_POINT('',(2.989866444335,4.333978466054,
    15.015699049979));
#7112 = CARTESIAN_POINT('',(3.333493690645,4.301999678959,
    15.507684434604));
#7113 = CARTESIAN_POINT('',(3.333493649056,4.270000848731,
    16.000000066216));
#7114 = CARTESIAN_POINT('',(3.55,4.69,16.));
#7115 = CARTESIAN_POINT('',(3.55000077282,4.658000098921,16.628321417394
    ));
#7116 = CARTESIAN_POINT('',(3.111457906599,4.626001892771,17.25660067204
    ));
#7117 = CARTESIAN_POINT('',(2.233279050168,4.593994795238,17.53887055838
    ));
#7118 = CARTESIAN_POINT('',(1.230577811371,4.562005407442,
    17.143275761891));
#7119 = CARTESIAN_POINT('',(0.699402440984,4.530000035628,
    15.999988241194));
#7120 = CARTESIAN_POINT('',(1.23049188058,4.49799466474,14.85674157273)
  );
#7121 = CARTESIAN_POINT('',(2.23336183322,4.466005276336,14.461122793477
    ));
#7122 = CARTESIAN_POINT('',(3.111429145582,4.433998179044,
    14.743400409936));
#7123 = CARTESIAN_POINT('',(3.549999791419,4.401999972853,
    15.371678588205));
#7124 = CARTESIAN_POINT('',(3.550000560722,4.370000071771,
    16.000000005599));
#7125 = ADVANCED_FACE('',(#7126),#7151,.T.);
#7126 = FACE_BOUND('',#7127,.T.);
#7127 = EDGE_LOOP('',(#7128,#7129,#7136,#7150));
#7128 = ORIENTED_EDGE('',*,*,#7088,.F.);
#7129 = ORIENTED_EDGE('',*,*,#7130,.T.);
#7130 = EDGE_CURVE('',#7082,#7131,#7133,.T.);
#7131 = VERTEX_POINT('',#7132);
#7132 = CARTESIAN_POINT('',(3.549999593477,4.730000044858,16.0000000035)
  );
#7133 = B_SPLINE_CURVE_WITH_KNOTS('',1,(#7134,#7135),.UNSPECIFIED.,.F.,
  .F.,(2,2),(0.,5.E-02),.PIECEWISE_BEZIER_KNOTS.);
#7134 = CARTESIAN_POINT('',(3.550000560722,4.690000071771,
    16.000000005599));
#7135 = CARTESIAN_POINT('',(3.550000785011,4.730000071771,
    16.000000005599));
#7136 = ORIENTED_EDGE('',*,*,#7137,.T.);
#7137 = EDGE_CURVE('',#7131,#6875,#7138,.T.);
#7138 = B_SPLINE_CURVE_WITH_KNOTS('',10,(#7139,#7140,#7141,#7142,#7143,
    #7144,#7145,#7146,#7147,#7148,#7149),.UNSPECIFIED.,.F.,.F.,(11,11),(
    0.,6.295904828089),.PIECEWISE_BEZIER_KNOTS.);
#7139 = CARTESIAN_POINT('',(3.55,4.73,16.));
#7140 = CARTESIAN_POINT('',(3.550001081948,4.698000098921,
    16.628321487841));
#7141 = CARTESIAN_POINT('',(3.111463723182,4.66600189277,17.25660102885)
  );
#7142 = CARTESIAN_POINT('',(2.233262459723,4.633994795229,
    17.538869401405));
#7143 = CARTESIAN_POINT('',(1.230594850938,4.602005407494,
    17.143279358767));
#7144 = CARTESIAN_POINT('',(0.699402233319,4.570000035525,
    15.999983539747));
#7145 = CARTESIAN_POINT('',(1.230474545277,4.537994664852,
    14.856744912652));
#7146 = CARTESIAN_POINT('',(2.233378352543,4.506005276267,
    14.461121291906));
#7147 = CARTESIAN_POINT('',(3.111423454945,4.473998179063,
    14.743400484659));
#7148 = CARTESIAN_POINT('',(3.54999970658,4.441999972854,15.371678517758
    ));
#7149 = CARTESIAN_POINT('',(3.550000785011,4.410000071771,
    16.000000005599));
#7150 = ORIENTED_EDGE('',*,*,#6874,.F.);
#7151 = B_SPLINE_SURFACE_WITH_KNOTS('',1,10,(
    (#7152,#7153,#7154,#7155,#7156,#7157,#7158,#7159,#7160,#7161,#7162)
    ,(#7163,#7164,#7165,#7166,#7167,#7168,#7169,#7170,#7171,#7172,#7173
    )),.UNSPECIFIED.,.F.,.F.,.F.,(2,2),(11,11),(0.,5.E-02),(0.,
    6.295904828089),.PIECEWISE_BEZIER_KNOTS.);
#7152 = CARTESIAN_POINT('',(3.55,4.69,16.));
#7153 = CARTESIAN_POINT('',(3.55000077282,4.658000098921,16.628321417394
    ));
#7154 = CARTESIAN_POINT('',(3.111457906599,4.626001892771,17.25660067204
    ));
#7155 = CARTESIAN_POINT('',(2.233279050168,4.593994795238,17.53887055838
    ));
#7156 = CARTESIAN_POINT('',(1.230577811371,4.562005407442,
    17.143275761891));
#7157 = CARTESIAN_POINT('',(0.699402440984,4.530000035628,
    15.999988241194));
#7158 = CARTESIAN_POINT('',(1.23049188058,4.49799466474,14.85674157273)
  );
#7159 = CARTESIAN_POINT('',(2.23336183322,4.466005276336,14.461122793477
    ));
#7160 = CARTESIAN_POINT('',(3.111429145582,4.433998179044,
    14.743400409936));
#7161 = CARTESIAN_POINT('',(3.549999791419,4.401999972853,
    15.371678588205));
#7162 = CARTESIAN_POINT('',(3.550000560722,4.370000071771,
    16.000000005599));
#7163 = CARTESIAN_POINT('',(3.55,4.73,16.));
#7164 = CARTESIAN_POINT('',(3.550001081948,4.698000098921,
    16.628321487841));
#7165 = CARTESIAN_POINT('',(3.111463723182,4.66600189277,17.25660102885)
  );
#7166 = CARTESIAN_POINT('',(2.233262459723,4.633994795229,
    17.538869401405));
#7167 = CARTESIAN_POINT('',(1.230594850938,4.602005407494,
    17.143279358767));
#7168 = CARTESIAN_POINT('',(0.699402233319,4.570000035525,
    15.999983539747));
#7169 = CARTESIAN_POINT('',(1.230474545277,4.537994664852,
    14.856744912652));
#7170 = CARTESIAN_POINT('',(2.233378352543,4.506005276267,
    14.461121291906));
#7171 = CARTESIAN_POINT('',(3.111423454945,4.473998179063,
    14.743400484659));
#7172 = CARTESIAN_POINT('',(3.54999970658,4.441999972854,15.371678517758
    ));
#7173 = CARTESIAN_POINT('',(3.550000785011,4.410000071771,
    16.000000005599));
#7174 = ADVANCED_FACE('',(#7175),#7200,.T.);
#7175 = FACE_BOUND('',#7176,.T.);
#7176 = EDGE_LOOP('',(#7177,#7178,#7185,#7199));
#7177 = ORIENTED_EDGE('',*,*,#7137,.F.);
#7178 = ORIENTED_EDGE('',*,*,#7179,.T.);
#7179 = EDGE_CURVE('',#7131,#7180,#7182,.T.);
#7180 = VERTEX_POINT('',#7181);
#7181 = CARTESIAN_POINT('',(3.333493424766,4.830000424366,
    16.000000033108));
#7182 = B_SPLINE_CURVE_WITH_KNOTS('',1,(#7183,#7184),.UNSPECIFIED.,.F.,
  .F.,(2,2),(0.,0.25),.PIECEWISE_BEZIER_KNOTS.);
#7183 = CARTESIAN_POINT('',(3.549998990701,4.730000071774,16.0000000056)
  );
#7184 = CARTESIAN_POINT('',(3.333493200479,4.830000848732,
    16.000000066216));
#7185 = ORIENTED_EDGE('',*,*,#7186,.T.);
#7186 = EDGE_CURVE('',#7180,#6924,#7187,.T.);
#7187 = B_SPLINE_CURVE_WITH_KNOTS('',10,(#7188,#7189,#7190,#7191,#7192,
    #7193,#7194,#7195,#7196,#7197,#7198),.UNSPECIFIED.,.F.,.F.,(11,11),(
    0.,6.295904828089),.PIECEWISE_BEZIER_KNOTS.);
#7188 = CARTESIAN_POINT('',(3.333493649054,4.83,16.));
#7189 = CARTESIAN_POINT('',(3.333493030798,4.798001169772,
    16.492315490718));
#7190 = CARTESIAN_POINT('',(2.989854728012,4.766022382681,
    16.984300273588));
#7191 = CARTESIAN_POINT('',(2.302008321494,4.733938452364,
    17.206237842439));
#7192 = CARTESIAN_POINT('',(1.515976289616,4.702063943087,
    16.895220500461));
#7193 = CARTESIAN_POINT('',(1.100321361247,4.670000424572,
    16.000009341537));
#7194 = CARTESIAN_POINT('',(1.51604511485,4.637936905316,15.104765538705
    ));
#7195 = CARTESIAN_POINT('',(2.301942204044,4.606062396525,
    14.793767453628));
#7196 = CARTESIAN_POINT('',(2.989877825607,4.573978466016,
    15.015698900533));
#7197 = CARTESIAN_POINT('',(3.333493860324,4.541999678958,
    15.507684575498));
#7198 = CARTESIAN_POINT('',(3.333493200479,4.510000848732,
    16.000000066216));
#7199 = ORIENTED_EDGE('',*,*,#6923,.F.);
#7200 = B_SPLINE_SURFACE_WITH_KNOTS('',1,10,(
    (#7201,#7202,#7203,#7204,#7205,#7206,#7207,#7208,#7209,#7210,#7211)
    ,(#7212,#7213,#7214,#7215,#7216,#7217,#7218,#7219,#7220,#7221,#7222
    )),.UNSPECIFIED.,.F.,.F.,.F.,(2,2),(11,11),(0.,0.25),(0.,
    6.295904828089),.PIECEWISE_BEZIER_KNOTS.);
#7201 = CARTESIAN_POINT('',(3.55,4.73,16.));
#7202 = CARTESIAN_POINT('',(3.549998608924,4.698000098921,
    16.628320924264));
#7203 = CARTESIAN_POINT('',(3.111417190516,4.666001892784,
    17.256598174373));
#7204 = CARTESIAN_POINT('',(2.233395183283,4.63399479531,17.53887865721)
  );
#7205 = CARTESIAN_POINT('',(1.230458534405,4.602005407079,
    17.143250583753));
#7206 = CARTESIAN_POINT('',(0.699403894636,4.57000003635,16.000021151322
    ));
#7207 = CARTESIAN_POINT('',(1.230613227701,4.537994663955,
    14.856718193276));
#7208 = CARTESIAN_POINT('',(2.233246197964,4.506005276818,
    14.461133304468));
#7209 = CARTESIAN_POINT('',(3.111468980035,4.47399817891,14.743399886875
    ));
#7210 = CARTESIAN_POINT('',(3.550000385294,4.441999972848,
    15.371679081335));
#7211 = CARTESIAN_POINT('',(3.549998990701,4.410000071774,16.0000000056)
  );
#7212 = CARTESIAN_POINT('',(3.333493649054,4.83,16.));
#7213 = CARTESIAN_POINT('',(3.333493030798,4.798001169772,
    16.492315490718));
#7214 = CARTESIAN_POINT('',(2.989854728012,4.766022382681,
    16.984300273588));
#7215 = CARTESIAN_POINT('',(2.302008321494,4.733938452364,
    17.206237842439));
#7216 = CARTESIAN_POINT('',(1.515976289616,4.702063943087,
    16.895220500461));
#7217 = CARTESIAN_POINT('',(1.100321361247,4.670000424572,
    16.000009341537));
#7218 = CARTESIAN_POINT('',(1.51604511485,4.637936905316,15.104765538705
    ));
#7219 = CARTESIAN_POINT('',(2.301942204044,4.606062396525,
    14.793767453628));
#7220 = CARTESIAN_POINT('',(2.989877825607,4.573978466016,
    15.015698900533));
#7221 = CARTESIAN_POINT('',(3.333493860324,4.541999678958,
    15.507684575498));
#7222 = CARTESIAN_POINT('',(3.333493200479,4.510000848732,
    16.000000066216));
#7223 = ADVANCED_FACE('',(#7224),#7254,.T.);
#7224 = FACE_BOUND('',#7225,.T.);
#7225 = EDGE_LOOP('',(#7226,#7227,#7239,#7253));
#7226 = ORIENTED_EDGE('',*,*,#7186,.F.);
#7227 = ORIENTED_EDGE('',*,*,#7228,.T.);
#7228 = EDGE_CURVE('',#7180,#7229,#7231,.T.);
#7229 = VERTEX_POINT('',#7230);
#7230 = CARTESIAN_POINT('',(3.333493649055,4.910000424366,
    16.000000033108));
#7231 = ( BOUNDED_CURVE() B_SPLINE_CURVE(6,(#7232,#7233,#7234,#7235,
#7236,#7237,#7238),.UNSPECIFIED.,.F.,.F.) B_SPLINE_CURVE_WITH_KNOTS((7,7
),(0.,2.094395102393),.PIECEWISE_BEZIER_KNOTS.) CURVE() 
GEOMETRIC_REPRESENTATION_ITEM() RATIONAL_B_SPLINE_CURVE((1.056590953773,
    1.017435169568,0.996326512422,0.989390034249,0.996326512422,
1.017435169568,1.056590953773)) REPRESENTATION_ITEM('') );
#7232 = CARTESIAN_POINT('',(3.333493200479,4.830000848732,
    16.000000066216));
#7233 = CARTESIAN_POINT('',(3.315368728529,4.838372270462,16.00000007129
    ));
#7234 = CARTESIAN_POINT('',(3.302596407729,4.852541108702,
    16.000000074866));
#7235 = CARTESIAN_POINT('',(3.297980029089,4.870000976176,
    16.000000076158));
#7236 = CARTESIAN_POINT('',(3.302596603531,4.887460810516,
    16.000000074866));
#7237 = CARTESIAN_POINT('',(3.315369083226,4.901629557086,16.00000007129
    ));
#7238 = CARTESIAN_POINT('',(3.333493649056,4.910000848731,
    16.000000066216));
#7239 = ORIENTED_EDGE('',*,*,#7240,.T.);
#7240 = EDGE_CURVE('',#7229,#6973,#7241,.T.);
#7241 = ( BOUNDED_CURVE() B_SPLINE_CURVE(10,(#7242,#7243,#7244,#7245,
    #7246,#7247,#7248,#7249,#7250,#7251,#7252),.UNSPECIFIED.,.F.,.F.) 
B_SPLINE_CURVE_WITH_KNOTS((11,11),(0.,6.295904828089),
.PIECEWISE_BEZIER_KNOTS.) CURVE() GEOMETRIC_REPRESENTATION_ITEM() 
RATIONAL_B_SPLINE_CURVE((1.056590953773,1.056590953773,1.056590953773,
    1.056590953773,1.056590953774,1.056590953773,1.056590953774,
    1.056590953773,1.056590953773,1.056590953773,1.056590953773)) 
REPRESENTATION_ITEM('') );
#7242 = CARTESIAN_POINT('',(3.333493649054,4.91,16.));
#7243 = CARTESIAN_POINT('',(3.333493649054,4.878001169772,
    16.492315631612));
#7244 = CARTESIAN_POINT('',(2.989866361178,4.846022382677,
    16.984300987207));
#7245 = CARTESIAN_POINT('',(2.301975140604,4.813938452343,
    17.206235528489));
#7246 = CARTESIAN_POINT('',(1.51601036875,4.782063943191,16.895227694214
    ));
#7247 = CARTESIAN_POINT('',(1.100320945917,4.750000424366,
    15.999999938643));
#7248 = CARTESIAN_POINT('',(1.516010444244,4.717936905541,
    15.104772218549));
#7249 = CARTESIAN_POINT('',(2.301975242688,4.686062396387,
    14.793764450487));
#7250 = CARTESIAN_POINT('',(2.989866444335,4.653978466054,15.01569904998
    ));
#7251 = CARTESIAN_POINT('',(3.333493690645,4.621999678959,
    15.507684434604));
#7252 = CARTESIAN_POINT('',(3.333493649056,4.590000848731,
    16.000000066216));
#7253 = ORIENTED_EDGE('',*,*,#6972,.F.);
#7254 = ( BOUNDED_SURFACE() B_SPLINE_SURFACE(6,10,(
    (#7255,#7256,#7257,#7258,#7259,#7260,#7261,#7262,#7263,#7264,#7265)
    ,(#7266,#7267,#7268,#7269,#7270,#7271,#7272,#7273,#7274,#7275,#7276)
    ,(#7277,#7278,#7279,#7280,#7281,#7282,#7283,#7284,#7285,#7286,#7287)
    ,(#7288,#7289,#7290,#7291,#7292,#7293,#7294,#7295,#7296,#7297,#7298)
    ,(#7299,#7300,#7301,#7302,#7303,#7304,#7305,#7306,#7307,#7308,#7309)
    ,(#7310,#7311,#7312,#7313,#7314,#7315,#7316,#7317,#7318,#7319,#7320)
    ,(#7321,#7322,#7323,#7324,#7325,#7326,#7327,#7328,#7329,#7330,#7331
)),.UNSPECIFIED.,.F.,.F.,.F.) B_SPLINE_SURFACE_WITH_KNOTS((7,7),(11,11),
  (0.,2.094395102393),(0.,6.295904828089),.PIECEWISE_BEZIER_KNOTS.) 
GEOMETRIC_REPRESENTATION_ITEM() RATIONAL_B_SPLINE_SURFACE((
    (1.056590953773,1.056590953773,1.056590953773,1.056590953773
      ,1.056590953774,1.056590953773,1.056590953774,1.056590953773
      ,1.056590953773,1.056590953773,1.056590953773)
    ,(1.017435169568,1.017435169568,1.017435169568,1.017435169568
      ,1.017435169569,1.017435169568,1.017435169569,1.017435169568
      ,1.017435169568,1.017435169568,1.017435169568)
    ,(0.996326512422,0.996326512422,0.996326512422,0.996326512422
      ,0.996326512423,0.996326512422,0.996326512423,0.996326512422
      ,0.996326512422,0.996326512422,0.996326512422)
    ,(0.989390034249,0.989390034249,0.989390034249,0.989390034248
      ,0.989390034249,0.989390034248,0.989390034249,0.989390034248
      ,0.989390034249,0.989390034249,0.989390034249)
    ,(0.996326512422,0.996326512422,0.996326512422,0.996326512422
      ,0.996326512423,0.996326512422,0.996326512423,0.996326512422
      ,0.996326512422,0.996326512422,0.996326512422)
    ,(1.017435169568,1.017435169568,1.017435169568,1.017435169568
      ,1.017435169569,1.017435169568,1.017435169568,1.017435169568
      ,1.017435169568,1.017435169568,1.017435169568)
    ,(1.056590953773,1.056590953773,1.056590953773,1.056590953773
      ,1.056590953774,1.056590953773,1.056590953774,1.056590953773
      ,1.056590953773,1.056590953773,1.056590953773
))) REPRESENTATION_ITEM('') SURFACE() );
#7255 = CARTESIAN_POINT('',(3.333493649054,4.83,16.));
#7256 = CARTESIAN_POINT('',(3.333493030798,4.798001169772,
    16.492315490718));
#7257 = CARTESIAN_POINT('',(2.989854728012,4.766022382681,
    16.984300273588));
#7258 = CARTESIAN_POINT('',(2.302008321493,4.733938452364,17.20623784244
    ));
#7259 = CARTESIAN_POINT('',(1.515976289617,4.702063943087,
    16.895220500461));
#7260 = CARTESIAN_POINT('',(1.100321361246,4.670000424572,
    16.000009341537));
#7261 = CARTESIAN_POINT('',(1.516045114851,4.637936905316,
    15.104765538705));
#7262 = CARTESIAN_POINT('',(2.301942204043,4.606062396525,
    14.793767453628));
#7263 = CARTESIAN_POINT('',(2.989877825607,4.573978466016,
    15.015698900534));
#7264 = CARTESIAN_POINT('',(3.333493860324,4.541999678958,
    15.507684575498));
#7265 = CARTESIAN_POINT('',(3.333493200479,4.510000848732,
    16.000000066216));
#7266 = CARTESIAN_POINT('',(3.315369130164,4.838371356688,16.));
#7267 = CARTESIAN_POINT('',(3.315368576603,4.806372616105,
    16.480929990761));
#7268 = CARTESIAN_POINT('',(2.979678300677,4.774395454651,
    16.961505245059));
#7269 = CARTESIAN_POINT('',(2.307752172028,4.742305092383,
    17.178391293345));
#7270 = CARTESIAN_POINT('',(1.539877999314,4.710440200034,
    16.874457017495));
#7271 = CARTESIAN_POINT('',(1.133883592401,4.678371813759,
    16.000008352897));
#7272 = CARTESIAN_POINT('',(1.539939636225,4.646303426822,
    15.125530466747));
#7273 = CARTESIAN_POINT('',(2.307692991743,4.614438534907,14.82161344472
    ));
#7274 = CARTESIAN_POINT('',(2.979698996369,4.582348172468,
    15.038494022225));
#7275 = CARTESIAN_POINT('',(3.315369326866,4.550371011043,
    15.519070080529));
#7276 = CARTESIAN_POINT('',(3.315368728529,4.518372270462,16.00000007129
    ));
#7277 = CARTESIAN_POINT('',(3.302596729916,4.852540149093,16.));
#7278 = CARTESIAN_POINT('',(3.302596285855,4.820541471682,
    16.472906610974));
#7279 = CARTESIAN_POINT('',(2.972508145759,4.788565455819,16.94544159709
    ));
#7280 = CARTESIAN_POINT('',(2.311796450055,4.756470560935,
    17.158767511445));
#7281 = CARTESIAN_POINT('',(1.556725125135,4.724612445674,
    16.859825675329));
#7282 = CARTESIAN_POINT('',(1.157534949659,4.692540629045,
    16.000006684238));
#7283 = CARTESIAN_POINT('',(1.556774589864,4.660468811884,
    15.140164261352));
#7284 = CARTESIAN_POINT('',(2.311749003419,4.628610696971,
    14.841236283776));
#7285 = CARTESIAN_POINT('',(2.972524769857,4.59651580195,15.05455782506)
  );
#7286 = CARTESIAN_POINT('',(3.302596898812,4.56453978611,15.527093463892
    ));
#7287 = CARTESIAN_POINT('',(3.302596407729,4.532541108702,
    16.000000074866));
#7288 = CARTESIAN_POINT('',(3.297980253375,4.87,16.));
#7289 = CARTESIAN_POINT('',(3.297979944247,4.838001345422,
    16.470006649628));
#7290 = CARTESIAN_POINT('',(2.96991834785,4.806025743624,16.939635636833
    ));
#7291 = CARTESIAN_POINT('',(2.313253102703,4.773929210461,
    17.151674303798));
#7292 = CARTESIAN_POINT('',(1.562819633066,4.742073544742,
    16.854538409398));
#7293 = CARTESIAN_POINT('',(1.166083469565,4.71000048819,16.000004630877
    ));
#7294 = CARTESIAN_POINT('',(1.562854094766,4.67792743127,15.145454553467
    ));
#7295 = CARTESIAN_POINT('',(2.313220110349,4.646071765793,
    14.848328330567));
#7296 = CARTESIAN_POINT('',(2.969929950713,4.613975232534,
    15.060363974405));
#7297 = CARTESIAN_POINT('',(3.297980386052,4.581999630752,
    15.529993426531));
#7298 = CARTESIAN_POINT('',(3.297980029089,4.550000976176,
    16.000000076158));
#7299 = CARTESIAN_POINT('',(3.302596729916,4.887459850907,16.));
#7300 = CARTESIAN_POINT('',(3.302596555721,4.855461173497,
    16.472906672474));
#7301 = CARTESIAN_POINT('',(2.972513223593,4.823485157633,
    16.945441908582));
#7302 = CARTESIAN_POINT('',(2.31178196672,4.791390262742,17.158766501414
    ));
#7303 = CARTESIAN_POINT('',(1.55674000055,4.759532147534,16.859828815376
    ));
#7304 = CARTESIAN_POINT('',(1.157534768369,4.72746033077,16.000002579911
    ));
#7305 = CARTESIAN_POINT('',(1.556759456274,4.695388513797,
    15.140167177079));
#7306 = CARTESIAN_POINT('',(2.311763424664,4.663530398726,
    14.841234972916));
#7307 = CARTESIAN_POINT('',(2.972519801974,4.631435503782,
    15.054557890292));
#7308 = CARTESIAN_POINT('',(3.302596824748,4.599459487926,
    15.527093402393));
#7309 = CARTESIAN_POINT('',(3.302596603531,4.567460810516,
    16.000000074866));
#7310 = CARTESIAN_POINT('',(3.315369130164,4.901628643312,16.));
#7311 = CARTESIAN_POINT('',(3.315369065468,4.869629902729,
    16.480930102168));
#7312 = CARTESIAN_POINT('',(2.979687499209,4.837652741272,
    16.961505809329));
#7313 = CARTESIAN_POINT('',(2.307725935365,4.805562378991,
    17.178389463667));
#7314 = CARTESIAN_POINT('',(1.539904946232,4.773697486739,
    16.874462705711));
#7315 = CARTESIAN_POINT('',(1.133883263993,4.74162910022,16.000000917878
    ));
#7316 = CARTESIAN_POINT('',(1.539912221619,4.709560713624,
    15.125535748606));
#7317 = CARTESIAN_POINT('',(2.307719115931,4.677695821422,
    14.821611070089));
#7318 = CARTESIAN_POINT('',(2.979689997014,4.645605459122,
    15.038494140394));
#7319 = CARTESIAN_POINT('',(3.315369192698,4.613628297668,
    15.519069969122));
#7320 = CARTESIAN_POINT('',(3.315369083226,4.581629557086,16.00000007129
    ));
#7321 = CARTESIAN_POINT('',(3.333493649054,4.91,16.));
#7322 = CARTESIAN_POINT('',(3.333493649054,4.878001169772,
    16.492315631612));
#7323 = CARTESIAN_POINT('',(2.989866361178,4.846022382677,
    16.984300987207));
#7324 = CARTESIAN_POINT('',(2.301975140604,4.813938452343,
    17.206235528489));
#7325 = CARTESIAN_POINT('',(1.51601036875,4.782063943191,16.895227694214
    ));
#7326 = CARTESIAN_POINT('',(1.100320945917,4.750000424366,
    15.999999938643));
#7327 = CARTESIAN_POINT('',(1.516010444244,4.717936905541,
    15.104772218549));
#7328 = CARTESIAN_POINT('',(2.301975242688,4.686062396387,
    14.793764450487));
#7329 = CARTESIAN_POINT('',(2.989866444335,4.653978466054,15.01569904998
    ));
#7330 = CARTESIAN_POINT('',(3.333493690645,4.621999678959,
    15.507684434604));
#7331 = CARTESIAN_POINT('',(3.333493649056,4.590000848731,
    16.000000066216));
#7332 = ADVANCED_FACE('',(#7333),#7358,.T.);
#7333 = FACE_BOUND('',#7334,.T.);
#7334 = EDGE_LOOP('',(#7335,#7336,#7343,#7357));
#7335 = ORIENTED_EDGE('',*,*,#7240,.F.);
#7336 = ORIENTED_EDGE('',*,*,#7337,.T.);
#7337 = EDGE_CURVE('',#7229,#7338,#7340,.T.);
#7338 = VERTEX_POINT('',#7339);
#7339 = CARTESIAN_POINT('',(3.550000280361,5.010000035886,16.0000000028)
  );
#7340 = B_SPLINE_CURVE_WITH_KNOTS('',1,(#7341,#7342),.UNSPECIFIED.,.F.,
  .F.,(2,2),(0.,0.25),.PIECEWISE_BEZIER_KNOTS.);
#7341 = CARTESIAN_POINT('',(3.333493649054,4.91,16.));
#7342 = CARTESIAN_POINT('',(3.55,5.01,16.));
#7343 = ORIENTED_EDGE('',*,*,#7344,.T.);
#7344 = EDGE_CURVE('',#7338,#7082,#7345,.T.);
#7345 = B_SPLINE_CURVE_WITH_KNOTS('',10,(#7346,#7347,#7348,#7349,#7350,
    #7351,#7352,#7353,#7354,#7355,#7356),.UNSPECIFIED.,.F.,.F.,(11,11),(
    0.,6.295904828089),.PIECEWISE_BEZIER_KNOTS.);
#7346 = CARTESIAN_POINT('',(3.55,5.01,16.));
#7347 = CARTESIAN_POINT('',(3.55000077282,4.978000098921,16.628321417394
    ));
#7348 = CARTESIAN_POINT('',(3.111457906599,4.946001892771,17.25660067204
    ));
#7349 = CARTESIAN_POINT('',(2.233279050168,4.913994795238,17.53887055838
    ));
#7350 = CARTESIAN_POINT('',(1.230577811371,4.882005407442,
    17.143275761891));
#7351 = CARTESIAN_POINT('',(0.699402440984,4.850000035628,
    15.999988241194));
#7352 = CARTESIAN_POINT('',(1.23049188058,4.81799466474,14.85674157273)
  );
#7353 = CARTESIAN_POINT('',(2.23336183322,4.786005276336,14.461122793477
    ));
#7354 = CARTESIAN_POINT('',(3.111429145582,4.753998179044,
    14.743400409936));
#7355 = CARTESIAN_POINT('',(3.549999791419,4.721999972853,
    15.371678588205));
#7356 = CARTESIAN_POINT('',(3.550000560722,4.690000071771,
    16.000000005599));
#7357 = ORIENTED_EDGE('',*,*,#7081,.F.);
#7358 = B_SPLINE_SURFACE_WITH_KNOTS('',1,10,(
    (#7359,#7360,#7361,#7362,#7363,#7364,#7365,#7366,#7367,#7368,#7369)
    ,(#7370,#7371,#7372,#7373,#7374,#7375,#7376,#7377,#7378,#7379,#7380
    )),.UNSPECIFIED.,.F.,.F.,.F.,(2,2),(11,11),(0.,0.25),(0.,
    6.295904828089),.PIECEWISE_BEZIER_KNOTS.);
#7359 = CARTESIAN_POINT('',(3.333493649054,4.91,16.));
#7360 = CARTESIAN_POINT('',(3.333493649054,4.878001169772,
    16.492315631612));
#7361 = CARTESIAN_POINT('',(2.989866361178,4.846022382677,
    16.984300987207));
#7362 = CARTESIAN_POINT('',(2.301975140604,4.813938452343,
    17.206235528488));
#7363 = CARTESIAN_POINT('',(1.51601036875,4.782063943191,16.895227694214
    ));
#7364 = CARTESIAN_POINT('',(1.100320945918,4.750000424366,
    15.999999938643));
#7365 = CARTESIAN_POINT('',(1.516010444244,4.717936905541,
    15.104772218549));
#7366 = CARTESIAN_POINT('',(2.301975242688,4.686062396387,
    14.793764450487));
#7367 = CARTESIAN_POINT('',(2.989866444335,4.653978466054,
    15.015699049979));
#7368 = CARTESIAN_POINT('',(3.333493690645,4.621999678959,
    15.507684434604));
#7369 = CARTESIAN_POINT('',(3.333493649056,4.590000848731,
    16.000000066216));
#7370 = CARTESIAN_POINT('',(3.55,5.01,16.));
#7371 = CARTESIAN_POINT('',(3.55000077282,4.978000098921,16.628321417394
    ));
#7372 = CARTESIAN_POINT('',(3.111457906599,4.946001892771,17.25660067204
    ));
#7373 = CARTESIAN_POINT('',(2.233279050168,4.913994795238,17.53887055838
    ));
#7374 = CARTESIAN_POINT('',(1.230577811371,4.882005407442,
    17.143275761891));
#7375 = CARTESIAN_POINT('',(0.699402440984,4.850000035628,
    15.999988241194));
#7376 = CARTESIAN_POINT('',(1.23049188058,4.81799466474,14.85674157273)
  );
#7377 = CARTESIAN_POINT('',(2.23336183322,4.786005276336,14.461122793477
    ));
#7378 = CARTESIAN_POINT('',(3.111429145582,4.753998179044,
    14.743400409936));
#7379 = CARTESIAN_POINT('',(3.549999791419,4.721999972853,
    15.371678588205));
#7380 = CARTESIAN_POINT('',(3.550000560722,4.690000071771,
    16.000000005599));
#7381 = ADVANCED_FACE('',(#7382),#7407,.T.);
#7382 = FACE_BOUND('',#7383,.T.);
#7383 = EDGE_LOOP('',(#7384,#7385,#7392,#7406));
#7384 = ORIENTED_EDGE('',*,*,#7344,.F.);
#7385 = ORIENTED_EDGE('',*,*,#7386,.T.);
#7386 = EDGE_CURVE('',#7338,#7387,#7389,.T.);
#7387 = VERTEX_POINT('',#7388);
#7388 = CARTESIAN_POINT('',(3.549999593477,5.050000044858,16.0000000035)
  );
#7389 = B_SPLINE_CURVE_WITH_KNOTS('',1,(#7390,#7391),.UNSPECIFIED.,.F.,
  .F.,(2,2),(0.,5.E-02),.PIECEWISE_BEZIER_KNOTS.);
#7390 = CARTESIAN_POINT('',(3.550000560722,5.010000071771,
    16.000000005599));
#7391 = CARTESIAN_POINT('',(3.550000785011,5.050000071771,
    16.000000005599));
#7392 = ORIENTED_EDGE('',*,*,#7393,.T.);
#7393 = EDGE_CURVE('',#7387,#7131,#7394,.T.);
#7394 = B_SPLINE_CURVE_WITH_KNOTS('',10,(#7395,#7396,#7397,#7398,#7399,
    #7400,#7401,#7402,#7403,#7404,#7405),.UNSPECIFIED.,.F.,.F.,(11,11),(
    0.,6.295904828089),.PIECEWISE_BEZIER_KNOTS.);
#7395 = CARTESIAN_POINT('',(3.55,5.05,16.));
#7396 = CARTESIAN_POINT('',(3.550001081948,5.018000098921,
    16.628321487841));
#7397 = CARTESIAN_POINT('',(3.111463723182,4.98600189277,17.25660102885)
  );
#7398 = CARTESIAN_POINT('',(2.233262459723,4.953994795229,
    17.538869401405));
#7399 = CARTESIAN_POINT('',(1.230594850938,4.922005407494,
    17.143279358767));
#7400 = CARTESIAN_POINT('',(0.699402233319,4.890000035525,
    15.999983539747));
#7401 = CARTESIAN_POINT('',(1.230474545277,4.857994664852,
    14.856744912652));
#7402 = CARTESIAN_POINT('',(2.233378352543,4.826005276267,
    14.461121291906));
#7403 = CARTESIAN_POINT('',(3.111423454945,4.793998179063,
    14.743400484659));
#7404 = CARTESIAN_POINT('',(3.54999970658,4.761999972854,15.371678517758
    ));
#7405 = CARTESIAN_POINT('',(3.550000785011,4.730000071771,
    16.000000005599));
#7406 = ORIENTED_EDGE('',*,*,#7130,.F.);
#7407 = B_SPLINE_SURFACE_WITH_KNOTS('',1,10,(
    (#7408,#7409,#7410,#7411,#7412,#7413,#7414,#7415,#7416,#7417,#7418)
    ,(#7419,#7420,#7421,#7422,#7423,#7424,#7425,#7426,#7427,#7428,#7429
    )),.UNSPECIFIED.,.F.,.F.,.F.,(2,2),(11,11),(0.,5.E-02),(0.,
    6.295904828089),.PIECEWISE_BEZIER_KNOTS.);
#7408 = CARTESIAN_POINT('',(3.55,5.01,16.));
#7409 = CARTESIAN_POINT('',(3.55000077282,4.978000098921,16.628321417394
    ));
#7410 = CARTESIAN_POINT('',(3.111457906599,4.946001892771,17.25660067204
    ));
#7411 = CARTESIAN_POINT('',(2.233279050168,4.913994795238,17.53887055838
    ));
#7412 = CARTESIAN_POINT('',(1.230577811371,4.882005407442,
    17.143275761891));
#7413 = CARTESIAN_POINT('',(0.699402440984,4.850000035628,
    15.999988241194));
#7414 = CARTESIAN_POINT('',(1.23049188058,4.81799466474,14.85674157273)
  );
#7415 = CARTESIAN_POINT('',(2.23336183322,4.786005276336,14.461122793477
    ));
#7416 = CARTESIAN_POINT('',(3.111429145582,4.753998179044,
    14.743400409936));
#7417 = CARTESIAN_POINT('',(3.549999791419,4.721999972853,
    15.371678588205));
#7418 = CARTESIAN_POINT('',(3.550000560722,4.690000071771,
    16.000000005599));
#7419 = CARTESIAN_POINT('',(3.55,5.05,16.));
#7420 = CARTESIAN_POINT('',(3.550001081948,5.018000098921,
    16.628321487841));
#7421 = CARTESIAN_POINT('',(3.111463723182,4.98600189277,17.25660102885)
  );
#7422 = CARTESIAN_POINT('',(2.233262459723,4.953994795229,
    17.538869401405));
#7423 = CARTESIAN_POINT('',(1.230594850938,4.922005407494,
    17.143279358767));
#7424 = CARTESIAN_POINT('',(0.699402233319,4.890000035525,
    15.999983539747));
#7425 = CARTESIAN_POINT('',(1.230474545277,4.857994664852,
    14.856744912652));
#7426 = CARTESIAN_POINT('',(2.233378352543,4.826005276267,
    14.461121291906));
#7427 = CARTESIAN_POINT('',(3.111423454945,4.793998179063,
    14.743400484659));
#7428 = CARTESIAN_POINT('',(3.54999970658,4.761999972854,15.371678517758
    ));
#7429 = CARTESIAN_POINT('',(3.550000785011,4.730000071771,
    16.000000005599));
#7430 = ADVANCED_FACE('',(#7431),#7456,.T.);
#7431 = FACE_BOUND('',#7432,.T.);
#7432 = EDGE_LOOP('',(#7433,#7434,#7441,#7455));
#7433 = ORIENTED_EDGE('',*,*,#7393,.F.);
#7434 = ORIENTED_EDGE('',*,*,#7435,.T.);
#7435 = EDGE_CURVE('',#7387,#7436,#7438,.T.);
#7436 = VERTEX_POINT('',#7437);
#7437 = CARTESIAN_POINT('',(3.333493424766,5.150000424366,
    16.000000033108));
#7438 = B_SPLINE_CURVE_WITH_KNOTS('',1,(#7439,#7440),.UNSPECIFIED.,.F.,
  .F.,(2,2),(0.,0.25),.PIECEWISE_BEZIER_KNOTS.);
#7439 = CARTESIAN_POINT('',(3.55,5.05,16.));
#7440 = CARTESIAN_POINT('',(3.333493649054,5.15,16.));
#7441 = ORIENTED_EDGE('',*,*,#7442,.T.);
#7442 = EDGE_CURVE('',#7436,#7180,#7443,.T.);
#7443 = B_SPLINE_CURVE_WITH_KNOTS('',10,(#7444,#7445,#7446,#7447,#7448,
    #7449,#7450,#7451,#7452,#7453,#7454),.UNSPECIFIED.,.F.,.F.,(11,11),(
    0.,6.295904828089),.PIECEWISE_BEZIER_KNOTS.);
#7444 = CARTESIAN_POINT('',(3.333493649054,5.15,16.));
#7445 = CARTESIAN_POINT('',(3.333493030798,5.118001169772,
    16.492315490718));
#7446 = CARTESIAN_POINT('',(2.989854728012,5.086022382681,
    16.984300273588));
#7447 = CARTESIAN_POINT('',(2.302008321494,5.053938452364,
    17.206237842439));
#7448 = CARTESIAN_POINT('',(1.515976289616,5.022063943087,
    16.895220500461));
#7449 = CARTESIAN_POINT('',(1.100321361247,4.990000424572,
    16.000009341537));
#7450 = CARTESIAN_POINT('',(1.51604511485,4.957936905316,15.104765538705
    ));
#7451 = CARTESIAN_POINT('',(2.301942204044,4.926062396525,
    14.793767453628));
#7452 = CARTESIAN_POINT('',(2.989877825607,4.893978466016,
    15.015698900533));
#7453 = CARTESIAN_POINT('',(3.333493860324,4.861999678958,
    15.507684575498));
#7454 = CARTESIAN_POINT('',(3.333493200479,4.830000848732,
    16.000000066216));
#7455 = ORIENTED_EDGE('',*,*,#7179,.F.);
#7456 = B_SPLINE_SURFACE_WITH_KNOTS('',1,10,(
    (#7457,#7458,#7459,#7460,#7461,#7462,#7463,#7464,#7465,#7466,#7467)
    ,(#7468,#7469,#7470,#7471,#7472,#7473,#7474,#7475,#7476,#7477,#7478
    )),.UNSPECIFIED.,.F.,.F.,.F.,(2,2),(11,11),(0.,0.25),(0.,
    6.295904828089),.PIECEWISE_BEZIER_KNOTS.);
#7457 = CARTESIAN_POINT('',(3.55,5.05,16.));
#7458 = CARTESIAN_POINT('',(3.549998608924,5.018000098921,
    16.628320924264));
#7459 = CARTESIAN_POINT('',(3.111417190516,4.986001892784,
    17.256598174373));
#7460 = CARTESIAN_POINT('',(2.233395183283,4.95399479531,17.53887865721)
  );
#7461 = CARTESIAN_POINT('',(1.230458534405,4.922005407079,
    17.143250583753));
#7462 = CARTESIAN_POINT('',(0.699403894636,4.89000003635,16.000021151322
    ));
#7463 = CARTESIAN_POINT('',(1.230613227701,4.857994663955,
    14.856718193276));
#7464 = CARTESIAN_POINT('',(2.233246197964,4.826005276818,
    14.461133304468));
#7465 = CARTESIAN_POINT('',(3.111468980035,4.79399817891,14.743399886875
    ));
#7466 = CARTESIAN_POINT('',(3.550000385294,4.761999972848,
    15.371679081335));
#7467 = CARTESIAN_POINT('',(3.549998990701,4.730000071774,16.0000000056)
  );
#7468 = CARTESIAN_POINT('',(3.333493649054,5.15,16.));
#7469 = CARTESIAN_POINT('',(3.333493030798,5.118001169772,
    16.492315490718));
#7470 = CARTESIAN_POINT('',(2.989854728012,5.086022382681,
    16.984300273588));
#7471 = CARTESIAN_POINT('',(2.302008321494,5.053938452364,
    17.206237842439));
#7472 = CARTESIAN_POINT('',(1.515976289616,5.022063943087,
    16.895220500461));
#7473 = CARTESIAN_POINT('',(1.100321361247,4.990000424572,
    16.000009341537));
#7474 = CARTESIAN_POINT('',(1.51604511485,4.957936905316,15.104765538705
    ));
#7475 = CARTESIAN_POINT('',(2.301942204044,4.926062396525,
    14.793767453628));
#7476 = CARTESIAN_POINT('',(2.989877825607,4.893978466016,
    15.015698900533));
#7477 = CARTESIAN_POINT('',(3.333493860324,4.861999678958,
    15.507684575498));
#7478 = CARTESIAN_POINT('',(3.333493200479,4.830000848732,
    16.000000066216));
#7479 = ADVANCED_FACE('',(#7480),#7510,.T.);
#7480 = FACE_BOUND('',#7481,.T.);
#7481 = EDGE_LOOP('',(#7482,#7483,#7495,#7509));
#7482 = ORIENTED_EDGE('',*,*,#7442,.F.);
#7483 = ORIENTED_EDGE('',*,*,#7484,.T.);
#7484 = EDGE_CURVE('',#7436,#7485,#7487,.T.);
#7485 = VERTEX_POINT('',#7486);
#7486 = CARTESIAN_POINT('',(3.333493649055,5.230000424366,
    16.000000033108));
#7487 = ( BOUNDED_CURVE() B_SPLINE_CURVE(6,(#7488,#7489,#7490,#7491,
#7492,#7493,#7494),.UNSPECIFIED.,.F.,.F.) B_SPLINE_CURVE_WITH_KNOTS((7,7
),(0.,2.094395102393),.PIECEWISE_BEZIER_KNOTS.) CURVE() 
GEOMETRIC_REPRESENTATION_ITEM() RATIONAL_B_SPLINE_CURVE((1.056590953773,
    1.017435169568,0.996326512422,0.989390034249,0.996326512422,
1.017435169568,1.056590953773)) REPRESENTATION_ITEM('') );
#7488 = CARTESIAN_POINT('',(3.333493649054,5.15,16.));
#7489 = CARTESIAN_POINT('',(3.315369130164,5.158371356688,16.));
#7490 = CARTESIAN_POINT('',(3.302596729916,5.172540149093,16.));
#7491 = CARTESIAN_POINT('',(3.297980253375,5.19,16.));
#7492 = CARTESIAN_POINT('',(3.302596729916,5.207459850907,16.));
#7493 = CARTESIAN_POINT('',(3.315369130164,5.221628643312,16.));
#7494 = CARTESIAN_POINT('',(3.333493649054,5.23,16.));
#7495 = ORIENTED_EDGE('',*,*,#7496,.T.);
#7496 = EDGE_CURVE('',#7485,#7229,#7497,.T.);
#7497 = ( BOUNDED_CURVE() B_SPLINE_CURVE(10,(#7498,#7499,#7500,#7501,
    #7502,#7503,#7504,#7505,#7506,#7507,#7508),.UNSPECIFIED.,.F.,.F.) 
B_SPLINE_CURVE_WITH_KNOTS((11,11),(0.,6.295904828089),
.PIECEWISE_BEZIER_KNOTS.) CURVE() GEOMETRIC_REPRESENTATION_ITEM() 
RATIONAL_B_SPLINE_CURVE((1.056590953773,1.056590953773,1.056590953773,
    1.056590953773,1.056590953774,1.056590953773,1.056590953774,
    1.056590953773,1.056590953773,1.056590953773,1.056590953773)) 
REPRESENTATION_ITEM('') );
#7498 = CARTESIAN_POINT('',(3.333493649054,5.23,16.));
#7499 = CARTESIAN_POINT('',(3.333493649054,5.198001169772,
    16.492315631612));
#7500 = CARTESIAN_POINT('',(2.989866361178,5.166022382677,
    16.984300987207));
#7501 = CARTESIAN_POINT('',(2.301975140604,5.133938452343,
    17.206235528489));
#7502 = CARTESIAN_POINT('',(1.51601036875,5.102063943191,16.895227694214
    ));
#7503 = CARTESIAN_POINT('',(1.100320945917,5.070000424366,
    15.999999938643));
#7504 = CARTESIAN_POINT('',(1.516010444244,5.037936905541,
    15.104772218549));
#7505 = CARTESIAN_POINT('',(2.301975242688,5.006062396387,
    14.793764450487));
#7506 = CARTESIAN_POINT('',(2.989866444335,4.973978466054,15.01569904998
    ));
#7507 = CARTESIAN_POINT('',(3.333493690645,4.941999678959,
    15.507684434604));
#7508 = CARTESIAN_POINT('',(3.333493649056,4.910000848731,
    16.000000066216));
#7509 = ORIENTED_EDGE('',*,*,#7228,.F.);
#7510 = ( BOUNDED_SURFACE() B_SPLINE_SURFACE(6,10,(
    (#7511,#7512,#7513,#7514,#7515,#7516,#7517,#7518,#7519,#7520,#7521)
    ,(#7522,#7523,#7524,#7525,#7526,#7527,#7528,#7529,#7530,#7531,#7532)
    ,(#7533,#7534,#7535,#7536,#7537,#7538,#7539,#7540,#7541,#7542,#7543)
    ,(#7544,#7545,#7546,#7547,#7548,#7549,#7550,#7551,#7552,#7553,#7554)
    ,(#7555,#7556,#7557,#7558,#7559,#7560,#7561,#7562,#7563,#7564,#7565)
    ,(#7566,#7567,#7568,#7569,#7570,#7571,#7572,#7573,#7574,#7575,#7576)
    ,(#7577,#7578,#7579,#7580,#7581,#7582,#7583,#7584,#7585,#7586,#7587
)),.UNSPECIFIED.,.F.,.F.,.F.) B_SPLINE_SURFACE_WITH_KNOTS((7,7),(11,11),
  (0.,2.094395102393),(0.,6.295904828089),.PIECEWISE_BEZIER_KNOTS.) 
GEOMETRIC_REPRESENTATION_ITEM() RATIONAL_B_SPLINE_SURFACE((
    (1.056590953773,1.056590953773,1.056590953773,1.056590953773
      ,1.056590953774,1.056590953773,1.056590953774,1.056590953773
      ,1.056590953773,1.056590953773,1.056590953773)
    ,(1.017435169568,1.017435169568,1.017435169568,1.017435169568
      ,1.017435169569,1.017435169568,1.017435169569,1.017435169568
      ,1.017435169568,1.017435169568,1.017435169568)
    ,(0.996326512422,0.996326512422,0.996326512422,0.996326512422
      ,0.996326512423,0.996326512422,0.996326512423,0.996326512422
      ,0.996326512422,0.996326512422,0.996326512422)
    ,(0.989390034249,0.989390034249,0.989390034249,0.989390034248
      ,0.989390034249,0.989390034248,0.989390034249,0.989390034248
      ,0.989390034249,0.989390034249,0.989390034249)
    ,(0.996326512422,0.996326512422,0.996326512422,0.996326512422
      ,0.996326512423,0.996326512422,0.996326512423,0.996326512422
      ,0.996326512422,0.996326512422,0.996326512422)
    ,(1.017435169568,1.017435169568,1.017435169568,1.017435169568
      ,1.017435169569,1.017435169568,1.017435169568,1.017435169568
      ,1.017435169568,1.017435169568,1.017435169568)
    ,(1.056590953773,1.056590953773,1.056590953773,1.056590953773
      ,1.056590953774,1.056590953773,1.056590953774,1.056590953773
      ,1.056590953773,1.056590953773,1.056590953773
))) REPRESENTATION_ITEM('') SURFACE() );
#7511 = CARTESIAN_POINT('',(3.333493649054,5.15,16.));
#7512 = CARTESIAN_POINT('',(3.333493030798,5.118001169772,
    16.492315490718));
#7513 = CARTESIAN_POINT('',(2.989854728012,5.086022382681,
    16.984300273588));
#7514 = CARTESIAN_POINT('',(2.302008321493,5.053938452364,17.20623784244
    ));
#7515 = CARTESIAN_POINT('',(1.515976289617,5.022063943087,
    16.895220500461));
#7516 = CARTESIAN_POINT('',(1.100321361246,4.990000424572,
    16.000009341537));
#7517 = CARTESIAN_POINT('',(1.516045114851,4.957936905316,
    15.104765538705));
#7518 = CARTESIAN_POINT('',(2.301942204043,4.926062396525,
    14.793767453628));
#7519 = CARTESIAN_POINT('',(2.989877825607,4.893978466016,
    15.015698900534));
#7520 = CARTESIAN_POINT('',(3.333493860324,4.861999678958,
    15.507684575498));
#7521 = CARTESIAN_POINT('',(3.333493200479,4.830000848732,
    16.000000066216));
#7522 = CARTESIAN_POINT('',(3.315369130164,5.158371356688,16.));
#7523 = CARTESIAN_POINT('',(3.315368576603,5.126372616105,
    16.480929990761));
#7524 = CARTESIAN_POINT('',(2.979678300677,5.094395454651,
    16.961505245059));
#7525 = CARTESIAN_POINT('',(2.307752172028,5.062305092383,
    17.178391293345));
#7526 = CARTESIAN_POINT('',(1.539877999314,5.030440200034,
    16.874457017495));
#7527 = CARTESIAN_POINT('',(1.133883592401,4.998371813759,
    16.000008352897));
#7528 = CARTESIAN_POINT('',(1.539939636225,4.966303426822,
    15.125530466747));
#7529 = CARTESIAN_POINT('',(2.307692991743,4.934438534907,14.82161344472
    ));
#7530 = CARTESIAN_POINT('',(2.979698996369,4.902348172468,
    15.038494022225));
#7531 = CARTESIAN_POINT('',(3.315369326866,4.870371011043,
    15.519070080529));
#7532 = CARTESIAN_POINT('',(3.315368728529,4.838372270462,16.00000007129
    ));
#7533 = CARTESIAN_POINT('',(3.302596729916,5.172540149093,16.));
#7534 = CARTESIAN_POINT('',(3.302596285855,5.140541471682,
    16.472906610974));
#7535 = CARTESIAN_POINT('',(2.972508145759,5.108565455819,16.94544159709
    ));
#7536 = CARTESIAN_POINT('',(2.311796450055,5.076470560935,
    17.158767511445));
#7537 = CARTESIAN_POINT('',(1.556725125135,5.044612445674,
    16.859825675329));
#7538 = CARTESIAN_POINT('',(1.157534949659,5.012540629045,
    16.000006684238));
#7539 = CARTESIAN_POINT('',(1.556774589864,4.980468811884,
    15.140164261352));
#7540 = CARTESIAN_POINT('',(2.311749003419,4.948610696971,
    14.841236283776));
#7541 = CARTESIAN_POINT('',(2.972524769857,4.91651580195,15.05455782506)
  );
#7542 = CARTESIAN_POINT('',(3.302596898812,4.88453978611,15.527093463892
    ));
#7543 = CARTESIAN_POINT('',(3.302596407729,4.852541108702,
    16.000000074866));
#7544 = CARTESIAN_POINT('',(3.297980253375,5.19,16.));
#7545 = CARTESIAN_POINT('',(3.297979944247,5.158001345422,
    16.470006649628));
#7546 = CARTESIAN_POINT('',(2.96991834785,5.126025743624,16.939635636833
    ));
#7547 = CARTESIAN_POINT('',(2.313253102703,5.093929210461,
    17.151674303798));
#7548 = CARTESIAN_POINT('',(1.562819633066,5.062073544742,
    16.854538409398));
#7549 = CARTESIAN_POINT('',(1.166083469565,5.03000048819,16.000004630877
    ));
#7550 = CARTESIAN_POINT('',(1.562854094766,4.99792743127,15.145454553467
    ));
#7551 = CARTESIAN_POINT('',(2.313220110349,4.966071765793,
    14.848328330567));
#7552 = CARTESIAN_POINT('',(2.969929950713,4.933975232534,
    15.060363974405));
#7553 = CARTESIAN_POINT('',(3.297980386052,4.901999630752,
    15.529993426531));
#7554 = CARTESIAN_POINT('',(3.297980029089,4.870000976176,
    16.000000076158));
#7555 = CARTESIAN_POINT('',(3.302596729916,5.207459850907,16.));
#7556 = CARTESIAN_POINT('',(3.302596555721,5.175461173497,
    16.472906672474));
#7557 = CARTESIAN_POINT('',(2.972513223593,5.143485157633,
    16.945441908582));
#7558 = CARTESIAN_POINT('',(2.31178196672,5.111390262742,17.158766501414
    ));
#7559 = CARTESIAN_POINT('',(1.55674000055,5.079532147534,16.859828815376
    ));
#7560 = CARTESIAN_POINT('',(1.157534768369,5.04746033077,16.000002579911
    ));
#7561 = CARTESIAN_POINT('',(1.556759456274,5.015388513797,
    15.140167177079));
#7562 = CARTESIAN_POINT('',(2.311763424664,4.983530398726,
    14.841234972916));
#7563 = CARTESIAN_POINT('',(2.972519801974,4.951435503782,
    15.054557890292));
#7564 = CARTESIAN_POINT('',(3.302596824748,4.919459487926,
    15.527093402393));
#7565 = CARTESIAN_POINT('',(3.302596603531,4.887460810516,
    16.000000074866));
#7566 = CARTESIAN_POINT('',(3.315369130164,5.221628643312,16.));
#7567 = CARTESIAN_POINT('',(3.315369065468,5.189629902729,
    16.480930102168));
#7568 = CARTESIAN_POINT('',(2.979687499209,5.157652741272,
    16.961505809329));
#7569 = CARTESIAN_POINT('',(2.307725935365,5.125562378991,
    17.178389463667));
#7570 = CARTESIAN_POINT('',(1.539904946232,5.093697486739,
    16.874462705711));
#7571 = CARTESIAN_POINT('',(1.133883263993,5.06162910022,16.000000917878
    ));
#7572 = CARTESIAN_POINT('',(1.539912221619,5.029560713624,
    15.125535748606));
#7573 = CARTESIAN_POINT('',(2.307719115931,4.997695821422,
    14.821611070089));
#7574 = CARTESIAN_POINT('',(2.979689997014,4.965605459122,
    15.038494140394));
#7575 = CARTESIAN_POINT('',(3.315369192698,4.933628297668,
    15.519069969122));
#7576 = CARTESIAN_POINT('',(3.315369083226,4.901629557086,16.00000007129
    ));
#7577 = CARTESIAN_POINT('',(3.333493649054,5.23,16.));
#7578 = CARTESIAN_POINT('',(3.333493649054,5.198001169772,
    16.492315631612));
#7579 = CARTESIAN_POINT('',(2.989866361178,5.166022382677,
    16.984300987207));
#7580 = CARTESIAN_POINT('',(2.301975140604,5.133938452343,
    17.206235528489));
#7581 = CARTESIAN_POINT('',(1.51601036875,5.102063943191,16.895227694214
    ));
#7582 = CARTESIAN_POINT('',(1.100320945917,5.070000424366,
    15.999999938643));
#7583 = CARTESIAN_POINT('',(1.516010444244,5.037936905541,
    15.104772218549));
#7584 = CARTESIAN_POINT('',(2.301975242688,5.006062396387,
    14.793764450487));
#7585 = CARTESIAN_POINT('',(2.989866444335,4.973978466054,15.01569904998
    ));
#7586 = CARTESIAN_POINT('',(3.333493690645,4.941999678959,
    15.507684434604));
#7587 = CARTESIAN_POINT('',(3.333493649056,4.910000848731,
    16.000000066216));
#7588 = ADVANCED_FACE('',(#7589),#7614,.T.);
#7589 = FACE_BOUND('',#7590,.T.);
#7590 = EDGE_LOOP('',(#7591,#7592,#7599,#7613));
#7591 = ORIENTED_EDGE('',*,*,#7496,.F.);
#7592 = ORIENTED_EDGE('',*,*,#7593,.T.);
#7593 = EDGE_CURVE('',#7485,#7594,#7596,.T.);
#7594 = VERTEX_POINT('',#7595);
#7595 = CARTESIAN_POINT('',(3.550000280361,5.330000035886,16.0000000028)
  );
#7596 = B_SPLINE_CURVE_WITH_KNOTS('',1,(#7597,#7598),.UNSPECIFIED.,.F.,
  .F.,(2,2),(0.,0.25),.PIECEWISE_BEZIER_KNOTS.);
#7597 = CARTESIAN_POINT('',(3.333493649054,5.23,16.));
#7598 = CARTESIAN_POINT('',(3.55,5.33,16.));
#7599 = ORIENTED_EDGE('',*,*,#7600,.T.);
#7600 = EDGE_CURVE('',#7594,#7338,#7601,.T.);
#7601 = B_SPLINE_CURVE_WITH_KNOTS('',10,(#7602,#7603,#7604,#7605,#7606,
    #7607,#7608,#7609,#7610,#7611,#7612),.UNSPECIFIED.,.F.,.F.,(11,11),(
    0.,6.295904828089),.PIECEWISE_BEZIER_KNOTS.);
#7602 = CARTESIAN_POINT('',(3.55,5.33,16.));
#7603 = CARTESIAN_POINT('',(3.55000077282,5.298000098921,16.628321417394
    ));
#7604 = CARTESIAN_POINT('',(3.111457906599,5.266001892771,17.25660067204
    ));
#7605 = CARTESIAN_POINT('',(2.233279050168,5.233994795238,17.53887055838
    ));
#7606 = CARTESIAN_POINT('',(1.230577811371,5.202005407442,
    17.143275761891));
#7607 = CARTESIAN_POINT('',(0.699402440984,5.170000035628,
    15.999988241194));
#7608 = CARTESIAN_POINT('',(1.23049188058,5.13799466474,14.85674157273)
  );
#7609 = CARTESIAN_POINT('',(2.23336183322,5.106005276336,14.461122793477
    ));
#7610 = CARTESIAN_POINT('',(3.111429145582,5.073998179044,
    14.743400409936));
#7611 = CARTESIAN_POINT('',(3.549999791419,5.041999972853,
    15.371678588205));
#7612 = CARTESIAN_POINT('',(3.550000560722,5.010000071771,
    16.000000005599));
#7613 = ORIENTED_EDGE('',*,*,#7337,.F.);
#7614 = B_SPLINE_SURFACE_WITH_KNOTS('',1,10,(
    (#7615,#7616,#7617,#7618,#7619,#7620,#7621,#7622,#7623,#7624,#7625)
    ,(#7626,#7627,#7628,#7629,#7630,#7631,#7632,#7633,#7634,#7635,#7636
    )),.UNSPECIFIED.,.F.,.F.,.F.,(2,2),(11,11),(0.,0.25),(0.,
    6.295904828089),.PIECEWISE_BEZIER_KNOTS.);
#7615 = CARTESIAN_POINT('',(3.333493649054,5.23,16.));
#7616 = CARTESIAN_POINT('',(3.333493649054,5.198001169772,
    16.492315631612));
#7617 = CARTESIAN_POINT('',(2.989866361178,5.166022382677,
    16.984300987207));
#7618 = CARTESIAN_POINT('',(2.301975140604,5.133938452343,
    17.206235528488));
#7619 = CARTESIAN_POINT('',(1.51601036875,5.102063943191,16.895227694214
    ));
#7620 = CARTESIAN_POINT('',(1.100320945918,5.070000424366,
    15.999999938643));
#7621 = CARTESIAN_POINT('',(1.516010444244,5.037936905541,
    15.104772218549));
#7622 = CARTESIAN_POINT('',(2.301975242688,5.006062396387,
    14.793764450487));
#7623 = CARTESIAN_POINT('',(2.989866444335,4.973978466054,
    15.015699049979));
#7624 = CARTESIAN_POINT('',(3.333493690645,4.941999678959,
    15.507684434604));
#7625 = CARTESIAN_POINT('',(3.333493649056,4.910000848731,
    16.000000066216));
#7626 = CARTESIAN_POINT('',(3.55,5.33,16.));
#7627 = CARTESIAN_POINT('',(3.55000077282,5.298000098921,16.628321417394
    ));
#7628 = CARTESIAN_POINT('',(3.111457906599,5.266001892771,17.25660067204
    ));
#7629 = CARTESIAN_POINT('',(2.233279050168,5.233994795238,17.53887055838
    ));
#7630 = CARTESIAN_POINT('',(1.230577811371,5.202005407442,
    17.143275761891));
#7631 = CARTESIAN_POINT('',(0.699402440984,5.170000035628,
    15.999988241194));
#7632 = CARTESIAN_POINT('',(1.23049188058,5.13799466474,14.85674157273)
  );
#7633 = CARTESIAN_POINT('',(2.23336183322,5.106005276336,14.461122793477
    ));
#7634 = CARTESIAN_POINT('',(3.111429145582,5.073998179044,
    14.743400409936));
#7635 = CARTESIAN_POINT('',(3.549999791419,5.041999972853,
    15.371678588205));
#7636 = CARTESIAN_POINT('',(3.550000560722,5.010000071771,
    16.000000005599));
#7637 = ADVANCED_FACE('',(#7638),#7663,.T.);
#7638 = FACE_BOUND('',#7639,.T.);
#7639 = EDGE_LOOP('',(#7640,#7641,#7648,#7662));
#7640 = ORIENTED_EDGE('',*,*,#7600,.F.);
#7641 = ORIENTED_EDGE('',*,*,#7642,.T.);
#7642 = EDGE_CURVE('',#7594,#7643,#7645,.T.);
#7643 = VERTEX_POINT('',#7644);
#7644 = CARTESIAN_POINT('',(3.55000007009,5.370000026914,16.0000000021)
  );
#7645 = B_SPLINE_CURVE_WITH_KNOTS('',1,(#7646,#7647),.UNSPECIFIED.,.F.,
  .F.,(2,2),(0.,5.E-02),.PIECEWISE_BEZIER_KNOTS.);
#7646 = CARTESIAN_POINT('',(3.55,5.33,16.));
#7647 = CARTESIAN_POINT('',(3.55,5.37,16.));
#7648 = ORIENTED_EDGE('',*,*,#7649,.T.);
#7649 = EDGE_CURVE('',#7643,#7387,#7650,.T.);
#7650 = B_SPLINE_CURVE_WITH_KNOTS('',10,(#7651,#7652,#7653,#7654,#7655,
    #7656,#7657,#7658,#7659,#7660,#7661),.UNSPECIFIED.,.F.,.F.,(11,11),(
    0.,6.295904828089),.PIECEWISE_BEZIER_KNOTS.);
#7651 = CARTESIAN_POINT('',(3.55,5.37,16.));
#7652 = CARTESIAN_POINT('',(3.550001081948,5.338000098921,
    16.628321487841));
#7653 = CARTESIAN_POINT('',(3.111463723182,5.30600189277,17.25660102885)
  );
#7654 = CARTESIAN_POINT('',(2.233262459723,5.273994795229,
    17.538869401405));
#7655 = CARTESIAN_POINT('',(1.230594850938,5.242005407494,
    17.143279358767));
#7656 = CARTESIAN_POINT('',(0.699402233319,5.210000035525,
    15.999983539747));
#7657 = CARTESIAN_POINT('',(1.230474545277,5.177994664852,
    14.856744912652));
#7658 = CARTESIAN_POINT('',(2.233378352543,5.146005276267,
    14.461121291906));
#7659 = CARTESIAN_POINT('',(3.111423454945,5.113998179063,
    14.743400484659));
#7660 = CARTESIAN_POINT('',(3.54999970658,5.081999972854,15.371678517758
    ));
#7661 = CARTESIAN_POINT('',(3.550000785011,5.050000071771,
    16.000000005599));
#7662 = ORIENTED_EDGE('',*,*,#7386,.F.);
#7663 = B_SPLINE_SURFACE_WITH_KNOTS('',1,10,(
    (#7664,#7665,#7666,#7667,#7668,#7669,#7670,#7671,#7672,#7673,#7674)
    ,(#7675,#7676,#7677,#7678,#7679,#7680,#7681,#7682,#7683,#7684,#7685
    )),.UNSPECIFIED.,.F.,.F.,.F.,(2,2),(11,11),(0.,5.E-02),(0.,
    6.295904828089),.PIECEWISE_BEZIER_KNOTS.);
#7664 = CARTESIAN_POINT('',(3.55,5.33,16.));
#7665 = CARTESIAN_POINT('',(3.55000077282,5.298000098921,16.628321417394
    ));
#7666 = CARTESIAN_POINT('',(3.111457906599,5.266001892771,17.25660067204
    ));
#7667 = CARTESIAN_POINT('',(2.233279050168,5.233994795238,17.53887055838
    ));
#7668 = CARTESIAN_POINT('',(1.230577811371,5.202005407442,
    17.143275761891));
#7669 = CARTESIAN_POINT('',(0.699402440984,5.170000035628,
    15.999988241194));
#7670 = CARTESIAN_POINT('',(1.23049188058,5.13799466474,14.85674157273)
  );
#7671 = CARTESIAN_POINT('',(2.23336183322,5.106005276336,14.461122793477
    ));
#7672 = CARTESIAN_POINT('',(3.111429145582,5.073998179044,
    14.743400409936));
#7673 = CARTESIAN_POINT('',(3.549999791419,5.041999972853,
    15.371678588205));
#7674 = CARTESIAN_POINT('',(3.550000560722,5.010000071771,
    16.000000005599));
#7675 = CARTESIAN_POINT('',(3.55,5.37,16.));
#7676 = CARTESIAN_POINT('',(3.550001081948,5.338000098921,
    16.628321487841));
#7677 = CARTESIAN_POINT('',(3.111463723182,5.30600189277,17.25660102885)
  );
#7678 = CARTESIAN_POINT('',(2.233262459723,5.273994795229,
    17.538869401405));
#7679 = CARTESIAN_POINT('',(1.230594850938,5.242005407494,
    17.143279358767));
#7680 = CARTESIAN_POINT('',(0.699402233319,5.210000035525,
    15.999983539747));
#7681 = CARTESIAN_POINT('',(1.230474545277,5.177994664852,
    14.856744912652));
#7682 = CARTESIAN_POINT('',(2.233378352543,5.146005276267,
    14.461121291906));
#7683 = CARTESIAN_POINT('',(3.111423454945,5.113998179063,
    14.743400484659));
#7684 = CARTESIAN_POINT('',(3.54999970658,5.081999972854,15.371678517758
    ));
#7685 = CARTESIAN_POINT('',(3.550000785011,5.050000071771,
    16.000000005599));
#7686 = ADVANCED_FACE('',(#7687),#7702,.T.);
#7687 = FACE_BOUND('',#7688,.T.);
#7688 = EDGE_LOOP('',(#7689,#7690,#7691));
#7689 = ORIENTED_EDGE('',*,*,#4130,.F.);
#7690 = ORIENTED_EDGE('',*,*,#4621,.T.);
#7691 = ORIENTED_EDGE('',*,*,#7692,.T.);
#7692 = EDGE_CURVE('',#4606,#4131,#7693,.T.);
#7693 = B_SPLINE_CURVE_WITH_KNOTS('',7,(#7694,#7695,#7696,#7697,#7698,
    #7699,#7700,#7701),.UNSPECIFIED.,.F.,.F.,(8,8),(0.,3.163816028882),
  .PIECEWISE_BEZIER_KNOTS.);
#7694 = CARTESIAN_POINT('',(3.333493649054,1.31,16.));
#7695 = CARTESIAN_POINT('',(3.368550841699,1.286996753102,16.35142084888
    ));
#7696 = CARTESIAN_POINT('',(3.219683695208,1.264024933626,
    16.739974807207));
#7697 = CARTESIAN_POINT('',(2.85321123564,1.241061748459,17.050315892361
    ));
#7698 = CARTESIAN_POINT('',(2.317465151064,1.218035927587,
    17.125185328998));
#7699 = CARTESIAN_POINT('',(1.832232357862,1.195132632591,
    16.886967936802));
#7700 = CARTESIAN_POINT('',(1.555350097663,1.172141183284,
    16.460939537477));
#7701 = CARTESIAN_POINT('',(1.520899803958,1.149191027592,
    15.998536928388));
#7702 = B_SPLINE_SURFACE_WITH_KNOTS('',1,7,(
    (#7703,#7704,#7705,#7706,#7707,#7708,#7709,#7710)
    ,(#7711,#7712,#7713,#7714,#7715,#7716,#7717,#7718
  )),.UNSPECIFIED.,.F.,.F.,.F.,(2,2),(8,8),(0.,0.275),(0.,3.163816028882
    ),.PIECEWISE_BEZIER_KNOTS.);
#7703 = CARTESIAN_POINT('',(3.571650635095,1.2,16.));
#7704 = CARTESIAN_POINT('',(3.606780783451,1.177097843502,
    16.459463470011));
#7705 = CARTESIAN_POINT('',(3.400779796833,1.154195518234,
    16.955828857164));
#7706 = CARTESIAN_POINT('',(2.920278620279,1.131293166214,
    17.338568286234));
#7707 = CARTESIAN_POINT('',(2.241633686915,1.108391280712,
    17.411132171682));
#7708 = CARTESIAN_POINT('',(1.644783261209,1.085488557016,
    17.097375155092));
#7709 = CARTESIAN_POINT('',(1.313947327328,1.06258646485,16.562102508772
    ));
#7710 = CARTESIAN_POINT('',(1.282481435045,1.039684094549,
    15.991862854402));
#7711 = CARTESIAN_POINT('',(3.333493649054,1.31,16.));
#7712 = CARTESIAN_POINT('',(3.368550841699,1.286996753102,16.35142084888
    ));
#7713 = CARTESIAN_POINT('',(3.219683695208,1.264024933626,
    16.739974807207));
#7714 = CARTESIAN_POINT('',(2.85321123564,1.241061748459,17.050315892361
    ));
#7715 = CARTESIAN_POINT('',(2.317465151064,1.218035927587,
    17.125185328998));
#7716 = CARTESIAN_POINT('',(1.832232357862,1.195132632591,
    16.886967936802));
#7717 = CARTESIAN_POINT('',(1.555350097663,1.172141183284,
    16.460939537477));
#7718 = CARTESIAN_POINT('',(1.520899803958,1.149191027592,
    15.998536928388));
#7719 = ADVANCED_FACE('',(#7720),#7737,.T.);
#7720 = FACE_BOUND('',#7721,.T.);
#7721 = EDGE_LOOP('',(#7722,#7723,#7724,#7736));
#7722 = ORIENTED_EDGE('',*,*,#7692,.F.);
#7723 = ORIENTED_EDGE('',*,*,#4681,.T.);
#7724 = ORIENTED_EDGE('',*,*,#7725,.T.);
#7725 = EDGE_CURVE('',#4666,#4228,#7726,.T.);
#7726 = B_SPLINE_CURVE_WITH_KNOTS('',8,(#7727,#7728,#7729,#7730,#7731,
    #7732,#7733,#7734,#7735),.UNSPECIFIED.,.F.,.F.,(9,9),(0.,
    3.163816028882),.PIECEWISE_BEZIER_KNOTS.);
#7727 = CARTESIAN_POINT('',(3.333493649054,1.39,16.));
#7728 = CARTESIAN_POINT('',(3.364122266256,1.369872158965,
    16.307310155347));
#7729 = CARTESIAN_POINT('',(3.2569859793,1.34976756231,16.642442214086)
  );
#7730 = CARTESIAN_POINT('',(2.990486273897,1.32966352953,16.932399461266
    ));
#7731 = CARTESIAN_POINT('',(2.587104884208,1.309562783514,
    17.089324038882));
#7732 = CARTESIAN_POINT('',(2.135983702095,1.289436111234,
    17.034873075608));
#7733 = CARTESIAN_POINT('',(1.763976929731,1.269381199833,
    16.781028070483));
#7734 = CARTESIAN_POINT('',(1.551724389589,1.249267728852,
    16.404117015083));
#7735 = CARTESIAN_POINT('',(1.521129241796,1.229185163165,15.99972579819
    ));
#7736 = ORIENTED_EDGE('',*,*,#4227,.T.);
#7737 = ( BOUNDED_SURFACE() B_SPLINE_SURFACE(6,8,(
    (#7738,#7739,#7740,#7741,#7742,#7743,#7744,#7745,#7746)
    ,(#7747,#7748,#7749,#7750,#7751,#7752,#7753,#7754,#7755)
    ,(#7756,#7757,#7758,#7759,#7760,#7761,#7762,#7763,#7764)
    ,(#7765,#7766,#7767,#7768,#7769,#7770,#7771,#7772,#7773)
    ,(#7774,#7775,#7776,#7777,#7778,#7779,#7780,#7781,#7782)
    ,(#7783,#7784,#7785,#7786,#7787,#7788,#7789,#7790,#7791)
    ,(#7792,#7793,#7794,#7795,#7796,#7797,#7798,#7799,#7800
)),.UNSPECIFIED.,.F.,.F.,.F.) B_SPLINE_SURFACE_WITH_KNOTS((7,7),(9,9),(
    0.,2.094395102393),(0.,3.163816028882),.PIECEWISE_BEZIER_KNOTS.) 
GEOMETRIC_REPRESENTATION_ITEM() RATIONAL_B_SPLINE_SURFACE((
    (1.056590953773,1.056590953773,1.056590953773,1.056590953773
      ,1.056590953773,1.056590953773,1.056590953773,1.056590953773
      ,1.056590953773)
    ,(1.017435169568,1.017435169568,1.017435169568,1.017435169568
      ,1.017435169568,1.017435169568,1.017435169568,1.017435169568
      ,1.017435169568)
    ,(0.996326512422,0.996326512422,0.996326512422,0.996326512422
      ,0.996326512422,0.996326512422,0.996326512422,0.996326512422
      ,0.996326512422)
    ,(0.989390034249,0.989390034249,0.989390034249,0.989390034249
      ,0.989390034249,0.989390034249,0.989390034249,0.989390034249
      ,0.989390034249)
    ,(0.996326512422,0.996326512422,0.996326512422,0.996326512422
      ,0.996326512422,0.996326512422,0.996326512422,0.996326512422
      ,0.996326512422)
    ,(1.017435169568,1.017435169568,1.017435169568,1.017435169568
      ,1.017435169568,1.017435169568,1.017435169568,1.017435169568
      ,1.017435169568)
    ,(1.056590953773,1.056590953773,1.056590953773,1.056590953773
      ,1.056590953773,1.056590953773,1.056590953773,1.056590953773
,1.056590953773))) REPRESENTATION_ITEM('') SURFACE() );
#7738 = CARTESIAN_POINT('',(3.333493649054,1.31,16.));
#7739 = CARTESIAN_POINT('',(3.364168692618,1.289872158965,16.30749324277
    ));
#7740 = CARTESIAN_POINT('',(3.256900481831,1.269767888495,
    16.642836317625));
#7741 = CARTESIAN_POINT('',(2.990083440243,1.249664412662,
    16.932886002118));
#7742 = CARTESIAN_POINT('',(2.586352991497,1.229564436167,
    17.089674237304));
#7743 = CARTESIAN_POINT('',(2.134947885878,1.209438661729,
    17.034801823615));
#7744 = CARTESIAN_POINT('',(1.763011792812,1.189384770264,
    16.780460836971));
#7745 = CARTESIAN_POINT('',(1.55104381095,1.169272413823,16.403139211341
    ));
#7746 = CARTESIAN_POINT('',(1.520899803958,1.149191027592,
    15.998536928388));
#7747 = CARTESIAN_POINT('',(3.315369130164,1.318371356688,16.));
#7748 = CARTESIAN_POINT('',(3.346039315583,1.298236784009,
    16.300298648187));
#7749 = CARTESIAN_POINT('',(3.242031463648,1.278127585325,
    16.628460324323));
#7750 = CARTESIAN_POINT('',(2.981725816176,1.258019240132,16.91301558439
    ));
#7751 = CARTESIAN_POINT('',(2.586685282047,1.237914660566,
    17.067824351819));
#7752 = CARTESIAN_POINT('',(2.143904984651,1.217782304911,
    17.015196513919));
#7753 = CARTESIAN_POINT('',(1.778303789273,1.197727339858,
    16.766526625747));
#7754 = CARTESIAN_POINT('',(1.569386954221,1.177609428562,
    16.396466224795));
#7755 = CARTESIAN_POINT('',(1.539044214932,1.157524860286,
    15.999044847059));
#7756 = CARTESIAN_POINT('',(3.302596729916,1.332540149093,16.));
#7757 = CARTESIAN_POINT('',(3.333258692767,1.312400832605,
    16.295209671371));
#7758 = CARTESIAN_POINT('',(3.231562061787,1.292288127277,
    16.618288782907));
#7759 = CARTESIAN_POINT('',(2.975877814895,1.272176293062,
    16.898962551284));
#7760 = CARTESIAN_POINT('',(2.586997170107,1.252068390154,
    17.052390475631));
#7761 = CARTESIAN_POINT('',(2.150324148433,1.231931303889,
    17.001387961366));
#7762 = CARTESIAN_POINT('',(1.789179867548,1.211875476844,
    16.756765781315));
#7763 = CARTESIAN_POINT('',(1.582383770032,1.191753535819,
    16.391864826135));
#7764 = CARTESIAN_POINT('',(1.551854349815,1.171666603228,
    15.999525670389));
#7765 = CARTESIAN_POINT('',(3.297980253375,1.35,16.));
#7766 = CARTESIAN_POINT('',(3.328632083759,1.329858968902,
    16.293342065375));
#7767 = CARTESIAN_POINT('',(3.227791171178,1.309744945819,
    16.614551581025));
#7768 = CARTESIAN_POINT('',(2.973826234409,1.289631764626,16.89380816));
#7769 = CARTESIAN_POINT('',(2.587225866278,1.269522541838,
    17.046758018777));
#7770 = CARTESIAN_POINT('',(2.152804058444,1.249383607258,
    16.996407965724));
#7771 = CARTESIAN_POINT('',(1.793259790682,1.229327311346,
    16.753325292539));
#7772 = CARTESIAN_POINT('',(1.587186327546,1.20920374191,16.39035249918)
  );
#7773 = CARTESIAN_POINT('',(1.556519852166,1.189115772846,15.99988282319
    ));
#7774 = CARTESIAN_POINT('',(3.302596729916,1.367459850907,16.));
#7775 = CARTESIAN_POINT('',(3.333238427833,1.34732053442,16.295129754393
    ));
#7776 = CARTESIAN_POINT('',(3.231599381114,1.327207686714,
    16.618116758181));
#7777 = CARTESIAN_POINT('',(2.976053650283,1.307095609393,
    16.898750178016));
#7778 = CARTESIAN_POINT('',(2.587325368472,1.286987370592,
    17.052237615326));
#7779 = CARTESIAN_POINT('',(2.150776278351,1.266849892422,
    17.001419062595));
#7780 = CARTESIAN_POINT('',(1.789601146216,1.246793620179,
    16.757013376629));
#7781 = CARTESIAN_POINT('',(1.582680840072,1.226671192662,
    16.392291633824));
#7782 = CARTESIAN_POINT('',(1.551954498576,1.206583745242,
    16.000044607627));
#7783 = CARTESIAN_POINT('',(3.315369130164,1.381628643312,16.));
#7784 = CARTESIAN_POINT('',(3.346002605512,1.361494070633,
    16.300153878017));
#7785 = CARTESIAN_POINT('',(3.242099067871,1.34138461403,16.628148700315
    ));
#7786 = CARTESIAN_POINT('',(2.982044343226,1.32127582845,16.912630868713
    ));
#7787 = CARTESIAN_POINT('',(2.587279815706,1.301170640411,
    17.067547444295));
#7788 = CARTESIAN_POINT('',(2.144724021193,1.281037574818,
    17.015252854017));
#7789 = CARTESIAN_POINT('',(1.779066938557,1.260981803284,
    16.766975146408));
#7790 = CARTESIAN_POINT('',(1.569925098697,1.240863010704,16.39723938994
    ));
#7791 = CARTESIAN_POINT('',(1.53922563512,1.220777509813,15.999984905533
    ));
#7792 = CARTESIAN_POINT('',(3.333493649054,1.39,16.));
#7793 = CARTESIAN_POINT('',(3.364122266256,1.369872158965,
    16.307310155347));
#7794 = CARTESIAN_POINT('',(3.2569859793,1.34976756231,16.642442214086)
  );
#7795 = CARTESIAN_POINT('',(2.990486273897,1.32966352953,16.932399461266
    ));
#7796 = CARTESIAN_POINT('',(2.587104884208,1.309562783514,
    17.089324038882));
#7797 = CARTESIAN_POINT('',(2.135983702095,1.289436111234,
    17.034873075608));
#7798 = CARTESIAN_POINT('',(1.763976929731,1.269381199833,
    16.781028070483));
#7799 = CARTESIAN_POINT('',(1.551724389589,1.249267728852,
    16.404117015083));
#7800 = CARTESIAN_POINT('',(1.521129241796,1.229185163165,15.99972579819
    ));
#7801 = ADVANCED_FACE('',(#7802),#7807,.T.);
#7802 = FACE_BOUND('',#7803,.T.);
#7803 = EDGE_LOOP('',(#7804,#7805,#7806));
#7804 = ORIENTED_EDGE('',*,*,#7725,.F.);
#7805 = ORIENTED_EDGE('',*,*,#4794,.T.);
#7806 = ORIENTED_EDGE('',*,*,#4366,.T.);
#7807 = B_SPLINE_SURFACE_WITH_KNOTS('',1,7,(
    (#7808,#7809,#7810,#7811,#7812,#7813,#7814,#7815)
    ,(#7816,#7817,#7818,#7819,#7820,#7821,#7822,#7823
  )),.UNSPECIFIED.,.F.,.F.,.F.,(2,2),(8,8),(0.,0.275),(0.,3.163816028882
    ),.PIECEWISE_BEZIER_KNOTS.);
#7808 = CARTESIAN_POINT('',(3.333493649054,1.39,16.));
#7809 = CARTESIAN_POINT('',(3.368497783,1.366996753102,16.351211606111)
  );
#7810 = CARTESIAN_POINT('',(3.219815378067,1.344024498714,16.73951908341
    ));
#7811 = CARTESIAN_POINT('',(2.853754373635,1.321060590446,
    17.049800335042));
#7812 = CARTESIAN_POINT('',(2.318476966805,1.298033793896,
    17.125024549435));
#7813 = CARTESIAN_POINT('',(1.833270864645,1.275129377508,
    16.887408364336));
#7814 = CARTESIAN_POINT('',(1.556095124988,1.252136666807,
    16.461887188925));
#7815 = CARTESIAN_POINT('',(1.521129241796,1.229185163165,15.99972579819
    ));
#7816 = CARTESIAN_POINT('',(3.571650635095,1.5,16.));
#7817 = CARTESIAN_POINT('',(3.606581813329,1.477097843502,
    16.458678809625));
#7818 = CARTESIAN_POINT('',(3.401273607551,1.454193887312,
    16.954119892926));
#7819 = CARTESIAN_POINT('',(2.92231538776,1.431288823665,17.336634946289
    ));
#7820 = CARTESIAN_POINT('',(2.245427995944,1.408383279369,17.41052924832
    ));
#7821 = CARTESIAN_POINT('',(1.648677661644,1.385476350454,
    17.099026758345));
#7822 = CARTESIAN_POINT('',(1.316741179796,1.362569528062,
    16.565656201701));
#7823 = CARTESIAN_POINT('',(1.283341826934,1.339662102946,
    15.996321116162));
#7824 = ADVANCED_FACE('',(#7825),#7865,.T.);
#7825 = FACE_BOUND('',#7826,.T.);
#7826 = EDGE_LOOP('',(#7827,#7843,#7850,#7864));
#7827 = ORIENTED_EDGE('',*,*,#7828,.F.);
#7828 = EDGE_CURVE('',#7829,#7594,#7831,.T.);
#7829 = VERTEX_POINT('',#7830);
#7830 = CARTESIAN_POINT('',(3.550000280361,5.650000035886,16.0000000028)
  );
#7831 = B_SPLINE_CURVE_WITH_KNOTS('',10,(#7832,#7833,#7834,#7835,#7836,
    #7837,#7838,#7839,#7840,#7841,#7842),.UNSPECIFIED.,.F.,.F.,(11,11),(
    0.,6.295904828089),.PIECEWISE_BEZIER_KNOTS.);
#7832 = CARTESIAN_POINT('',(3.55,5.65,16.));
#7833 = CARTESIAN_POINT('',(3.55000077282,5.618000098921,16.628321417394
    ));
#7834 = CARTESIAN_POINT('',(3.111457906599,5.586001892771,17.25660067204
    ));
#7835 = CARTESIAN_POINT('',(2.233279050168,5.553994795238,17.53887055838
    ));
#7836 = CARTESIAN_POINT('',(1.230577811371,5.522005407442,
    17.143275761891));
#7837 = CARTESIAN_POINT('',(0.699402440984,5.490000035628,
    15.999988241194));
#7838 = CARTESIAN_POINT('',(1.23049188058,5.45799466474,14.85674157273)
  );
#7839 = CARTESIAN_POINT('',(2.23336183322,5.426005276336,14.461122793477
    ));
#7840 = CARTESIAN_POINT('',(3.111429145582,5.393998179044,
    14.743400409936));
#7841 = CARTESIAN_POINT('',(3.549999791419,5.361999972853,
    15.371678588205));
#7842 = CARTESIAN_POINT('',(3.550000560722,5.330000071771,
    16.000000005599));
#7843 = ORIENTED_EDGE('',*,*,#7844,.T.);
#7844 = EDGE_CURVE('',#7829,#7845,#7847,.T.);
#7845 = VERTEX_POINT('',#7846);
#7846 = CARTESIAN_POINT('',(3.550000196253,5.690000017942,16.0000000014)
  );
#7847 = B_SPLINE_CURVE_WITH_KNOTS('',1,(#7848,#7849),.UNSPECIFIED.,.F.,
  .F.,(2,2),(0.,5.E-02),.PIECEWISE_BEZIER_KNOTS.);
#7848 = CARTESIAN_POINT('',(3.55,5.65,16.));
#7849 = CARTESIAN_POINT('',(3.55,5.69,16.));
#7850 = ORIENTED_EDGE('',*,*,#7851,.T.);
#7851 = EDGE_CURVE('',#7845,#7643,#7852,.T.);
#7852 = B_SPLINE_CURVE_WITH_KNOTS('',10,(#7853,#7854,#7855,#7856,#7857,
    #7858,#7859,#7860,#7861,#7862,#7863),.UNSPECIFIED.,.F.,.F.,(11,11),(
    0.,6.295904828089),.PIECEWISE_BEZIER_KNOTS.);
#7853 = CARTESIAN_POINT('',(3.55,5.69,16.));
#7854 = CARTESIAN_POINT('',(3.550001081948,5.658000098921,
    16.628321487841));
#7855 = CARTESIAN_POINT('',(3.111463723182,5.62600189277,17.25660102885)
  );
#7856 = CARTESIAN_POINT('',(2.233262459723,5.593994795229,
    17.538869401405));
#7857 = CARTESIAN_POINT('',(1.230594850938,5.562005407494,
    17.143279358767));
#7858 = CARTESIAN_POINT('',(0.699402233319,5.530000035525,
    15.999983539747));
#7859 = CARTESIAN_POINT('',(1.230474545277,5.497994664852,
    14.856744912652));
#7860 = CARTESIAN_POINT('',(2.233378352543,5.466005276267,
    14.461121291906));
#7861 = CARTESIAN_POINT('',(3.111423454945,5.433998179063,
    14.743400484659));
#7862 = CARTESIAN_POINT('',(3.54999970658,5.401999972854,15.371678517758
    ));
#7863 = CARTESIAN_POINT('',(3.550000785011,5.370000071771,
    16.000000005599));
#7864 = ORIENTED_EDGE('',*,*,#7642,.F.);
#7865 = B_SPLINE_SURFACE_WITH_KNOTS('',1,10,(
    (#7866,#7867,#7868,#7869,#7870,#7871,#7872,#7873,#7874,#7875,#7876)
    ,(#7877,#7878,#7879,#7880,#7881,#7882,#7883,#7884,#7885,#7886,#7887
    )),.UNSPECIFIED.,.F.,.F.,.F.,(2,2),(11,11),(0.,5.E-02),(0.,
    6.295904828089),.PIECEWISE_BEZIER_KNOTS.);
#7866 = CARTESIAN_POINT('',(3.55,5.65,16.));
#7867 = CARTESIAN_POINT('',(3.55000077282,5.618000098921,16.628321417394
    ));
#7868 = CARTESIAN_POINT('',(3.111457906599,5.586001892771,17.25660067204
    ));
#7869 = CARTESIAN_POINT('',(2.233279050168,5.553994795238,17.53887055838
    ));
#7870 = CARTESIAN_POINT('',(1.230577811371,5.522005407442,
    17.143275761891));
#7871 = CARTESIAN_POINT('',(0.699402440984,5.490000035628,
    15.999988241194));
#7872 = CARTESIAN_POINT('',(1.23049188058,5.45799466474,14.85674157273)
  );
#7873 = CARTESIAN_POINT('',(2.23336183322,5.426005276336,14.461122793477
    ));
#7874 = CARTESIAN_POINT('',(3.111429145582,5.393998179044,
    14.743400409936));
#7875 = CARTESIAN_POINT('',(3.549999791419,5.361999972853,
    15.371678588205));
#7876 = CARTESIAN_POINT('',(3.550000560722,5.330000071771,
    16.000000005599));
#7877 = CARTESIAN_POINT('',(3.55,5.69,16.));
#7878 = CARTESIAN_POINT('',(3.550001081948,5.658000098921,
    16.628321487841));
#7879 = CARTESIAN_POINT('',(3.111463723182,5.62600189277,17.25660102885)
  );
#7880 = CARTESIAN_POINT('',(2.233262459723,5.593994795229,
    17.538869401405));
#7881 = CARTESIAN_POINT('',(1.230594850938,5.562005407494,
    17.143279358767));
#7882 = CARTESIAN_POINT('',(0.699402233319,5.530000035525,
    15.999983539747));
#7883 = CARTESIAN_POINT('',(1.230474545277,5.497994664852,
    14.856744912652));
#7884 = CARTESIAN_POINT('',(2.233378352543,5.466005276267,
    14.461121291906));
#7885 = CARTESIAN_POINT('',(3.111423454945,5.433998179063,
    14.743400484659));
#7886 = CARTESIAN_POINT('',(3.54999970658,5.401999972854,15.371678517758
    ));
#7887 = CARTESIAN_POINT('',(3.550000785011,5.370000071771,
    16.000000005599));
#7888 = ADVANCED_FACE('',(#7889),#7914,.T.);
#7889 = FACE_BOUND('',#7890,.T.);
#7890 = EDGE_LOOP('',(#7891,#7907,#7912,#7913));
#7891 = ORIENTED_EDGE('',*,*,#7892,.F.);
#7892 = EDGE_CURVE('',#7893,#7485,#7895,.T.);
#7893 = VERTEX_POINT('',#7894);
#7894 = CARTESIAN_POINT('',(3.333493649055,5.550000424366,
    16.000000033108));
#7895 = ( BOUNDED_CURVE() B_SPLINE_CURVE(10,(#7896,#7897,#7898,#7899,
    #7900,#7901,#7902,#7903,#7904,#7905,#7906),.UNSPECIFIED.,.F.,.F.) 
B_SPLINE_CURVE_WITH_KNOTS((11,11),(0.,6.295904828089),
.PIECEWISE_BEZIER_KNOTS.) CURVE() GEOMETRIC_REPRESENTATION_ITEM() 
RATIONAL_B_SPLINE_CURVE((1.056590953773,1.056590953773,1.056590953773,
    1.056590953773,1.056590953774,1.056590953773,1.056590953774,
    1.056590953773,1.056590953773,1.056590953773,1.056590953773)) 
REPRESENTATION_ITEM('') );
#7896 = CARTESIAN_POINT('',(3.333493649054,5.55,16.));
#7897 = CARTESIAN_POINT('',(3.333493649054,5.518001169772,
    16.492315631612));
#7898 = CARTESIAN_POINT('',(2.989866361178,5.486022382677,
    16.984300987207));
#7899 = CARTESIAN_POINT('',(2.301975140604,5.453938452343,
    17.206235528489));
#7900 = CARTESIAN_POINT('',(1.51601036875,5.422063943191,16.895227694214
    ));
#7901 = CARTESIAN_POINT('',(1.100320945917,5.390000424366,
    15.999999938643));
#7902 = CARTESIAN_POINT('',(1.516010444244,5.357936905541,
    15.104772218549));
#7903 = CARTESIAN_POINT('',(2.301975242688,5.326062396387,
    14.793764450487));
#7904 = CARTESIAN_POINT('',(2.989866444335,5.293978466054,15.01569904998
    ));
#7905 = CARTESIAN_POINT('',(3.333493690645,5.261999678959,
    15.507684434604));
#7906 = CARTESIAN_POINT('',(3.333493649056,5.230000848731,
    16.000000066216));
#7907 = ORIENTED_EDGE('',*,*,#7908,.T.);
#7908 = EDGE_CURVE('',#7893,#7829,#7909,.T.);
#7909 = B_SPLINE_CURVE_WITH_KNOTS('',1,(#7910,#7911),.UNSPECIFIED.,.F.,
  .F.,(2,2),(0.,0.25),.PIECEWISE_BEZIER_KNOTS.);
#7910 = CARTESIAN_POINT('',(3.333493649054,5.55,16.));
#7911 = CARTESIAN_POINT('',(3.55,5.65,16.));
#7912 = ORIENTED_EDGE('',*,*,#7828,.T.);
#7913 = ORIENTED_EDGE('',*,*,#7593,.F.);
#7914 = B_SPLINE_SURFACE_WITH_KNOTS('',1,10,(
    (#7915,#7916,#7917,#7918,#7919,#7920,#7921,#7922,#7923,#7924,#7925)
    ,(#7926,#7927,#7928,#7929,#7930,#7931,#7932,#7933,#7934,#7935,#7936
    )),.UNSPECIFIED.,.F.,.F.,.F.,(2,2),(11,11),(0.,0.25),(0.,
    6.295904828089),.PIECEWISE_BEZIER_KNOTS.);
#7915 = CARTESIAN_POINT('',(3.333493649054,5.55,16.));
#7916 = CARTESIAN_POINT('',(3.333493649054,5.518001169772,
    16.492315631612));
#7917 = CARTESIAN_POINT('',(2.989866361178,5.486022382677,
    16.984300987207));
#7918 = CARTESIAN_POINT('',(2.301975140604,5.453938452343,
    17.206235528488));
#7919 = CARTESIAN_POINT('',(1.51601036875,5.422063943191,16.895227694214
    ));
#7920 = CARTESIAN_POINT('',(1.100320945918,5.390000424366,
    15.999999938643));
#7921 = CARTESIAN_POINT('',(1.516010444244,5.357936905541,
    15.104772218549));
#7922 = CARTESIAN_POINT('',(2.301975242688,5.326062396387,
    14.793764450487));
#7923 = CARTESIAN_POINT('',(2.989866444335,5.293978466054,
    15.015699049979));
#7924 = CARTESIAN_POINT('',(3.333493690645,5.261999678959,
    15.507684434604));
#7925 = CARTESIAN_POINT('',(3.333493649056,5.230000848731,
    16.000000066216));
#7926 = CARTESIAN_POINT('',(3.55,5.65,16.));
#7927 = CARTESIAN_POINT('',(3.55000077282,5.618000098921,16.628321417394
    ));
#7928 = CARTESIAN_POINT('',(3.111457906599,5.586001892771,17.25660067204
    ));
#7929 = CARTESIAN_POINT('',(2.233279050168,5.553994795238,17.53887055838
    ));
#7930 = CARTESIAN_POINT('',(1.230577811371,5.522005407442,
    17.143275761891));
#7931 = CARTESIAN_POINT('',(0.699402440984,5.490000035628,
    15.999988241194));
#7932 = CARTESIAN_POINT('',(1.23049188058,5.45799466474,14.85674157273)
  );
#7933 = CARTESIAN_POINT('',(2.23336183322,5.426005276336,14.461122793477
    ));
#7934 = CARTESIAN_POINT('',(3.111429145582,5.393998179044,
    14.743400409936));
#7935 = CARTESIAN_POINT('',(3.549999791419,5.361999972853,
    15.371678588205));
#7936 = CARTESIAN_POINT('',(3.550000560722,5.330000071771,
    16.000000005599));
#7937 = ADVANCED_FACE('',(#7938),#8064,.T.);
#7938 = FACE_BOUND('',#7939,.T.);
#7939 = EDGE_LOOP('',(#7940,#7956,#8063));
#7940 = ORIENTED_EDGE('',*,*,#7941,.F.);
#7941 = EDGE_CURVE('',#7942,#7829,#7944,.T.);
#7942 = VERTEX_POINT('',#7943);
#7943 = CARTESIAN_POINT('',(3.257104079346,5.69,15.292924688579));
#7944 = B_SPLINE_CURVE_WITH_KNOTS('',10,(#7945,#7946,#7947,#7948,#7949,
    #7950,#7951,#7952,#7953,#7954,#7955),.UNSPECIFIED.,.F.,.F.,(11,11),(
    0.,6.295904828089),.PIECEWISE_BEZIER_KNOTS.);
#7945 = CARTESIAN_POINT('',(3.55,5.97,16.));
#7946 = CARTESIAN_POINT('',(3.55000077282,5.938000098921,16.628321417394
    ));
#7947 = CARTESIAN_POINT('',(3.111457906599,5.906001892771,17.25660067204
    ));
#7948 = CARTESIAN_POINT('',(2.233279050168,5.873994795238,17.53887055838
    ));
#7949 = CARTESIAN_POINT('',(1.230577811371,5.842005407442,
    17.143275761891));
#7950 = CARTESIAN_POINT('',(0.699402440984,5.810000035628,
    15.999988241194));
#7951 = CARTESIAN_POINT('',(1.23049188058,5.77799466474,14.85674157273)
  );
#7952 = CARTESIAN_POINT('',(2.23336183322,5.746005276336,14.461122793477
    ));
#7953 = CARTESIAN_POINT('',(3.111429145582,5.713998179044,
    14.743400409936));
#7954 = CARTESIAN_POINT('',(3.549999791419,5.681999972853,
    15.371678588205));
#7955 = CARTESIAN_POINT('',(3.550000560722,5.650000071771,
    16.000000005599));
#7956 = ORIENTED_EDGE('',*,*,#7957,.F.);
#7957 = EDGE_CURVE('',#7845,#7942,#7958,.T.);
#7958 = B_SPLINE_CURVE_WITH_KNOTS('',4,(#7959,#7960,#7961,#7962,#7963,
    #7964,#7965,#7966,#7967,#7968,#7969,#7970,#7971,#7972,#7973,#7974,
    #7975,#7976,#7977,#7978,#7979,#7980,#7981,#7982,#7983,#7984,#7985,
    #7986,#7987,#7988,#7989,#7990,#7991,#7992,#7993,#7994,#7995,#7996,
    #7997,#7998,#7999,#8000,#8001,#8002,#8003,#8004,#8005,#8006,#8007,
    #8008,#8009,#8010,#8011,#8012,#8013,#8014,#8015,#8016,#8017,#8018,
    #8019,#8020,#8021,#8022,#8023,#8024,#8025,#8026,#8027,#8028,#8029,
    #8030,#8031,#8032,#8033,#8034,#8035,#8036,#8037,#8038,#8039,#8040,
    #8041,#8042,#8043,#8044,#8045,#8046,#8047,#8048,#8049,#8050,#8051,
    #8052,#8053,#8054,#8055,#8056,#8057,#8058,#8059,#8060,#8061,#8062),
  .UNSPECIFIED.,.F.,.F.,(5,3,3,3,3,3,3,3,3,3,3,3,3,3,3,3,3,3,3,3,3,3,3,3
    ,3,3,3,3,3,3,3,3,3,3,5),(0.,5.955367606894E-03,2.552819882769E-02,
    5.109110502304E-02,7.672325493666E-02,0.10245841145,0.128329341693,
    0.154367539011,0.180602989135,0.207063984359,0.233776986272,
    0.260766534853,0.288055199679,0.31566356769,0.343610261324,
    0.371911980795,0.40058356463,0.429638063222,0.459086820901,
    0.488939562831,0.519204483795,0.549888336619,0.580996518596,
    0.612533154735,0.644501177075,0.676902399626,0.709737588715,
    0.743006528687,0.776708083081,0.810840251413,0.845400221834,
    0.880384419898,0.91578855373,0.951607655879,1.),.UNSPECIFIED.);
#7959 = CARTESIAN_POINT('',(3.550000785011,5.69,16.000000005599));
#7960 = CARTESIAN_POINT('',(3.550000782121,5.69,15.998625515033));
#7961 = CARTESIAN_POINT('',(3.549998261407,5.69,15.997251195666));
#7962 = CARTESIAN_POINT('',(3.549993221486,5.69,15.99587662747));
#7963 = CARTESIAN_POINT('',(3.549960823983,5.69,15.989985041966));
#7964 = CARTESIAN_POINT('',(3.549908784085,5.69,15.985468399403));
#7965 = CARTESIAN_POINT('',(3.549829557996,5.69,15.980953128748));
#7966 = CARTESIAN_POINT('',(3.54958430994,5.69,15.970545842782));
#7967 = CARTESIAN_POINT('',(3.549399145146,5.69,15.964655390044));
#7968 = CARTESIAN_POINT('',(3.549167851897,5.69,15.958770597682));
#7969 = CARTESIAN_POINT('',(3.548612803868,5.69,15.947000060105));
#7970 = CARTESIAN_POINT('',(3.54828879997,5.69,15.941114353786));
#7971 = CARTESIAN_POINT('',(3.547918967143,5.69,15.935238007654));
#7972 = CARTESIAN_POINT('',(3.547086777687,5.69,15.923483951998));
#7973 = CARTESIAN_POINT('',(3.546624054705,5.69,15.917606330435));
#7974 = CARTESIAN_POINT('',(3.546115944372,5.69,15.911741663953));
#7975 = CARTESIAN_POINT('',(3.545007071734,5.69,15.900010653512));
#7976 = CARTESIAN_POINT('',(3.54440583414,5.69,15.894144462785));
#7977 = CARTESIAN_POINT('',(3.54375978245,5.69,15.888294681764));
#7978 = CARTESIAN_POINT('',(3.542374841982,5.69,15.876593258203));
#7979 = CARTESIAN_POINT('',(3.541635379291,5.69,15.870741847344));
#7980 = CARTESIAN_POINT('',(3.540851794671,5.69,15.86491013107));
#7981 = CARTESIAN_POINT('',(3.539191557752,5.69,15.853244810906));
#7982 = CARTESIAN_POINT('',(3.538314244675,5.69,15.847411526925));
#7983 = CARTESIAN_POINT('',(3.537393606355,5.69,15.841601029771));
#7984 = CARTESIAN_POINT('',(3.53545899925,5.69,15.829978301188));
#7985 = CARTESIAN_POINT('',(3.534444295447,5.69,15.824166484156));
#7986 = CARTESIAN_POINT('',(3.533387152351,5.69,15.818380337462));
#7987 = CARTESIAN_POINT('',(3.53117925504,5.69,15.806806657401));
#7988 = CARTESIAN_POINT('',(3.530027704527,5.69,15.801019635802));
#7989 = CARTESIAN_POINT('',(3.528834674505,5.69,15.795260949751));
#7990 = CARTESIAN_POINT('',(3.526354719528,5.69,15.783742741229));
#7991 = CARTESIAN_POINT('',(3.525066949798,5.69,15.777983827702));
#7992 = CARTESIAN_POINT('',(3.523738719184,5.69,15.772255692999));
#7993 = CARTESIAN_POINT('',(3.5209880905,5.69,15.760799342561));
#7994 = CARTESIAN_POINT('',(3.519564811444,5.69,15.755071830106));
#7995 = CARTESIAN_POINT('',(3.518102134858,5.69,15.7493773193));
#7996 = CARTESIAN_POINT('',(3.515082366732,5.69,15.737989174533));
#7997 = CARTESIAN_POINT('',(3.513524369416,5.69,15.732296333207));
#7998 = CARTESIAN_POINT('',(3.511928069764,5.69,15.726638501557));
#7999 = CARTESIAN_POINT('',(3.508640845657,5.69,15.715324868598));
#8000 = CARTESIAN_POINT('',(3.506949001034,5.69,15.70966994267));
#8001 = CARTESIAN_POINT('',(3.505219969612,5.69,15.704051828523));
#8002 = CARTESIAN_POINT('',(3.501667121079,5.69,15.692818969522));
#8003 = CARTESIAN_POINT('',(3.499842378661,5.69,15.687205175045));
#8004 = CARTESIAN_POINT('',(3.497981575318,5.69,15.681629799726));
#8005 = CARTESIAN_POINT('',(3.494165080888,5.69,15.670483930224));
#8006 = CARTESIAN_POINT('',(3.492208467424,5.69,15.664914452958));
#8007 = CARTESIAN_POINT('',(3.490216920721,5.69,15.659384820227));
#8008 = CARTESIAN_POINT('',(3.486138904745,5.69,15.648332106445));
#8009 = CARTESIAN_POINT('',(3.484051522926,5.69,15.642810100066));
#8010 = CARTESIAN_POINT('',(3.481930330253,5.69,15.637329195173));
#8011 = CARTESIAN_POINT('',(3.477593061704,5.69,15.626375751206));
#8012 = CARTESIAN_POINT('',(3.475376088901,5.69,15.620904335742));
#8013 = CARTESIAN_POINT('',(3.473126416524,5.69,15.615475124173));
#8014 = CARTESIAN_POINT('',(3.468532307748,5.69,15.604627009096));
#8015 = CARTESIAN_POINT('',(3.466186994793,5.69,15.599209269525));
#8016 = CARTESIAN_POINT('',(3.463810077809,5.69,15.593834695487));
#8017 = CARTESIAN_POINT('',(3.458961683197,5.69,15.583097910391));
#8018 = CARTESIAN_POINT('',(3.45648935321,5.69,15.577736895357));
#8019 = CARTESIAN_POINT('',(3.453986495399,5.69,15.572419880078));
#8020 = CARTESIAN_POINT('',(3.448886510005,5.69,15.561800365044));
#8021 = CARTESIAN_POINT('',(3.446288557245,5.69,15.556499085659));
#8022 = CARTESIAN_POINT('',(3.443661130822,5.69,15.551242525544));
#8023 = CARTESIAN_POINT('',(3.43831238889,5.69,15.540746156575));
#8024 = CARTESIAN_POINT('',(3.43559027765,5.69,15.535507585264));
#8025 = CARTESIAN_POINT('',(3.432839722908,5.69,15.530314349965));
#8026 = CARTESIAN_POINT('',(3.427245196337,5.69,15.519946935895));
#8027 = CARTESIAN_POINT('',(3.424400459852,5.69,15.514774005269));
#8028 = CARTESIAN_POINT('',(3.421528284708,5.69,15.509646935704));
#8029 = CARTESIAN_POINT('',(3.415691081424,5.69,15.499414215087));
#8030 = CARTESIAN_POINT('',(3.412725320802,5.69,15.494309816826));
#8031 = CARTESIAN_POINT('',(3.409733100247,5.69,15.489251723176));
#8032 = CARTESIAN_POINT('',(3.403656462511,5.69,15.479159361173));
#8033 = CARTESIAN_POINT('',(3.400571345666,5.69,15.47412634491));
#8034 = CARTESIAN_POINT('',(3.397460721127,5.69,15.469140004616));
#8035 = CARTESIAN_POINT('',(3.391148023757,5.69,15.459193589891));
#8036 = CARTESIAN_POINT('',(3.387945284354,5.69,15.454234762088));
#8037 = CARTESIAN_POINT('',(3.384717962972,5.69,15.449322917865));
#8038 = CARTESIAN_POINT('',(3.378172711495,5.69,15.439527959502));
#8039 = CARTESIAN_POINT('',(3.374854147879,5.69,15.434646082315));
#8040 = CARTESIAN_POINT('',(3.371511901719,5.69,15.429811440198));
#8041 = CARTESIAN_POINT('',(3.364737730446,5.69,15.420173364632));
#8042 = CARTESIAN_POINT('',(3.361305204574,5.69,15.415371154763));
#8043 = CARTESIAN_POINT('',(3.357849869759,5.69,15.410616382192));
#8044 = CARTESIAN_POINT('',(3.350850539788,5.69,15.401140530182));
#8045 = CARTESIAN_POINT('',(3.347305976142,5.69,15.396420657718));
#8046 = CARTESIAN_POINT('',(3.343739451928,5.69,15.391748381669));
#8047 = CARTESIAN_POINT('',(3.336518849075,5.69,15.382440005292));
#8048 = CARTESIAN_POINT('',(3.332864233559,5.69,15.37780509254));
#8049 = CARTESIAN_POINT('',(3.329188481357,5.69,15.373217897698));
#8050 = CARTESIAN_POINT('',(3.321750614015,5.69,15.364082157398));
#8051 = CARTESIAN_POINT('',(3.317987992837,5.69,15.359534777701));
#8052 = CARTESIAN_POINT('',(3.314205035173,5.69,15.355035204691));
#8053 = CARTESIAN_POINT('',(3.306554032109,5.69,15.34607716636));
#8054 = CARTESIAN_POINT('',(3.302685510633,5.69,15.341619842918));
#8055 = CARTESIAN_POINT('',(3.29879743007,5.69,15.337210386585));
#8056 = CARTESIAN_POINT('',(3.290937538148,5.69,15.328435018693));
#8057 = CARTESIAN_POINT('',(3.286965279733,5.69,15.324070223377));
#8058 = CARTESIAN_POINT('',(3.282974217736,5.69,15.319753331109));
#8059 = CARTESIAN_POINT('',(3.273548274132,5.69,15.309715608321));
#8060 = CARTESIAN_POINT('',(3.268098343185,5.69,15.304033874527));
#8061 = CARTESIAN_POINT('',(3.262616523551,5.69,15.298437310775));
#8062 = CARTESIAN_POINT('',(3.257104079346,5.69,15.292924688579));
#8063 = ORIENTED_EDGE('',*,*,#7844,.F.);
#8064 = B_SPLINE_SURFACE_WITH_KNOTS('',1,10,(
    (#8065,#8066,#8067,#8068,#8069,#8070,#8071,#8072,#8073,#8074,#8075)
    ,(#8076,#8077,#8078,#8079,#8080,#8081,#8082,#8083,#8084,#8085,#8086
    )),.UNSPECIFIED.,.F.,.F.,.F.,(2,2),(11,11),(0.,5.E-02),(0.,
    6.295904828089),.PIECEWISE_BEZIER_KNOTS.);
#8065 = CARTESIAN_POINT('',(3.55,5.97,16.));
#8066 = CARTESIAN_POINT('',(3.55000077282,5.938000098921,16.628321417394
    ));
#8067 = CARTESIAN_POINT('',(3.111457906599,5.906001892771,17.25660067204
    ));
#8068 = CARTESIAN_POINT('',(2.233279050168,5.873994795238,17.53887055838
    ));
#8069 = CARTESIAN_POINT('',(1.230577811371,5.842005407442,
    17.143275761891));
#8070 = CARTESIAN_POINT('',(0.699402440984,5.810000035628,
    15.999988241194));
#8071 = CARTESIAN_POINT('',(1.23049188058,5.77799466474,14.85674157273)
  );
#8072 = CARTESIAN_POINT('',(2.23336183322,5.746005276336,14.461122793477
    ));
#8073 = CARTESIAN_POINT('',(3.111429145582,5.713998179044,
    14.743400409936));
#8074 = CARTESIAN_POINT('',(3.549999791419,5.681999972853,
    15.371678588205));
#8075 = CARTESIAN_POINT('',(3.550000560722,5.650000071771,
    16.000000005599));
#8076 = CARTESIAN_POINT('',(3.55,6.01,16.));
#8077 = CARTESIAN_POINT('',(3.550001081948,5.978000098921,
    16.628321487841));
#8078 = CARTESIAN_POINT('',(3.111463723182,5.94600189277,17.25660102885)
  );
#8079 = CARTESIAN_POINT('',(2.233262459723,5.913994795229,
    17.538869401405));
#8080 = CARTESIAN_POINT('',(1.230594850938,5.882005407494,
    17.143279358767));
#8081 = CARTESIAN_POINT('',(0.699402233319,5.850000035525,
    15.999983539747));
#8082 = CARTESIAN_POINT('',(1.230474545277,5.817994664852,
    14.856744912652));
#8083 = CARTESIAN_POINT('',(2.233378352543,5.786005276267,
    14.461121291906));
#8084 = CARTESIAN_POINT('',(3.111423454945,5.753998179063,
    14.743400484659));
#8085 = CARTESIAN_POINT('',(3.54999970658,5.721999972854,15.371678517758
    ));
#8086 = CARTESIAN_POINT('',(3.550000785011,5.690000071771,
    16.000000005599));
#8087 = ADVANCED_FACE('',(#8088),#8218,.T.);
#8088 = FACE_BOUND('',#8089,.T.);
#8089 = EDGE_LOOP('',(#8090,#8091,#8197,#8213));
#8090 = ORIENTED_EDGE('',*,*,#7851,.F.);
#8091 = ORIENTED_EDGE('',*,*,#8092,.T.);
#8092 = EDGE_CURVE('',#7845,#8093,#8095,.T.);
#8093 = VERTEX_POINT('',#8094);
#8094 = CARTESIAN_POINT('',(2.250167256058,5.69,16.723865699395));
#8095 = B_SPLINE_CURVE_WITH_KNOTS('',4,(#8096,#8097,#8098,#8099,#8100,
    #8101,#8102,#8103,#8104,#8105,#8106,#8107,#8108,#8109,#8110,#8111,
    #8112,#8113,#8114,#8115,#8116,#8117,#8118,#8119,#8120,#8121,#8122,
    #8123,#8124,#8125,#8126,#8127,#8128,#8129,#8130,#8131,#8132,#8133,
    #8134,#8135,#8136,#8137,#8138,#8139,#8140,#8141,#8142,#8143,#8144,
    #8145,#8146,#8147,#8148,#8149,#8150,#8151,#8152,#8153,#8154,#8155,
    #8156,#8157,#8158,#8159,#8160,#8161,#8162,#8163,#8164,#8165,#8166,
    #8167,#8168,#8169,#8170,#8171,#8172,#8173,#8174,#8175,#8176,#8177,
    #8178,#8179,#8180,#8181,#8182,#8183,#8184,#8185,#8186,#8187,#8188,
    #8189,#8190,#8191,#8192,#8193,#8194,#8195,#8196),.UNSPECIFIED.,.F.,
  .F.,(5,3,3,3,3,3,3,3,3,3,3,3,3,3,3,3,3,3,3,3,3,3,3,3,3,3,3,3,3,3,3,3,3
    ,5),(0.,3.664610582661E-02,7.300891199183E-02,0.109044442277,
    0.144711161314,0.179970297463,0.214786173732,0.249126547255,
    0.282962958069,0.316271087852,0.349031128937,0.381228163117,
    0.412852548298,0.443900308682,0.474373520548,0.504280680483,
    0.533637035886,0.562464848723,0.59079355327,0.618659758473,
    0.64610703801,0.673185450056,0.699950738551,0.726463192166,
    0.75278617634,0.778984402859,0.805122049323,0.831260873703,
    0.857458475851,0.883766835144,0.910231208561,0.936889419694,
    0.963771520667,1.),.UNSPECIFIED.);
#8096 = CARTESIAN_POINT('',(3.55,5.69,16.));
#8097 = CARTESIAN_POINT('',(3.548381751889,5.69,16.014675678499));
#8098 = CARTESIAN_POINT('',(3.546472919437,5.69,16.029319509699));
#8099 = CARTESIAN_POINT('',(3.544273108835,5.69,16.043925837183));
#8100 = CARTESIAN_POINT('',(3.539309610995,5.69,16.072939162521));
#8101 = CARTESIAN_POINT('',(3.536550413734,5.69,16.087346825135));
#8102 = CARTESIAN_POINT('',(3.533503555457,5.69,16.101706043596));
#8103 = CARTESIAN_POINT('',(3.526862995291,5.69,16.130186811555));
#8104 = CARTESIAN_POINT('',(3.523274462953,5.69,16.144309333531));
#8105 = CARTESIAN_POINT('',(3.519401919127,5.69,16.158372511582));
#8106 = CARTESIAN_POINT('',(3.511129543644,5.69,16.186224511757));
#8107 = CARTESIAN_POINT('',(3.506735515556,5.69,16.200014665149));
#8108 = CARTESIAN_POINT('',(3.502061491423,5.69,16.213734587733));
#8109 = CARTESIAN_POINT('',(3.492208072903,5.69,16.240865207072));
#8110 = CARTESIAN_POINT('',(3.487035065766,5.69,16.25427764212));
#8111 = CARTESIAN_POINT('',(3.481586481024,5.69,16.267608947724));
#8112 = CARTESIAN_POINT('',(3.470208046791,5.69,16.293929438636));
#8113 = CARTESIAN_POINT('',(3.464285110878,5.69,16.306920814119));
#8114 = CARTESIAN_POINT('',(3.458091464751,5.69,16.319820128758));
#8115 = CARTESIAN_POINT('',(3.445249011438,5.69,16.345245868994));
#8116 = CARTESIAN_POINT('',(3.438607578881,5.69,16.357774977261));
#8117 = CARTESIAN_POINT('',(3.431700808206,5.69,16.370201043788));
#8118 = CARTESIAN_POINT('',(3.417460001852,5.69,16.394651785105));
#8119 = CARTESIAN_POINT('',(3.410133727677,5.69,16.406679670272));
#8120 = CARTESIAN_POINT('',(3.402548058724,5.69,16.418593471817));
#8121 = CARTESIAN_POINT('',(3.38697892207,5.69,16.441993574941));
#8122 = CARTESIAN_POINT('',(3.379003518737,5.69,16.453483642894));
#8123 = CARTESIAN_POINT('',(3.370775313435,5.69,16.464848519469));
#8124 = CARTESIAN_POINT('',(3.353951901866,5.69,16.487127173248));
#8125 = CARTESIAN_POINT('',(3.345364968135,5.69,16.498045292259));
#8126 = CARTESIAN_POINT('',(3.336532565387,5.69,16.508827049791));
#8127 = CARTESIAN_POINT('',(3.318532632984,5.69,16.529918472761));
#8128 = CARTESIAN_POINT('',(3.30937347805,5.69,16.540233063641));
#8129 = CARTESIAN_POINT('',(3.29997703074,5.69,16.55040007488));
#8130 = CARTESIAN_POINT('',(3.280881687969,5.69,16.570243697798));
#8131 = CARTESIAN_POINT('',(3.271191151981,5.69,16.579925812648));
#8132 = CARTESIAN_POINT('',(3.26127246018,5.69,16.589449109619));
#8133 = CARTESIAN_POINT('',(3.24116582479,5.69,16.607989737774));
#8134 = CARTESIAN_POINT('',(3.23098609711,5.69,16.617013126515));
#8135 = CARTESIAN_POINT('',(3.220588437828,5.69,16.62586648432));
#8136 = CARTESIAN_POINT('',(3.199557280624,5.69,16.64305443872));
#8137 = CARTESIAN_POINT('',(3.18893171747,5.69,16.651395602783));
#8138 = CARTESIAN_POINT('',(3.178099671094,5.69,16.659555614727));
#8139 = CARTESIAN_POINT('',(3.15623305829,5.69,16.675346851532));
#8140 = CARTESIAN_POINT('',(3.145206001778,5.69,16.682985084351));
#8141 = CARTESIAN_POINT('',(3.133985275013,5.69,16.69043122843));
#8142 = CARTESIAN_POINT('',(3.111374208934,5.69,16.704787436313));
#8143 = CARTESIAN_POINT('',(3.099990809924,5.69,16.711704850654));
#8144 = CARTESIAN_POINT('',(3.088428054671,5.69,16.718419547471));
#8145 = CARTESIAN_POINT('',(3.065165114527,5.69,16.731308222938));
#8146 = CARTESIAN_POINT('',(3.053471161939,5.69,16.737489765705));
#8147 = CARTESIAN_POINT('',(3.041613789082,5.69,16.743458427708));
#8148 = CARTESIAN_POINT('',(3.017792773318,5.69,16.754852928786));
#8149 = CARTESIAN_POINT('',(3.005834532645,5.69,16.760286384709));
#8150 = CARTESIAN_POINT('',(2.993730519267,5.69,16.765497456337));
#8151 = CARTESIAN_POINT('',(2.969446090514,5.69,16.775377035428));
#8152 = CARTESIAN_POINT('',(2.957270153745,5.69,16.780053022002));
#8153 = CARTESIAN_POINT('',(2.944967842009,5.69,16.784498009672));
#8154 = CARTESIAN_POINT('',(2.920315174821,5.69,16.79284782664));
#8155 = CARTESIAN_POINT('',(2.907968322739,5.69,16.796759783578));
#8156 = CARTESIAN_POINT('',(2.895516208795,5.69,16.800433273606));
#8157 = CARTESIAN_POINT('',(2.870590639228,5.69,16.807244390137));
#8158 = CARTESIAN_POINT('',(2.85811971481,5.69,16.8103885672));
#8159 = CARTESIAN_POINT('',(2.845566227019,5.69,16.813288228665));
#8160 = CARTESIAN_POINT('',(2.820462901888,5.69,16.818557584467));
#8161 = CARTESIAN_POINT('',(2.807914690576,5.69,16.82093303127));
#8162 = CARTESIAN_POINT('',(2.795307958296,5.69,16.823059599963));
#8163 = CARTESIAN_POINT('',(2.77012148131,5.69,16.826789970332));
#8164 = CARTESIAN_POINT('',(2.757542590817,5.69,16.828398530261));
#8165 = CARTESIAN_POINT('',(2.744930208029,5.69,16.829755769609));
#8166 = CARTESIAN_POINT('',(2.719754280496,5.69,16.831955702464));
#8167 = CARTESIAN_POINT('',(2.707191010934,5.69,16.832802010094));
#8168 = CARTESIAN_POINT('',(2.694619802491,5.69,16.83339664599));
#8169 = CARTESIAN_POINT('',(2.66954685851,5.69,16.834080375268));
#8170 = CARTESIAN_POINT('',(2.657045054143,5.69,16.834171853171));
#8171 = CARTESIAN_POINT('',(2.644560855122,5.69,16.834013482168));
#8172 = CARTESIAN_POINT('',(2.619681694708,5.69,16.833200814181));
#8173 = CARTESIAN_POINT('',(2.607286572287,5.69,16.83254766205));
#8174 = CARTESIAN_POINT('',(2.594934031295,5.69,16.83164863605));
#8175 = CARTESIAN_POINT('',(2.570337458434,5.69,16.829364806614));
#8176 = CARTESIAN_POINT('',(2.558093412964,5.69,16.827979974465));
#8177 = CARTESIAN_POINT('',(2.545915827355,5.69,16.826355268659));
#8178 = CARTESIAN_POINT('',(2.521688301902,5.69,16.822630771233));
#8179 = CARTESIAN_POINT('',(2.509638696817,5.69,16.820529909793));
#8180 = CARTESIAN_POINT('',(2.497677882173,5.69,16.818196982717));
#8181 = CARTESIAN_POINT('',(2.473903193595,5.69,16.813067370544));
#8182 = CARTESIAN_POINT('',(2.462090146313,5.69,16.810268755333));
#8183 = CARTESIAN_POINT('',(2.450386336152,5.69,16.807247409484));
#8184 = CARTESIAN_POINT('',(2.427145303898,5.69,16.800753076537));
#8185 = CARTESIAN_POINT('',(2.415609478317,5.69,16.797277506195));
#8186 = CARTESIAN_POINT('',(2.404201245284,5.69,16.793589755012));
#8187 = CARTESIAN_POINT('',(2.381571446501,5.69,16.785775700826));
#8188 = CARTESIAN_POINT('',(2.370351861607,5.69,16.781646373443));
#8189 = CARTESIAN_POINT('',(2.359276049846,5.69,16.777316316712));
#8190 = CARTESIAN_POINT('',(2.337331572039,5.69,16.768231899114));
#8191 = CARTESIAN_POINT('',(2.326465431923,5.69,16.763474271902));
#8192 = CARTESIAN_POINT('',(2.315757091801,5.69,16.758527978262));
#8193 = CARTESIAN_POINT('',(2.290998200334,5.69,16.746490982728));
#8194 = CARTESIAN_POINT('',(2.277080093608,5.69,16.739252612792));
#8195 = CARTESIAN_POINT('',(2.263467454658,5.69,16.731704719373));
#8196 = CARTESIAN_POINT('',(2.250167256058,5.69,16.723865699395));
#8197 = ORIENTED_EDGE('',*,*,#8198,.T.);
#8198 = EDGE_CURVE('',#8093,#8199,#8201,.T.);
#8199 = VERTEX_POINT('',#8200);
#8200 = CARTESIAN_POINT('',(3.333493424766,5.470000424366,
    16.000000033108));
#8201 = B_SPLINE_CURVE_WITH_KNOTS('',10,(#8202,#8203,#8204,#8205,#8206,
    #8207,#8208,#8209,#8210,#8211,#8212),.UNSPECIFIED.,.F.,.F.,(11,11),(
    0.,6.295904828089),.PIECEWISE_BEZIER_KNOTS.);
#8202 = CARTESIAN_POINT('',(3.333493649054,5.79,16.));
#8203 = CARTESIAN_POINT('',(3.333493030798,5.758001169772,
    16.492315490718));
#8204 = CARTESIAN_POINT('',(2.989854728012,5.726022382681,
    16.984300273588));
#8205 = CARTESIAN_POINT('',(2.302008321494,5.693938452364,
    17.206237842439));
#8206 = CARTESIAN_POINT('',(1.515976289616,5.662063943087,
    16.895220500461));
#8207 = CARTESIAN_POINT('',(1.100321361247,5.630000424572,
    16.000009341537));
#8208 = CARTESIAN_POINT('',(1.51604511485,5.597936905316,15.104765538705
    ));
#8209 = CARTESIAN_POINT('',(2.301942204044,5.566062396525,
    14.793767453628));
#8210 = CARTESIAN_POINT('',(2.989877825607,5.533978466016,
    15.015698900533));
#8211 = CARTESIAN_POINT('',(3.333493860324,5.501999678958,
    15.507684575498));
#8212 = CARTESIAN_POINT('',(3.333493200479,5.470000848732,
    16.000000066216));
#8213 = ORIENTED_EDGE('',*,*,#8214,.F.);
#8214 = EDGE_CURVE('',#7643,#8199,#8215,.T.);
#8215 = B_SPLINE_CURVE_WITH_KNOTS('',1,(#8216,#8217),.UNSPECIFIED.,.F.,
  .F.,(2,2),(0.,0.25),.PIECEWISE_BEZIER_KNOTS.);
#8216 = CARTESIAN_POINT('',(3.55,5.37,16.));
#8217 = CARTESIAN_POINT('',(3.333493649054,5.47,16.));
#8218 = B_SPLINE_SURFACE_WITH_KNOTS('',1,10,(
    (#8219,#8220,#8221,#8222,#8223,#8224,#8225,#8226,#8227,#8228,#8229)
    ,(#8230,#8231,#8232,#8233,#8234,#8235,#8236,#8237,#8238,#8239,#8240
    )),.UNSPECIFIED.,.F.,.F.,.F.,(2,2),(11,11),(0.,0.25),(0.,
    6.295904828089),.PIECEWISE_BEZIER_KNOTS.);
#8219 = CARTESIAN_POINT('',(3.55,5.69,16.));
#8220 = CARTESIAN_POINT('',(3.549998608924,5.658000098921,
    16.628320924264));
#8221 = CARTESIAN_POINT('',(3.111417190516,5.626001892784,
    17.256598174373));
#8222 = CARTESIAN_POINT('',(2.233395183283,5.59399479531,17.53887865721)
  );
#8223 = CARTESIAN_POINT('',(1.230458534405,5.562005407079,
    17.143250583753));
#8224 = CARTESIAN_POINT('',(0.699403894636,5.53000003635,16.000021151322
    ));
#8225 = CARTESIAN_POINT('',(1.230613227701,5.497994663955,
    14.856718193276));
#8226 = CARTESIAN_POINT('',(2.233246197964,5.466005276818,
    14.461133304468));
#8227 = CARTESIAN_POINT('',(3.111468980035,5.43399817891,14.743399886875
    ));
#8228 = CARTESIAN_POINT('',(3.550000385294,5.401999972848,
    15.371679081335));
#8229 = CARTESIAN_POINT('',(3.549998990701,5.370000071774,16.0000000056)
  );
#8230 = CARTESIAN_POINT('',(3.333493649054,5.79,16.));
#8231 = CARTESIAN_POINT('',(3.333493030798,5.758001169772,
    16.492315490718));
#8232 = CARTESIAN_POINT('',(2.989854728012,5.726022382681,
    16.984300273588));
#8233 = CARTESIAN_POINT('',(2.302008321494,5.693938452364,
    17.206237842439));
#8234 = CARTESIAN_POINT('',(1.515976289616,5.662063943087,
    16.895220500461));
#8235 = CARTESIAN_POINT('',(1.100321361247,5.630000424572,
    16.000009341537));
#8236 = CARTESIAN_POINT('',(1.51604511485,5.597936905316,15.104765538705
    ));
#8237 = CARTESIAN_POINT('',(2.301942204044,5.566062396525,
    14.793767453628));
#8238 = CARTESIAN_POINT('',(2.989877825607,5.533978466016,
    15.015698900533));
#8239 = CARTESIAN_POINT('',(3.333493860324,5.501999678958,
    15.507684575498));
#8240 = CARTESIAN_POINT('',(3.333493200479,5.470000848732,
    16.000000066216));
#8241 = ADVANCED_FACE('',(#8242),#8270,.T.);
#8242 = FACE_BOUND('',#8243,.T.);
#8243 = EDGE_LOOP('',(#8244,#8258,#8268,#8269));
#8244 = ORIENTED_EDGE('',*,*,#8245,.F.);
#8245 = EDGE_CURVE('',#8199,#7436,#8246,.T.);
#8246 = B_SPLINE_CURVE_WITH_KNOTS('',10,(#8247,#8248,#8249,#8250,#8251,
    #8252,#8253,#8254,#8255,#8256,#8257),.UNSPECIFIED.,.F.,.F.,(11,11),(
    0.,6.295904828089),.PIECEWISE_BEZIER_KNOTS.);
#8247 = CARTESIAN_POINT('',(3.333493649054,5.47,16.));
#8248 = CARTESIAN_POINT('',(3.333493030798,5.438001169772,
    16.492315490718));
#8249 = CARTESIAN_POINT('',(2.989854728012,5.406022382681,
    16.984300273588));
#8250 = CARTESIAN_POINT('',(2.302008321494,5.373938452364,
    17.206237842439));
#8251 = CARTESIAN_POINT('',(1.515976289616,5.342063943087,
    16.895220500461));
#8252 = CARTESIAN_POINT('',(1.100321361247,5.310000424572,
    16.000009341537));
#8253 = CARTESIAN_POINT('',(1.51604511485,5.277936905316,15.104765538705
    ));
#8254 = CARTESIAN_POINT('',(2.301942204044,5.246062396525,
    14.793767453628));
#8255 = CARTESIAN_POINT('',(2.989877825607,5.213978466016,
    15.015698900533));
#8256 = CARTESIAN_POINT('',(3.333493860324,5.181999678958,
    15.507684575498));
#8257 = CARTESIAN_POINT('',(3.333493200479,5.150000848732,
    16.000000066216));
#8258 = ORIENTED_EDGE('',*,*,#8259,.T.);
#8259 = EDGE_CURVE('',#8199,#7893,#8260,.T.);
#8260 = ( BOUNDED_CURVE() B_SPLINE_CURVE(6,(#8261,#8262,#8263,#8264,
#8265,#8266,#8267),.UNSPECIFIED.,.F.,.F.) B_SPLINE_CURVE_WITH_KNOTS((7,7
),(0.,2.094395102393),.PIECEWISE_BEZIER_KNOTS.) CURVE() 
GEOMETRIC_REPRESENTATION_ITEM() RATIONAL_B_SPLINE_CURVE((1.056590953773,
    1.017435169568,0.996326512422,0.989390034249,0.996326512422,
1.017435169568,1.056590953773)) REPRESENTATION_ITEM('') );
#8261 = CARTESIAN_POINT('',(3.333493200479,5.470000848732,
    16.000000066216));
#8262 = CARTESIAN_POINT('',(3.315368728529,5.478372270462,16.00000007129
    ));
#8263 = CARTESIAN_POINT('',(3.302596407729,5.492541108702,
    16.000000074866));
#8264 = CARTESIAN_POINT('',(3.297980029089,5.510000976176,
    16.000000076158));
#8265 = CARTESIAN_POINT('',(3.302596603531,5.527460810516,
    16.000000074866));
#8266 = CARTESIAN_POINT('',(3.315369083226,5.541629557086,16.00000007129
    ));
#8267 = CARTESIAN_POINT('',(3.333493649056,5.550000848731,
    16.000000066216));
#8268 = ORIENTED_EDGE('',*,*,#7892,.T.);
#8269 = ORIENTED_EDGE('',*,*,#7484,.F.);
#8270 = ( BOUNDED_SURFACE() B_SPLINE_SURFACE(6,10,(
    (#8271,#8272,#8273,#8274,#8275,#8276,#8277,#8278,#8279,#8280,#8281)
    ,(#8282,#8283,#8284,#8285,#8286,#8287,#8288,#8289,#8290,#8291,#8292)
    ,(#8293,#8294,#8295,#8296,#8297,#8298,#8299,#8300,#8301,#8302,#8303)
    ,(#8304,#8305,#8306,#8307,#8308,#8309,#8310,#8311,#8312,#8313,#8314)
    ,(#8315,#8316,#8317,#8318,#8319,#8320,#8321,#8322,#8323,#8324,#8325)
    ,(#8326,#8327,#8328,#8329,#8330,#8331,#8332,#8333,#8334,#8335,#8336)
    ,(#8337,#8338,#8339,#8340,#8341,#8342,#8343,#8344,#8345,#8346,#8347
)),.UNSPECIFIED.,.F.,.F.,.F.) B_SPLINE_SURFACE_WITH_KNOTS((7,7),(11,11),
  (0.,2.094395102393),(0.,6.295904828089),.PIECEWISE_BEZIER_KNOTS.) 
GEOMETRIC_REPRESENTATION_ITEM() RATIONAL_B_SPLINE_SURFACE((
    (1.056590953773,1.056590953773,1.056590953773,1.056590953773
      ,1.056590953774,1.056590953773,1.056590953774,1.056590953773
      ,1.056590953773,1.056590953773,1.056590953773)
    ,(1.017435169568,1.017435169568,1.017435169568,1.017435169568
      ,1.017435169569,1.017435169568,1.017435169569,1.017435169568
      ,1.017435169568,1.017435169568,1.017435169568)
    ,(0.996326512422,0.996326512422,0.996326512422,0.996326512422
      ,0.996326512423,0.996326512422,0.996326512423,0.996326512422
      ,0.996326512422,0.996326512422,0.996326512422)
    ,(0.989390034249,0.989390034249,0.989390034249,0.989390034248
      ,0.989390034249,0.989390034248,0.989390034249,0.989390034248
      ,0.989390034249,0.989390034249,0.989390034249)
    ,(0.996326512422,0.996326512422,0.996326512422,0.996326512422
      ,0.996326512423,0.996326512422,0.996326512423,0.996326512422
      ,0.996326512422,0.996326512422,0.996326512422)
    ,(1.017435169568,1.017435169568,1.017435169568,1.017435169568
      ,1.017435169569,1.017435169568,1.017435169568,1.017435169568
      ,1.017435169568,1.017435169568,1.017435169568)
    ,(1.056590953773,1.056590953773,1.056590953773,1.056590953773
      ,1.056590953774,1.056590953773,1.056590953774,1.056590953773
      ,1.056590953773,1.056590953773,1.056590953773
))) REPRESENTATION_ITEM('') SURFACE() );
#8271 = CARTESIAN_POINT('',(3.333493649054,5.47,16.));
#8272 = CARTESIAN_POINT('',(3.333493030798,5.438001169772,
    16.492315490718));
#8273 = CARTESIAN_POINT('',(2.989854728012,5.406022382681,
    16.984300273588));
#8274 = CARTESIAN_POINT('',(2.302008321493,5.373938452364,17.20623784244
    ));
#8275 = CARTESIAN_POINT('',(1.515976289617,5.342063943087,
    16.895220500461));
#8276 = CARTESIAN_POINT('',(1.100321361246,5.310000424572,
    16.000009341537));
#8277 = CARTESIAN_POINT('',(1.516045114851,5.277936905316,
    15.104765538705));
#8278 = CARTESIAN_POINT('',(2.301942204043,5.246062396525,
    14.793767453628));
#8279 = CARTESIAN_POINT('',(2.989877825607,5.213978466016,
    15.015698900534));
#8280 = CARTESIAN_POINT('',(3.333493860324,5.181999678958,
    15.507684575498));
#8281 = CARTESIAN_POINT('',(3.333493200479,5.150000848732,
    16.000000066216));
#8282 = CARTESIAN_POINT('',(3.315369130164,5.478371356688,16.));
#8283 = CARTESIAN_POINT('',(3.315368576603,5.446372616105,
    16.480929990761));
#8284 = CARTESIAN_POINT('',(2.979678300677,5.414395454651,
    16.961505245059));
#8285 = CARTESIAN_POINT('',(2.307752172028,5.382305092383,
    17.178391293345));
#8286 = CARTESIAN_POINT('',(1.539877999314,5.350440200034,
    16.874457017495));
#8287 = CARTESIAN_POINT('',(1.133883592401,5.318371813759,
    16.000008352897));
#8288 = CARTESIAN_POINT('',(1.539939636225,5.286303426822,
    15.125530466747));
#8289 = CARTESIAN_POINT('',(2.307692991743,5.254438534907,14.82161344472
    ));
#8290 = CARTESIAN_POINT('',(2.979698996369,5.222348172468,
    15.038494022225));
#8291 = CARTESIAN_POINT('',(3.315369326866,5.190371011043,
    15.519070080529));
#8292 = CARTESIAN_POINT('',(3.315368728529,5.158372270462,16.00000007129
    ));
#8293 = CARTESIAN_POINT('',(3.302596729916,5.492540149093,16.));
#8294 = CARTESIAN_POINT('',(3.302596285855,5.460541471682,
    16.472906610974));
#8295 = CARTESIAN_POINT('',(2.972508145759,5.428565455819,16.94544159709
    ));
#8296 = CARTESIAN_POINT('',(2.311796450055,5.396470560935,
    17.158767511445));
#8297 = CARTESIAN_POINT('',(1.556725125135,5.364612445674,
    16.859825675329));
#8298 = CARTESIAN_POINT('',(1.157534949659,5.332540629045,
    16.000006684238));
#8299 = CARTESIAN_POINT('',(1.556774589864,5.300468811884,
    15.140164261352));
#8300 = CARTESIAN_POINT('',(2.311749003419,5.268610696971,
    14.841236283776));
#8301 = CARTESIAN_POINT('',(2.972524769857,5.23651580195,15.05455782506)
  );
#8302 = CARTESIAN_POINT('',(3.302596898812,5.20453978611,15.527093463892
    ));
#8303 = CARTESIAN_POINT('',(3.302596407729,5.172541108702,
    16.000000074866));
#8304 = CARTESIAN_POINT('',(3.297980253375,5.51,16.));
#8305 = CARTESIAN_POINT('',(3.297979944247,5.478001345422,
    16.470006649628));
#8306 = CARTESIAN_POINT('',(2.96991834785,5.446025743624,16.939635636833
    ));
#8307 = CARTESIAN_POINT('',(2.313253102703,5.413929210461,
    17.151674303798));
#8308 = CARTESIAN_POINT('',(1.562819633066,5.382073544742,
    16.854538409398));
#8309 = CARTESIAN_POINT('',(1.166083469565,5.35000048819,16.000004630877
    ));
#8310 = CARTESIAN_POINT('',(1.562854094766,5.31792743127,15.145454553467
    ));
#8311 = CARTESIAN_POINT('',(2.313220110349,5.286071765793,
    14.848328330567));
#8312 = CARTESIAN_POINT('',(2.969929950713,5.253975232534,
    15.060363974405));
#8313 = CARTESIAN_POINT('',(3.297980386052,5.221999630752,
    15.529993426531));
#8314 = CARTESIAN_POINT('',(3.297980029089,5.190000976176,
    16.000000076158));
#8315 = CARTESIAN_POINT('',(3.302596729916,5.527459850907,16.));
#8316 = CARTESIAN_POINT('',(3.302596555721,5.495461173497,
    16.472906672474));
#8317 = CARTESIAN_POINT('',(2.972513223593,5.463485157633,
    16.945441908582));
#8318 = CARTESIAN_POINT('',(2.31178196672,5.431390262742,17.158766501414
    ));
#8319 = CARTESIAN_POINT('',(1.55674000055,5.399532147534,16.859828815376
    ));
#8320 = CARTESIAN_POINT('',(1.157534768369,5.36746033077,16.000002579911
    ));
#8321 = CARTESIAN_POINT('',(1.556759456274,5.335388513797,
    15.140167177079));
#8322 = CARTESIAN_POINT('',(2.311763424664,5.303530398726,
    14.841234972916));
#8323 = CARTESIAN_POINT('',(2.972519801974,5.271435503782,
    15.054557890292));
#8324 = CARTESIAN_POINT('',(3.302596824748,5.239459487926,
    15.527093402393));
#8325 = CARTESIAN_POINT('',(3.302596603531,5.207460810516,
    16.000000074866));
#8326 = CARTESIAN_POINT('',(3.315369130164,5.541628643312,16.));
#8327 = CARTESIAN_POINT('',(3.315369065468,5.509629902729,
    16.480930102168));
#8328 = CARTESIAN_POINT('',(2.979687499209,5.477652741272,
    16.961505809329));
#8329 = CARTESIAN_POINT('',(2.307725935365,5.445562378991,
    17.178389463667));
#8330 = CARTESIAN_POINT('',(1.539904946232,5.413697486739,
    16.874462705711));
#8331 = CARTESIAN_POINT('',(1.133883263993,5.38162910022,16.000000917878
    ));
#8332 = CARTESIAN_POINT('',(1.539912221619,5.349560713624,
    15.125535748606));
#8333 = CARTESIAN_POINT('',(2.307719115931,5.317695821422,
    14.821611070089));
#8334 = CARTESIAN_POINT('',(2.979689997014,5.285605459122,
    15.038494140394));
#8335 = CARTESIAN_POINT('',(3.315369192698,5.253628297668,
    15.519069969122));
#8336 = CARTESIAN_POINT('',(3.315369083226,5.221629557086,16.00000007129
    ));
#8337 = CARTESIAN_POINT('',(3.333493649054,5.55,16.));
#8338 = CARTESIAN_POINT('',(3.333493649054,5.518001169772,
    16.492315631612));
#8339 = CARTESIAN_POINT('',(2.989866361178,5.486022382677,
    16.984300987207));
#8340 = CARTESIAN_POINT('',(2.301975140604,5.453938452343,
    17.206235528489));
#8341 = CARTESIAN_POINT('',(1.51601036875,5.422063943191,16.895227694214
    ));
#8342 = CARTESIAN_POINT('',(1.100320945917,5.390000424366,
    15.999999938643));
#8343 = CARTESIAN_POINT('',(1.516010444244,5.357936905541,
    15.104772218549));
#8344 = CARTESIAN_POINT('',(2.301975242688,5.326062396387,
    14.793764450487));
#8345 = CARTESIAN_POINT('',(2.989866444335,5.293978466054,15.01569904998
    ));
#8346 = CARTESIAN_POINT('',(3.333493690645,5.261999678959,
    15.507684434604));
#8347 = CARTESIAN_POINT('',(3.333493649056,5.230000848731,
    16.000000066216));
#8348 = ADVANCED_FACE('',(#8349),#8473,.T.);
#8349 = FACE_BOUND('',#8350,.T.);
#8350 = EDGE_LOOP('',(#8351,#8367,#8471,#8472));
#8351 = ORIENTED_EDGE('',*,*,#8352,.F.);
#8352 = EDGE_CURVE('',#8353,#7893,#8355,.T.);
#8353 = VERTEX_POINT('',#8354);
#8354 = CARTESIAN_POINT('',(1.826145819502,5.69,15.700192934462));
#8355 = ( BOUNDED_CURVE() B_SPLINE_CURVE(10,(#8356,#8357,#8358,#8359,
    #8360,#8361,#8362,#8363,#8364,#8365,#8366),.UNSPECIFIED.,.F.,.F.) 
B_SPLINE_CURVE_WITH_KNOTS((11,11),(0.,6.295904828089),
.PIECEWISE_BEZIER_KNOTS.) CURVE() GEOMETRIC_REPRESENTATION_ITEM() 
RATIONAL_B_SPLINE_CURVE((1.056590953773,1.056590953773,1.056590953773,
    1.056590953773,1.056590953774,1.056590953773,1.056590953774,
    1.056590953773,1.056590953773,1.056590953773,1.056590953773)) 
REPRESENTATION_ITEM('') );
#8356 = CARTESIAN_POINT('',(3.333493649054,5.87,16.));
#8357 = CARTESIAN_POINT('',(3.333493649054,5.838001169772,
    16.492315631612));
#8358 = CARTESIAN_POINT('',(2.989866361178,5.806022382677,
    16.984300987207));
#8359 = CARTESIAN_POINT('',(2.301975140604,5.773938452343,
    17.206235528489));
#8360 = CARTESIAN_POINT('',(1.51601036875,5.742063943191,16.895227694214
    ));
#8361 = CARTESIAN_POINT('',(1.100320945917,5.710000424366,
    15.999999938643));
#8362 = CARTESIAN_POINT('',(1.516010444244,5.677936905541,
    15.104772218549));
#8363 = CARTESIAN_POINT('',(2.301975242688,5.646062396387,
    14.793764450487));
#8364 = CARTESIAN_POINT('',(2.989866444335,5.613978466054,15.01569904998
    ));
#8365 = CARTESIAN_POINT('',(3.333493690645,5.581999678959,
    15.507684434604));
#8366 = CARTESIAN_POINT('',(3.333493649056,5.550000848731,
    16.000000066216));
#8367 = ORIENTED_EDGE('',*,*,#8368,.F.);
#8368 = EDGE_CURVE('',#7942,#8353,#8369,.T.);
#8369 = B_SPLINE_CURVE_WITH_KNOTS('',4,(#8370,#8371,#8372,#8373,#8374,
    #8375,#8376,#8377,#8378,#8379,#8380,#8381,#8382,#8383,#8384,#8385,
    #8386,#8387,#8388,#8389,#8390,#8391,#8392,#8393,#8394,#8395,#8396,
    #8397,#8398,#8399,#8400,#8401,#8402,#8403,#8404,#8405,#8406,#8407,
    #8408,#8409,#8410,#8411,#8412,#8413,#8414,#8415,#8416,#8417,#8418,
    #8419,#8420,#8421,#8422,#8423,#8424,#8425,#8426,#8427,#8428,#8429,
    #8430,#8431,#8432,#8433,#8434,#8435,#8436,#8437,#8438,#8439,#8440,
    #8441,#8442,#8443,#8444,#8445,#8446,#8447,#8448,#8449,#8450,#8451,
    #8452,#8453,#8454,#8455,#8456,#8457,#8458,#8459,#8460,#8461,#8462,
    #8463,#8464,#8465,#8466,#8467,#8468,#8469,#8470),.UNSPECIFIED.,.F.,
  .F.,(5,3,3,3,3,3,3,3,3,3,3,3,3,3,3,3,3,3,3,3,3,3,3,3,3,3,3,3,3,3,3,3,3
    ,5),(0.,3.371503448393E-02,6.630142266512E-02,9.777116243301E-02,
    0.128151313883,0.157486089536,0.185839136116,0.213295786422,
    0.239964836678,0.265979123853,0.291493956821,0.316682533653,
    0.341728102786,0.36681375522,0.392111808932,0.417775007178,
    0.443930976778,0.470680148518,0.498096395869,0.526229321858,
    0.555107263656,0.58474039719,0.61512361346,0.646239036217,
    0.678058162347,0.710543658761,0.743650868001,0.777329076135,
    0.811522590649,0.846171668032,0.881213322786,0.916582042764,
    0.952210430077,1.),.UNSPECIFIED.);
#8370 = CARTESIAN_POINT('',(3.257104079346,5.69,15.292924688579));
#8371 = CARTESIAN_POINT('',(3.245733359182,5.69,15.283812198672));
#8372 = CARTESIAN_POINT('',(3.234085810605,5.69,15.27484269019));
#8373 = CARTESIAN_POINT('',(3.222155170171,5.69,15.266026577897));
#8374 = CARTESIAN_POINT('',(3.198124474788,5.69,15.249015730124));
#8375 = CARTESIAN_POINT('',(3.186043487202,5.69,15.240810091916));
#8376 = CARTESIAN_POINT('',(3.173686746975,5.69,15.232770741002));
#8377 = CARTESIAN_POINT('',(3.148844920375,5.69,15.21732094176));
#8378 = CARTESIAN_POINT('',(3.136378777971,5.69,15.209898399879));
#8379 = CARTESIAN_POINT('',(3.123646402173,5.69,15.202655716437));
#8380 = CARTESIAN_POINT('',(3.098093037987,5.69,15.188802942992));
#8381 = CARTESIAN_POINT('',(3.085290427833,5.69,15.18217964575));
#8382 = CARTESIAN_POINT('',(3.072233944504,5.69,15.175750402416));
#8383 = CARTESIAN_POINT('',(3.046069939119,5.69,15.16352435902));
#8384 = CARTESIAN_POINT('',(3.032979689804,5.69,15.157713414556));
#8385 = CARTESIAN_POINT('',(3.019651566758,5.69,15.152111197008));
#8386 = CARTESIAN_POINT('',(2.992978748716,5.69,15.141535300006));
#8387 = CARTESIAN_POINT('',(2.979649599283,5.69,15.136546854036));
#8388 = CARTESIAN_POINT('',(2.966103126606,5.69,15.131781998973));
#8389 = CARTESIAN_POINT('',(2.939023930112,5.69,15.122873392475));
#8390 = CARTESIAN_POINT('',(2.92550437246,5.69,15.118714745969));
#8391 = CARTESIAN_POINT('',(2.911793534103,5.69,15.114794260376));
#8392 = CARTESIAN_POINT('',(2.884410741093,5.69,15.107563853226));
#8393 = CARTESIAN_POINT('',(2.870748995268,5.69,15.104239605828));
#8394 = CARTESIAN_POINT('',(2.856928291077,5.69,15.101167058573));
#8395 = CARTESIAN_POINT('',(2.829344853014,5.69,15.095619561641));
#8396 = CARTESIAN_POINT('',(2.815589031668,5.69,15.093131742013));
#8397 = CARTESIAN_POINT('',(2.801713183497,5.69,15.090907130155));
#8398 = CARTESIAN_POINT('',(2.774032088188,5.69,15.087041063149));
#8399 = CARTESIAN_POINT('',(2.760230553058,5.69,15.085389180066));
#8400 = CARTESIAN_POINT('',(2.746354015088,5.69,15.084008801075));
#8401 = CARTESIAN_POINT('',(2.718678087666,5.69,15.081816446719));
#8402 = CARTESIAN_POINT('',(2.704879881581,5.69,15.080997391342));
#8403 = CARTESIAN_POINT('',(2.691056120227,5.69,15.080453794011));
#8404 = CARTESIAN_POINT('',(2.663487598364,5.69,15.07992112089));
#8405 = CARTESIAN_POINT('',(2.649742707004,5.69,15.079928904861));
#8406 = CARTESIAN_POINT('',(2.636023351854,5.69,15.080211012102));
#8407 = CARTESIAN_POINT('',(2.608663150968,5.69,15.081317648129));
#8408 = CARTESIAN_POINT('',(2.595022346801,5.69,15.082143066538));
#8409 = CARTESIAN_POINT('',(2.58145647562,5.69,15.083236512619));
#8410 = CARTESIAN_POINT('',(2.55440326877,5.69,15.08595586481));
#8411 = CARTESIAN_POINT('',(2.540917493076,5.69,15.087586245732));
#8412 = CARTESIAN_POINT('',(2.527551330251,5.69,15.089473853563));
#8413 = CARTESIAN_POINT('',(2.500900729916,5.69,15.09377339641));
#8414 = CARTESIAN_POINT('',(2.487620233356,5.69,15.096192557578));
#8415 = CARTESIAN_POINT('',(2.474497331813,5.69,15.098854794606));
#8416 = CARTESIAN_POINT('',(2.448341392772,5.69,15.104696450329));
#8417 = CARTESIAN_POINT('',(2.435314941785,5.69,15.107884861968));
#8418 = CARTESIAN_POINT('',(2.422476653899,5.69,15.11130014259));
#8419 = CARTESIAN_POINT('',(2.396903691639,5.69,15.1186406494));
#8420 = CARTESIAN_POINT('',(2.384178020277,5.69,15.122575713165));
#8421 = CARTESIAN_POINT('',(2.371663973186,5.69,15.126720523958));
#8422 = CARTESIAN_POINT('',(2.346758538534,5.69,15.135511739992));
#8423 = CARTESIAN_POINT('',(2.334378051076,5.69,15.140168089759));
#8424 = CARTESIAN_POINT('',(2.322226443693,5.69,15.145016999216));
#8425 = CARTESIAN_POINT('',(2.298069300284,5.69,15.155206150875));
#8426 = CARTESIAN_POINT('',(2.286075941522,5.69,15.16055592424));
#8427 = CARTESIAN_POINT('',(2.274323628988,5.69,15.166081556044));
#8428 = CARTESIAN_POINT('',(2.250991664008,5.69,15.177611464342));
#8429 = CARTESIAN_POINT('',(2.239424871861,5.69,15.183624533606));
#8430 = CARTESIAN_POINT('',(2.228107290854,5.69,15.189797556912));
#8431 = CARTESIAN_POINT('',(2.205673358197,5.69,15.202606869854));
#8432 = CARTESIAN_POINT('',(2.194570044213,5.69,15.209251040501));
#8433 = CARTESIAN_POINT('',(2.183721051124,5.69,15.216040199346));
#8434 = CARTESIAN_POINT('',(2.162253773692,5.69,15.230063643999));
#8435 = CARTESIAN_POINT('',(2.151648305749,5.69,15.237304832783));
#8436 = CARTESIAN_POINT('',(2.141299983623,5.69,15.244677016444));
#8437 = CARTESIAN_POINT('',(2.120863542185,5.69,15.259845673635));
#8438 = CARTESIAN_POINT('',(2.110787720936,5.69,15.267648076106));
#8439 = CARTESIAN_POINT('',(2.100970188573,5.69,15.275568423574));
#8440 = CARTESIAN_POINT('',(2.081624116289,5.69,15.29181002297));
#8441 = CARTESIAN_POINT('',(2.072107145001,5.69,15.300136276874));
#8442 = CARTESIAN_POINT('',(2.062848384377,5.69,15.308568306811));
#8443 = CARTESIAN_POINT('',(2.044647377886,5.69,15.325807538564));
#8444 = CARTESIAN_POINT('',(2.035715828264,5.69,15.334618886779));
#8445 = CARTESIAN_POINT('',(2.027041536129,5.69,15.343524645407));
#8446 = CARTESIAN_POINT('',(2.010035288584,5.69,15.361683484622));
#8447 = CARTESIAN_POINT('',(2.001713065784,5.69,15.370939939445));
#8448 = CARTESIAN_POINT('',(1.99364653011,5.69,15.380280160611));
#8449 = CARTESIAN_POINT('',(1.977879588392,5.69,15.399278201445));
#8450 = CARTESIAN_POINT('',(1.970187898126,5.69,15.408938710917));
#8451 = CARTESIAN_POINT('',(1.962749897888,5.69,15.41867298419));
#8452 = CARTESIAN_POINT('',(1.948261544679,5.69,15.438427780935));
#8453 = CARTESIAN_POINT('',(1.941218864782,5.69,15.448450397216));
#8454 = CARTESIAN_POINT('',(1.934427590881,5.69,15.458537341084));
#8455 = CARTESIAN_POINT('',(1.921251751575,5.69,15.478964754033));
#8456 = CARTESIAN_POINT('',(1.914873809814,5.69,15.489306803475));
#8457 = CARTESIAN_POINT('',(1.908744805046,5.69,15.499704241543));
#8458 = CARTESIAN_POINT('',(1.896909979136,5.69,15.520718785696));
#8459 = CARTESIAN_POINT('',(1.891209738604,5.69,15.53133704006));
#8460 = CARTESIAN_POINT('',(1.885755854805,5.69,15.542002178696));
#8461 = CARTESIAN_POINT('',(1.875285071344,5.69,15.563517373594));
#8462 = CARTESIAN_POINT('',(1.870272724362,5.69,15.574368221726));
#8463 = CARTESIAN_POINT('',(1.865504095224,5.69,15.585257827949));
#8464 = CARTESIAN_POINT('',(1.856414891842,5.69,15.607186547016));
#8465 = CARTESIAN_POINT('',(1.852097863013,5.69,15.618226166285));
#8466 = CARTESIAN_POINT('',(1.848021891347,5.69,15.629296744914));
#8467 = CARTESIAN_POINT('',(1.839037014432,5.69,15.655280092425));
#8468 = CARTESIAN_POINT('',(1.834318684563,5.69,15.670214499811));
#8469 = CARTESIAN_POINT('',(1.83002315711,5.69,15.685188306433));
#8470 = CARTESIAN_POINT('',(1.826145819502,5.69,15.700192934462));
#8471 = ORIENTED_EDGE('',*,*,#7941,.T.);
#8472 = ORIENTED_EDGE('',*,*,#7908,.F.);
#8473 = B_SPLINE_SURFACE_WITH_KNOTS('',1,10,(
    (#8474,#8475,#8476,#8477,#8478,#8479,#8480,#8481,#8482,#8483,#8484)
    ,(#8485,#8486,#8487,#8488,#8489,#8490,#8491,#8492,#8493,#8494,#8495
    )),.UNSPECIFIED.,.F.,.F.,.F.,(2,2),(11,11),(0.,0.25),(0.,
    6.295904828089),.PIECEWISE_BEZIER_KNOTS.);
#8474 = CARTESIAN_POINT('',(3.333493649054,5.87,16.));
#8475 = CARTESIAN_POINT('',(3.333493649054,5.838001169772,
    16.492315631612));
#8476 = CARTESIAN_POINT('',(2.989866361178,5.806022382677,
    16.984300987207));
#8477 = CARTESIAN_POINT('',(2.301975140604,5.773938452343,
    17.206235528488));
#8478 = CARTESIAN_POINT('',(1.51601036875,5.742063943191,16.895227694214
    ));
#8479 = CARTESIAN_POINT('',(1.100320945918,5.710000424366,
    15.999999938643));
#8480 = CARTESIAN_POINT('',(1.516010444244,5.677936905541,
    15.104772218549));
#8481 = CARTESIAN_POINT('',(2.301975242688,5.646062396387,
    14.793764450487));
#8482 = CARTESIAN_POINT('',(2.989866444335,5.613978466054,
    15.015699049979));
#8483 = CARTESIAN_POINT('',(3.333493690645,5.581999678959,
    15.507684434604));
#8484 = CARTESIAN_POINT('',(3.333493649056,5.550000848731,
    16.000000066216));
#8485 = CARTESIAN_POINT('',(3.55,5.97,16.));
#8486 = CARTESIAN_POINT('',(3.55000077282,5.938000098921,16.628321417394
    ));
#8487 = CARTESIAN_POINT('',(3.111457906599,5.906001892771,17.25660067204
    ));
#8488 = CARTESIAN_POINT('',(2.233279050168,5.873994795238,17.53887055838
    ));
#8489 = CARTESIAN_POINT('',(1.230577811371,5.842005407442,
    17.143275761891));
#8490 = CARTESIAN_POINT('',(0.699402440984,5.810000035628,
    15.999988241194));
#8491 = CARTESIAN_POINT('',(1.23049188058,5.77799466474,14.85674157273)
  );
#8492 = CARTESIAN_POINT('',(2.23336183322,5.746005276336,14.461122793477
    ));
#8493 = CARTESIAN_POINT('',(3.111429145582,5.713998179044,
    14.743400409936));
#8494 = CARTESIAN_POINT('',(3.549999791419,5.681999972853,
    15.371678588205));
#8495 = CARTESIAN_POINT('',(3.550000560722,5.650000071771,
    16.000000005599));
#8496 = ADVANCED_FACE('',(#8497),#8503,.T.);
#8497 = FACE_BOUND('',#8498,.T.);
#8498 = EDGE_LOOP('',(#8499,#8500,#8501,#8502));
#8499 = ORIENTED_EDGE('',*,*,#7649,.F.);
#8500 = ORIENTED_EDGE('',*,*,#8214,.T.);
#8501 = ORIENTED_EDGE('',*,*,#8245,.T.);
#8502 = ORIENTED_EDGE('',*,*,#7435,.F.);
#8503 = B_SPLINE_SURFACE_WITH_KNOTS('',1,10,(
    (#8504,#8505,#8506,#8507,#8508,#8509,#8510,#8511,#8512,#8513,#8514)
    ,(#8515,#8516,#8517,#8518,#8519,#8520,#8521,#8522,#8523,#8524,#8525
    )),.UNSPECIFIED.,.F.,.F.,.F.,(2,2),(11,11),(0.,0.25),(0.,
    6.295904828089),.PIECEWISE_BEZIER_KNOTS.);
#8504 = CARTESIAN_POINT('',(3.55,5.37,16.));
#8505 = CARTESIAN_POINT('',(3.549998608924,5.338000098921,
    16.628320924264));
#8506 = CARTESIAN_POINT('',(3.111417190516,5.306001892784,
    17.256598174373));
#8507 = CARTESIAN_POINT('',(2.233395183283,5.27399479531,17.53887865721)
  );
#8508 = CARTESIAN_POINT('',(1.230458534405,5.242005407079,
    17.143250583753));
#8509 = CARTESIAN_POINT('',(0.699403894636,5.21000003635,16.000021151322
    ));
#8510 = CARTESIAN_POINT('',(1.230613227701,5.177994663955,
    14.856718193276));
#8511 = CARTESIAN_POINT('',(2.233246197964,5.146005276818,
    14.461133304468));
#8512 = CARTESIAN_POINT('',(3.111468980035,5.11399817891,14.743399886875
    ));
#8513 = CARTESIAN_POINT('',(3.550000385294,5.081999972848,
    15.371679081335));
#8514 = CARTESIAN_POINT('',(3.549998990701,5.050000071774,16.0000000056)
  );
#8515 = CARTESIAN_POINT('',(3.333493649054,5.47,16.));
#8516 = CARTESIAN_POINT('',(3.333493030798,5.438001169772,
    16.492315490718));
#8517 = CARTESIAN_POINT('',(2.989854728012,5.406022382681,
    16.984300273588));
#8518 = CARTESIAN_POINT('',(2.302008321494,5.373938452364,
    17.206237842439));
#8519 = CARTESIAN_POINT('',(1.515976289616,5.342063943087,
    16.895220500461));
#8520 = CARTESIAN_POINT('',(1.100321361247,5.310000424572,
    16.000009341537));
#8521 = CARTESIAN_POINT('',(1.51604511485,5.277936905316,15.104765538705
    ));
#8522 = CARTESIAN_POINT('',(2.301942204044,5.246062396525,
    14.793767453628));
#8523 = CARTESIAN_POINT('',(2.989877825607,5.213978466016,
    15.015698900533));
#8524 = CARTESIAN_POINT('',(3.333493860324,5.181999678958,
    15.507684575498));
#8525 = CARTESIAN_POINT('',(3.333493200479,5.150000848732,
    16.000000066216));
#8526 = ADVANCED_FACE('',(#8527),#8636,.T.);
#8527 = FACE_BOUND('',#8528,.T.);
#8528 = EDGE_LOOP('',(#8529,#8530,#8634,#8635));
#8529 = ORIENTED_EDGE('',*,*,#8198,.F.);
#8530 = ORIENTED_EDGE('',*,*,#8531,.F.);
#8531 = EDGE_CURVE('',#8353,#8093,#8532,.T.);
#8532 = B_SPLINE_CURVE_WITH_KNOTS('',4,(#8533,#8534,#8535,#8536,#8537,
    #8538,#8539,#8540,#8541,#8542,#8543,#8544,#8545,#8546,#8547,#8548,
    #8549,#8550,#8551,#8552,#8553,#8554,#8555,#8556,#8557,#8558,#8559,
    #8560,#8561,#8562,#8563,#8564,#8565,#8566,#8567,#8568,#8569,#8570,
    #8571,#8572,#8573,#8574,#8575,#8576,#8577,#8578,#8579,#8580,#8581,
    #8582,#8583,#8584,#8585,#8586,#8587,#8588,#8589,#8590,#8591,#8592,
    #8593,#8594,#8595,#8596,#8597,#8598,#8599,#8600,#8601,#8602,#8603,
    #8604,#8605,#8606,#8607,#8608,#8609,#8610,#8611,#8612,#8613,#8614,
    #8615,#8616,#8617,#8618,#8619,#8620,#8621,#8622,#8623,#8624,#8625,
    #8626,#8627,#8628,#8629,#8630,#8631,#8632,#8633),.UNSPECIFIED.,.F.,
  .F.,(5,3,3,3,3,3,3,3,3,3,3,3,3,3,3,3,3,3,3,3,3,3,3,3,3,3,3,3,3,3,3,3,3
    ,5),(0.,1.755548475168E-02,3.657088054935E-02,5.692303921264E-02,
    7.849224498644E-02,0.101168508105,0.124857421524,0.149485202639,
    0.175002310068,0.201384901352,0.228633473474,0.256768377794,
    0.2858224897,0.315831951862,0.346826328931,0.378819532599,
    0.411802532199,0.445738356805,0.480559433737,0.516167009365,
    0.552432265851,0.589198729546,0.626285605438,0.663491727669,
    0.700599869564,0.737381201863,0.773599725841,0.809016541409,
    0.843393842003,0.876498559978,0.90810561972,0.938000792039,
    0.965983184428,1.),.UNSPECIFIED.);
#8533 = CARTESIAN_POINT('',(1.826145819502,5.69,15.700192934462));
#8534 = CARTESIAN_POINT('',(1.824671665032,5.69,15.705897658674));
#8535 = CARTESIAN_POINT('',(1.823211430317,5.69,15.711622657371));
#8536 = CARTESIAN_POINT('',(1.821771543871,5.69,15.717370018934));
#8537 = CARTESIAN_POINT('',(1.818823133132,5.69,15.729391641573));
#8538 = CARTESIAN_POINT('',(1.817318910329,5.69,15.735669976371));
#8539 = CARTESIAN_POINT('',(1.815848919876,5.69,15.741977334457));
#8540 = CARTESIAN_POINT('',(1.812884563701,5.69,15.755096560249));
#8541 = CARTESIAN_POINT('',(1.811395778485,5.69,15.761912729388));
#8542 = CARTESIAN_POINT('',(1.809955552645,5.69,15.768763336041));
#8543 = CARTESIAN_POINT('',(1.807096818951,5.69,15.782944389671));
#8544 = CARTESIAN_POINT('',(1.805684776349,5.69,15.790279038703));
#8545 = CARTESIAN_POINT('',(1.804336100679,5.69,15.797651534472));
#8546 = CARTESIAN_POINT('',(1.801707192191,5.69,15.81284952244));
#8547 = CARTESIAN_POINT('',(1.800434032999,5.69,15.820678848896));
#8548 = CARTESIAN_POINT('',(1.799239424346,5.69,15.828546658966));
#8549 = CARTESIAN_POINT('',(1.796964904871,5.69,15.844706461657));
#8550 = CARTESIAN_POINT('',(1.79589250042,5.69,15.853001714023));
#8551 = CARTESIAN_POINT('',(1.794913947709,5.69,15.861332579972));
#8552 = CARTESIAN_POINT('',(1.793116334074,5.69,15.87838799619));
#8553 = CARTESIAN_POINT('',(1.792305129491,5.69,15.887115075311));
#8554 = CARTESIAN_POINT('',(1.791602773939,5.69,15.895870777648));
#8555 = CARTESIAN_POINT('',(1.790400027676,5.69,15.913743985136));
#8556 = CARTESIAN_POINT('',(1.789907842267,5.69,15.922863157265));
#8557 = CARTESIAN_POINT('',(1.789538624263,5.69,15.931999479676));
#8558 = CARTESIAN_POINT('',(1.789041588481,5.69,15.950600877971));
#8559 = CARTESIAN_POINT('',(1.788922380732,5.69,15.960066621879));
#8560 = CARTESIAN_POINT('',(1.788938696511,5.69,15.969533596337));
#8561 = CARTESIAN_POINT('',(1.789248538956,5.69,15.988762102103));
#8562 = CARTESIAN_POINT('',(1.789551149034,5.69,15.998523137048));
#8563 = CARTESIAN_POINT('',(1.789999574684,5.69,16.008265581544));
#8564 = CARTESIAN_POINT('',(1.791205318236,5.69,16.028009437044));
#8565 = CARTESIAN_POINT('',(1.791972217713,5.69,16.03800900012));
#8566 = CARTESIAN_POINT('',(1.792892363593,5.69,16.047967317084));
#8567 = CARTESIAN_POINT('',(1.795068604196,5.69,16.068105434527));
#8568 = CARTESIAN_POINT('',(1.796334708105,5.69,16.078281871861));
#8569 = CARTESIAN_POINT('',(1.797758255844,5.69,16.088393030656));
#8570 = CARTESIAN_POINT('',(1.800963173358,5.69,16.108796830337));
#8571 = CARTESIAN_POINT('',(1.802754790026,5.69,16.119084523981));
#8572 = CARTESIAN_POINT('',(1.804704738253,5.69,16.129283131997));
#8573 = CARTESIAN_POINT('',(1.808978489949,5.69,16.14981876814));
#8574 = CARTESIAN_POINT('',(1.811312484229,5.69,16.160149355401));
#8575 = CARTESIAN_POINT('',(1.813802601732,5.69,16.170368744782));
#8576 = CARTESIAN_POINT('',(1.819166157275,5.69,16.190899583702));
#8577 = CARTESIAN_POINT('',(1.822049380611,5.69,16.201203374237));
#8578 = CARTESIAN_POINT('',(1.825083852953,5.69,16.211376679281));
#8579 = CARTESIAN_POINT('',(1.831538299412,5.69,16.231765907609));
#8580 = CARTESIAN_POINT('',(1.83496730869,5.69,16.241973389598));
#8581 = CARTESIAN_POINT('',(1.838540570149,5.69,16.252034628322));
#8582 = CARTESIAN_POINT('',(1.846066896584,5.69,16.272147900422));
#8583 = CARTESIAN_POINT('',(1.850027958308,5.69,16.282191244625));
#8584 = CARTESIAN_POINT('',(1.854124714345,5.69,16.292076424257));
#8585 = CARTESIAN_POINT('',(1.862684075829,5.69,16.311784479539));
#8586 = CARTESIAN_POINT('',(1.867153438406,5.69,16.321598976894));
#8587 = CARTESIAN_POINT('',(1.87174889164,5.69,16.33124722244));
#8588 = CARTESIAN_POINT('',(1.88128334377,5.69,16.350428406085));
#8589 = CARTESIAN_POINT('',(1.886227755049,5.69,16.359953794618));
#8590 = CARTESIAN_POINT('',(1.891288044452,5.69,16.369308471705));
#8591 = CARTESIAN_POINT('',(1.901721726397,5.69,16.387851085044));
#8592 = CARTESIAN_POINT('',(1.907099170396,5.69,16.397032732001));
#8593 = CARTESIAN_POINT('',(1.91258202192,5.69,16.406042515609));
#8594 = CARTESIAN_POINT('',(1.923822749074,5.69,16.423846916678));
#8595 = CARTESIAN_POINT('',(1.929583371951,5.69,16.432636826114));
#8596 = CARTESIAN_POINT('',(1.93543894454,5.69,16.44125666027));
#8597 = CARTESIAN_POINT('',(1.947380154064,5.69,16.45823703708));
#8598 = CARTESIAN_POINT('',(1.953467344605,5.69,16.466594656346));
#8599 = CARTESIAN_POINT('',(1.959639242595,5.69,16.474786553955));
#8600 = CARTESIAN_POINT('',(1.972162219723,5.69,16.490872303332));
#8601 = CARTESIAN_POINT('',(1.978513804975,5.69,16.498765106542));
#8602 = CARTESIAN_POINT('',(1.984940218321,5.69,16.506498748757));
#8603 = CARTESIAN_POINT('',(1.997916520143,5.69,16.521635409921));
#8604 = CARTESIAN_POINT('',(2.004466033392,5.69,16.5290392431));
#8605 = CARTESIAN_POINT('',(2.011080961373,5.69,16.53629235049));
#8606 = CARTESIAN_POINT('',(2.024374948855,5.69,16.550442062198));
#8607 = CARTESIAN_POINT('',(2.031052925731,5.69,16.557341242968));
#8608 = CARTESIAN_POINT('',(2.037787437534,5.69,16.56409970392));
#8609 = CARTESIAN_POINT('',(2.051258825852,5.69,16.577241174781));
#8610 = CARTESIAN_POINT('',(2.057994085238,5.69,16.583628348317));
#8611 = CARTESIAN_POINT('',(2.06477757175,5.69,16.589886102515));
#8612 = CARTESIAN_POINT('',(2.078283913392,5.69,16.602014104269));
#8613 = CARTESIAN_POINT('',(2.085004783034,5.69,16.607889865964));
#8614 = CARTESIAN_POINT('',(2.091766157634,5.69,16.613648551829));
#8615 = CARTESIAN_POINT('',(2.105165181562,5.69,16.624772963737));
#8616 = CARTESIAN_POINT('',(2.111800633582,5.69,16.63014526697));
#8617 = CARTESIAN_POINT('',(2.11846944538,5.69,16.635413651245));
#8618 = CARTESIAN_POINT('',(2.131621188061,5.69,16.645558099395));
#8619 = CARTESIAN_POINT('',(2.138101856597,5.69,16.650441473362));
#8620 = CARTESIAN_POINT('',(2.144609286785,5.69,16.65523468847));
#8621 = CARTESIAN_POINT('',(2.157377966164,5.69,16.664434836152));
#8622 = CARTESIAN_POINT('',(2.163637027626,5.69,16.668849443689));
#8623 = CARTESIAN_POINT('',(2.169916747913,5.69,16.673188063884));
#8624 = CARTESIAN_POINT('',(2.182172348406,5.69,16.681489617983));
#8625 = CARTESIAN_POINT('',(2.188146253999,5.69,16.685460186394));
#8626 = CARTESIAN_POINT('',(2.194135134919,5.69,16.689369177176));
#8627 = CARTESIAN_POINT('',(2.205754689206,5.69,16.69682568078));
#8628 = CARTESIAN_POINT('',(2.211383748959,5.69,16.700380339916));
#8629 = CARTESIAN_POINT('',(2.217022414722,5.69,16.703887916633));
#8630 = CARTESIAN_POINT('',(2.229531874039,5.69,16.711565479956));
#8631 = CARTESIAN_POINT('',(2.23640605715,5.69,16.715715298794));
#8632 = CARTESIAN_POINT('',(2.243287001633,5.69,16.719810537773));
#8633 = CARTESIAN_POINT('',(2.250167256058,5.69,16.723865699395));
#8634 = ORIENTED_EDGE('',*,*,#8352,.T.);
#8635 = ORIENTED_EDGE('',*,*,#8259,.F.);
#8636 = ( BOUNDED_SURFACE() B_SPLINE_SURFACE(6,10,(
    (#8637,#8638,#8639,#8640,#8641,#8642,#8643,#8644,#8645,#8646,#8647)
    ,(#8648,#8649,#8650,#8651,#8652,#8653,#8654,#8655,#8656,#8657,#8658)
    ,(#8659,#8660,#8661,#8662,#8663,#8664,#8665,#8666,#8667,#8668,#8669)
    ,(#8670,#8671,#8672,#8673,#8674,#8675,#8676,#8677,#8678,#8679,#8680)
    ,(#8681,#8682,#8683,#8684,#8685,#8686,#8687,#8688,#8689,#8690,#8691)
    ,(#8692,#8693,#8694,#8695,#8696,#8697,#8698,#8699,#8700,#8701,#8702)
    ,(#8703,#8704,#8705,#8706,#8707,#8708,#8709,#8710,#8711,#8712,#8713
)),.UNSPECIFIED.,.F.,.F.,.F.) B_SPLINE_SURFACE_WITH_KNOTS((7,7),(11,11),
  (0.,2.094395102393),(0.,6.295904828089),.PIECEWISE_BEZIER_KNOTS.) 
GEOMETRIC_REPRESENTATION_ITEM() RATIONAL_B_SPLINE_SURFACE((
    (1.056590953773,1.056590953773,1.056590953773,1.056590953773
      ,1.056590953774,1.056590953773,1.056590953774,1.056590953773
      ,1.056590953773,1.056590953773,1.056590953773)
    ,(1.017435169568,1.017435169568,1.017435169568,1.017435169568
      ,1.017435169569,1.017435169568,1.017435169569,1.017435169568
      ,1.017435169568,1.017435169568,1.017435169568)
    ,(0.996326512422,0.996326512422,0.996326512422,0.996326512422
      ,0.996326512423,0.996326512422,0.996326512423,0.996326512422
      ,0.996326512422,0.996326512422,0.996326512422)
    ,(0.989390034249,0.989390034249,0.989390034249,0.989390034248
      ,0.989390034249,0.989390034248,0.989390034249,0.989390034248
      ,0.989390034249,0.989390034249,0.989390034249)
    ,(0.996326512422,0.996326512422,0.996326512422,0.996326512422
      ,0.996326512423,0.996326512422,0.996326512423,0.996326512422
      ,0.996326512422,0.996326512422,0.996326512422)
    ,(1.017435169568,1.017435169568,1.017435169568,1.017435169568
      ,1.017435169569,1.017435169568,1.017435169568,1.017435169568
      ,1.017435169568,1.017435169568,1.017435169568)
    ,(1.056590953773,1.056590953773,1.056590953773,1.056590953773
      ,1.056590953774,1.056590953773,1.056590953774,1.056590953773
      ,1.056590953773,1.056590953773,1.056590953773
))) REPRESENTATION_ITEM('') SURFACE() );
#8637 = CARTESIAN_POINT('',(3.333493649054,5.79,16.));
#8638 = CARTESIAN_POINT('',(3.333493030798,5.758001169772,
    16.492315490718));
#8639 = CARTESIAN_POINT('',(2.989854728012,5.726022382681,
    16.984300273588));
#8640 = CARTESIAN_POINT('',(2.302008321493,5.693938452364,17.20623784244
    ));
#8641 = CARTESIAN_POINT('',(1.515976289617,5.662063943087,
    16.895220500461));
#8642 = CARTESIAN_POINT('',(1.100321361246,5.630000424572,
    16.000009341537));
#8643 = CARTESIAN_POINT('',(1.516045114851,5.597936905316,
    15.104765538705));
#8644 = CARTESIAN_POINT('',(2.301942204043,5.566062396525,
    14.793767453628));
#8645 = CARTESIAN_POINT('',(2.989877825607,5.533978466016,
    15.015698900534));
#8646 = CARTESIAN_POINT('',(3.333493860324,5.501999678958,
    15.507684575498));
#8647 = CARTESIAN_POINT('',(3.333493200479,5.470000848732,
    16.000000066216));
#8648 = CARTESIAN_POINT('',(3.315369130164,5.798371356688,16.));
#8649 = CARTESIAN_POINT('',(3.315368576603,5.766372616105,
    16.480929990761));
#8650 = CARTESIAN_POINT('',(2.979678300677,5.734395454651,
    16.961505245059));
#8651 = CARTESIAN_POINT('',(2.307752172028,5.702305092383,
    17.178391293345));
#8652 = CARTESIAN_POINT('',(1.539877999314,5.670440200034,
    16.874457017495));
#8653 = CARTESIAN_POINT('',(1.133883592401,5.638371813759,
    16.000008352897));
#8654 = CARTESIAN_POINT('',(1.539939636225,5.606303426822,
    15.125530466747));
#8655 = CARTESIAN_POINT('',(2.307692991743,5.574438534907,14.82161344472
    ));
#8656 = CARTESIAN_POINT('',(2.979698996369,5.542348172468,
    15.038494022225));
#8657 = CARTESIAN_POINT('',(3.315369326866,5.510371011043,
    15.519070080529));
#8658 = CARTESIAN_POINT('',(3.315368728529,5.478372270462,16.00000007129
    ));
#8659 = CARTESIAN_POINT('',(3.302596729916,5.812540149093,16.));
#8660 = CARTESIAN_POINT('',(3.302596285855,5.780541471682,
    16.472906610974));
#8661 = CARTESIAN_POINT('',(2.972508145759,5.748565455819,16.94544159709
    ));
#8662 = CARTESIAN_POINT('',(2.311796450055,5.716470560935,
    17.158767511445));
#8663 = CARTESIAN_POINT('',(1.556725125135,5.684612445674,
    16.859825675329));
#8664 = CARTESIAN_POINT('',(1.157534949659,5.652540629045,
    16.000006684238));
#8665 = CARTESIAN_POINT('',(1.556774589864,5.620468811884,
    15.140164261352));
#8666 = CARTESIAN_POINT('',(2.311749003419,5.588610696971,
    14.841236283776));
#8667 = CARTESIAN_POINT('',(2.972524769857,5.55651580195,15.05455782506)
  );
#8668 = CARTESIAN_POINT('',(3.302596898812,5.52453978611,15.527093463892
    ));
#8669 = CARTESIAN_POINT('',(3.302596407729,5.492541108702,
    16.000000074866));
#8670 = CARTESIAN_POINT('',(3.297980253375,5.83,16.));
#8671 = CARTESIAN_POINT('',(3.297979944247,5.798001345422,
    16.470006649628));
#8672 = CARTESIAN_POINT('',(2.96991834785,5.766025743624,16.939635636833
    ));
#8673 = CARTESIAN_POINT('',(2.313253102703,5.733929210461,
    17.151674303798));
#8674 = CARTESIAN_POINT('',(1.562819633066,5.702073544742,
    16.854538409398));
#8675 = CARTESIAN_POINT('',(1.166083469565,5.67000048819,16.000004630877
    ));
#8676 = CARTESIAN_POINT('',(1.562854094766,5.63792743127,15.145454553467
    ));
#8677 = CARTESIAN_POINT('',(2.313220110349,5.606071765793,
    14.848328330567));
#8678 = CARTESIAN_POINT('',(2.969929950713,5.573975232534,
    15.060363974405));
#8679 = CARTESIAN_POINT('',(3.297980386052,5.541999630752,
    15.529993426531));
#8680 = CARTESIAN_POINT('',(3.297980029089,5.510000976176,
    16.000000076158));
#8681 = CARTESIAN_POINT('',(3.302596729916,5.847459850907,16.));
#8682 = CARTESIAN_POINT('',(3.302596555721,5.815461173497,
    16.472906672474));
#8683 = CARTESIAN_POINT('',(2.972513223593,5.783485157633,
    16.945441908582));
#8684 = CARTESIAN_POINT('',(2.31178196672,5.751390262742,17.158766501414
    ));
#8685 = CARTESIAN_POINT('',(1.55674000055,5.719532147534,16.859828815376
    ));
#8686 = CARTESIAN_POINT('',(1.157534768369,5.68746033077,16.000002579911
    ));
#8687 = CARTESIAN_POINT('',(1.556759456274,5.655388513797,
    15.140167177079));
#8688 = CARTESIAN_POINT('',(2.311763424664,5.623530398726,
    14.841234972916));
#8689 = CARTESIAN_POINT('',(2.972519801974,5.591435503782,
    15.054557890292));
#8690 = CARTESIAN_POINT('',(3.302596824748,5.559459487926,
    15.527093402393));
#8691 = CARTESIAN_POINT('',(3.302596603531,5.527460810516,
    16.000000074866));
#8692 = CARTESIAN_POINT('',(3.315369130164,5.861628643312,16.));
#8693 = CARTESIAN_POINT('',(3.315369065468,5.829629902729,
    16.480930102168));
#8694 = CARTESIAN_POINT('',(2.979687499209,5.797652741272,
    16.961505809329));
#8695 = CARTESIAN_POINT('',(2.307725935365,5.765562378991,
    17.178389463667));
#8696 = CARTESIAN_POINT('',(1.539904946232,5.733697486739,
    16.874462705711));
#8697 = CARTESIAN_POINT('',(1.133883263993,5.70162910022,16.000000917878
    ));
#8698 = CARTESIAN_POINT('',(1.539912221619,5.669560713624,
    15.125535748606));
#8699 = CARTESIAN_POINT('',(2.307719115931,5.637695821422,
    14.821611070089));
#8700 = CARTESIAN_POINT('',(2.979689997014,5.605605459122,
    15.038494140394));
#8701 = CARTESIAN_POINT('',(3.315369192698,5.573628297668,
    15.519069969122));
#8702 = CARTESIAN_POINT('',(3.315369083226,5.541629557086,16.00000007129
    ));
#8703 = CARTESIAN_POINT('',(3.333493649054,5.87,16.));
#8704 = CARTESIAN_POINT('',(3.333493649054,5.838001169772,
    16.492315631612));
#8705 = CARTESIAN_POINT('',(2.989866361178,5.806022382677,
    16.984300987207));
#8706 = CARTESIAN_POINT('',(2.301975140604,5.773938452343,
    17.206235528489));
#8707 = CARTESIAN_POINT('',(1.51601036875,5.742063943191,16.895227694214
    ));
#8708 = CARTESIAN_POINT('',(1.100320945917,5.710000424366,
    15.999999938643));
#8709 = CARTESIAN_POINT('',(1.516010444244,5.677936905541,
    15.104772218549));
#8710 = CARTESIAN_POINT('',(2.301975242688,5.646062396387,
    14.793764450487));
#8711 = CARTESIAN_POINT('',(2.989866444335,5.613978466054,15.01569904998
    ));
#8712 = CARTESIAN_POINT('',(3.333493690645,5.581999678959,
    15.507684434604));
#8713 = CARTESIAN_POINT('',(3.333493649056,5.550000848731,
    16.000000066216));
#8714 = ADVANCED_FACE('',(#8715),#8721,.F.);
#8715 = FACE_BOUND('',#8716,.F.);
#8716 = EDGE_LOOP('',(#8717,#8718,#8719,#8720));
#8717 = ORIENTED_EDGE('',*,*,#8531,.F.);
#8718 = ORIENTED_EDGE('',*,*,#8368,.F.);
#8719 = ORIENTED_EDGE('',*,*,#7957,.F.);
#8720 = ORIENTED_EDGE('',*,*,#8092,.T.);
#8721 = B_SPLINE_SURFACE_WITH_KNOTS('',1,1,(
    (#8722,#8723)
    ,(#8724,#8725
    )),.UNSPECIFIED.,.F.,.F.,.F.,(2,2),(2,2),(-0.461244875326,
    1.299833528953),(-1.643944578505,0.110306153776),
  .PIECEWISE_BEZIER_KNOTS.);
#8722 = CARTESIAN_POINT('',(1.788922380732,5.69,15.07992112089));
#8723 = CARTESIAN_POINT('',(1.788922380732,5.69,16.834171853171));
#8724 = CARTESIAN_POINT('',(3.550000785011,5.69,15.07992112089));
#8725 = CARTESIAN_POINT('',(3.550000785011,5.69,16.834171853171));
#8726 = ( GEOMETRIC_REPRESENTATION_CONTEXT(3) 
GLOBAL_UNCERTAINTY_ASSIGNED_CONTEXT((#8730)) 
GLOBAL_UNIT_ASSIGNED_CONTEXT((#8727,#8728,#8729)) REPRESENTATION_CONTEXT
('Context #1','3D Context with UNIT and UNCERTAINTY') );
#8727 = ( LENGTH_UNIT() NAMED_UNIT(*) SI_UNIT(.MILLI.,.METRE.) );
#8728 = ( NAMED_UNIT(*) PLANE_ANGLE_UNIT() SI_UNIT($,.RADIAN.) );
#8729 = ( NAMED_UNIT(*) SI_UNIT($,.STERADIAN.) SOLID_ANGLE_UNIT() );
#8730 = UNCERTAINTY_MEASURE_WITH_UNIT(LENGTH_MEASURE(2.E-06),#8727,
  'distance_accuracy_value','confusion accuracy');
#8731 = SHAPE_DEFINITION_REPRESENTATION(#8732,#3285);
#8732 = PRODUCT_DEFINITION_SHAPE('','',#8733);
#8733 = PRODUCT_DEFINITION('design','',#8734,#8737);
#8734 = PRODUCT_DEFINITION_FORMATION('','',#8735);
#8735 = PRODUCT('Screw','Screw','',(#8736));
#8736 = PRODUCT_CONTEXT('',#2,'mechanical');
#8737 = PRODUCT_DEFINITION_CONTEXT('part definition',#2,'design');
#8738 = CONTEXT_DEPENDENT_SHAPE_REPRESENTATION(#8739,#8741);
#8739 = ( REPRESENTATION_RELATIONSHIP('','',#3285,#10) 
REPRESENTATION_RELATIONSHIP_WITH_TRANSFORMATION(#8740) 
SHAPE_REPRESENTATION_RELATIONSHIP() );
#8740 = ITEM_DEFINED_TRANSFORMATION('','',#11,#27);
#8741 = PRODUCT_DEFINITION_SHAPE('Placement','Placement of an item',
  #8742);
#8742 = NEXT_ASSEMBLY_USAGE_OCCURRENCE('15','=>[0:1:1:4]','',#5,#8733,$
  );
#8743 = PRODUCT_RELATED_PRODUCT_CATEGORY('part',$,(#8735));
#8744 = ADVANCED_BREP_SHAPE_REPRESENTATION('',(#11,#8745),#10175);
#8745 = MANIFOLD_SOLID_BREP('',#8746);
#8746 = CLOSED_SHELL('',(#8747,#8834,#8890,#8942,#8994,#9027,#9061,#9095
    ,#9129,#9163,#9225,#9272,#9331,#9376,#9431,#9481,#9498,#9515,#9532,
    #9549,#9566,#9583,#9608,#9625,#9642,#9659,#9676,#9693,#9710,#9735,
    #9769,#9822,#9854,#10038));
#8747 = ADVANCED_FACE('',(#8748),#8829,.F.);
#8748 = FACE_BOUND('',#8749,.F.);
#8749 = EDGE_LOOP('',(#8750,#8769,#8778,#8793,#8801,#8810,#8818));
#8750 = ORIENTED_EDGE('',*,*,#8751,.T.);
#8751 = EDGE_CURVE('',#8752,#8754,#8756,.T.);
#8752 = VERTEX_POINT('',#8753);
#8753 = CARTESIAN_POINT('',(2.409999999962,5.680000000003,
    15.011314003341));
#8754 = VERTEX_POINT('',#8755);
#8755 = CARTESIAN_POINT('',(3.299956212922,5.42,15.991949971574));
#8756 = B_SPLINE_CURVE_WITH_KNOTS('',3,(#8757,#8758,#8759,#8760,#8761,
    #8762,#8763,#8764,#8765,#8766,#8767,#8768),.UNSPECIFIED.,.F.,.F.,(4,
    2,2,2,2,4),(3.622E-14,3.812505384528E-04,5.718758076611E-04,
    7.625010768693E-04,1.143751615286E-03,1.525002153702E-03),
  .UNSPECIFIED.);
#8757 = CARTESIAN_POINT('',(2.409999999962,5.680000000003,
    15.011314003341));
#8758 = CARTESIAN_POINT('',(2.537400409256,5.660317240114,
    15.011893255495));
#8759 = CARTESIAN_POINT('',(2.662047633789,5.639874020169,
    15.037457374029));
#8760 = CARTESIAN_POINT('',(2.836803556879,5.609243250078,
    15.110753812683));
#8761 = CARTESIAN_POINT('',(2.892023352468,5.599221541082,
    15.140583171533));
#8762 = CARTESIAN_POINT('',(2.996493695546,5.579636074725,
    15.210894892462));
#8763 = CARTESIAN_POINT('',(3.046173074095,5.570142131102,
    15.251783747976));
#8764 = CARTESIAN_POINT('',(3.176026362201,5.539234181692,
    15.388321884583));
#8765 = CARTESIAN_POINT('',(3.241152450765,5.515965025255,
    15.500033318098));
#8766 = CARTESIAN_POINT('',(3.313746335174,5.467909913649,
    15.739680359972));
#8767 = CARTESIAN_POINT('',(3.321909899104,5.443311729553,
    15.866992228721));
#8768 = CARTESIAN_POINT('',(3.299956212922,5.42,15.991949971574));
#8769 = ORIENTED_EDGE('',*,*,#8770,.T.);
#8770 = EDGE_CURVE('',#8754,#8771,#8773,.T.);
#8771 = VERTEX_POINT('',#8772);
#8772 = CARTESIAN_POINT('',(2.568688228788,5.42,15.260051005352));
#8773 = CIRCLE('',#8774,0.74);
#8774 = AXIS2_PLACEMENT_3D('',#8775,#8776,#8777);
#8775 = CARTESIAN_POINT('',(2.56,5.42,16.));
#8776 = DIRECTION('',(0.,1.,-2.22044604925E-16));
#8777 = DIRECTION('',(1.,0.,0.));
#8778 = ORIENTED_EDGE('',*,*,#8779,.T.);
#8779 = EDGE_CURVE('',#8771,#8780,#8782,.T.);
#8780 = VERTEX_POINT('',#8781);
#8781 = CARTESIAN_POINT('',(1.756330983371,5.483669016629,16.));
#8782 = B_SPLINE_CURVE_WITH_KNOTS('',3,(#8783,#8784,#8785,#8786,#8787,
    #8788,#8789,#8790,#8791,#8792),.UNSPECIFIED.,.F.,.F.,(4,2,2,2,4),(0.
    ,3.057727664699E-04,6.115455329398E-04,9.173182994097E-04,
    1.22309106588E-03),.UNSPECIFIED.);
#8783 = CARTESIAN_POINT('',(2.568688228788,5.42,15.260051005352));
#8784 = CARTESIAN_POINT('',(2.466039475384,5.425850351178,
    15.252994984242));
#8785 = CARTESIAN_POINT('',(2.362966216632,5.431560012571,
    15.267662901221));
#8786 = CARTESIAN_POINT('',(2.171795105931,5.44191822483,15.33658924708)
  );
#8787 = CARTESIAN_POINT('',(2.082765470864,5.446786023572,
    15.391325345863));
#8788 = CARTESIAN_POINT('',(1.933289721813,5.457549962463,
    15.528730442546));
#8789 = CARTESIAN_POINT('',(1.871709363303,5.463166604293,
    15.612801055474));
#8790 = CARTESIAN_POINT('',(1.785750542069,5.47390304193,15.797177639282
    ));
#8791 = CARTESIAN_POINT('',(1.761010877854,5.478989122146,
    15.897774336617));
#8792 = CARTESIAN_POINT('',(1.756330983371,5.483669016629,16.));
#8793 = ORIENTED_EDGE('',*,*,#8794,.T.);
#8794 = EDGE_CURVE('',#8780,#8795,#8797,.T.);
#8795 = VERTEX_POINT('',#8796);
#8796 = CARTESIAN_POINT('',(1.47,5.77,16.));
#8797 = LINE('',#8798,#8799);
#8798 = CARTESIAN_POINT('',(1.82,5.42,16.));
#8799 = VECTOR('',#8800,1.);
#8800 = DIRECTION('',(-0.707106781187,0.707106781187,-1.570092458683E-16
    ));
#8801 = ORIENTED_EDGE('',*,*,#8802,.T.);
#8802 = EDGE_CURVE('',#8795,#8803,#8805,.T.);
#8803 = VERTEX_POINT('',#8804);
#8804 = CARTESIAN_POINT('',(3.65,5.77,16.));
#8805 = CIRCLE('',#8806,1.09);
#8806 = AXIS2_PLACEMENT_3D('',#8807,#8808,#8809);
#8807 = CARTESIAN_POINT('',(2.56,5.77,16.));
#8808 = DIRECTION('',(0.,-1.,2.22044604925E-16));
#8809 = DIRECTION('',(1.,0.,0.));
#8810 = ORIENTED_EDGE('',*,*,#8811,.F.);
#8811 = EDGE_CURVE('',#8812,#8803,#8814,.T.);
#8812 = VERTEX_POINT('',#8813);
#8813 = CARTESIAN_POINT('',(3.490307099632,5.610307099632,16.));
#8814 = LINE('',#8815,#8816);
#8815 = CARTESIAN_POINT('',(3.3,5.42,16.));
#8816 = VECTOR('',#8817,1.);
#8817 = DIRECTION('',(0.707106781187,0.707106781187,-6.70092458684E-17)
  );
#8818 = ORIENTED_EDGE('',*,*,#8819,.T.);
#8819 = EDGE_CURVE('',#8812,#8752,#8820,.T.);
#8820 = B_SPLINE_CURVE_WITH_KNOTS('',3,(#8821,#8822,#8823,#8824,#8825,
    #8826,#8827,#8828),.UNSPECIFIED.,.F.,.F.,(4,2,2,4),(
    3.950797424814E-03,4.366726837998E-03,4.782656251182E-03,
    5.614515077549E-03),.UNSPECIFIED.);
#8821 = CARTESIAN_POINT('',(3.490307099632,5.610307099632,16.));
#8822 = CARTESIAN_POINT('',(3.495742442835,5.615742442835,
    15.862033877669));
#8823 = CARTESIAN_POINT('',(3.470456497482,5.621856372245,
    15.722129989115));
#8824 = CARTESIAN_POINT('',(3.363529933407,5.634112210958,
    15.467347103607));
#8825 = CARTESIAN_POINT('',(3.282344793742,5.640262345113,
    15.352065161829));
#8826 = CARTESIAN_POINT('',(2.971675969447,5.657442590424,
    15.070533459326));
#8827 = CARTESIAN_POINT('',(2.687727657697,5.66834414538,14.980967367361
    ));
#8828 = CARTESIAN_POINT('',(2.409999999962,5.680000000003,
    15.011314003341));
#8829 = CONICAL_SURFACE('',#8830,0.74,0.785398163397);
#8830 = AXIS2_PLACEMENT_3D('',#8831,#8832,#8833);
#8831 = CARTESIAN_POINT('',(2.56,5.42,16.));
#8832 = DIRECTION('',(0.,1.,-2.22044604925E-16));
#8833 = DIRECTION('',(-1.,0.,0.));
#8834 = ADVANCED_FACE('',(#8835),#8885,.F.);
#8835 = FACE_BOUND('',#8836,.F.);
#8836 = EDGE_LOOP('',(#8837,#8847,#8856,#8864));
#8837 = ORIENTED_EDGE('',*,*,#8838,.T.);
#8838 = EDGE_CURVE('',#8839,#8841,#8843,.T.);
#8839 = VERTEX_POINT('',#8840);
#8840 = CARTESIAN_POINT('',(3.490307099632,4.329692900368,16.));
#8841 = VERTEX_POINT('',#8842);
#8842 = CARTESIAN_POINT('',(3.65,4.17,16.));
#8843 = LINE('',#8844,#8845);
#8844 = CARTESIAN_POINT('',(3.65,4.17,16.));
#8845 = VECTOR('',#8846,1.);
#8846 = DIRECTION('',(0.707106781187,-0.707106781187,1.570092458683E-16)
  );
#8847 = ORIENTED_EDGE('',*,*,#8848,.T.);
#8848 = EDGE_CURVE('',#8841,#8849,#8851,.T.);
#8849 = VERTEX_POINT('',#8850);
#8850 = CARTESIAN_POINT('',(1.47,4.17,16.));
#8851 = CIRCLE('',#8852,1.09);
#8852 = AXIS2_PLACEMENT_3D('',#8853,#8854,#8855);
#8853 = CARTESIAN_POINT('',(2.56,4.17,16.));
#8854 = DIRECTION('',(0.,1.,-2.22044604925E-16));
#8855 = DIRECTION('',(1.,0.,0.));
#8856 = ORIENTED_EDGE('',*,*,#8857,.F.);
#8857 = EDGE_CURVE('',#8858,#8849,#8860,.T.);
#8858 = VERTEX_POINT('',#8859);
#8859 = CARTESIAN_POINT('',(1.756330983371,4.456330983371,16.));
#8860 = LINE('',#8861,#8862);
#8861 = CARTESIAN_POINT('',(1.47,4.17,16.));
#8862 = VECTOR('',#8863,1.);
#8863 = DIRECTION('',(-0.707106781187,-0.707106781187,2.470092458681E-16
    ));
#8864 = ORIENTED_EDGE('',*,*,#8865,.T.);
#8865 = EDGE_CURVE('',#8858,#8839,#8866,.T.);
#8866 = B_SPLINE_CURVE_WITH_KNOTS('',3,(#8867,#8868,#8869,#8870,#8871,
    #8872,#8873,#8874,#8875,#8876,#8877,#8878,#8879,#8880,#8881,#8882,
    #8883,#8884),.UNSPECIFIED.,.F.,.F.,(4,2,2,2,2,2,2,2,4),(
    1.22309106588E-03,1.564054360747E-03,1.905017655613E-03,
    2.24598095048E-03,2.586944245347E-03,2.927907540214E-03,
    3.268870835081E-03,3.609834129947E-03,3.950797424814E-03),
  .UNSPECIFIED.);
#8867 = CARTESIAN_POINT('',(1.756330983371,4.456330983371,16.));
#8868 = CARTESIAN_POINT('',(1.751112492983,4.451112492983,
    15.886009472297));
#8869 = CARTESIAN_POINT('',(1.769845016624,4.445353373237,
    15.771528215998));
#8870 = CARTESIAN_POINT('',(1.851831286038,4.43372709106,15.559410485876
    ));
#8871 = CARTESIAN_POINT('',(1.915182745453,4.42786883883,15.462025272329
    ));
#8872 = CARTESIAN_POINT('',(2.074661118436,4.417050113455,
    15.301591443886));
#8873 = CARTESIAN_POINT('',(2.17217914068,4.412291102777,15.237758781709
    ));
#8874 = CARTESIAN_POINT('',(2.382194773394,4.401696148495,
    15.152723703711));
#8875 = CARTESIAN_POINT('',(2.496066157016,4.39606981767,15.130991627219
    ));
#8876 = CARTESIAN_POINT('',(2.723371746802,4.385072676788,
    15.132996412031));
#8877 = CARTESIAN_POINT('',(2.835941365322,4.379740548686,15.15631294417
    ));
#8878 = CARTESIAN_POINT('',(3.046710808325,4.369920745718,
    15.246044794696));
#8879 = CARTESIAN_POINT('',(3.141720360045,4.36520167417,15.31065148972)
  );
#8880 = CARTESIAN_POINT('',(3.30335323867,4.354777268067,15.471048150608
    ));
#8881 = CARTESIAN_POINT('',(3.368616825016,4.349419043857,
    15.566267378032));
#8882 = CARTESIAN_POINT('',(3.459847597391,4.339109558835,
    15.773856272547));
#8883 = CARTESIAN_POINT('',(3.485851409631,4.334148590369,
    15.886900560146));
#8884 = CARTESIAN_POINT('',(3.490307099632,4.329692900368,16.));
#8885 = CONICAL_SURFACE('',#8886,1.09,0.785398163397);
#8886 = AXIS2_PLACEMENT_3D('',#8887,#8888,#8889);
#8887 = CARTESIAN_POINT('',(2.56,4.17,16.));
#8888 = DIRECTION('',(0.,-1.,2.22044604925E-16));
#8889 = DIRECTION('',(1.,0.,0.));
#8890 = ADVANCED_FACE('',(#8891),#8937,.F.);
#8891 = FACE_BOUND('',#8892,.F.);
#8892 = EDGE_LOOP('',(#8893,#8903,#8917,#8925));
#8893 = ORIENTED_EDGE('',*,*,#8894,.T.);
#8894 = EDGE_CURVE('',#8895,#8897,#8899,.T.);
#8895 = VERTEX_POINT('',#8896);
#8896 = CARTESIAN_POINT('',(1.820000000001,4.720632365528,16.));
#8897 = VERTEX_POINT('',#8898);
#8898 = CARTESIAN_POINT('',(1.82,4.819367634472,16.));
#8899 = LINE('',#8900,#8901);
#8900 = CARTESIAN_POINT('',(1.82,4.17,16.));
#8901 = VECTOR('',#8902,1.);
#8902 = DIRECTION('',(-0.,1.,-2.22044604925E-16));
#8903 = ORIENTED_EDGE('',*,*,#8904,.F.);
#8904 = EDGE_CURVE('',#8905,#8897,#8907,.T.);
#8905 = VERTEX_POINT('',#8906);
#8906 = CARTESIAN_POINT('',(3.3,4.619367634472,16.));
#8907 = ( BOUNDED_CURVE() B_SPLINE_CURVE(2,(#8908,#8909,#8910,#8911,
    #8912,#8913,#8914,#8915,#8916),.UNSPECIFIED.,.F.,.F.) 
B_SPLINE_CURVE_WITH_KNOTS((3,2,2,2,3),(0.299421483472,0.3,0.333333333333
,0.366666666667,0.399421483472),.UNSPECIFIED.) CURVE() 
GEOMETRIC_REPRESENTATION_ITEM() RATIONAL_B_SPLINE_CURVE((0.995430318746,
    0.997674804451,1.,0.866025403784,1.,0.866025403784,1.,0.868350599333
,0.995430318746)) REPRESENTATION_ITEM('') );
#8908 = CARTESIAN_POINT('',(3.3,4.619367634472,16.));
#8909 = CARTESIAN_POINT('',(3.3,4.619874779432,15.993563500416));
#8910 = CARTESIAN_POINT('',(3.299888039479,4.620376957103,
    15.987127974661));
#8911 = CARTESIAN_POINT('',(3.292456372184,4.653710290436,
    15.559953415898));
#8912 = CARTESIAN_POINT('',(2.918796518797,4.68704362377,15.352802149186
    ));
#8913 = CARTESIAN_POINT('',(2.545136665411,4.720376957103,
    15.145650882474));
#8914 = CARTESIAN_POINT('',(2.178908479319,4.753710290436,
    15.365674174525));
#8915 = CARTESIAN_POINT('',(1.820000000001,4.786377399172,
    15.581299918702));
#8916 = CARTESIAN_POINT('',(1.82,4.819367634472,16.));
#8917 = ORIENTED_EDGE('',*,*,#8918,.F.);
#8918 = EDGE_CURVE('',#8919,#8905,#8921,.T.);
#8919 = VERTEX_POINT('',#8920);
#8920 = CARTESIAN_POINT('',(3.299999999999,4.520632365528,16.));
#8921 = LINE('',#8922,#8923);
#8922 = CARTESIAN_POINT('',(3.3,4.17,16.));
#8923 = VECTOR('',#8924,1.);
#8924 = DIRECTION('',(-0.,1.,-2.22044604925E-16));
#8925 = ORIENTED_EDGE('',*,*,#8926,.F.);
#8926 = EDGE_CURVE('',#8895,#8919,#8927,.T.);
#8927 = ( BOUNDED_CURVE() B_SPLINE_CURVE(2,(#8928,#8929,#8930,#8931,
    #8932,#8933,#8934,#8935,#8936),.UNSPECIFIED.,.F.,.F.) 
B_SPLINE_CURVE_WITH_KNOTS((3,2,2,2,3),(0.799421483472,0.8,0.833333333333
,0.866666666667,0.899421483472),.UNSPECIFIED.) CURVE() 
GEOMETRIC_REPRESENTATION_ITEM() RATIONAL_B_SPLINE_CURVE((0.995430318746,
    0.997674804451,1.,0.866025403784,1.,0.866025403784,1.,0.868350599333
,0.995430318746)) REPRESENTATION_ITEM('') );
#8928 = CARTESIAN_POINT('',(1.820000000001,4.720632365528,16.));
#8929 = CARTESIAN_POINT('',(1.820000000001,4.720125220569,
    15.993563500417));
#8930 = CARTESIAN_POINT('',(1.820111960522,4.719623042897,
    15.987127974661));
#8931 = CARTESIAN_POINT('',(1.827543627817,4.686289709564,
    15.559953415898));
#8932 = CARTESIAN_POINT('',(2.201203481203,4.652956376231,
    15.352802149186));
#8933 = CARTESIAN_POINT('',(2.574863334589,4.619623042897,
    15.145650882474));
#8934 = CARTESIAN_POINT('',(2.941091520681,4.586289709564,
    15.365674174525));
#8935 = CARTESIAN_POINT('',(3.299999999998,4.553622600828,
    15.581299918702));
#8936 = CARTESIAN_POINT('',(3.299999999999,4.520632365528,16.));
#8937 = CYLINDRICAL_SURFACE('',#8938,0.74);
#8938 = AXIS2_PLACEMENT_3D('',#8939,#8940,#8941);
#8939 = CARTESIAN_POINT('',(2.56,4.17,16.));
#8940 = DIRECTION('',(-0.,1.,-2.22044604925E-16));
#8941 = DIRECTION('',(-1.,0.,0.));
#8942 = ADVANCED_FACE('',(#8943),#8989,.F.);
#8943 = FACE_BOUND('',#8944,.F.);
#8944 = EDGE_LOOP('',(#8945,#8955,#8969,#8977));
#8945 = ORIENTED_EDGE('',*,*,#8946,.T.);
#8946 = EDGE_CURVE('',#8947,#8949,#8951,.T.);
#8947 = VERTEX_POINT('',#8948);
#8948 = CARTESIAN_POINT('',(1.820000000001,5.120632365528,16.));
#8949 = VERTEX_POINT('',#8950);
#8950 = CARTESIAN_POINT('',(1.82,5.219367634472,16.));
#8951 = LINE('',#8952,#8953);
#8952 = CARTESIAN_POINT('',(1.82,4.17,16.));
#8953 = VECTOR('',#8954,1.);
#8954 = DIRECTION('',(-0.,1.,-2.22044604925E-16));
#8955 = ORIENTED_EDGE('',*,*,#8956,.F.);
#8956 = EDGE_CURVE('',#8957,#8949,#8959,.T.);
#8957 = VERTEX_POINT('',#8958);
#8958 = CARTESIAN_POINT('',(3.3,5.019367634472,16.));
#8959 = ( BOUNDED_CURVE() B_SPLINE_CURVE(2,(#8960,#8961,#8962,#8963,
    #8964,#8965,#8966,#8967,#8968),.UNSPECIFIED.,.F.,.F.) 
B_SPLINE_CURVE_WITH_KNOTS((3,2,2,2,3),(0.499421483472,0.5,0.533333333333
,0.566666666667,0.599421483472),.UNSPECIFIED.) CURVE() 
GEOMETRIC_REPRESENTATION_ITEM() RATIONAL_B_SPLINE_CURVE((0.995430318746,
    0.997674804451,1.,0.866025403784,1.,0.866025403784,1.,0.868350599333
,0.995430318746)) REPRESENTATION_ITEM('') );
#8960 = CARTESIAN_POINT('',(3.3,5.019367634472,16.));
#8961 = CARTESIAN_POINT('',(3.3,5.019874779432,15.993563500416));
#8962 = CARTESIAN_POINT('',(3.299888039479,5.020376957103,
    15.987127974661));
#8963 = CARTESIAN_POINT('',(3.292456372184,5.053710290436,
    15.559953415898));
#8964 = CARTESIAN_POINT('',(2.918796518797,5.08704362377,15.352802149186
    ));
#8965 = CARTESIAN_POINT('',(2.545136665411,5.120376957103,
    15.145650882474));
#8966 = CARTESIAN_POINT('',(2.178908479319,5.153710290436,
    15.365674174525));
#8967 = CARTESIAN_POINT('',(1.820000000001,5.186377399172,
    15.581299918702));
#8968 = CARTESIAN_POINT('',(1.82,5.219367634472,16.));
#8969 = ORIENTED_EDGE('',*,*,#8970,.F.);
#8970 = EDGE_CURVE('',#8971,#8957,#8973,.T.);
#8971 = VERTEX_POINT('',#8972);
#8972 = CARTESIAN_POINT('',(3.299999999999,4.920632365528,16.));
#8973 = LINE('',#8974,#8975);
#8974 = CARTESIAN_POINT('',(3.3,4.17,16.));
#8975 = VECTOR('',#8976,1.);
#8976 = DIRECTION('',(-0.,1.,-2.22044604925E-16));
#8977 = ORIENTED_EDGE('',*,*,#8978,.F.);
#8978 = EDGE_CURVE('',#8947,#8971,#8979,.T.);
#8979 = ( BOUNDED_CURVE() B_SPLINE_CURVE(2,(#8980,#8981,#8982,#8983,
    #8984,#8985,#8986,#8987,#8988),.UNSPECIFIED.,.F.,.F.) 
B_SPLINE_CURVE_WITH_KNOTS((3,2,2,2,3),(0.599421483472,0.6,0.633333333333
,0.666666666667,0.699421483472),.UNSPECIFIED.) CURVE() 
GEOMETRIC_REPRESENTATION_ITEM() RATIONAL_B_SPLINE_CURVE((0.995430318746,
    0.997674804451,1.,0.866025403784,1.,0.866025403784,1.,0.868350599333
,0.995430318746)) REPRESENTATION_ITEM('') );
#8980 = CARTESIAN_POINT('',(1.820000000001,5.120632365528,16.));
#8981 = CARTESIAN_POINT('',(1.820000000001,5.120125220569,
    15.993563500417));
#8982 = CARTESIAN_POINT('',(1.820111960522,5.119623042897,
    15.987127974661));
#8983 = CARTESIAN_POINT('',(1.827543627817,5.086289709564,
    15.559953415898));
#8984 = CARTESIAN_POINT('',(2.201203481203,5.052956376231,
    15.352802149186));
#8985 = CARTESIAN_POINT('',(2.574863334589,5.019623042897,
    15.145650882474));
#8986 = CARTESIAN_POINT('',(2.941091520681,4.986289709564,
    15.365674174525));
#8987 = CARTESIAN_POINT('',(3.299999999998,4.953622600828,
    15.581299918702));
#8988 = CARTESIAN_POINT('',(3.299999999999,4.920632365528,16.));
#8989 = CYLINDRICAL_SURFACE('',#8990,0.74);
#8990 = AXIS2_PLACEMENT_3D('',#8991,#8992,#8993);
#8991 = CARTESIAN_POINT('',(2.56,4.17,16.));
#8992 = DIRECTION('',(-0.,1.,-2.22044604925E-16));
#8993 = DIRECTION('',(-1.,0.,0.));
#8994 = ADVANCED_FACE('',(#8995),#9022,.F.);
#8995 = FACE_BOUND('',#8996,.F.);
#8996 = EDGE_LOOP('',(#8997,#8998,#9006,#9014));
#8997 = ORIENTED_EDGE('',*,*,#8770,.F.);
#8998 = ORIENTED_EDGE('',*,*,#8999,.F.);
#8999 = EDGE_CURVE('',#9000,#8754,#9002,.T.);
#9000 = VERTEX_POINT('',#9001);
#9001 = CARTESIAN_POINT('',(3.3,5.419367634472,16.));
#9002 = ( BOUNDED_CURVE() B_SPLINE_CURVE(2,(#9003,#9004,#9005),
.UNSPECIFIED.,.F.,.F.) B_SPLINE_CURVE_WITH_KNOTS((3,3),(0.699421483472,
0.699782959569),.PIECEWISE_BEZIER_KNOTS.) CURVE() 
GEOMETRIC_REPRESENTATION_ITEM() RATIONAL_B_SPLINE_CURVE((0.995430318746,
0.996832747016,0.998266685702)) REPRESENTATION_ITEM('') );
#9003 = CARTESIAN_POINT('',(3.3,5.419367634472,16.));
#9004 = CARTESIAN_POINT('',(3.3,5.419684782953,15.9959748667));
#9005 = CARTESIAN_POINT('',(3.299956212922,5.42,15.991949971574));
#9006 = ORIENTED_EDGE('',*,*,#9007,.F.);
#9007 = EDGE_CURVE('',#9008,#9000,#9010,.T.);
#9008 = VERTEX_POINT('',#9009);
#9009 = CARTESIAN_POINT('',(3.299999999999,5.320632365528,16.));
#9010 = LINE('',#9011,#9012);
#9011 = CARTESIAN_POINT('',(3.3,4.17,16.));
#9012 = VECTOR('',#9013,1.);
#9013 = DIRECTION('',(-0.,1.,-2.22044604925E-16));
#9014 = ORIENTED_EDGE('',*,*,#9015,.F.);
#9015 = EDGE_CURVE('',#8771,#9008,#9016,.T.);
#9016 = ( BOUNDED_CURVE() B_SPLINE_CURVE(2,(#9017,#9018,#9019,#9020,
#9021),.UNSPECIFIED.,.F.,.F.) B_SPLINE_CURVE_WITH_KNOTS((3,2,3),(
0.449824145712,0.466666666667,0.499421483472),.UNSPECIFIED.) CURVE() 
GEOMETRIC_REPRESENTATION_ITEM() RATIONAL_B_SPLINE_CURVE((0.933020159523,
    0.932305901675,1.,0.868350599333,0.995430318746)) 
REPRESENTATION_ITEM('') );
#9017 = CARTESIAN_POINT('',(2.568688228788,5.42,15.260051005352));
#9018 = CARTESIAN_POINT('',(2.769200846355,5.401934843832,
    15.262405356138));
#9019 = CARTESIAN_POINT('',(2.941091520681,5.386289709564,
    15.365674174525));
#9020 = CARTESIAN_POINT('',(3.299999999998,5.353622600828,
    15.581299918702));
#9021 = CARTESIAN_POINT('',(3.299999999999,5.320632365528,16.));
#9022 = CYLINDRICAL_SURFACE('',#9023,0.74);
#9023 = AXIS2_PLACEMENT_3D('',#9024,#9025,#9026);
#9024 = CARTESIAN_POINT('',(2.56,4.17,16.));
#9025 = DIRECTION('',(-0.,1.,-2.22044604925E-16));
#9026 = DIRECTION('',(-1.,0.,0.));
#9027 = ADVANCED_FACE('',(#9028),#9056,.F.);
#9028 = FACE_BOUND('',#9029,.F.);
#9029 = EDGE_LOOP('',(#9030,#9042,#9043,#9055));
#9030 = ORIENTED_EDGE('',*,*,#9031,.F.);
#9031 = EDGE_CURVE('',#8897,#8957,#9032,.T.);
#9032 = ( BOUNDED_CURVE() B_SPLINE_CURVE(2,(#9033,#9034,#9035,#9036,
    #9037,#9038,#9039,#9040,#9041),.UNSPECIFIED.,.F.,.F.) 
B_SPLINE_CURVE_WITH_KNOTS((3,2,2,2,3),(0.399421483472,0.4,0.433333333333
,0.466666666667,0.499421483472),.UNSPECIFIED.) CURVE() 
GEOMETRIC_REPRESENTATION_ITEM() RATIONAL_B_SPLINE_CURVE((0.995430318746,
    0.997674804451,1.,0.866025403784,1.,0.866025403784,1.,0.868350599333
,0.995430318746)) REPRESENTATION_ITEM('') );
#9033 = CARTESIAN_POINT('',(1.82,4.819367634472,16.));
#9034 = CARTESIAN_POINT('',(1.82,4.819874779432,16.006436499584));
#9035 = CARTESIAN_POINT('',(1.820111960521,4.820376957103,
    16.012872025339));
#9036 = CARTESIAN_POINT('',(1.827543627816,4.853710290436,
    16.440046584102));
#9037 = CARTESIAN_POINT('',(2.201203481203,4.88704362377,16.647197850814
    ));
#9038 = CARTESIAN_POINT('',(2.574863334589,4.920376957103,
    16.854349117526));
#9039 = CARTESIAN_POINT('',(2.941091520681,4.953710290436,
    16.634325825475));
#9040 = CARTESIAN_POINT('',(3.299999999999,4.986377399172,
    16.418700081298));
#9041 = CARTESIAN_POINT('',(3.3,5.019367634472,16.));
#9042 = ORIENTED_EDGE('',*,*,#8894,.F.);
#9043 = ORIENTED_EDGE('',*,*,#9044,.F.);
#9044 = EDGE_CURVE('',#8971,#8895,#9045,.T.);
#9045 = ( BOUNDED_CURVE() B_SPLINE_CURVE(2,(#9046,#9047,#9048,#9049,
    #9050,#9051,#9052,#9053,#9054),.UNSPECIFIED.,.F.,.F.) 
B_SPLINE_CURVE_WITH_KNOTS((3,2,2,2,3),(0.699421483472,0.7,0.733333333333
,0.766666666667,0.799421483472),.UNSPECIFIED.) CURVE() 
GEOMETRIC_REPRESENTATION_ITEM() RATIONAL_B_SPLINE_CURVE((0.995430318746,
    0.997674804451,1.,0.866025403784,1.,0.866025403784,1.,0.868350599333
,0.995430318746)) REPRESENTATION_ITEM('') );
#9046 = CARTESIAN_POINT('',(3.299999999999,4.920632365528,16.));
#9047 = CARTESIAN_POINT('',(3.299999999999,4.920125220569,
    16.006436499583));
#9048 = CARTESIAN_POINT('',(3.299888039478,4.919623042897,
    16.012872025339));
#9049 = CARTESIAN_POINT('',(3.292456372183,4.886289709564,
    16.440046584102));
#9050 = CARTESIAN_POINT('',(2.918796518797,4.852956376231,
    16.647197850814));
#9051 = CARTESIAN_POINT('',(2.545136665411,4.819623042897,
    16.854349117526));
#9052 = CARTESIAN_POINT('',(2.178908479319,4.786289709564,
    16.634325825475));
#9053 = CARTESIAN_POINT('',(1.820000000002,4.753622600828,
    16.418700081298));
#9054 = CARTESIAN_POINT('',(1.820000000001,4.720632365528,16.));
#9055 = ORIENTED_EDGE('',*,*,#8970,.T.);
#9056 = CYLINDRICAL_SURFACE('',#9057,0.74);
#9057 = AXIS2_PLACEMENT_3D('',#9058,#9059,#9060);
#9058 = CARTESIAN_POINT('',(2.56,4.17,16.));
#9059 = DIRECTION('',(-0.,1.,-2.22044604925E-16));
#9060 = DIRECTION('',(-1.,0.,0.));
#9061 = ADVANCED_FACE('',(#9062),#9090,.F.);
#9062 = FACE_BOUND('',#9063,.F.);
#9063 = EDGE_LOOP('',(#9064,#9076,#9077,#9089));
#9064 = ORIENTED_EDGE('',*,*,#9065,.F.);
#9065 = EDGE_CURVE('',#8949,#9000,#9066,.T.);
#9066 = ( BOUNDED_CURVE() B_SPLINE_CURVE(2,(#9067,#9068,#9069,#9070,
    #9071,#9072,#9073,#9074,#9075),.UNSPECIFIED.,.F.,.F.) 
B_SPLINE_CURVE_WITH_KNOTS((3,2,2,2,3),(0.599421483472,0.6,0.633333333333
,0.666666666667,0.699421483472),.UNSPECIFIED.) CURVE() 
GEOMETRIC_REPRESENTATION_ITEM() RATIONAL_B_SPLINE_CURVE((0.995430318746,
    0.997674804451,1.,0.866025403784,1.,0.866025403784,1.,0.868350599333
,0.995430318746)) REPRESENTATION_ITEM('') );
#9067 = CARTESIAN_POINT('',(1.82,5.219367634472,16.));
#9068 = CARTESIAN_POINT('',(1.82,5.219874779432,16.006436499584));
#9069 = CARTESIAN_POINT('',(1.820111960521,5.220376957103,
    16.012872025339));
#9070 = CARTESIAN_POINT('',(1.827543627816,5.253710290436,
    16.440046584102));
#9071 = CARTESIAN_POINT('',(2.201203481203,5.28704362377,16.647197850814
    ));
#9072 = CARTESIAN_POINT('',(2.574863334589,5.320376957103,
    16.854349117526));
#9073 = CARTESIAN_POINT('',(2.941091520681,5.353710290436,
    16.634325825475));
#9074 = CARTESIAN_POINT('',(3.299999999999,5.386377399172,
    16.418700081298));
#9075 = CARTESIAN_POINT('',(3.3,5.419367634472,16.));
#9076 = ORIENTED_EDGE('',*,*,#8946,.F.);
#9077 = ORIENTED_EDGE('',*,*,#9078,.F.);
#9078 = EDGE_CURVE('',#9008,#8947,#9079,.T.);
#9079 = ( BOUNDED_CURVE() B_SPLINE_CURVE(2,(#9080,#9081,#9082,#9083,
    #9084,#9085,#9086,#9087,#9088),.UNSPECIFIED.,.F.,.F.) 
B_SPLINE_CURVE_WITH_KNOTS((3,2,2,2,3),(0.499421483472,0.5,0.533333333333
,0.566666666667,0.599421483472),.UNSPECIFIED.) CURVE() 
GEOMETRIC_REPRESENTATION_ITEM() RATIONAL_B_SPLINE_CURVE((0.995430318746,
    0.997674804451,1.,0.866025403784,1.,0.866025403784,1.,0.868350599333
,0.995430318746)) REPRESENTATION_ITEM('') );
#9080 = CARTESIAN_POINT('',(3.299999999999,5.320632365528,16.));
#9081 = CARTESIAN_POINT('',(3.299999999999,5.320125220569,
    16.006436499583));
#9082 = CARTESIAN_POINT('',(3.299888039478,5.319623042897,
    16.012872025339));
#9083 = CARTESIAN_POINT('',(3.292456372183,5.286289709564,
    16.440046584102));
#9084 = CARTESIAN_POINT('',(2.918796518797,5.252956376231,
    16.647197850814));
#9085 = CARTESIAN_POINT('',(2.545136665411,5.219623042897,
    16.854349117526));
#9086 = CARTESIAN_POINT('',(2.178908479319,5.186289709564,
    16.634325825475));
#9087 = CARTESIAN_POINT('',(1.820000000002,5.153622600828,
    16.418700081298));
#9088 = CARTESIAN_POINT('',(1.820000000001,5.120632365528,16.));
#9089 = ORIENTED_EDGE('',*,*,#9007,.T.);
#9090 = CYLINDRICAL_SURFACE('',#9091,0.74);
#9091 = AXIS2_PLACEMENT_3D('',#9092,#9093,#9094);
#9092 = CARTESIAN_POINT('',(2.56,4.17,16.));
#9093 = DIRECTION('',(-0.,1.,-2.22044604925E-16));
#9094 = DIRECTION('',(-1.,0.,0.));
#9095 = ADVANCED_FACE('',(#9096),#9124,.T.);
#9096 = FACE_BOUND('',#9097,.T.);
#9097 = EDGE_LOOP('',(#9098,#9109,#9117));
#9098 = ORIENTED_EDGE('',*,*,#9099,.T.);
#9099 = EDGE_CURVE('',#9100,#9102,#9104,.T.);
#9100 = VERTEX_POINT('',#9101);
#9101 = CARTESIAN_POINT('',(0.827949192431,5.77,17.));
#9102 = VERTEX_POINT('',#9103);
#9103 = CARTESIAN_POINT('',(0.56,5.77,16.));
#9104 = CIRCLE('',#9105,2.);
#9105 = AXIS2_PLACEMENT_3D('',#9106,#9107,#9108);
#9106 = CARTESIAN_POINT('',(2.56,5.77,16.));
#9107 = DIRECTION('',(0.,-1.,2.22044604925E-16));
#9108 = DIRECTION('',(1.,0.,0.));
#9109 = ORIENTED_EDGE('',*,*,#9110,.T.);
#9110 = EDGE_CURVE('',#9102,#9111,#9113,.T.);
#9111 = VERTEX_POINT('',#9112);
#9112 = CARTESIAN_POINT('',(0.250598923241,5.591367205046,16.));
#9113 = LINE('',#9114,#9115);
#9114 = CARTESIAN_POINT('',(0.56,5.77,16.));
#9115 = VECTOR('',#9116,1.);
#9116 = DIRECTION('',(-0.866025403784,-0.5,1.110223024626E-16));
#9117 = ORIENTED_EDGE('',*,*,#9118,.T.);
#9118 = EDGE_CURVE('',#9111,#9100,#9119,.T.);
#9119 = B_SPLINE_CURVE_WITH_KNOTS('',3,(#9120,#9121,#9122,#9123),
  .UNSPECIFIED.,.F.,.F.,(4,4),(2.3807494851E-07,1.168606431211E-03),
  .PIECEWISE_BEZIER_KNOTS.);
#9120 = CARTESIAN_POINT('',(0.250598923241,5.591367205046,16.));
#9121 = CARTESIAN_POINT('',(0.439491763942,5.700424537474,
    16.327171997279));
#9122 = CARTESIAN_POINT('',(0.63122116579,5.77,16.659257062584));
#9123 = CARTESIAN_POINT('',(0.827949192431,5.77,17.));
#9124 = CONICAL_SURFACE('',#9125,2.,1.047197551197);
#9125 = AXIS2_PLACEMENT_3D('',#9126,#9127,#9128);
#9126 = CARTESIAN_POINT('',(2.56,5.77,16.));
#9127 = DIRECTION('',(0.,-1.,2.22044604925E-16));
#9128 = DIRECTION('',(-1.,0.,0.));
#9129 = ADVANCED_FACE('',(#9130),#9158,.T.);
#9130 = FACE_BOUND('',#9131,.T.);
#9131 = EDGE_LOOP('',(#9132,#9143,#9151));
#9132 = ORIENTED_EDGE('',*,*,#9133,.F.);
#9133 = EDGE_CURVE('',#9134,#9136,#9138,.T.);
#9134 = VERTEX_POINT('',#9135);
#9135 = CARTESIAN_POINT('',(4.56,4.17,16.));
#9136 = VERTEX_POINT('',#9137);
#9137 = CARTESIAN_POINT('',(4.292050807569,4.17,17.));
#9138 = CIRCLE('',#9139,2.);
#9139 = AXIS2_PLACEMENT_3D('',#9140,#9141,#9142);
#9140 = CARTESIAN_POINT('',(2.56,4.17,16.));
#9141 = DIRECTION('',(0.,-1.,2.22044604925E-16));
#9142 = DIRECTION('',(1.,0.,0.));
#9143 = ORIENTED_EDGE('',*,*,#9144,.T.);
#9144 = EDGE_CURVE('',#9134,#9145,#9147,.T.);
#9145 = VERTEX_POINT('',#9146);
#9146 = CARTESIAN_POINT('',(4.869401076758,4.348632794954,16.));
#9147 = LINE('',#9148,#9149);
#9148 = CARTESIAN_POINT('',(4.56,4.17,16.));
#9149 = VECTOR('',#9150,1.);
#9150 = DIRECTION('',(0.866025403784,0.5,-1.110223024626E-16));
#9151 = ORIENTED_EDGE('',*,*,#9152,.T.);
#9152 = EDGE_CURVE('',#9145,#9136,#9153,.T.);
#9153 = B_SPLINE_CURVE_WITH_KNOTS('',3,(#9154,#9155,#9156,#9157),
  .UNSPECIFIED.,.F.,.F.,(4,4),(2.3807494851E-07,1.168606431211E-03),
  .PIECEWISE_BEZIER_KNOTS.);
#9154 = CARTESIAN_POINT('',(4.869401076758,4.348632794954,16.));
#9155 = CARTESIAN_POINT('',(4.680508236058,4.239575462526,
    16.327171997279));
#9156 = CARTESIAN_POINT('',(4.48877883421,4.17,16.659257062584));
#9157 = CARTESIAN_POINT('',(4.292050807569,4.17,17.));
#9158 = CONICAL_SURFACE('',#9159,2.,1.047197551197);
#9159 = AXIS2_PLACEMENT_3D('',#9160,#9161,#9162);
#9160 = CARTESIAN_POINT('',(2.56,4.17,16.));
#9161 = DIRECTION('',(0.,1.,-2.22044604925E-16));
#9162 = DIRECTION('',(1.,0.,0.));
#9163 = ADVANCED_FACE('',(#9164),#9220,.F.);
#9164 = FACE_BOUND('',#9165,.T.);
#9165 = EDGE_LOOP('',(#9166,#9177,#9183,#9194,#9203,#9211));
#9166 = ORIENTED_EDGE('',*,*,#9167,.F.);
#9167 = EDGE_CURVE('',#9168,#9170,#9172,.T.);
#9168 = VERTEX_POINT('',#9169);
#9169 = CARTESIAN_POINT('',(4.869401076758,5.591367205046,16.));
#9170 = VERTEX_POINT('',#9171);
#9171 = CARTESIAN_POINT('',(4.292050807569,5.77,15.));
#9172 = B_SPLINE_CURVE_WITH_KNOTS('',3,(#9173,#9174,#9175,#9176),
  .UNSPECIFIED.,.F.,.F.,(4,4),(2.3807494851E-07,1.168606431211E-03),
  .PIECEWISE_BEZIER_KNOTS.);
#9173 = CARTESIAN_POINT('',(4.869401076758,5.591367205046,16.));
#9174 = CARTESIAN_POINT('',(4.680508236058,5.700424537474,
    15.672828002721));
#9175 = CARTESIAN_POINT('',(4.48877883421,5.77,15.340742937416));
#9176 = CARTESIAN_POINT('',(4.292050807569,5.77,15.));
#9177 = ORIENTED_EDGE('',*,*,#9178,.F.);
#9178 = EDGE_CURVE('',#9145,#9168,#9179,.T.);
#9179 = LINE('',#9180,#9181);
#9180 = CARTESIAN_POINT('',(4.869401076758,4.17,16.));
#9181 = VECTOR('',#9182,1.);
#9182 = DIRECTION('',(-0.,1.,-2.22044604925E-16));
#9183 = ORIENTED_EDGE('',*,*,#9184,.F.);
#9184 = EDGE_CURVE('',#9185,#9145,#9187,.T.);
#9185 = VERTEX_POINT('',#9186);
#9186 = CARTESIAN_POINT('',(4.292050807569,4.17,15.));
#9187 = B_SPLINE_CURVE_WITH_KNOTS('',3,(#9188,#9189,#9190,#9191,#9192,
    #9193),.UNSPECIFIED.,.F.,.F.,(4,2,4),(1.168606431211E-03,
    1.75060928426E-03,2.332612137309E-03),.UNSPECIFIED.);
#9188 = CARTESIAN_POINT('',(4.292050807569,4.17,15.));
#9189 = CARTESIAN_POINT('',(4.390047532802,4.17,15.16973530708));
#9190 = CARTESIAN_POINT('',(4.487915581583,4.187105198727,
    15.339247740006));
#9191 = CARTESIAN_POINT('',(4.680193127676,4.249337799812,
    15.672282218994));
#9192 = CARTESIAN_POINT('',(4.77519011342,4.294240069909,15.836821824868
    ));
#9193 = CARTESIAN_POINT('',(4.869401076758,4.348632794954,16.));
#9194 = ORIENTED_EDGE('',*,*,#9195,.F.);
#9195 = EDGE_CURVE('',#9196,#9185,#9198,.T.);
#9196 = VERTEX_POINT('',#9197);
#9197 = CARTESIAN_POINT('',(3.714700538379,4.348632794954,14.));
#9198 = B_SPLINE_CURVE_WITH_KNOTS('',3,(#9199,#9200,#9201,#9202),
  .UNSPECIFIED.,.F.,.F.,(4,4),(2.3807494851E-07,1.168606431211E-03),
  .PIECEWISE_BEZIER_KNOTS.);
#9199 = CARTESIAN_POINT('',(3.714700538379,4.348632794954,14.));
#9200 = CARTESIAN_POINT('',(3.90359337908,4.239575462526,14.327171997279
    ));
#9201 = CARTESIAN_POINT('',(4.095322780927,4.17,14.659257062584));
#9202 = CARTESIAN_POINT('',(4.292050807569,4.17,15.));
#9203 = ORIENTED_EDGE('',*,*,#9204,.T.);
#9204 = EDGE_CURVE('',#9196,#9205,#9207,.T.);
#9205 = VERTEX_POINT('',#9206);
#9206 = CARTESIAN_POINT('',(3.714700538379,5.591367205046,14.));
#9207 = LINE('',#9208,#9209);
#9208 = CARTESIAN_POINT('',(3.714700538379,4.17,14.));
#9209 = VECTOR('',#9210,1.);
#9210 = DIRECTION('',(-0.,1.,-2.22044604925E-16));
#9211 = ORIENTED_EDGE('',*,*,#9212,.F.);
#9212 = EDGE_CURVE('',#9170,#9205,#9213,.T.);
#9213 = B_SPLINE_CURVE_WITH_KNOTS('',3,(#9214,#9215,#9216,#9217,#9218,
    #9219),.UNSPECIFIED.,.F.,.F.,(4,2,4),(1.168606431211E-03,
    1.75060928426E-03,2.332612137309E-03),.UNSPECIFIED.);
#9214 = CARTESIAN_POINT('',(4.292050807569,5.77,15.));
#9215 = CARTESIAN_POINT('',(4.194054082335,5.77,14.83026469292));
#9216 = CARTESIAN_POINT('',(4.096186033555,5.752894801273,
    14.660752259994));
#9217 = CARTESIAN_POINT('',(3.903908487461,5.690662200188,
    14.327717781006));
#9218 = CARTESIAN_POINT('',(3.808911501717,5.645759930091,
    14.163178175132));
#9219 = CARTESIAN_POINT('',(3.714700538379,5.591367205046,14.));
#9220 = PLANE('',#9221);
#9221 = AXIS2_PLACEMENT_3D('',#9222,#9223,#9224);
#9222 = CARTESIAN_POINT('',(3.714700538379,4.17,14.));
#9223 = DIRECTION('',(-0.866025403784,1.110223024626E-16,0.5));
#9224 = DIRECTION('',(-0.5,-1.922962686384E-16,-0.866025403784));
#9225 = ADVANCED_FACE('',(#9226),#9267,.F.);
#9226 = FACE_BOUND('',#9227,.T.);
#9227 = EDGE_LOOP('',(#9228,#9239,#9247,#9256,#9257,#9258));
#9228 = ORIENTED_EDGE('',*,*,#9229,.F.);
#9229 = EDGE_CURVE('',#9230,#9232,#9234,.T.);
#9230 = VERTEX_POINT('',#9231);
#9231 = CARTESIAN_POINT('',(3.714700538379,5.591367205046,18.));
#9232 = VERTEX_POINT('',#9233);
#9233 = CARTESIAN_POINT('',(4.292050807569,5.77,17.));
#9234 = B_SPLINE_CURVE_WITH_KNOTS('',3,(#9235,#9236,#9237,#9238),
  .UNSPECIFIED.,.F.,.F.,(4,4),(2.3807494851E-07,1.168606431211E-03),
  .PIECEWISE_BEZIER_KNOTS.);
#9235 = CARTESIAN_POINT('',(3.714700538379,5.591367205046,18.));
#9236 = CARTESIAN_POINT('',(3.90359337908,5.700424537474,17.672828002721
    ));
#9237 = CARTESIAN_POINT('',(4.095322780927,5.77,17.340742937416));
#9238 = CARTESIAN_POINT('',(4.292050807569,5.77,17.));
#9239 = ORIENTED_EDGE('',*,*,#9240,.F.);
#9240 = EDGE_CURVE('',#9241,#9230,#9243,.T.);
#9241 = VERTEX_POINT('',#9242);
#9242 = CARTESIAN_POINT('',(3.714700538379,4.348632794954,18.));
#9243 = LINE('',#9244,#9245);
#9244 = CARTESIAN_POINT('',(3.714700538379,4.17,18.));
#9245 = VECTOR('',#9246,1.);
#9246 = DIRECTION('',(-0.,1.,-2.22044604925E-16));
#9247 = ORIENTED_EDGE('',*,*,#9248,.F.);
#9248 = EDGE_CURVE('',#9136,#9241,#9249,.T.);
#9249 = B_SPLINE_CURVE_WITH_KNOTS('',3,(#9250,#9251,#9252,#9253,#9254,
    #9255),.UNSPECIFIED.,.F.,.F.,(4,2,4),(1.168606431211E-03,
    1.75060928426E-03,2.332612137309E-03),.UNSPECIFIED.);
#9250 = CARTESIAN_POINT('',(4.292050807569,4.17,17.));
#9251 = CARTESIAN_POINT('',(4.194054082335,4.17,17.16973530708));
#9252 = CARTESIAN_POINT('',(4.096186033554,4.187105198727,
    17.339247740006));
#9253 = CARTESIAN_POINT('',(3.903908487461,4.249337799812,
    17.672282218994));
#9254 = CARTESIAN_POINT('',(3.808911501717,4.294240069909,
    17.836821824868));
#9255 = CARTESIAN_POINT('',(3.714700538379,4.348632794954,18.));
#9256 = ORIENTED_EDGE('',*,*,#9152,.F.);
#9257 = ORIENTED_EDGE('',*,*,#9178,.T.);
#9258 = ORIENTED_EDGE('',*,*,#9259,.F.);
#9259 = EDGE_CURVE('',#9232,#9168,#9260,.T.);
#9260 = B_SPLINE_CURVE_WITH_KNOTS('',3,(#9261,#9262,#9263,#9264,#9265,
    #9266),.UNSPECIFIED.,.F.,.F.,(4,2,4),(1.168606431211E-03,
    1.75060928426E-03,2.332612137309E-03),.UNSPECIFIED.);
#9261 = CARTESIAN_POINT('',(4.292050807569,5.77,17.));
#9262 = CARTESIAN_POINT('',(4.390047532802,5.77,16.83026469292));
#9263 = CARTESIAN_POINT('',(4.487915581583,5.752894801273,
    16.660752259994));
#9264 = CARTESIAN_POINT('',(4.680193127676,5.690662200188,
    16.327717781006));
#9265 = CARTESIAN_POINT('',(4.77519011342,5.645759930091,16.163178175132
    ));
#9266 = CARTESIAN_POINT('',(4.869401076758,5.591367205046,16.));
#9267 = PLANE('',#9268);
#9268 = AXIS2_PLACEMENT_3D('',#9269,#9270,#9271);
#9269 = CARTESIAN_POINT('',(4.869401076758,4.17,16.));
#9270 = DIRECTION('',(-0.866025403784,-1.110223024626E-16,-0.5));
#9271 = DIRECTION('',(0.5,-1.922962686384E-16,-0.866025403784));
#9272 = ADVANCED_FACE('',(#9273),#9326,.F.);
#9273 = FACE_BOUND('',#9274,.T.);
#9274 = EDGE_LOOP('',(#9275,#9288,#9296,#9307,#9316,#9317));
#9275 = ORIENTED_EDGE('',*,*,#9276,.F.);
#9276 = EDGE_CURVE('',#9277,#9279,#9281,.T.);
#9277 = VERTEX_POINT('',#9278);
#9278 = CARTESIAN_POINT('',(1.405299461621,5.591367205046,18.));
#9279 = VERTEX_POINT('',#9280);
#9280 = CARTESIAN_POINT('',(2.56,5.77,18.));
#9281 = B_SPLINE_CURVE_WITH_KNOTS('',3,(#9282,#9283,#9284,#9285,#9286,
    #9287),.UNSPECIFIED.,.F.,.F.,(4,2,4),(2.154551502344E-03,
    2.739076160234E-03,3.323600818124E-03),.UNSPECIFIED.);
#9282 = CARTESIAN_POINT('',(1.405299461621,5.591367205046,18.));
#9283 = CARTESIAN_POINT('',(1.593372731409,5.645659281516,18.));
#9284 = CARTESIAN_POINT('',(1.785556809902,5.691064885227,18.));
#9285 = CARTESIAN_POINT('',(2.170708871762,5.753183558559,18.));
#9286 = CARTESIAN_POINT('',(2.364586213605,5.77,18.));
#9287 = CARTESIAN_POINT('',(2.56,5.77,18.));
#9288 = ORIENTED_EDGE('',*,*,#9289,.F.);
#9289 = EDGE_CURVE('',#9290,#9277,#9292,.T.);
#9290 = VERTEX_POINT('',#9291);
#9291 = CARTESIAN_POINT('',(1.405299461621,4.348632794954,18.));
#9292 = LINE('',#9293,#9294);
#9293 = CARTESIAN_POINT('',(1.405299461621,4.17,18.));
#9294 = VECTOR('',#9295,1.);
#9295 = DIRECTION('',(-0.,1.,-2.22044604925E-16));
#9296 = ORIENTED_EDGE('',*,*,#9297,.F.);
#9297 = EDGE_CURVE('',#9298,#9290,#9300,.T.);
#9298 = VERTEX_POINT('',#9299);
#9299 = CARTESIAN_POINT('',(2.56,4.17,18.));
#9300 = B_SPLINE_CURVE_WITH_KNOTS('',3,(#9301,#9302,#9303,#9304,#9305,
    #9306),.UNSPECIFIED.,.F.,.F.,(4,2,4),(7.32789945076E-03,
    7.9121622251E-03,8.49642499944E-03),.UNSPECIFIED.);
#9301 = CARTESIAN_POINT('',(2.56,4.17,18.));
#9302 = CARTESIAN_POINT('',(2.364586213605,4.17,18.));
#9303 = CARTESIAN_POINT('',(2.170708871762,4.186816441441,18.));
#9304 = CARTESIAN_POINT('',(1.785556809902,4.248935114773,18.));
#9305 = CARTESIAN_POINT('',(1.593372731409,4.294340718484,18.));
#9306 = CARTESIAN_POINT('',(1.405299461621,4.348632794954,18.));
#9307 = ORIENTED_EDGE('',*,*,#9308,.F.);
#9308 = EDGE_CURVE('',#9241,#9298,#9309,.T.);
#9309 = B_SPLINE_CURVE_WITH_KNOTS('',3,(#9310,#9311,#9312,#9313,#9314,
    #9315),.UNSPECIFIED.,.F.,.F.,(4,2,4),(6.158444460942E-03,
    6.743171955851E-03,7.32789945076E-03),.UNSPECIFIED.);
#9310 = CARTESIAN_POINT('',(3.714700538379,4.348632794954,18.));
#9311 = CARTESIAN_POINT('',(3.527919534097,4.294713763403,18.));
#9312 = CARTESIAN_POINT('',(3.338798819649,4.249851562833,18.));
#9313 = CARTESIAN_POINT('',(2.953539612069,4.187292421867,18.));
#9314 = CARTESIAN_POINT('',(2.755569217837,4.17,18.));
#9315 = CARTESIAN_POINT('',(2.56,4.17,18.));
#9316 = ORIENTED_EDGE('',*,*,#9240,.T.);
#9317 = ORIENTED_EDGE('',*,*,#9318,.F.);
#9318 = EDGE_CURVE('',#9279,#9230,#9319,.T.);
#9319 = B_SPLINE_CURVE_WITH_KNOTS('',3,(#9320,#9321,#9322,#9323,#9324,
    #9325),.UNSPECIFIED.,.F.,.F.,(4,2,4),(3.323600818124E-03,
    3.908590404884E-03,4.493579991644E-03),.UNSPECIFIED.);
#9320 = CARTESIAN_POINT('',(2.56,5.77,18.));
#9321 = CARTESIAN_POINT('',(2.755569217837,5.77,18.));
#9322 = CARTESIAN_POINT('',(2.953539612069,5.752707578133,18.));
#9323 = CARTESIAN_POINT('',(3.338798819649,5.690148437167,18.));
#9324 = CARTESIAN_POINT('',(3.527919534097,5.645286236597,18.));
#9325 = CARTESIAN_POINT('',(3.714700538379,5.591367205046,18.));
#9326 = PLANE('',#9327);
#9327 = AXIS2_PLACEMENT_3D('',#9328,#9329,#9330);
#9328 = CARTESIAN_POINT('',(3.714700538379,4.17,18.));
#9329 = DIRECTION('',(0.,-2.22044604925E-16,-1.));
#9330 = DIRECTION('',(0.,1.,-2.22044604925E-16));
#9331 = ADVANCED_FACE('',(#9332),#9371,.F.);
#9332 = FACE_BOUND('',#9333,.T.);
#9333 = EDGE_LOOP('',(#9334,#9335,#9343,#9354,#9361,#9362));
#9334 = ORIENTED_EDGE('',*,*,#9118,.F.);
#9335 = ORIENTED_EDGE('',*,*,#9336,.F.);
#9336 = EDGE_CURVE('',#9337,#9111,#9339,.T.);
#9337 = VERTEX_POINT('',#9338);
#9338 = CARTESIAN_POINT('',(0.250598923241,4.348632794954,16.));
#9339 = LINE('',#9340,#9341);
#9340 = CARTESIAN_POINT('',(0.250598923241,4.17,16.));
#9341 = VECTOR('',#9342,1.);
#9342 = DIRECTION('',(-0.,1.,-2.22044604925E-16));
#9343 = ORIENTED_EDGE('',*,*,#9344,.F.);
#9344 = EDGE_CURVE('',#9345,#9337,#9347,.T.);
#9345 = VERTEX_POINT('',#9346);
#9346 = CARTESIAN_POINT('',(0.827949192431,4.17,17.));
#9347 = B_SPLINE_CURVE_WITH_KNOTS('',3,(#9348,#9349,#9350,#9351,#9352,
    #9353),.UNSPECIFIED.,.F.,.F.,(4,2,4),(1.168606431211E-03,
    1.75060928426E-03,2.332612137309E-03),.UNSPECIFIED.);
#9348 = CARTESIAN_POINT('',(0.827949192431,4.17,17.));
#9349 = CARTESIAN_POINT('',(0.729952467198,4.17,16.83026469292));
#9350 = CARTESIAN_POINT('',(0.632084418417,4.187105198727,
    16.660752259994));
#9351 = CARTESIAN_POINT('',(0.439806872324,4.249337799812,
    16.327717781006));
#9352 = CARTESIAN_POINT('',(0.34480988658,4.294240069909,16.163178175132
    ));
#9353 = CARTESIAN_POINT('',(0.250598923241,4.348632794954,16.));
#9354 = ORIENTED_EDGE('',*,*,#9355,.F.);
#9355 = EDGE_CURVE('',#9290,#9345,#9356,.T.);
#9356 = B_SPLINE_CURVE_WITH_KNOTS('',3,(#9357,#9358,#9359,#9360),
  .UNSPECIFIED.,.F.,.F.,(4,4),(2.3807494851E-07,1.168606431211E-03),
  .PIECEWISE_BEZIER_KNOTS.);
#9357 = CARTESIAN_POINT('',(1.405299461621,4.348632794954,18.));
#9358 = CARTESIAN_POINT('',(1.21640662092,4.239575462526,17.672828002721
    ));
#9359 = CARTESIAN_POINT('',(1.024677219073,4.17,17.340742937416));
#9360 = CARTESIAN_POINT('',(0.827949192431,4.17,17.));
#9361 = ORIENTED_EDGE('',*,*,#9289,.T.);
#9362 = ORIENTED_EDGE('',*,*,#9363,.F.);
#9363 = EDGE_CURVE('',#9100,#9277,#9364,.T.);
#9364 = B_SPLINE_CURVE_WITH_KNOTS('',3,(#9365,#9366,#9367,#9368,#9369,
    #9370),.UNSPECIFIED.,.F.,.F.,(4,2,4),(1.168606431211E-03,
    1.75060928426E-03,2.332612137309E-03),.UNSPECIFIED.);
#9365 = CARTESIAN_POINT('',(0.827949192431,5.77,17.));
#9366 = CARTESIAN_POINT('',(0.925945917665,5.77,17.16973530708));
#9367 = CARTESIAN_POINT('',(1.023813966445,5.752894801273,
    17.339247740006));
#9368 = CARTESIAN_POINT('',(1.216091512539,5.690662200188,
    17.672282218994));
#9369 = CARTESIAN_POINT('',(1.311088498283,5.645759930091,
    17.836821824868));
#9370 = CARTESIAN_POINT('',(1.405299461621,5.591367205046,18.));
#9371 = PLANE('',#9372);
#9372 = AXIS2_PLACEMENT_3D('',#9373,#9374,#9375);
#9373 = CARTESIAN_POINT('',(1.405299461621,4.17,18.));
#9374 = DIRECTION('',(0.866025403784,-1.110223024626E-16,-0.5));
#9375 = DIRECTION('',(0.5,1.922962686384E-16,0.866025403784));
#9376 = ADVANCED_FACE('',(#9377),#9426,.F.);
#9377 = FACE_BOUND('',#9378,.T.);
#9378 = EDGE_LOOP('',(#9379,#9390,#9398,#9409,#9416,#9417));
#9379 = ORIENTED_EDGE('',*,*,#9380,.F.);
#9380 = EDGE_CURVE('',#9381,#9383,#9385,.T.);
#9381 = VERTEX_POINT('',#9382);
#9382 = CARTESIAN_POINT('',(1.405299461621,5.591367205046,14.));
#9383 = VERTEX_POINT('',#9384);
#9384 = CARTESIAN_POINT('',(0.827949192431,5.77,15.));
#9385 = B_SPLINE_CURVE_WITH_KNOTS('',3,(#9386,#9387,#9388,#9389),
  .UNSPECIFIED.,.F.,.F.,(4,4),(2.3807494856E-07,1.168606431211E-03),
  .PIECEWISE_BEZIER_KNOTS.);
#9386 = CARTESIAN_POINT('',(1.405299461621,5.591367205046,14.));
#9387 = CARTESIAN_POINT('',(1.21640662092,5.700424537474,14.327171997279
    ));
#9388 = CARTESIAN_POINT('',(1.024677219073,5.77,14.659257062584));
#9389 = CARTESIAN_POINT('',(0.827949192431,5.77,15.));
#9390 = ORIENTED_EDGE('',*,*,#9391,.F.);
#9391 = EDGE_CURVE('',#9392,#9381,#9394,.T.);
#9392 = VERTEX_POINT('',#9393);
#9393 = CARTESIAN_POINT('',(1.405299461621,4.348632794954,14.));
#9394 = LINE('',#9395,#9396);
#9395 = CARTESIAN_POINT('',(1.405299461621,4.17,14.));
#9396 = VECTOR('',#9397,1.);
#9397 = DIRECTION('',(-0.,1.,-2.22044604925E-16));
#9398 = ORIENTED_EDGE('',*,*,#9399,.F.);
#9399 = EDGE_CURVE('',#9400,#9392,#9402,.T.);
#9400 = VERTEX_POINT('',#9401);
#9401 = CARTESIAN_POINT('',(0.827949192431,4.17,15.));
#9402 = B_SPLINE_CURVE_WITH_KNOTS('',3,(#9403,#9404,#9405,#9406,#9407,
    #9408),.UNSPECIFIED.,.F.,.F.,(4,2,4),(1.168606431211E-03,
    1.75060928426E-03,2.332612137309E-03),.UNSPECIFIED.);
#9403 = CARTESIAN_POINT('',(0.827949192431,4.17,15.));
#9404 = CARTESIAN_POINT('',(0.925945917665,4.17,14.83026469292));
#9405 = CARTESIAN_POINT('',(1.023813966445,4.187105198727,
    14.660752259994));
#9406 = CARTESIAN_POINT('',(1.216091512539,4.249337799812,
    14.327717781006));
#9407 = CARTESIAN_POINT('',(1.311088498282,4.294240069909,
    14.163178175132));
#9408 = CARTESIAN_POINT('',(1.405299461621,4.348632794954,14.));
#9409 = ORIENTED_EDGE('',*,*,#9410,.F.);
#9410 = EDGE_CURVE('',#9337,#9400,#9411,.T.);
#9411 = B_SPLINE_CURVE_WITH_KNOTS('',3,(#9412,#9413,#9414,#9415),
  .UNSPECIFIED.,.F.,.F.,(4,4),(2.3807494851E-07,1.168606431211E-03),
  .PIECEWISE_BEZIER_KNOTS.);
#9412 = CARTESIAN_POINT('',(0.250598923241,4.348632794954,16.));
#9413 = CARTESIAN_POINT('',(0.439491763942,4.239575462526,
    15.672828002721));
#9414 = CARTESIAN_POINT('',(0.63122116579,4.17,15.340742937416));
#9415 = CARTESIAN_POINT('',(0.827949192431,4.17,15.));
#9416 = ORIENTED_EDGE('',*,*,#9336,.T.);
#9417 = ORIENTED_EDGE('',*,*,#9418,.F.);
#9418 = EDGE_CURVE('',#9383,#9111,#9419,.T.);
#9419 = B_SPLINE_CURVE_WITH_KNOTS('',3,(#9420,#9421,#9422,#9423,#9424,
    #9425),.UNSPECIFIED.,.F.,.F.,(4,2,4),(1.168606431211E-03,
    1.75060928426E-03,2.332612137309E-03),.UNSPECIFIED.);
#9420 = CARTESIAN_POINT('',(0.827949192431,5.77,15.));
#9421 = CARTESIAN_POINT('',(0.729952467198,5.77,15.16973530708));
#9422 = CARTESIAN_POINT('',(0.632084418417,5.752894801273,
    15.339247740006));
#9423 = CARTESIAN_POINT('',(0.439806872324,5.690662200188,
    15.672282218994));
#9424 = CARTESIAN_POINT('',(0.34480988658,5.645759930091,15.836821824868
    ));
#9425 = CARTESIAN_POINT('',(0.250598923241,5.591367205046,16.));
#9426 = PLANE('',#9427);
#9427 = AXIS2_PLACEMENT_3D('',#9428,#9429,#9430);
#9428 = CARTESIAN_POINT('',(0.250598923241,4.17,16.));
#9429 = DIRECTION('',(0.866025403784,1.110223024626E-16,0.5));
#9430 = DIRECTION('',(-0.5,1.922962686384E-16,0.866025403784));
#9431 = ADVANCED_FACE('',(#9432),#9476,.F.);
#9432 = FACE_BOUND('',#9433,.T.);
#9433 = EDGE_LOOP('',(#9434,#9445,#9446,#9457,#9466,#9467));
#9434 = ORIENTED_EDGE('',*,*,#9435,.F.);
#9435 = EDGE_CURVE('',#9205,#9436,#9438,.T.);
#9436 = VERTEX_POINT('',#9437);
#9437 = CARTESIAN_POINT('',(2.56,5.77,14.));
#9438 = B_SPLINE_CURVE_WITH_KNOTS('',3,(#9439,#9440,#9441,#9442,#9443,
    #9444),.UNSPECIFIED.,.F.,.F.,(4,2,4),(6.158444462667E-03,
    6.743171957576E-03,7.327899452485E-03),.UNSPECIFIED.);
#9439 = CARTESIAN_POINT('',(3.714700538379,5.591367205046,14.));
#9440 = CARTESIAN_POINT('',(3.527919534099,5.645286236596,14.));
#9441 = CARTESIAN_POINT('',(3.33879881965,5.690148437168,14.));
#9442 = CARTESIAN_POINT('',(2.953539612061,5.752707578134,14.));
#9443 = CARTESIAN_POINT('',(2.755569217828,5.77,14.));
#9444 = CARTESIAN_POINT('',(2.56,5.77,14.));
#9445 = ORIENTED_EDGE('',*,*,#9204,.F.);
#9446 = ORIENTED_EDGE('',*,*,#9447,.F.);
#9447 = EDGE_CURVE('',#9448,#9196,#9450,.T.);
#9448 = VERTEX_POINT('',#9449);
#9449 = CARTESIAN_POINT('',(2.56,4.17,14.));
#9450 = B_SPLINE_CURVE_WITH_KNOTS('',3,(#9451,#9452,#9453,#9454,#9455,
    #9456),.UNSPECIFIED.,.F.,.F.,(4,2,4),(3.323600820092E-03,
    3.908590406841E-03,4.49357999359E-03),.UNSPECIFIED.);
#9451 = CARTESIAN_POINT('',(2.56,4.17,14.));
#9452 = CARTESIAN_POINT('',(2.755569217828,4.17,14.));
#9453 = CARTESIAN_POINT('',(2.953539612061,4.187292421866,14.));
#9454 = CARTESIAN_POINT('',(3.33879881965,4.249851562832,14.));
#9455 = CARTESIAN_POINT('',(3.527919534099,4.294713763404,14.));
#9456 = CARTESIAN_POINT('',(3.714700538379,4.348632794954,14.));
#9457 = ORIENTED_EDGE('',*,*,#9458,.F.);
#9458 = EDGE_CURVE('',#9392,#9448,#9459,.T.);
#9459 = B_SPLINE_CURVE_WITH_KNOTS('',3,(#9460,#9461,#9462,#9463,#9464,
    #9465),.UNSPECIFIED.,.F.,.F.,(4,2,4),(2.154551504299E-03,
    2.739076162196E-03,3.323600820092E-03),.UNSPECIFIED.);
#9460 = CARTESIAN_POINT('',(1.405299461621,4.348632794954,14.));
#9461 = CARTESIAN_POINT('',(1.593372731412,4.294340718483,14.));
#9462 = CARTESIAN_POINT('',(1.785556809908,4.248935114772,14.));
#9463 = CARTESIAN_POINT('',(2.170708871768,4.18681644144,14.));
#9464 = CARTESIAN_POINT('',(2.364586213609,4.17,14.));
#9465 = CARTESIAN_POINT('',(2.56,4.17,14.));
#9466 = ORIENTED_EDGE('',*,*,#9391,.T.);
#9467 = ORIENTED_EDGE('',*,*,#9468,.F.);
#9468 = EDGE_CURVE('',#9436,#9381,#9469,.T.);
#9469 = B_SPLINE_CURVE_WITH_KNOTS('',3,(#9470,#9471,#9472,#9473,#9474,
    #9475),.UNSPECIFIED.,.F.,.F.,(4,2,4),(7.327899452485E-03,
    7.912162226843E-03,8.496425001201E-03),.UNSPECIFIED.);
#9470 = CARTESIAN_POINT('',(2.56,5.77,14.));
#9471 = CARTESIAN_POINT('',(2.364586213609,5.77,14.));
#9472 = CARTESIAN_POINT('',(2.170708871768,5.75318355856,14.));
#9473 = CARTESIAN_POINT('',(1.785556809908,5.691064885228,14.));
#9474 = CARTESIAN_POINT('',(1.593372731412,5.645659281517,14.));
#9475 = CARTESIAN_POINT('',(1.405299461621,5.591367205046,14.));
#9476 = PLANE('',#9477);
#9477 = AXIS2_PLACEMENT_3D('',#9478,#9479,#9480);
#9478 = CARTESIAN_POINT('',(1.405299461621,4.17,14.));
#9479 = DIRECTION('',(-7.5E-16,2.22044604925E-16,1.));
#9480 = DIRECTION('',(-1.,-1.665334536938E-31,-7.5E-16));
#9481 = ADVANCED_FACE('',(#9482),#9493,.T.);
#9482 = FACE_BOUND('',#9483,.T.);
#9483 = EDGE_LOOP('',(#9484,#9485,#9492));
#9484 = ORIENTED_EDGE('',*,*,#9144,.F.);
#9485 = ORIENTED_EDGE('',*,*,#9486,.F.);
#9486 = EDGE_CURVE('',#9185,#9134,#9487,.T.);
#9487 = CIRCLE('',#9488,2.);
#9488 = AXIS2_PLACEMENT_3D('',#9489,#9490,#9491);
#9489 = CARTESIAN_POINT('',(2.56,4.17,16.));
#9490 = DIRECTION('',(0.,-1.,2.22044604925E-16));
#9491 = DIRECTION('',(1.,0.,0.));
#9492 = ORIENTED_EDGE('',*,*,#9184,.T.);
#9493 = CONICAL_SURFACE('',#9494,2.,1.047197551197);
#9494 = AXIS2_PLACEMENT_3D('',#9495,#9496,#9497);
#9495 = CARTESIAN_POINT('',(2.56,4.17,16.));
#9496 = DIRECTION('',(0.,1.,-2.22044604925E-16));
#9497 = DIRECTION('',(1.,0.,0.));
#9498 = ADVANCED_FACE('',(#9499),#9510,.T.);
#9499 = FACE_BOUND('',#9500,.T.);
#9500 = EDGE_LOOP('',(#9501,#9502,#9509));
#9501 = ORIENTED_EDGE('',*,*,#9195,.T.);
#9502 = ORIENTED_EDGE('',*,*,#9503,.F.);
#9503 = EDGE_CURVE('',#9448,#9185,#9504,.T.);
#9504 = CIRCLE('',#9505,2.);
#9505 = AXIS2_PLACEMENT_3D('',#9506,#9507,#9508);
#9506 = CARTESIAN_POINT('',(2.56,4.17,16.));
#9507 = DIRECTION('',(0.,-1.,2.22044604925E-16));
#9508 = DIRECTION('',(1.,0.,0.));
#9509 = ORIENTED_EDGE('',*,*,#9447,.T.);
#9510 = CONICAL_SURFACE('',#9511,2.,1.047197551197);
#9511 = AXIS2_PLACEMENT_3D('',#9512,#9513,#9514);
#9512 = CARTESIAN_POINT('',(2.56,4.17,16.));
#9513 = DIRECTION('',(0.,1.,-2.22044604925E-16));
#9514 = DIRECTION('',(1.,0.,0.));
#9515 = ADVANCED_FACE('',(#9516),#9527,.T.);
#9516 = FACE_BOUND('',#9517,.T.);
#9517 = EDGE_LOOP('',(#9518,#9519,#9520));
#9518 = ORIENTED_EDGE('',*,*,#9399,.T.);
#9519 = ORIENTED_EDGE('',*,*,#9458,.T.);
#9520 = ORIENTED_EDGE('',*,*,#9521,.F.);
#9521 = EDGE_CURVE('',#9400,#9448,#9522,.T.);
#9522 = CIRCLE('',#9523,2.);
#9523 = AXIS2_PLACEMENT_3D('',#9524,#9525,#9526);
#9524 = CARTESIAN_POINT('',(2.56,4.17,16.));
#9525 = DIRECTION('',(0.,-1.,2.22044604925E-16));
#9526 = DIRECTION('',(1.,0.,0.));
#9527 = CONICAL_SURFACE('',#9528,2.,1.047197551197);
#9528 = AXIS2_PLACEMENT_3D('',#9529,#9530,#9531);
#9529 = CARTESIAN_POINT('',(2.56,4.17,16.));
#9530 = DIRECTION('',(0.,1.,-2.22044604925E-16));
#9531 = DIRECTION('',(1.,0.,0.));
#9532 = ADVANCED_FACE('',(#9533),#9544,.T.);
#9533 = FACE_BOUND('',#9534,.T.);
#9534 = EDGE_LOOP('',(#9535,#9536,#9537));
#9535 = ORIENTED_EDGE('',*,*,#9344,.T.);
#9536 = ORIENTED_EDGE('',*,*,#9410,.T.);
#9537 = ORIENTED_EDGE('',*,*,#9538,.F.);
#9538 = EDGE_CURVE('',#9345,#9400,#9539,.T.);
#9539 = CIRCLE('',#9540,2.);
#9540 = AXIS2_PLACEMENT_3D('',#9541,#9542,#9543);
#9541 = CARTESIAN_POINT('',(2.56,4.17,16.));
#9542 = DIRECTION('',(0.,-1.,2.22044604925E-16));
#9543 = DIRECTION('',(1.,0.,0.));
#9544 = CONICAL_SURFACE('',#9545,2.,1.047197551197);
#9545 = AXIS2_PLACEMENT_3D('',#9546,#9547,#9548);
#9546 = CARTESIAN_POINT('',(2.56,4.17,16.));
#9547 = DIRECTION('',(0.,1.,-2.22044604925E-16));
#9548 = DIRECTION('',(1.,0.,0.));
#9549 = ADVANCED_FACE('',(#9550),#9561,.T.);
#9550 = FACE_BOUND('',#9551,.T.);
#9551 = EDGE_LOOP('',(#9552,#9553,#9554));
#9552 = ORIENTED_EDGE('',*,*,#9297,.T.);
#9553 = ORIENTED_EDGE('',*,*,#9355,.T.);
#9554 = ORIENTED_EDGE('',*,*,#9555,.F.);
#9555 = EDGE_CURVE('',#9298,#9345,#9556,.T.);
#9556 = CIRCLE('',#9557,2.);
#9557 = AXIS2_PLACEMENT_3D('',#9558,#9559,#9560);
#9558 = CARTESIAN_POINT('',(2.56,4.17,16.));
#9559 = DIRECTION('',(0.,-1.,2.22044604925E-16));
#9560 = DIRECTION('',(1.,0.,0.));
#9561 = CONICAL_SURFACE('',#9562,2.,1.047197551197);
#9562 = AXIS2_PLACEMENT_3D('',#9563,#9564,#9565);
#9563 = CARTESIAN_POINT('',(2.56,4.17,16.));
#9564 = DIRECTION('',(0.,1.,-2.22044604925E-16));
#9565 = DIRECTION('',(1.,0.,0.));
#9566 = ADVANCED_FACE('',(#9567),#9578,.T.);
#9567 = FACE_BOUND('',#9568,.T.);
#9568 = EDGE_LOOP('',(#9569,#9570,#9571));
#9569 = ORIENTED_EDGE('',*,*,#9248,.T.);
#9570 = ORIENTED_EDGE('',*,*,#9308,.T.);
#9571 = ORIENTED_EDGE('',*,*,#9572,.F.);
#9572 = EDGE_CURVE('',#9136,#9298,#9573,.T.);
#9573 = CIRCLE('',#9574,2.);
#9574 = AXIS2_PLACEMENT_3D('',#9575,#9576,#9577);
#9575 = CARTESIAN_POINT('',(2.56,4.17,16.));
#9576 = DIRECTION('',(0.,-1.,2.22044604925E-16));
#9577 = DIRECTION('',(1.,0.,0.));
#9578 = CONICAL_SURFACE('',#9579,2.,1.047197551197);
#9579 = AXIS2_PLACEMENT_3D('',#9580,#9581,#9582);
#9580 = CARTESIAN_POINT('',(2.56,4.17,16.));
#9581 = DIRECTION('',(0.,1.,-2.22044604925E-16));
#9582 = DIRECTION('',(1.,0.,0.));
#9583 = ADVANCED_FACE('',(#9584,#9594),#9603,.T.);
#9584 = FACE_BOUND('',#9585,.T.);
#9585 = EDGE_LOOP('',(#9586,#9587));
#9586 = ORIENTED_EDGE('',*,*,#8848,.T.);
#9587 = ORIENTED_EDGE('',*,*,#9588,.T.);
#9588 = EDGE_CURVE('',#8849,#8841,#9589,.T.);
#9589 = CIRCLE('',#9590,1.09);
#9590 = AXIS2_PLACEMENT_3D('',#9591,#9592,#9593);
#9591 = CARTESIAN_POINT('',(2.56,4.17,16.));
#9592 = DIRECTION('',(0.,1.,-2.22044604925E-16));
#9593 = DIRECTION('',(1.,0.,0.));
#9594 = FACE_BOUND('',#9595,.T.);
#9595 = EDGE_LOOP('',(#9596,#9597,#9598,#9599,#9600,#9601,#9602));
#9596 = ORIENTED_EDGE('',*,*,#9486,.T.);
#9597 = ORIENTED_EDGE('',*,*,#9133,.T.);
#9598 = ORIENTED_EDGE('',*,*,#9572,.T.);
#9599 = ORIENTED_EDGE('',*,*,#9555,.T.);
#9600 = ORIENTED_EDGE('',*,*,#9538,.T.);
#9601 = ORIENTED_EDGE('',*,*,#9521,.T.);
#9602 = ORIENTED_EDGE('',*,*,#9503,.T.);
#9603 = PLANE('',#9604);
#9604 = AXIS2_PLACEMENT_3D('',#9605,#9606,#9607);
#9605 = CARTESIAN_POINT('',(2.56,4.17,16.));
#9606 = DIRECTION('',(0.,-1.,2.22044604925E-16));
#9607 = DIRECTION('',(1.,0.,0.));
#9608 = ADVANCED_FACE('',(#9609),#9620,.T.);
#9609 = FACE_BOUND('',#9610,.T.);
#9610 = EDGE_LOOP('',(#9611,#9612,#9613));
#9611 = ORIENTED_EDGE('',*,*,#9259,.T.);
#9612 = ORIENTED_EDGE('',*,*,#9167,.T.);
#9613 = ORIENTED_EDGE('',*,*,#9614,.T.);
#9614 = EDGE_CURVE('',#9170,#9232,#9615,.T.);
#9615 = CIRCLE('',#9616,2.);
#9616 = AXIS2_PLACEMENT_3D('',#9617,#9618,#9619);
#9617 = CARTESIAN_POINT('',(2.56,5.77,16.));
#9618 = DIRECTION('',(0.,-1.,2.22044604925E-16));
#9619 = DIRECTION('',(1.,0.,0.));
#9620 = CONICAL_SURFACE('',#9621,2.,1.047197551197);
#9621 = AXIS2_PLACEMENT_3D('',#9622,#9623,#9624);
#9622 = CARTESIAN_POINT('',(2.56,5.77,16.));
#9623 = DIRECTION('',(0.,-1.,2.22044604925E-16));
#9624 = DIRECTION('',(-1.,0.,0.));
#9625 = ADVANCED_FACE('',(#9626),#9637,.T.);
#9626 = FACE_BOUND('',#9627,.T.);
#9627 = EDGE_LOOP('',(#9628,#9629,#9630));
#9628 = ORIENTED_EDGE('',*,*,#9212,.T.);
#9629 = ORIENTED_EDGE('',*,*,#9435,.T.);
#9630 = ORIENTED_EDGE('',*,*,#9631,.T.);
#9631 = EDGE_CURVE('',#9436,#9170,#9632,.T.);
#9632 = CIRCLE('',#9633,2.);
#9633 = AXIS2_PLACEMENT_3D('',#9634,#9635,#9636);
#9634 = CARTESIAN_POINT('',(2.56,5.77,16.));
#9635 = DIRECTION('',(0.,-1.,2.22044604925E-16));
#9636 = DIRECTION('',(1.,0.,0.));
#9637 = CONICAL_SURFACE('',#9638,2.,1.047197551197);
#9638 = AXIS2_PLACEMENT_3D('',#9639,#9640,#9641);
#9639 = CARTESIAN_POINT('',(2.56,5.77,16.));
#9640 = DIRECTION('',(0.,-1.,2.22044604925E-16));
#9641 = DIRECTION('',(-1.,0.,0.));
#9642 = ADVANCED_FACE('',(#9643),#9654,.T.);
#9643 = FACE_BOUND('',#9644,.T.);
#9644 = EDGE_LOOP('',(#9645,#9646,#9653));
#9645 = ORIENTED_EDGE('',*,*,#9380,.T.);
#9646 = ORIENTED_EDGE('',*,*,#9647,.T.);
#9647 = EDGE_CURVE('',#9383,#9436,#9648,.T.);
#9648 = CIRCLE('',#9649,2.);
#9649 = AXIS2_PLACEMENT_3D('',#9650,#9651,#9652);
#9650 = CARTESIAN_POINT('',(2.56,5.77,16.));
#9651 = DIRECTION('',(0.,-1.,2.22044604925E-16));
#9652 = DIRECTION('',(1.,0.,0.));
#9653 = ORIENTED_EDGE('',*,*,#9468,.T.);
#9654 = CONICAL_SURFACE('',#9655,2.,1.047197551197);
#9655 = AXIS2_PLACEMENT_3D('',#9656,#9657,#9658);
#9656 = CARTESIAN_POINT('',(2.56,5.77,16.));
#9657 = DIRECTION('',(0.,-1.,2.22044604925E-16));
#9658 = DIRECTION('',(-1.,0.,0.));
#9659 = ADVANCED_FACE('',(#9660),#9671,.T.);
#9660 = FACE_BOUND('',#9661,.T.);
#9661 = EDGE_LOOP('',(#9662,#9663,#9670));
#9662 = ORIENTED_EDGE('',*,*,#9110,.F.);
#9663 = ORIENTED_EDGE('',*,*,#9664,.T.);
#9664 = EDGE_CURVE('',#9102,#9383,#9665,.T.);
#9665 = CIRCLE('',#9666,2.);
#9666 = AXIS2_PLACEMENT_3D('',#9667,#9668,#9669);
#9667 = CARTESIAN_POINT('',(2.56,5.77,16.));
#9668 = DIRECTION('',(0.,-1.,2.22044604925E-16));
#9669 = DIRECTION('',(1.,0.,0.));
#9670 = ORIENTED_EDGE('',*,*,#9418,.T.);
#9671 = CONICAL_SURFACE('',#9672,2.,1.047197551197);
#9672 = AXIS2_PLACEMENT_3D('',#9673,#9674,#9675);
#9673 = CARTESIAN_POINT('',(2.56,5.77,16.));
#9674 = DIRECTION('',(0.,-1.,2.22044604925E-16));
#9675 = DIRECTION('',(-1.,0.,0.));
#9676 = ADVANCED_FACE('',(#9677),#9688,.T.);
#9677 = FACE_BOUND('',#9678,.T.);
#9678 = EDGE_LOOP('',(#9679,#9680,#9687));
#9679 = ORIENTED_EDGE('',*,*,#9276,.T.);
#9680 = ORIENTED_EDGE('',*,*,#9681,.F.);
#9681 = EDGE_CURVE('',#9100,#9279,#9682,.T.);
#9682 = CIRCLE('',#9683,2.);
#9683 = AXIS2_PLACEMENT_3D('',#9684,#9685,#9686);
#9684 = CARTESIAN_POINT('',(2.56,5.77,16.));
#9685 = DIRECTION('',(0.,1.,-2.22044604925E-16));
#9686 = DIRECTION('',(-1.,0.,0.));
#9687 = ORIENTED_EDGE('',*,*,#9363,.T.);
#9688 = CONICAL_SURFACE('',#9689,2.,1.047197551197);
#9689 = AXIS2_PLACEMENT_3D('',#9690,#9691,#9692);
#9690 = CARTESIAN_POINT('',(2.56,5.77,16.));
#9691 = DIRECTION('',(0.,-1.,2.22044604925E-16));
#9692 = DIRECTION('',(-1.,0.,0.));
#9693 = ADVANCED_FACE('',(#9694),#9705,.T.);
#9694 = FACE_BOUND('',#9695,.T.);
#9695 = EDGE_LOOP('',(#9696,#9697,#9698));
#9696 = ORIENTED_EDGE('',*,*,#9318,.T.);
#9697 = ORIENTED_EDGE('',*,*,#9229,.T.);
#9698 = ORIENTED_EDGE('',*,*,#9699,.T.);
#9699 = EDGE_CURVE('',#9232,#9279,#9700,.T.);
#9700 = CIRCLE('',#9701,2.);
#9701 = AXIS2_PLACEMENT_3D('',#9702,#9703,#9704);
#9702 = CARTESIAN_POINT('',(2.56,5.77,16.));
#9703 = DIRECTION('',(0.,-1.,2.22044604925E-16));
#9704 = DIRECTION('',(1.,0.,0.));
#9705 = CONICAL_SURFACE('',#9706,2.,1.047197551197);
#9706 = AXIS2_PLACEMENT_3D('',#9707,#9708,#9709);
#9707 = CARTESIAN_POINT('',(2.56,5.77,16.));
#9708 = DIRECTION('',(0.,-1.,2.22044604925E-16));
#9709 = DIRECTION('',(-1.,0.,0.));
#9710 = ADVANCED_FACE('',(#9711,#9721),#9730,.F.);
#9711 = FACE_BOUND('',#9712,.T.);
#9712 = EDGE_LOOP('',(#9713,#9714));
#9713 = ORIENTED_EDGE('',*,*,#8802,.T.);
#9714 = ORIENTED_EDGE('',*,*,#9715,.T.);
#9715 = EDGE_CURVE('',#8803,#8795,#9716,.T.);
#9716 = CIRCLE('',#9717,1.09);
#9717 = AXIS2_PLACEMENT_3D('',#9718,#9719,#9720);
#9718 = CARTESIAN_POINT('',(2.56,5.77,16.));
#9719 = DIRECTION('',(0.,-1.,2.22044604925E-16));
#9720 = DIRECTION('',(1.,0.,0.));
#9721 = FACE_BOUND('',#9722,.T.);
#9722 = EDGE_LOOP('',(#9723,#9724,#9725,#9726,#9727,#9728,#9729));
#9723 = ORIENTED_EDGE('',*,*,#9699,.F.);
#9724 = ORIENTED_EDGE('',*,*,#9614,.F.);
#9725 = ORIENTED_EDGE('',*,*,#9631,.F.);
#9726 = ORIENTED_EDGE('',*,*,#9647,.F.);
#9727 = ORIENTED_EDGE('',*,*,#9664,.F.);
#9728 = ORIENTED_EDGE('',*,*,#9099,.F.);
#9729 = ORIENTED_EDGE('',*,*,#9681,.T.);
#9730 = PLANE('',#9731);
#9731 = AXIS2_PLACEMENT_3D('',#9732,#9733,#9734);
#9732 = CARTESIAN_POINT('',(2.56,5.77,16.));
#9733 = DIRECTION('',(0.,-1.,2.22044604925E-16));
#9734 = DIRECTION('',(1.,0.,0.));
#9735 = ADVANCED_FACE('',(#9736),#9764,.F.);
#9736 = FACE_BOUND('',#9737,.F.);
#9737 = EDGE_LOOP('',(#9738,#9748,#9757,#9763));
#9738 = ORIENTED_EDGE('',*,*,#9739,.F.);
#9739 = EDGE_CURVE('',#9740,#8905,#9742,.T.);
#9740 = VERTEX_POINT('',#9741);
#9741 = CARTESIAN_POINT('',(2.568688228788,4.52,16.739948994648));
#9742 = ( BOUNDED_CURVE() B_SPLINE_CURVE(2,(#9743,#9744,#9745,#9746,
#9747),.UNSPECIFIED.,.F.,.F.) B_SPLINE_CURVE_WITH_KNOTS((3,2,3),(
0.249824145712,0.266666666667,0.299421483472),.UNSPECIFIED.) CURVE() 
GEOMETRIC_REPRESENTATION_ITEM() RATIONAL_B_SPLINE_CURVE((0.933020159523,
    0.932305901675,1.,0.868350599333,0.995430318746)) 
REPRESENTATION_ITEM('') );
#9743 = CARTESIAN_POINT('',(2.568688228788,4.52,16.739948994648));
#9744 = CARTESIAN_POINT('',(2.769200846355,4.538065156168,
    16.737594643863));
#9745 = CARTESIAN_POINT('',(2.941091520681,4.553710290436,
    16.634325825475));
#9746 = CARTESIAN_POINT('',(3.299999999999,4.586377399172,
    16.418700081298));
#9747 = CARTESIAN_POINT('',(3.3,4.619367634472,16.));
#9748 = ORIENTED_EDGE('',*,*,#9749,.F.);
#9749 = EDGE_CURVE('',#9750,#9740,#9752,.T.);
#9750 = VERTEX_POINT('',#9751);
#9751 = CARTESIAN_POINT('',(3.299956212922,4.52,16.008050028431));
#9752 = CIRCLE('',#9753,0.74);
#9753 = AXIS2_PLACEMENT_3D('',#9754,#9755,#9756);
#9754 = CARTESIAN_POINT('',(2.56,4.52,16.));
#9755 = DIRECTION('',(0.,-1.,2.22044604925E-16));
#9756 = DIRECTION('',(1.,0.,0.));
#9757 = ORIENTED_EDGE('',*,*,#9758,.F.);
#9758 = EDGE_CURVE('',#8919,#9750,#9759,.T.);
#9759 = ( BOUNDED_CURVE() B_SPLINE_CURVE(2,(#9760,#9761,#9762),
.UNSPECIFIED.,.F.,.F.) B_SPLINE_CURVE_WITH_KNOTS((3,3),(0.899421483472,
0.89978295957),.PIECEWISE_BEZIER_KNOTS.) CURVE() 
GEOMETRIC_REPRESENTATION_ITEM() RATIONAL_B_SPLINE_CURVE((0.995430318746,
0.996832747017,0.998266685704)) REPRESENTATION_ITEM('') );
#9760 = CARTESIAN_POINT('',(3.299999999999,4.520632365528,16.));
#9761 = CARTESIAN_POINT('',(3.299999999999,4.520315217047,
    16.004025133302));
#9762 = CARTESIAN_POINT('',(3.299956212922,4.52,16.008050028431));
#9763 = ORIENTED_EDGE('',*,*,#8918,.T.);
#9764 = CYLINDRICAL_SURFACE('',#9765,0.74);
#9765 = AXIS2_PLACEMENT_3D('',#9766,#9767,#9768);
#9766 = CARTESIAN_POINT('',(2.56,4.17,16.));
#9767 = DIRECTION('',(-0.,1.,-2.22044604925E-16));
#9768 = DIRECTION('',(-1.,0.,0.));
#9769 = ADVANCED_FACE('',(#9770),#9817,.F.);
#9770 = FACE_BOUND('',#9771,.F.);
#9771 = EDGE_LOOP('',(#9772,#9773,#9774,#9787,#9802,#9803,#9816));
#9772 = ORIENTED_EDGE('',*,*,#9588,.T.);
#9773 = ORIENTED_EDGE('',*,*,#8838,.F.);
#9774 = ORIENTED_EDGE('',*,*,#9775,.T.);
#9775 = EDGE_CURVE('',#8839,#9776,#9778,.T.);
#9776 = VERTEX_POINT('',#9777);
#9777 = CARTESIAN_POINT('',(2.41,4.26,16.988685996664));
#9778 = B_SPLINE_CURVE_WITH_KNOTS('',3,(#9779,#9780,#9781,#9782,#9783,
    #9784,#9785,#9786),.UNSPECIFIED.,.F.,.F.,(4,2,2,4),(
    3.950797424814E-03,4.366726837988E-03,4.782656251163E-03,
    5.614515077511E-03),.UNSPECIFIED.);
#9779 = CARTESIAN_POINT('',(3.490307099632,4.329692900368,16.));
#9780 = CARTESIAN_POINT('',(3.495742442835,4.324257557165,
    16.137966122327));
#9781 = CARTESIAN_POINT('',(3.470456497483,4.318143627755,
    16.277870010879));
#9782 = CARTESIAN_POINT('',(3.363529933413,4.305887789043,
    16.532652896382));
#9783 = CARTESIAN_POINT('',(3.282344793753,4.299737654887,
    16.647934838158));
#9784 = CARTESIAN_POINT('',(2.971675969469,4.282557409577,
    16.929466540662));
#9785 = CARTESIAN_POINT('',(2.687727657691,4.27165585462,17.019032632639
    ));
#9786 = CARTESIAN_POINT('',(2.41,4.26,16.988685996664));
#9787 = ORIENTED_EDGE('',*,*,#9788,.T.);
#9788 = EDGE_CURVE('',#9776,#9750,#9789,.T.);
#9789 = B_SPLINE_CURVE_WITH_KNOTS('',3,(#9790,#9791,#9792,#9793,#9794,
    #9795,#9796,#9797,#9798,#9799,#9800,#9801),.UNSPECIFIED.,.F.,.F.,(4,
    2,2,2,2,4),(3.E-17,3.812505384244E-04,5.718758076366E-04,
    7.625010768488E-04,1.143751615273E-03,1.525002153698E-03),
  .UNSPECIFIED.);
#9790 = CARTESIAN_POINT('',(2.41,4.26,16.988685996664));
#9791 = CARTESIAN_POINT('',(2.537400409259,4.279682759887,
    16.988106744505));
#9792 = CARTESIAN_POINT('',(2.662047633759,4.300125979825,16.96254262598
    ));
#9793 = CARTESIAN_POINT('',(2.836803556855,4.330756749918,
    16.889246187329));
#9794 = CARTESIAN_POINT('',(2.892023352446,4.340778458914,16.85941682848
    ));
#9795 = CARTESIAN_POINT('',(2.996493695528,4.360363925271,
    16.789105107553));
#9796 = CARTESIAN_POINT('',(3.046173074079,4.369857868895,
    16.748216252039));
#9797 = CARTESIAN_POINT('',(3.176026362192,4.400765818305,
    16.611678115432));
#9798 = CARTESIAN_POINT('',(3.241152450759,4.424034974742,
    16.499966681916));
#9799 = CARTESIAN_POINT('',(3.313746335173,4.472090086349,
    16.260319640038));
#9800 = CARTESIAN_POINT('',(3.321909899105,4.496688270447,
    16.133007771282));
#9801 = CARTESIAN_POINT('',(3.299956212922,4.52,16.008050028431));
#9802 = ORIENTED_EDGE('',*,*,#9749,.T.);
#9803 = ORIENTED_EDGE('',*,*,#9804,.T.);
#9804 = EDGE_CURVE('',#9740,#8858,#9805,.T.);
#9805 = B_SPLINE_CURVE_WITH_KNOTS('',3,(#9806,#9807,#9808,#9809,#9810,
    #9811,#9812,#9813,#9814,#9815),.UNSPECIFIED.,.F.,.F.,(4,2,2,2,4),(0.
    ,3.057727664699E-04,6.115455329399E-04,9.173182994098E-04,
    1.22309106588E-03),.UNSPECIFIED.);
#9806 = CARTESIAN_POINT('',(2.568688228788,4.52,16.739948994648));
#9807 = CARTESIAN_POINT('',(2.466039475384,4.514149648822,
    16.747005015758));
#9808 = CARTESIAN_POINT('',(2.362966216633,4.508439987429,
    16.732337098779));
#9809 = CARTESIAN_POINT('',(2.171795105931,4.49808177517,16.66341075292)
  );
#9810 = CARTESIAN_POINT('',(2.082765470864,4.493213976428,
    16.608674654137));
#9811 = CARTESIAN_POINT('',(1.933289721813,4.482450037537,
    16.471269557454));
#9812 = CARTESIAN_POINT('',(1.871709363303,4.476833395707,
    16.387198944526));
#9813 = CARTESIAN_POINT('',(1.785750542069,4.46609695807,16.202822360718
    ));
#9814 = CARTESIAN_POINT('',(1.761010877854,4.461010877854,
    16.102225663383));
#9815 = CARTESIAN_POINT('',(1.756330983371,4.456330983371,16.));
#9816 = ORIENTED_EDGE('',*,*,#8857,.T.);
#9817 = CONICAL_SURFACE('',#9818,1.09,0.785398163397);
#9818 = AXIS2_PLACEMENT_3D('',#9819,#9820,#9821);
#9819 = CARTESIAN_POINT('',(2.56,4.17,16.));
#9820 = DIRECTION('',(0.,-1.,2.22044604925E-16));
#9821 = DIRECTION('',(1.,0.,0.));
#9822 = ADVANCED_FACE('',(#9823),#9849,.F.);
#9823 = FACE_BOUND('',#9824,.F.);
#9824 = EDGE_LOOP('',(#9825,#9826,#9827,#9848));
#9825 = ORIENTED_EDGE('',*,*,#9715,.T.);
#9826 = ORIENTED_EDGE('',*,*,#8794,.F.);
#9827 = ORIENTED_EDGE('',*,*,#9828,.T.);
#9828 = EDGE_CURVE('',#8780,#8812,#9829,.T.);
#9829 = B_SPLINE_CURVE_WITH_KNOTS('',3,(#9830,#9831,#9832,#9833,#9834,
    #9835,#9836,#9837,#9838,#9839,#9840,#9841,#9842,#9843,#9844,#9845,
    #9846,#9847),.UNSPECIFIED.,.F.,.F.,(4,2,2,2,2,2,2,2,4),(
    1.22309106588E-03,1.564054360746E-03,1.905017655613E-03,
    2.24598095048E-03,2.586944245347E-03,2.927907540214E-03,
    3.268870835081E-03,3.609834129947E-03,3.950797424814E-03),
  .UNSPECIFIED.);
#9830 = CARTESIAN_POINT('',(1.756330983371,5.483669016629,16.));
#9831 = CARTESIAN_POINT('',(1.751112492983,5.488887507017,
    16.113990527703));
#9832 = CARTESIAN_POINT('',(1.769845016624,5.494646626763,
    16.228471784002));
#9833 = CARTESIAN_POINT('',(1.851831286038,5.50627290894,16.440589514124
    ));
#9834 = CARTESIAN_POINT('',(1.915182745453,5.51213116117,16.537974727671
    ));
#9835 = CARTESIAN_POINT('',(2.074661118436,5.522949886545,
    16.698408556114));
#9836 = CARTESIAN_POINT('',(2.17217914068,5.527708897223,16.762241218291
    ));
#9837 = CARTESIAN_POINT('',(2.382194773394,5.538303851505,
    16.847276296289));
#9838 = CARTESIAN_POINT('',(2.496066157016,5.54393018233,16.869008372781
    ));
#9839 = CARTESIAN_POINT('',(2.723371746802,5.554927323212,
    16.867003587969));
#9840 = CARTESIAN_POINT('',(2.835941365322,5.560259451314,16.84368705583
    ));
#9841 = CARTESIAN_POINT('',(3.046710808325,5.570079254282,
    16.753955205304));
#9842 = CARTESIAN_POINT('',(3.141720360045,5.57479832583,16.68934851028)
  );
#9843 = CARTESIAN_POINT('',(3.30335323867,5.585222731933,16.528951849392
    ));
#9844 = CARTESIAN_POINT('',(3.368616825016,5.590580956143,
    16.433732621968));
#9845 = CARTESIAN_POINT('',(3.459847597391,5.600890441165,
    16.226143727453));
#9846 = CARTESIAN_POINT('',(3.485851409631,5.605851409631,
    16.113099439854));
#9847 = CARTESIAN_POINT('',(3.490307099632,5.610307099632,16.));
#9848 = ORIENTED_EDGE('',*,*,#8811,.T.);
#9849 = CONICAL_SURFACE('',#9850,0.74,0.785398163397);
#9850 = AXIS2_PLACEMENT_3D('',#9851,#9852,#9853);
#9851 = CARTESIAN_POINT('',(2.56,5.42,16.));
#9852 = DIRECTION('',(0.,1.,-2.22044604925E-16));
#9853 = DIRECTION('',(-1.,0.,0.));
#9854 = ADVANCED_FACE('',(#9855),#9915,.F.);
#9855 = FACE_BOUND('',#9856,.F.);
#9856 = EDGE_LOOP('',(#9857,#9858,#9859,#9860,#9861,#9862,#9863,#9864,
    #9912,#9913,#9914));
#9857 = ORIENTED_EDGE('',*,*,#9739,.T.);
#9858 = ORIENTED_EDGE('',*,*,#8904,.T.);
#9859 = ORIENTED_EDGE('',*,*,#9031,.T.);
#9860 = ORIENTED_EDGE('',*,*,#8956,.T.);
#9861 = ORIENTED_EDGE('',*,*,#9065,.T.);
#9862 = ORIENTED_EDGE('',*,*,#8999,.T.);
#9863 = ORIENTED_EDGE('',*,*,#8751,.F.);
#9864 = ORIENTED_EDGE('',*,*,#9865,.F.);
#9865 = EDGE_CURVE('',#9776,#8752,#9866,.T.);
#9866 = ( BOUNDED_CURVE() B_SPLINE_CURVE(2,(#9867,#9868,#9869,#9870,
    #9871,#9872,#9873,#9874,#9875,#9876,#9877,#9878,#9879,#9880,#9881,
    #9882,#9883,#9884,#9885,#9886,#9887,#9888,#9889,#9890,#9891,#9892,
    #9893,#9894,#9895,#9896,#9897,#9898,#9899,#9900,#9901,#9902,#9903,
    #9904,#9905,#9906,#9907,#9908,#9909,#9910,#9911),.UNSPECIFIED.,.F.,
.F.) B_SPLINE_CURVE_WITH_KNOTS((3,2,2,2,2,2,2,2,2,2,2,2,2,2,2,2,2,2,2,2,
    2,2,3),(4.530839607933E-02,6.666666666667E-02,0.1,0.133333333333,
    0.166666666667,0.2,0.233333333333,0.266666666667,0.3,0.333333333333,
    0.366666666667,0.4,0.433333333333,0.466666666667,0.5,0.533333333333,
    0.566666666667,0.6,0.633333333333,0.666666666667,0.7,0.733333333333,
0.754691603922),.UNSPECIFIED.) CURVE() GEOMETRIC_REPRESENTATION_ITEM() 
RATIONAL_B_SPLINE_CURVE((0.938320784133,0.914156029666,1.,0.866025403784
    ,1.,0.866025403784,1.,0.866025403784,1.,0.866025403784,1.,
    0.866025403784,1.,0.866025403784,1.,0.866025403784,1.,0.866025403784
    ,1.,0.866025403784,1.,0.866025403784,1.,0.866025403784,1.,
    0.866025403784,1.,0.866025403784,1.,0.866025403784,1.,0.866025403784
    ,1.,0.866025403784,1.,0.866025403784,1.,0.866025403784,1.,
    0.866025403784,1.,0.866025403784,1.,0.914156029661,0.938320784136)) 
REPRESENTATION_ITEM('') );
#9867 = CARTESIAN_POINT('',(2.41,4.26,16.988685996664));
#9868 = CARTESIAN_POINT('',(2.756493744351,4.283099582957,
    17.041254822184));
#9869 = CARTESIAN_POINT('',(3.06,4.303333333333,16.866025403784));
#9870 = CARTESIAN_POINT('',(3.56,4.336666666667,16.57735026919));
#9871 = CARTESIAN_POINT('',(3.56,4.37,16.));
#9872 = CARTESIAN_POINT('',(3.56,4.403333333333,15.42264973081));
#9873 = CARTESIAN_POINT('',(3.06,4.436666666667,15.133974596216));
#9874 = CARTESIAN_POINT('',(2.56,4.47,14.845299461621));
#9875 = CARTESIAN_POINT('',(2.06,4.503333333333,15.133974596216));
#9876 = CARTESIAN_POINT('',(1.56,4.536666666667,15.42264973081));
#9877 = CARTESIAN_POINT('',(1.56,4.57,16.));
#9878 = CARTESIAN_POINT('',(1.56,4.603333333333,16.57735026919));
#9879 = CARTESIAN_POINT('',(2.06,4.636666666667,16.866025403784));
#9880 = CARTESIAN_POINT('',(2.56,4.67,17.154700538379));
#9881 = CARTESIAN_POINT('',(3.06,4.703333333333,16.866025403784));
#9882 = CARTESIAN_POINT('',(3.56,4.736666666667,16.57735026919));
#9883 = CARTESIAN_POINT('',(3.56,4.77,16.));
#9884 = CARTESIAN_POINT('',(3.56,4.803333333333,15.42264973081));
#9885 = CARTESIAN_POINT('',(3.06,4.836666666667,15.133974596216));
#9886 = CARTESIAN_POINT('',(2.56,4.87,14.845299461621));
#9887 = CARTESIAN_POINT('',(2.06,4.903333333333,15.133974596216));
#9888 = CARTESIAN_POINT('',(1.56,4.936666666667,15.42264973081));
#9889 = CARTESIAN_POINT('',(1.56,4.97,16.));
#9890 = CARTESIAN_POINT('',(1.56,5.003333333333,16.57735026919));
#9891 = CARTESIAN_POINT('',(2.06,5.036666666667,16.866025403784));
#9892 = CARTESIAN_POINT('',(2.56,5.07,17.154700538379));
#9893 = CARTESIAN_POINT('',(3.06,5.103333333333,16.866025403784));
#9894 = CARTESIAN_POINT('',(3.56,5.136666666667,16.57735026919));
#9895 = CARTESIAN_POINT('',(3.56,5.17,16.));
#9896 = CARTESIAN_POINT('',(3.56,5.203333333333,15.42264973081));
#9897 = CARTESIAN_POINT('',(3.06,5.236666666667,15.133974596216));
#9898 = CARTESIAN_POINT('',(2.56,5.27,14.845299461621));
#9899 = CARTESIAN_POINT('',(2.06,5.303333333333,15.133974596216));
#9900 = CARTESIAN_POINT('',(1.56,5.336666666667,15.42264973081));
#9901 = CARTESIAN_POINT('',(1.56,5.37,16.));
#9902 = CARTESIAN_POINT('',(1.56,5.403333333333,16.57735026919));
#9903 = CARTESIAN_POINT('',(2.06,5.436666666667,16.866025403784));
#9904 = CARTESIAN_POINT('',(2.56,5.47,17.154700538379));
#9905 = CARTESIAN_POINT('',(3.06,5.503333333333,16.866025403784));
#9906 = CARTESIAN_POINT('',(3.56,5.536666666667,16.57735026919));
#9907 = CARTESIAN_POINT('',(3.56,5.57,16.));
#9908 = CARTESIAN_POINT('',(3.56,5.603333333333,15.42264973081));
#9909 = CARTESIAN_POINT('',(3.06,5.636666666667,15.133974596216));
#9910 = CARTESIAN_POINT('',(2.756493744332,5.656900417045,
    14.958745177805));
#9911 = CARTESIAN_POINT('',(2.409999999962,5.680000000003,
    15.011314003341));
#9912 = ORIENTED_EDGE('',*,*,#9775,.F.);
#9913 = ORIENTED_EDGE('',*,*,#8865,.F.);
#9914 = ORIENTED_EDGE('',*,*,#9804,.F.);
#9915 = ( BOUNDED_SURFACE() B_SPLINE_SURFACE(1,2,(
    (#9916,#9917,#9918,#9919,#9920,#9921,#9922,#9923,#9924,#9925,#9926
      ,#9927,#9928,#9929,#9930,#9931,#9932,#9933,#9934,#9935,#9936,#9937
      ,#9938,#9939,#9940,#9941,#9942,#9943,#9944,#9945,#9946,#9947,#9948
      ,#9949,#9950,#9951,#9952,#9953,#9954,#9955,#9956,#9957,#9958,#9959
      ,#9960,#9961,#9962,#9963,#9964,#9965,#9966,#9967,#9968,#9969,#9970
      ,#9971,#9972,#9973,#9974,#9975,#9976)
    ,(#9977,#9978,#9979,#9980,#9981,#9982,#9983,#9984,#9985,#9986,#9987
      ,#9988,#9989,#9990,#9991,#9992,#9993,#9994,#9995,#9996,#9997,#9998
      ,#9999,#10000,#10001,#10002,#10003,#10004,#10005,#10006,#10007
      ,#10008,#10009,#10010,#10011,#10012,#10013,#10014,#10015,#10016
      ,#10017,#10018,#10019,#10020,#10021,#10022,#10023,#10024,#10025
      ,#10026,#10027,#10028,#10029,#10030,#10031,#10032,#10033,#10034
      ,#10035,#10036,#10037
)),.UNSPECIFIED.,.F.,.F.,.F.) B_SPLINE_SURFACE_WITH_KNOTS((2,2),(3,2,2,2
    ,2,2,2,2,2,2,2,2,2,2,2,2,2,2,2,2,2,2,2,2,2,2,2,2,2,2,3),(0.,1.),(0.,
    3.333333333333E-02,6.666666666667E-02,0.1,0.133333333333,
    0.166666666667,0.2,0.233333333333,0.266666666667,0.3,0.333333333333,
    0.366666666667,0.4,0.433333333333,0.466666666667,0.5,0.533333333333,
    0.566666666667,0.6,0.633333333333,0.666666666667,0.7,0.733333333333,
    0.766666666667,0.8,0.833333333333,0.866666666667,0.9,0.933333333333,
0.966666666667,1.),.UNSPECIFIED.) GEOMETRIC_REPRESENTATION_ITEM() 
RATIONAL_B_SPLINE_SURFACE((
    (1.,0.866025403784,1.,0.866025403784,1.,0.866025403784,1.
      ,0.866025403784,1.,0.866025403784,1.,0.866025403784,1.
      ,0.866025403784,1.,0.866025403784,1.,0.866025403784,1.
      ,0.866025403784,1.,0.866025403784,1.,0.866025403784,1.
      ,0.866025403784,1.,0.866025403784,1.,0.866025403784,1.
      ,0.866025403784,1.,0.866025403784,1.,0.866025403784,1.
      ,0.866025403784,1.,0.866025403784,1.,0.866025403784,1.
      ,0.866025403784,1.,0.866025403784,1.,0.866025403784,1.
      ,0.866025403784,1.,0.866025403784,1.,0.866025403784,1.
      ,0.866025403784,1.,0.866025403784,1.,0.866025403784,1.)
    ,(1.,0.866025403784,1.,0.866025403784,1.,0.866025403784,1.
      ,0.866025403784,1.,0.866025403784,1.,0.866025403784,1.
      ,0.866025403784,1.,0.866025403784,1.,0.866025403784,1.
      ,0.866025403784,1.,0.866025403784,1.,0.866025403784,1.
      ,0.866025403784,1.,0.866025403784,1.,0.866025403784,1.
      ,0.866025403784,1.,0.866025403784,1.,0.866025403784,1.
      ,0.866025403784,1.,0.866025403784,1.,0.866025403784,1.
      ,0.866025403784,1.,0.866025403784,1.,0.866025403784,1.
      ,0.866025403784,1.,0.866025403784,1.,0.866025403784,1.
      ,0.866025403784,1.,0.866025403784,1.,0.866025403784,1.
))) REPRESENTATION_ITEM('') SURFACE() );
#9916 = CARTESIAN_POINT('',(1.56,4.17,16.));
#9917 = CARTESIAN_POINT('',(1.56,4.203333333333,16.57735026919));
#9918 = CARTESIAN_POINT('',(2.06,4.236666666667,16.866025403784));
#9919 = CARTESIAN_POINT('',(2.56,4.27,17.154700538379));
#9920 = CARTESIAN_POINT('',(3.06,4.303333333333,16.866025403784));
#9921 = CARTESIAN_POINT('',(3.56,4.336666666667,16.57735026919));
#9922 = CARTESIAN_POINT('',(3.56,4.37,16.));
#9923 = CARTESIAN_POINT('',(3.56,4.403333333333,15.42264973081));
#9924 = CARTESIAN_POINT('',(3.06,4.436666666667,15.133974596216));
#9925 = CARTESIAN_POINT('',(2.56,4.47,14.845299461621));
#9926 = CARTESIAN_POINT('',(2.06,4.503333333333,15.133974596216));
#9927 = CARTESIAN_POINT('',(1.56,4.536666666667,15.42264973081));
#9928 = CARTESIAN_POINT('',(1.56,4.57,16.));
#9929 = CARTESIAN_POINT('',(1.56,4.603333333333,16.57735026919));
#9930 = CARTESIAN_POINT('',(2.06,4.636666666667,16.866025403784));
#9931 = CARTESIAN_POINT('',(2.56,4.67,17.154700538379));
#9932 = CARTESIAN_POINT('',(3.06,4.703333333333,16.866025403784));
#9933 = CARTESIAN_POINT('',(3.56,4.736666666667,16.57735026919));
#9934 = CARTESIAN_POINT('',(3.56,4.77,16.));
#9935 = CARTESIAN_POINT('',(3.56,4.803333333333,15.42264973081));
#9936 = CARTESIAN_POINT('',(3.06,4.836666666667,15.133974596216));
#9937 = CARTESIAN_POINT('',(2.56,4.87,14.845299461621));
#9938 = CARTESIAN_POINT('',(2.06,4.903333333333,15.133974596216));
#9939 = CARTESIAN_POINT('',(1.56,4.936666666667,15.42264973081));
#9940 = CARTESIAN_POINT('',(1.56,4.97,16.));
#9941 = CARTESIAN_POINT('',(1.56,5.003333333333,16.57735026919));
#9942 = CARTESIAN_POINT('',(2.06,5.036666666667,16.866025403784));
#9943 = CARTESIAN_POINT('',(2.56,5.07,17.154700538379));
#9944 = CARTESIAN_POINT('',(3.06,5.103333333333,16.866025403784));
#9945 = CARTESIAN_POINT('',(3.56,5.136666666667,16.57735026919));
#9946 = CARTESIAN_POINT('',(3.56,5.17,16.));
#9947 = CARTESIAN_POINT('',(3.56,5.203333333333,15.42264973081));
#9948 = CARTESIAN_POINT('',(3.06,5.236666666667,15.133974596216));
#9949 = CARTESIAN_POINT('',(2.56,5.27,14.845299461621));
#9950 = CARTESIAN_POINT('',(2.06,5.303333333333,15.133974596216));
#9951 = CARTESIAN_POINT('',(1.56,5.336666666667,15.42264973081));
#9952 = CARTESIAN_POINT('',(1.56,5.37,16.));
#9953 = CARTESIAN_POINT('',(1.56,5.403333333333,16.57735026919));
#9954 = CARTESIAN_POINT('',(2.06,5.436666666667,16.866025403784));
#9955 = CARTESIAN_POINT('',(2.56,5.47,17.154700538379));
#9956 = CARTESIAN_POINT('',(3.06,5.503333333333,16.866025403784));
#9957 = CARTESIAN_POINT('',(3.56,5.536666666667,16.57735026919));
#9958 = CARTESIAN_POINT('',(3.56,5.57,16.));
#9959 = CARTESIAN_POINT('',(3.56,5.603333333333,15.42264973081));
#9960 = CARTESIAN_POINT('',(3.06,5.636666666667,15.133974596216));
#9961 = CARTESIAN_POINT('',(2.56,5.67,14.845299461621));
#9962 = CARTESIAN_POINT('',(2.06,5.703333333333,15.133974596216));
#9963 = CARTESIAN_POINT('',(1.56,5.736666666667,15.42264973081));
#9964 = CARTESIAN_POINT('',(1.56,5.77,16.));
#9965 = CARTESIAN_POINT('',(1.56,5.803333333333,16.57735026919));
#9966 = CARTESIAN_POINT('',(2.06,5.836666666667,16.866025403784));
#9967 = CARTESIAN_POINT('',(2.56,5.87,17.154700538379));
#9968 = CARTESIAN_POINT('',(3.06,5.903333333333,16.866025403784));
#9969 = CARTESIAN_POINT('',(3.56,5.936666666667,16.57735026919));
#9970 = CARTESIAN_POINT('',(3.56,5.97,16.));
#9971 = CARTESIAN_POINT('',(3.56,6.003333333333,15.42264973081));
#9972 = CARTESIAN_POINT('',(3.06,6.036666666667,15.133974596216));
#9973 = CARTESIAN_POINT('',(2.56,6.07,14.845299461621));
#9974 = CARTESIAN_POINT('',(2.06,6.103333333333,15.133974596216));
#9975 = CARTESIAN_POINT('',(1.56,6.136666666667,15.42264973081));
#9976 = CARTESIAN_POINT('',(1.56,6.17,16.));
#9977 = CARTESIAN_POINT('',(1.897931784233,3.975613007002,
    16.016723054491));
#9978 = CARTESIAN_POINT('',(1.907586844246,4.008946340335,
    16.398968317086));
#9979 = CARTESIAN_POINT('',(2.243448482135,4.042279673668,
    16.581729421138));
#9980 = CARTESIAN_POINT('',(2.579310120024,4.075613007002,
    16.764490525189));
#9981 = CARTESIAN_POINT('',(2.905516697901,4.108946340335,
    16.565006366647));
#9982 = CARTESIAN_POINT('',(3.231723275779,4.142279673668,
    16.365522208104));
#9983 = CARTESIAN_POINT('',(3.222068215767,4.175613007002,
    15.983276945509));
#9984 = CARTESIAN_POINT('',(3.212413155754,4.208946340335,
    15.601031682914));
#9985 = CARTESIAN_POINT('',(2.876551517865,4.242279673668,
    15.418270578862));
#9986 = CARTESIAN_POINT('',(2.540689879976,4.275613007002,
    15.235509474811));
#9987 = CARTESIAN_POINT('',(2.214483302099,4.308946340335,
    15.434993633353));
#9988 = CARTESIAN_POINT('',(1.888276724221,4.342279673668,
    15.634477791896));
#9989 = CARTESIAN_POINT('',(1.897931784233,4.375613007002,
    16.016723054491));
#9990 = CARTESIAN_POINT('',(1.907586844246,4.408946340335,
    16.398968317086));
#9991 = CARTESIAN_POINT('',(2.243448482135,4.442279673668,
    16.581729421138));
#9992 = CARTESIAN_POINT('',(2.579310120024,4.475613007002,
    16.764490525189));
#9993 = CARTESIAN_POINT('',(2.905516697901,4.508946340335,
    16.565006366647));
#9994 = CARTESIAN_POINT('',(3.231723275779,4.542279673668,
    16.365522208104));
#9995 = CARTESIAN_POINT('',(3.222068215767,4.575613007002,
    15.983276945509));
#9996 = CARTESIAN_POINT('',(3.212413155754,4.608946340335,
    15.601031682914));
#9997 = CARTESIAN_POINT('',(2.876551517865,4.642279673668,
    15.418270578862));
#9998 = CARTESIAN_POINT('',(2.540689879976,4.675613007002,
    15.235509474811));
#9999 = CARTESIAN_POINT('',(2.214483302099,4.708946340335,
    15.434993633353));
#10000 = CARTESIAN_POINT('',(1.888276724221,4.742279673668,
    15.634477791896));
#10001 = CARTESIAN_POINT('',(1.897931784233,4.775613007002,
    16.016723054491));
#10002 = CARTESIAN_POINT('',(1.907586844246,4.808946340335,
    16.398968317086));
#10003 = CARTESIAN_POINT('',(2.243448482135,4.842279673668,
    16.581729421138));
#10004 = CARTESIAN_POINT('',(2.579310120024,4.875613007002,
    16.764490525189));
#10005 = CARTESIAN_POINT('',(2.905516697901,4.908946340335,
    16.565006366647));
#10006 = CARTESIAN_POINT('',(3.231723275779,4.942279673668,
    16.365522208104));
#10007 = CARTESIAN_POINT('',(3.222068215767,4.975613007002,
    15.983276945509));
#10008 = CARTESIAN_POINT('',(3.212413155754,5.008946340335,
    15.601031682914));
#10009 = CARTESIAN_POINT('',(2.876551517865,5.042279673668,
    15.418270578862));
#10010 = CARTESIAN_POINT('',(2.540689879976,5.075613007002,
    15.235509474811));
#10011 = CARTESIAN_POINT('',(2.214483302099,5.108946340335,
    15.434993633353));
#10012 = CARTESIAN_POINT('',(1.888276724221,5.142279673668,
    15.634477791896));
#10013 = CARTESIAN_POINT('',(1.897931784233,5.175613007002,
    16.016723054491));
#10014 = CARTESIAN_POINT('',(1.907586844246,5.208946340335,
    16.398968317086));
#10015 = CARTESIAN_POINT('',(2.243448482135,5.242279673668,
    16.581729421138));
#10016 = CARTESIAN_POINT('',(2.579310120024,5.275613007002,
    16.764490525189));
#10017 = CARTESIAN_POINT('',(2.905516697901,5.308946340335,
    16.565006366647));
#10018 = CARTESIAN_POINT('',(3.231723275779,5.342279673668,
    16.365522208104));
#10019 = CARTESIAN_POINT('',(3.222068215767,5.375613007002,
    15.983276945509));
#10020 = CARTESIAN_POINT('',(3.212413155754,5.408946340335,
    15.601031682914));
#10021 = CARTESIAN_POINT('',(2.876551517865,5.442279673668,
    15.418270578862));
#10022 = CARTESIAN_POINT('',(2.540689879976,5.475613007002,
    15.235509474811));
#10023 = CARTESIAN_POINT('',(2.214483302099,5.508946340335,
    15.434993633353));
#10024 = CARTESIAN_POINT('',(1.888276724221,5.542279673668,
    15.634477791896));
#10025 = CARTESIAN_POINT('',(1.897931784233,5.575613007002,
    16.016723054491));
#10026 = CARTESIAN_POINT('',(1.907586844246,5.608946340335,
    16.398968317086));
#10027 = CARTESIAN_POINT('',(2.243448482135,5.642279673668,
    16.581729421138));
#10028 = CARTESIAN_POINT('',(2.579310120024,5.675613007002,
    16.764490525189));
#10029 = CARTESIAN_POINT('',(2.905516697901,5.708946340335,
    16.565006366647));
#10030 = CARTESIAN_POINT('',(3.231723275779,5.742279673668,
    16.365522208104));
#10031 = CARTESIAN_POINT('',(3.222068215767,5.775613007002,
    15.983276945509));
#10032 = CARTESIAN_POINT('',(3.212413155754,5.808946340335,
    15.601031682914));
#10033 = CARTESIAN_POINT('',(2.876551517865,5.842279673668,
    15.418270578862));
#10034 = CARTESIAN_POINT('',(2.540689879976,5.875613007002,
    15.235509474811));
#10035 = CARTESIAN_POINT('',(2.214483302099,5.908946340335,
    15.434993633353));
#10036 = CARTESIAN_POINT('',(1.888276724221,5.942279673668,
    15.634477791896));
#10037 = CARTESIAN_POINT('',(1.897931784233,5.975613007002,
    16.016723054491));
#10038 = ADVANCED_FACE('',(#10039),#10052,.F.);
#10039 = FACE_BOUND('',#10040,.F.);
#10040 = EDGE_LOOP('',(#10041,#10042,#10043,#10044,#10045,#10046,#10047,
    #10048,#10049,#10050,#10051));
#10041 = ORIENTED_EDGE('',*,*,#9865,.T.);
#10042 = ORIENTED_EDGE('',*,*,#8819,.F.);
#10043 = ORIENTED_EDGE('',*,*,#9828,.F.);
#10044 = ORIENTED_EDGE('',*,*,#8779,.F.);
#10045 = ORIENTED_EDGE('',*,*,#9015,.T.);
#10046 = ORIENTED_EDGE('',*,*,#9078,.T.);
#10047 = ORIENTED_EDGE('',*,*,#8978,.T.);
#10048 = ORIENTED_EDGE('',*,*,#9044,.T.);
#10049 = ORIENTED_EDGE('',*,*,#8926,.T.);
#10050 = ORIENTED_EDGE('',*,*,#9758,.T.);
#10051 = ORIENTED_EDGE('',*,*,#9788,.F.);
#10052 = ( BOUNDED_SURFACE() B_SPLINE_SURFACE(1,2,(
    (#10053,#10054,#10055,#10056,#10057,#10058,#10059,#10060,#10061
      ,#10062,#10063,#10064,#10065,#10066,#10067,#10068,#10069,#10070
      ,#10071,#10072,#10073,#10074,#10075,#10076,#10077,#10078,#10079
      ,#10080,#10081,#10082,#10083,#10084,#10085,#10086,#10087,#10088
      ,#10089,#10090,#10091,#10092,#10093,#10094,#10095,#10096,#10097
      ,#10098,#10099,#10100,#10101,#10102,#10103,#10104,#10105,#10106
      ,#10107,#10108,#10109,#10110,#10111,#10112,#10113)
    ,(#10114,#10115,#10116,#10117,#10118,#10119,#10120,#10121,#10122
      ,#10123,#10124,#10125,#10126,#10127,#10128,#10129,#10130,#10131
      ,#10132,#10133,#10134,#10135,#10136,#10137,#10138,#10139,#10140
      ,#10141,#10142,#10143,#10144,#10145,#10146,#10147,#10148,#10149
      ,#10150,#10151,#10152,#10153,#10154,#10155,#10156,#10157,#10158
      ,#10159,#10160,#10161,#10162,#10163,#10164,#10165,#10166,#10167
      ,#10168,#10169,#10170,#10171,#10172,#10173,#10174
)),.UNSPECIFIED.,.F.,.F.,.F.) B_SPLINE_SURFACE_WITH_KNOTS((2,2),(3,2,2,2
    ,2,2,2,2,2,2,2,2,2,2,2,2,2,2,2,2,2,2,2,2,2,2,2,2,2,2,3),(0.,1.),(0.,
    3.333333333333E-02,6.666666666667E-02,0.1,0.133333333333,
    0.166666666667,0.2,0.233333333333,0.266666666667,0.3,0.333333333333,
    0.366666666667,0.4,0.433333333333,0.466666666667,0.5,0.533333333333,
    0.566666666667,0.6,0.633333333333,0.666666666667,0.7,0.733333333333,
    0.766666666667,0.8,0.833333333333,0.866666666667,0.9,0.933333333333,
0.966666666667,1.),.UNSPECIFIED.) GEOMETRIC_REPRESENTATION_ITEM() 
RATIONAL_B_SPLINE_SURFACE((
    (1.,0.866025403784,1.,0.866025403784,1.,0.866025403784,1.
      ,0.866025403784,1.,0.866025403784,1.,0.866025403784,1.
      ,0.866025403784,1.,0.866025403784,1.,0.866025403784,1.
      ,0.866025403784,1.,0.866025403784,1.,0.866025403784,1.
      ,0.866025403784,1.,0.866025403784,1.,0.866025403784,1.
      ,0.866025403784,1.,0.866025403784,1.,0.866025403784,1.
      ,0.866025403784,1.,0.866025403784,1.,0.866025403784,1.
      ,0.866025403784,1.,0.866025403784,1.,0.866025403784,1.
      ,0.866025403784,1.,0.866025403784,1.,0.866025403784,1.
      ,0.866025403784,1.,0.866025403784,1.,0.866025403784,1.)
    ,(1.,0.866025403784,1.,0.866025403784,1.,0.866025403784,1.
      ,0.866025403784,1.,0.866025403784,1.,0.866025403784,1.
      ,0.866025403784,1.,0.866025403784,1.,0.866025403784,1.
      ,0.866025403784,1.,0.866025403784,1.,0.866025403784,1.
      ,0.866025403784,1.,0.866025403784,1.,0.866025403784,1.
      ,0.866025403784,1.,0.866025403784,1.,0.866025403784,1.
      ,0.866025403784,1.,0.866025403784,1.,0.866025403784,1.
      ,0.866025403784,1.,0.866025403784,1.,0.866025403784,1.
      ,0.866025403784,1.,0.866025403784,1.,0.866025403784,1.
      ,0.866025403784,1.,0.866025403784,1.,0.866025403784,1.
))) REPRESENTATION_ITEM('') SURFACE() );
#10053 = CARTESIAN_POINT('',(1.897931784233,4.364386992998,
    15.983276945509));
#10054 = CARTESIAN_POINT('',(1.888276724221,4.397720326332,
    16.365522208104));
#10055 = CARTESIAN_POINT('',(2.214483302099,4.431053659665,
    16.565006366647));
#10056 = CARTESIAN_POINT('',(2.540689879976,4.464386992998,
    16.764490525189));
#10057 = CARTESIAN_POINT('',(2.876551517865,4.497720326332,
    16.581729421138));
#10058 = CARTESIAN_POINT('',(3.212413155755,4.531053659665,
    16.398968317086));
#10059 = CARTESIAN_POINT('',(3.222068215767,4.564386992998,
    16.016723054491));
#10060 = CARTESIAN_POINT('',(3.231723275779,4.597720326332,
    15.634477791896));
#10061 = CARTESIAN_POINT('',(2.905516697901,4.631053659665,
    15.434993633353));
#10062 = CARTESIAN_POINT('',(2.579310120024,4.664386992998,
    15.235509474811));
#10063 = CARTESIAN_POINT('',(2.243448482135,4.697720326332,
    15.418270578862));
#10064 = CARTESIAN_POINT('',(1.907586844245,4.731053659665,
    15.601031682914));
#10065 = CARTESIAN_POINT('',(1.897931784233,4.764386992998,
    15.983276945509));
#10066 = CARTESIAN_POINT('',(1.888276724221,4.797720326332,
    16.365522208104));
#10067 = CARTESIAN_POINT('',(2.214483302099,4.831053659665,
    16.565006366647));
#10068 = CARTESIAN_POINT('',(2.540689879976,4.864386992998,
    16.764490525189));
#10069 = CARTESIAN_POINT('',(2.876551517865,4.897720326332,
    16.581729421138));
#10070 = CARTESIAN_POINT('',(3.212413155755,4.931053659665,
    16.398968317086));
#10071 = CARTESIAN_POINT('',(3.222068215767,4.964386992998,
    16.016723054491));
#10072 = CARTESIAN_POINT('',(3.231723275779,4.997720326332,
    15.634477791896));
#10073 = CARTESIAN_POINT('',(2.905516697901,5.031053659665,
    15.434993633353));
#10074 = CARTESIAN_POINT('',(2.579310120024,5.064386992998,
    15.235509474811));
#10075 = CARTESIAN_POINT('',(2.243448482135,5.097720326332,
    15.418270578862));
#10076 = CARTESIAN_POINT('',(1.907586844245,5.131053659665,
    15.601031682914));
#10077 = CARTESIAN_POINT('',(1.897931784233,5.164386992998,
    15.983276945509));
#10078 = CARTESIAN_POINT('',(1.888276724221,5.197720326332,
    16.365522208104));
#10079 = CARTESIAN_POINT('',(2.214483302099,5.231053659665,
    16.565006366647));
#10080 = CARTESIAN_POINT('',(2.540689879976,5.264386992998,
    16.764490525189));
#10081 = CARTESIAN_POINT('',(2.876551517865,5.297720326332,
    16.581729421138));
#10082 = CARTESIAN_POINT('',(3.212413155755,5.331053659665,
    16.398968317086));
#10083 = CARTESIAN_POINT('',(3.222068215767,5.364386992998,
    16.016723054491));
#10084 = CARTESIAN_POINT('',(3.231723275779,5.397720326332,
    15.634477791896));
#10085 = CARTESIAN_POINT('',(2.905516697901,5.431053659665,
    15.434993633353));
#10086 = CARTESIAN_POINT('',(2.579310120024,5.464386992998,
    15.235509474811));
#10087 = CARTESIAN_POINT('',(2.243448482135,5.497720326332,
    15.418270578862));
#10088 = CARTESIAN_POINT('',(1.907586844245,5.531053659665,
    15.601031682914));
#10089 = CARTESIAN_POINT('',(1.897931784233,5.564386992998,
    15.983276945509));
#10090 = CARTESIAN_POINT('',(1.888276724221,5.597720326332,
    16.365522208104));
#10091 = CARTESIAN_POINT('',(2.214483302099,5.631053659665,
    16.565006366647));
#10092 = CARTESIAN_POINT('',(2.540689879976,5.664386992998,
    16.764490525189));
#10093 = CARTESIAN_POINT('',(2.876551517865,5.697720326332,
    16.581729421138));
#10094 = CARTESIAN_POINT('',(3.212413155755,5.731053659665,
    16.398968317086));
#10095 = CARTESIAN_POINT('',(3.222068215767,5.764386992998,
    16.016723054491));
#10096 = CARTESIAN_POINT('',(3.231723275779,5.797720326332,
    15.634477791896));
#10097 = CARTESIAN_POINT('',(2.905516697901,5.831053659665,
    15.434993633353));
#10098 = CARTESIAN_POINT('',(2.579310120024,5.864386992998,
    15.235509474811));
#10099 = CARTESIAN_POINT('',(2.243448482135,5.897720326332,
    15.418270578862));
#10100 = CARTESIAN_POINT('',(1.907586844245,5.931053659665,
    15.601031682914));
#10101 = CARTESIAN_POINT('',(1.897931784233,5.964386992998,
    15.983276945509));
#10102 = CARTESIAN_POINT('',(1.888276724221,5.997720326332,
    16.365522208104));
#10103 = CARTESIAN_POINT('',(2.214483302099,6.031053659665,
    16.565006366647));
#10104 = CARTESIAN_POINT('',(2.540689879976,6.064386992998,
    16.764490525189));
#10105 = CARTESIAN_POINT('',(2.876551517865,6.097720326332,
    16.581729421138));
#10106 = CARTESIAN_POINT('',(3.212413155755,6.131053659665,
    16.398968317086));
#10107 = CARTESIAN_POINT('',(3.222068215767,6.164386992998,
    16.016723054491));
#10108 = CARTESIAN_POINT('',(3.231723275779,6.197720326332,
    15.634477791896));
#10109 = CARTESIAN_POINT('',(2.905516697901,6.231053659665,
    15.434993633353));
#10110 = CARTESIAN_POINT('',(2.579310120024,6.264386992998,
    15.235509474811));
#10111 = CARTESIAN_POINT('',(2.243448482135,6.297720326332,
    15.418270578862));
#10112 = CARTESIAN_POINT('',(1.907586844245,6.331053659665,
    15.601031682914));
#10113 = CARTESIAN_POINT('',(1.897931784233,6.364386992998,
    15.983276945509));
#10114 = CARTESIAN_POINT('',(1.56,4.17,16.));
#10115 = CARTESIAN_POINT('',(1.56,4.203333333333,16.57735026919));
#10116 = CARTESIAN_POINT('',(2.06,4.236666666667,16.866025403784));
#10117 = CARTESIAN_POINT('',(2.56,4.27,17.154700538379));
#10118 = CARTESIAN_POINT('',(3.06,4.303333333333,16.866025403784));
#10119 = CARTESIAN_POINT('',(3.56,4.336666666667,16.57735026919));
#10120 = CARTESIAN_POINT('',(3.56,4.37,16.));
#10121 = CARTESIAN_POINT('',(3.56,4.403333333333,15.42264973081));
#10122 = CARTESIAN_POINT('',(3.06,4.436666666667,15.133974596216));
#10123 = CARTESIAN_POINT('',(2.56,4.47,14.845299461621));
#10124 = CARTESIAN_POINT('',(2.06,4.503333333333,15.133974596216));
#10125 = CARTESIAN_POINT('',(1.56,4.536666666667,15.42264973081));
#10126 = CARTESIAN_POINT('',(1.56,4.57,16.));
#10127 = CARTESIAN_POINT('',(1.56,4.603333333333,16.57735026919));
#10128 = CARTESIAN_POINT('',(2.06,4.636666666667,16.866025403784));
#10129 = CARTESIAN_POINT('',(2.56,4.67,17.154700538379));
#10130 = CARTESIAN_POINT('',(3.06,4.703333333333,16.866025403784));
#10131 = CARTESIAN_POINT('',(3.56,4.736666666667,16.57735026919));
#10132 = CARTESIAN_POINT('',(3.56,4.77,16.));
#10133 = CARTESIAN_POINT('',(3.56,4.803333333333,15.42264973081));
#10134 = CARTESIAN_POINT('',(3.06,4.836666666667,15.133974596216));
#10135 = CARTESIAN_POINT('',(2.56,4.87,14.845299461621));
#10136 = CARTESIAN_POINT('',(2.06,4.903333333333,15.133974596216));
#10137 = CARTESIAN_POINT('',(1.56,4.936666666667,15.42264973081));
#10138 = CARTESIAN_POINT('',(1.56,4.97,16.));
#10139 = CARTESIAN_POINT('',(1.56,5.003333333333,16.57735026919));
#10140 = CARTESIAN_POINT('',(2.06,5.036666666667,16.866025403784));
#10141 = CARTESIAN_POINT('',(2.56,5.07,17.154700538379));
#10142 = CARTESIAN_POINT('',(3.06,5.103333333333,16.866025403784));
#10143 = CARTESIAN_POINT('',(3.56,5.136666666667,16.57735026919));
#10144 = CARTESIAN_POINT('',(3.56,5.17,16.));
#10145 = CARTESIAN_POINT('',(3.56,5.203333333333,15.42264973081));
#10146 = CARTESIAN_POINT('',(3.06,5.236666666667,15.133974596216));
#10147 = CARTESIAN_POINT('',(2.56,5.27,14.845299461621));
#10148 = CARTESIAN_POINT('',(2.06,5.303333333333,15.133974596216));
#10149 = CARTESIAN_POINT('',(1.56,5.336666666667,15.42264973081));
#10150 = CARTESIAN_POINT('',(1.56,5.37,16.));
#10151 = CARTESIAN_POINT('',(1.56,5.403333333333,16.57735026919));
#10152 = CARTESIAN_POINT('',(2.06,5.436666666667,16.866025403784));
#10153 = CARTESIAN_POINT('',(2.56,5.47,17.154700538379));
#10154 = CARTESIAN_POINT('',(3.06,5.503333333333,16.866025403784));
#10155 = CARTESIAN_POINT('',(3.56,5.536666666667,16.57735026919));
#10156 = CARTESIAN_POINT('',(3.56,5.57,16.));
#10157 = CARTESIAN_POINT('',(3.56,5.603333333333,15.42264973081));
#10158 = CARTESIAN_POINT('',(3.06,5.636666666667,15.133974596216));
#10159 = CARTESIAN_POINT('',(2.56,5.67,14.845299461621));
#10160 = CARTESIAN_POINT('',(2.06,5.703333333333,15.133974596216));
#10161 = CARTESIAN_POINT('',(1.56,5.736666666667,15.42264973081));
#10162 = CARTESIAN_POINT('',(1.56,5.77,16.));
#10163 = CARTESIAN_POINT('',(1.56,5.803333333333,16.57735026919));
#10164 = CARTESIAN_POINT('',(2.06,5.836666666667,16.866025403784));
#10165 = CARTESIAN_POINT('',(2.56,5.87,17.154700538379));
#10166 = CARTESIAN_POINT('',(3.06,5.903333333333,16.866025403784));
#10167 = CARTESIAN_POINT('',(3.56,5.936666666667,16.57735026919));
#10168 = CARTESIAN_POINT('',(3.56,5.97,16.));
#10169 = CARTESIAN_POINT('',(3.56,6.003333333333,15.42264973081));
#10170 = CARTESIAN_POINT('',(3.06,6.036666666667,15.133974596216));
#10171 = CARTESIAN_POINT('',(2.56,6.07,14.845299461621));
#10172 = CARTESIAN_POINT('',(2.06,6.103333333333,15.133974596216));
#10173 = CARTESIAN_POINT('',(1.56,6.136666666667,15.42264973081));
#10174 = CARTESIAN_POINT('',(1.56,6.17,16.));
#10175 = ( GEOMETRIC_REPRESENTATION_CONTEXT(3) 
GLOBAL_UNCERTAINTY_ASSIGNED_CONTEXT((#10179)) 
GLOBAL_UNIT_ASSIGNED_CONTEXT((#10176,#10177,#10178)) 
REPRESENTATION_CONTEXT('Context #1',
  '3D Context with UNIT and UNCERTAINTY') );
#10176 = ( LENGTH_UNIT() NAMED_UNIT(*) SI_UNIT(.MILLI.,.METRE.) );
#10177 = ( NAMED_UNIT(*) PLANE_ANGLE_UNIT() SI_UNIT($,.RADIAN.) );
#10178 = ( NAMED_UNIT(*) SI_UNIT($,.STERADIAN.) SOLID_ANGLE_UNIT() );
#10179 = UNCERTAINTY_MEASURE_WITH_UNIT(LENGTH_MEASURE(1.E-04),#10176,
  'distance_accuracy_value','confusion accuracy');
#10180 = SHAPE_DEFINITION_REPRESENTATION(#10181,#8744);
#10181 = PRODUCT_DEFINITION_SHAPE('','',#10182);
#10182 = PRODUCT_DEFINITION('design','',#10183,#10186);
#10183 = PRODUCT_DEFINITION_FORMATION('','',#10184);
#10184 = PRODUCT('Nut','Nut','',(#10185));
#10185 = PRODUCT_CONTEXT('',#2,'mechanical');
#10186 = PRODUCT_DEFINITION_CONTEXT('part definition',#2,'design');
#10187 = CONTEXT_DEPENDENT_SHAPE_REPRESENTATION(#10188,#10190);
#10188 = ( REPRESENTATION_RELATIONSHIP('','',#8744,#10) 
REPRESENTATION_RELATIONSHIP_WITH_TRANSFORMATION(#10189) 
SHAPE_REPRESENTATION_RELATIONSHIP() );
#10189 = ITEM_DEFINED_TRANSFORMATION('','',#11,#31);
#10190 = PRODUCT_DEFINITION_SHAPE('Placement','Placement of an item',
  #10191);
#10191 = NEXT_ASSEMBLY_USAGE_OCCURRENCE('16','=>[0:1:1:5]','',#5,#10182,
  $);
#10192 = PRODUCT_RELATED_PRODUCT_CATEGORY('part',$,(#10184));
#10193 = MECHANICAL_DESIGN_GEOMETRIC_PRESENTATION_REPRESENTATION('',(
    #10194),#8726);
#10194 = STYLED_ITEM('color',(#10195),#3286);
#10195 = PRESENTATION_STYLE_ASSIGNMENT((#10196,#10202));
#10196 = SURFACE_STYLE_USAGE(.BOTH.,#10197);
#10197 = SURFACE_SIDE_STYLE('',(#10198));
#10198 = SURFACE_STYLE_FILL_AREA(#10199);
#10199 = FILL_AREA_STYLE('',(#10200));
#10200 = FILL_AREA_STYLE_COLOUR('',#10201);
#10201 = COLOUR_RGB('',0.800000011921,0.800000011921,0.800000011921);
#10202 = CURVE_STYLE('',#10203,POSITIVE_LENGTH_MEASURE(0.1),#10201);
#10203 = DRAUGHTING_PRE_DEFINED_CURVE_FONT('continuous');
#10204 = MECHANICAL_DESIGN_GEOMETRIC_PRESENTATION_REPRESENTATION('',(
    #10205,#10213,#10220,#10227,#10234,#10241),#3267);
#10205 = STYLED_ITEM('color',(#10206),#3132);
#10206 = PRESENTATION_STYLE_ASSIGNMENT((#10207));
#10207 = SURFACE_STYLE_USAGE(.BOTH.,#10208);
#10208 = SURFACE_SIDE_STYLE('',(#10209));
#10209 = SURFACE_STYLE_FILL_AREA(#10210);
#10210 = FILL_AREA_STYLE('',(#10211));
#10211 = FILL_AREA_STYLE_COLOUR('',#10212);
#10212 = DRAUGHTING_PRE_DEFINED_COLOUR('white');
#10213 = STYLED_ITEM('color',(#10214),#3165);
#10214 = PRESENTATION_STYLE_ASSIGNMENT((#10215));
#10215 = SURFACE_STYLE_USAGE(.BOTH.,#10216);
#10216 = SURFACE_SIDE_STYLE('',(#10217));
#10217 = SURFACE_STYLE_FILL_AREA(#10218);
#10218 = FILL_AREA_STYLE('',(#10219));
#10219 = FILL_AREA_STYLE_COLOUR('',#10212);
#10220 = STYLED_ITEM('color',(#10221),#3185);
#10221 = PRESENTATION_STYLE_ASSIGNMENT((#10222));
#10222 = SURFACE_STYLE_USAGE(.BOTH.,#10223);
#10223 = SURFACE_SIDE_STYLE('',(#10224));
#10224 = SURFACE_STYLE_FILL_AREA(#10225);
#10225 = FILL_AREA_STYLE('',(#10226));
#10226 = FILL_AREA_STYLE_COLOUR('',#10212);
#10227 = STYLED_ITEM('color',(#10228),#3205);
#10228 = PRESENTATION_STYLE_ASSIGNMENT((#10229));
#10229 = SURFACE_STYLE_USAGE(.BOTH.,#10230);
#10230 = SURFACE_SIDE_STYLE('',(#10231));
#10231 = SURFACE_STYLE_FILL_AREA(#10232);
#10232 = FILL_AREA_STYLE('',(#10233));
#10233 = FILL_AREA_STYLE_COLOUR('',#10212);
#10234 = STYLED_ITEM('color',(#10235),#3230);
#10235 = PRESENTATION_STYLE_ASSIGNMENT((#10236));
#10236 = SURFACE_STYLE_USAGE(.BOTH.,#10237);
#10237 = SURFACE_SIDE_STYLE('',(#10238));
#10238 = SURFACE_STYLE_FILL_AREA(#10239);
#10239 = FILL_AREA_STYLE('',(#10240));
#10240 = FILL_AREA_STYLE_COLOUR('',#10212);
#10241 = STYLED_ITEM('color',(#10242),#3255);
#10242 = PRESENTATION_STYLE_ASSIGNMENT((#10243));
#10243 = SURFACE_STYLE_USAGE(.BOTH.,#10244);
#10244 = SURFACE_SIDE_STYLE('',(#10245));
#10245 = SURFACE_STYLE_FILL_AREA(#10246);
#10246 = FILL_AREA_STYLE('',(#10247));
#10247 = FILL_AREA_STYLE_COLOUR('',#10212);
#10248 = MECHANICAL_DESIGN_GEOMETRIC_PRESENTATION_REPRESENTATION('',(
    #10249,#10257,#10264,#10271,#10278,#10285,#10292,#10299,#10306,
    #10313,#10320,#10328,#10335,#10342,#10349,#10356,#10363,#10370,
    #10377,#10384,#10391,#10398,#10405,#10412,#10419,#10426,#10433,
    #10440,#10447,#10454,#10461,#10468,#10475,#10482,#10489,#10496,
    #10503,#10510,#10517,#10524,#10531,#10538,#10545,#10552,#10559,
    #10566,#10573,#10580,#10587,#10594,#10601),#3111);
#10249 = STYLED_ITEM('color',(#10250),#1472);
#10250 = PRESENTATION_STYLE_ASSIGNMENT((#10251));
#10251 = SURFACE_STYLE_USAGE(.BOTH.,#10252);
#10252 = SURFACE_SIDE_STYLE('',(#10253));
#10253 = SURFACE_STYLE_FILL_AREA(#10254);
#10254 = FILL_AREA_STYLE('',(#10255));
#10255 = FILL_AREA_STYLE_COLOUR('',#10256);
#10256 = COLOUR_RGB('',0.823529422283,0.819607853889,0.780392169952);
#10257 = STYLED_ITEM('color',(#10258),#1560);
#10258 = PRESENTATION_STYLE_ASSIGNMENT((#10259));
#10259 = SURFACE_STYLE_USAGE(.BOTH.,#10260);
#10260 = SURFACE_SIDE_STYLE('',(#10261));
#10261 = SURFACE_STYLE_FILL_AREA(#10262);
#10262 = FILL_AREA_STYLE('',(#10263));
#10263 = FILL_AREA_STYLE_COLOUR('',#10201);
#10264 = STYLED_ITEM('color',(#10265),#1591);
#10265 = PRESENTATION_STYLE_ASSIGNMENT((#10266));
#10266 = SURFACE_STYLE_USAGE(.BOTH.,#10267);
#10267 = SURFACE_SIDE_STYLE('',(#10268));
#10268 = SURFACE_STYLE_FILL_AREA(#10269);
#10269 = FILL_AREA_STYLE('',(#10270));
#10270 = FILL_AREA_STYLE_COLOUR('',#10201);
#10271 = STYLED_ITEM('color',(#10272),#1615);
#10272 = PRESENTATION_STYLE_ASSIGNMENT((#10273));
#10273 = SURFACE_STYLE_USAGE(.BOTH.,#10274);
#10274 = SURFACE_SIDE_STYLE('',(#10275));
#10275 = SURFACE_STYLE_FILL_AREA(#10276);
#10276 = FILL_AREA_STYLE('',(#10277));
#10277 = FILL_AREA_STYLE_COLOUR('',#10201);
#10278 = STYLED_ITEM('color',(#10279),#1639);
#10279 = PRESENTATION_STYLE_ASSIGNMENT((#10280));
#10280 = SURFACE_STYLE_USAGE(.BOTH.,#10281);
#10281 = SURFACE_SIDE_STYLE('',(#10282));
#10282 = SURFACE_STYLE_FILL_AREA(#10283);
#10283 = FILL_AREA_STYLE('',(#10284));
#10284 = FILL_AREA_STYLE_COLOUR('',#10256);
#10285 = STYLED_ITEM('color',(#10286),#1663);
#10286 = PRESENTATION_STYLE_ASSIGNMENT((#10287));
#10287 = SURFACE_STYLE_USAGE(.BOTH.,#10288);
#10288 = SURFACE_SIDE_STYLE('',(#10289));
#10289 = SURFACE_STYLE_FILL_AREA(#10290);
#10290 = FILL_AREA_STYLE('',(#10291));
#10291 = FILL_AREA_STYLE_COLOUR('',#10256);
#10292 = STYLED_ITEM('color',(#10293),#1687);
#10293 = PRESENTATION_STYLE_ASSIGNMENT((#10294));
#10294 = SURFACE_STYLE_USAGE(.BOTH.,#10295);
#10295 = SURFACE_SIDE_STYLE('',(#10296));
#10296 = SURFACE_STYLE_FILL_AREA(#10297);
#10297 = FILL_AREA_STYLE('',(#10298));
#10298 = FILL_AREA_STYLE_COLOUR('',#10256);
#10299 = STYLED_ITEM('color',(#10300),#1711);
#10300 = PRESENTATION_STYLE_ASSIGNMENT((#10301));
#10301 = SURFACE_STYLE_USAGE(.BOTH.,#10302);
#10302 = SURFACE_SIDE_STYLE('',(#10303));
#10303 = SURFACE_STYLE_FILL_AREA(#10304);
#10304 = FILL_AREA_STYLE('',(#10305));
#10305 = FILL_AREA_STYLE_COLOUR('',#10256);
#10306 = STYLED_ITEM('color',(#10307),#1735);
#10307 = PRESENTATION_STYLE_ASSIGNMENT((#10308));
#10308 = SURFACE_STYLE_USAGE(.BOTH.,#10309);
#10309 = SURFACE_SIDE_STYLE('',(#10310));
#10310 = SURFACE_STYLE_FILL_AREA(#10311);
#10311 = FILL_AREA_STYLE('',(#10312));
#10312 = FILL_AREA_STYLE_COLOUR('',#10256);
#10313 = STYLED_ITEM('color',(#10314),#1775);
#10314 = PRESENTATION_STYLE_ASSIGNMENT((#10315));
#10315 = SURFACE_STYLE_USAGE(.BOTH.,#10316);
#10316 = SURFACE_SIDE_STYLE('',(#10317));
#10317 = SURFACE_STYLE_FILL_AREA(#10318);
#10318 = FILL_AREA_STYLE('',(#10319));
#10319 = FILL_AREA_STYLE_COLOUR('',#10256);
#10320 = STYLED_ITEM('color',(#10321),#1815);
#10321 = PRESENTATION_STYLE_ASSIGNMENT((#10322));
#10322 = SURFACE_STYLE_USAGE(.BOTH.,#10323);
#10323 = SURFACE_SIDE_STYLE('',(#10324));
#10324 = SURFACE_STYLE_FILL_AREA(#10325);
#10325 = FILL_AREA_STYLE('',(#10326));
#10326 = FILL_AREA_STYLE_COLOUR('',#10327);
#10327 = COLOUR_RGB('',0.149019613862,0.145098045468,0.145098045468);
#10328 = STYLED_ITEM('color',(#10329),#1928);
#10329 = PRESENTATION_STYLE_ASSIGNMENT((#10330));
#10330 = SURFACE_STYLE_USAGE(.BOTH.,#10331);
#10331 = SURFACE_SIDE_STYLE('',(#10332));
#10332 = SURFACE_STYLE_FILL_AREA(#10333);
#10333 = FILL_AREA_STYLE('',(#10334));
#10334 = FILL_AREA_STYLE_COLOUR('',#10256);
#10335 = STYLED_ITEM('color',(#10336),#1951);
#10336 = PRESENTATION_STYLE_ASSIGNMENT((#10337));
#10337 = SURFACE_STYLE_USAGE(.BOTH.,#10338);
#10338 = SURFACE_SIDE_STYLE('',(#10339));
#10339 = SURFACE_STYLE_FILL_AREA(#10340);
#10340 = FILL_AREA_STYLE('',(#10341));
#10341 = FILL_AREA_STYLE_COLOUR('',#10327);
#10342 = STYLED_ITEM('color',(#10343),#2037);
#10343 = PRESENTATION_STYLE_ASSIGNMENT((#10344));
#10344 = SURFACE_STYLE_USAGE(.BOTH.,#10345);
#10345 = SURFACE_SIDE_STYLE('',(#10346));
#10346 = SURFACE_STYLE_FILL_AREA(#10347);
#10347 = FILL_AREA_STYLE('',(#10348));
#10348 = FILL_AREA_STYLE_COLOUR('',#10256);
#10349 = STYLED_ITEM('color',(#10350),#2049);
#10350 = PRESENTATION_STYLE_ASSIGNMENT((#10351));
#10351 = SURFACE_STYLE_USAGE(.BOTH.,#10352);
#10352 = SURFACE_SIDE_STYLE('',(#10353));
#10353 = SURFACE_STYLE_FILL_AREA(#10354);
#10354 = FILL_AREA_STYLE('',(#10355));
#10355 = FILL_AREA_STYLE_COLOUR('',#10327);
#10356 = STYLED_ITEM('color',(#10357),#2089);
#10357 = PRESENTATION_STYLE_ASSIGNMENT((#10358));
#10358 = SURFACE_STYLE_USAGE(.BOTH.,#10359);
#10359 = SURFACE_SIDE_STYLE('',(#10360));
#10360 = SURFACE_STYLE_FILL_AREA(#10361);
#10361 = FILL_AREA_STYLE('',(#10362));
#10362 = FILL_AREA_STYLE_COLOUR('',#10327);
#10363 = STYLED_ITEM('color',(#10364),#2145);
#10364 = PRESENTATION_STYLE_ASSIGNMENT((#10365));
#10365 = SURFACE_STYLE_USAGE(.BOTH.,#10366);
#10366 = SURFACE_SIDE_STYLE('',(#10367));
#10367 = SURFACE_STYLE_FILL_AREA(#10368);
#10368 = FILL_AREA_STYLE('',(#10369));
#10369 = FILL_AREA_STYLE_COLOUR('',#10327);
#10370 = STYLED_ITEM('color',(#10371),#2178);
#10371 = PRESENTATION_STYLE_ASSIGNMENT((#10372));
#10372 = SURFACE_STYLE_USAGE(.BOTH.,#10373);
#10373 = SURFACE_SIDE_STYLE('',(#10374));
#10374 = SURFACE_STYLE_FILL_AREA(#10375);
#10375 = FILL_AREA_STYLE('',(#10376));
#10376 = FILL_AREA_STYLE_COLOUR('',#10256);
#10377 = STYLED_ITEM('color',(#10378),#2218);
#10378 = PRESENTATION_STYLE_ASSIGNMENT((#10379));
#10379 = SURFACE_STYLE_USAGE(.BOTH.,#10380);
#10380 = SURFACE_SIDE_STYLE('',(#10381));
#10381 = SURFACE_STYLE_FILL_AREA(#10382);
#10382 = FILL_AREA_STYLE('',(#10383));
#10383 = FILL_AREA_STYLE_COLOUR('',#10256);
#10384 = STYLED_ITEM('color',(#10385),#2290);
#10385 = PRESENTATION_STYLE_ASSIGNMENT((#10386));
#10386 = SURFACE_STYLE_USAGE(.BOTH.,#10387);
#10387 = SURFACE_SIDE_STYLE('',(#10388));
#10388 = SURFACE_STYLE_FILL_AREA(#10389);
#10389 = FILL_AREA_STYLE('',(#10390));
#10390 = FILL_AREA_STYLE_COLOUR('',#10256);
#10391 = STYLED_ITEM('color',(#10392),#2323);
#10392 = PRESENTATION_STYLE_ASSIGNMENT((#10393));
#10393 = SURFACE_STYLE_USAGE(.BOTH.,#10394);
#10394 = SURFACE_SIDE_STYLE('',(#10395));
#10395 = SURFACE_STYLE_FILL_AREA(#10396);
#10396 = FILL_AREA_STYLE('',(#10397));
#10397 = FILL_AREA_STYLE_COLOUR('',#10256);
#10398 = STYLED_ITEM('color',(#10399),#2363);
#10399 = PRESENTATION_STYLE_ASSIGNMENT((#10400));
#10400 = SURFACE_STYLE_USAGE(.BOTH.,#10401);
#10401 = SURFACE_SIDE_STYLE('',(#10402));
#10402 = SURFACE_STYLE_FILL_AREA(#10403);
#10403 = FILL_AREA_STYLE('',(#10404));
#10404 = FILL_AREA_STYLE_COLOUR('',#10256);
#10405 = STYLED_ITEM('color',(#10406),#2435);
#10406 = PRESENTATION_STYLE_ASSIGNMENT((#10407));
#10407 = SURFACE_STYLE_USAGE(.BOTH.,#10408);
#10408 = SURFACE_SIDE_STYLE('',(#10409));
#10409 = SURFACE_STYLE_FILL_AREA(#10410);
#10410 = FILL_AREA_STYLE('',(#10411));
#10411 = FILL_AREA_STYLE_COLOUR('',#10256);
#10412 = STYLED_ITEM('color',(#10413),#2468);
#10413 = PRESENTATION_STYLE_ASSIGNMENT((#10414));
#10414 = SURFACE_STYLE_USAGE(.BOTH.,#10415);
#10415 = SURFACE_SIDE_STYLE('',(#10416));
#10416 = SURFACE_STYLE_FILL_AREA(#10417);
#10417 = FILL_AREA_STYLE('',(#10418));
#10418 = FILL_AREA_STYLE_COLOUR('',#10256);
#10419 = STYLED_ITEM('color',(#10420),#2485);
#10420 = PRESENTATION_STYLE_ASSIGNMENT((#10421));
#10421 = SURFACE_STYLE_USAGE(.BOTH.,#10422);
#10422 = SURFACE_SIDE_STYLE('',(#10423));
#10423 = SURFACE_STYLE_FILL_AREA(#10424);
#10424 = FILL_AREA_STYLE('',(#10425));
#10425 = FILL_AREA_STYLE_COLOUR('',#10256);
#10426 = STYLED_ITEM('color',(#10427),#2502);
#10427 = PRESENTATION_STYLE_ASSIGNMENT((#10428));
#10428 = SURFACE_STYLE_USAGE(.BOTH.,#10429);
#10429 = SURFACE_SIDE_STYLE('',(#10430));
#10430 = SURFACE_STYLE_FILL_AREA(#10431);
#10431 = FILL_AREA_STYLE('',(#10432));
#10432 = FILL_AREA_STYLE_COLOUR('',#10327);
#10433 = STYLED_ITEM('color',(#10434),#2519);
#10434 = PRESENTATION_STYLE_ASSIGNMENT((#10435));
#10435 = SURFACE_STYLE_USAGE(.BOTH.,#10436);
#10436 = SURFACE_SIDE_STYLE('',(#10437));
#10437 = SURFACE_STYLE_FILL_AREA(#10438);
#10438 = FILL_AREA_STYLE('',(#10439));
#10439 = FILL_AREA_STYLE_COLOUR('',#10327);
#10440 = STYLED_ITEM('color',(#10441),#2536);
#10441 = PRESENTATION_STYLE_ASSIGNMENT((#10442));
#10442 = SURFACE_STYLE_USAGE(.BOTH.,#10443);
#10443 = SURFACE_SIDE_STYLE('',(#10444));
#10444 = SURFACE_STYLE_FILL_AREA(#10445);
#10445 = FILL_AREA_STYLE('',(#10446));
#10446 = FILL_AREA_STYLE_COLOUR('',#10327);
#10447 = STYLED_ITEM('color',(#10448),#2571);
#10448 = PRESENTATION_STYLE_ASSIGNMENT((#10449));
#10449 = SURFACE_STYLE_USAGE(.BOTH.,#10450);
#10450 = SURFACE_SIDE_STYLE('',(#10451));
#10451 = SURFACE_STYLE_FILL_AREA(#10452);
#10452 = FILL_AREA_STYLE('',(#10453));
#10453 = FILL_AREA_STYLE_COLOUR('',#10256);
#10454 = STYLED_ITEM('color',(#10455),#2611);
#10455 = PRESENTATION_STYLE_ASSIGNMENT((#10456));
#10456 = SURFACE_STYLE_USAGE(.BOTH.,#10457);
#10457 = SURFACE_SIDE_STYLE('',(#10458));
#10458 = SURFACE_STYLE_FILL_AREA(#10459);
#10459 = FILL_AREA_STYLE('',(#10460));
#10460 = FILL_AREA_STYLE_COLOUR('',#10256);
#10461 = STYLED_ITEM('color',(#10462),#2635);
#10462 = PRESENTATION_STYLE_ASSIGNMENT((#10463));
#10463 = SURFACE_STYLE_USAGE(.BOTH.,#10464);
#10464 = SURFACE_SIDE_STYLE('',(#10465));
#10465 = SURFACE_STYLE_FILL_AREA(#10466);
#10466 = FILL_AREA_STYLE('',(#10467));
#10467 = FILL_AREA_STYLE_COLOUR('',#10256);
#10468 = STYLED_ITEM('color',(#10469),#2668);
#10469 = PRESENTATION_STYLE_ASSIGNMENT((#10470));
#10470 = SURFACE_STYLE_USAGE(.BOTH.,#10471);
#10471 = SURFACE_SIDE_STYLE('',(#10472));
#10472 = SURFACE_STYLE_FILL_AREA(#10473);
#10473 = FILL_AREA_STYLE('',(#10474));
#10474 = FILL_AREA_STYLE_COLOUR('',#10256);
#10475 = STYLED_ITEM('color',(#10476),#2692);
#10476 = PRESENTATION_STYLE_ASSIGNMENT((#10477));
#10477 = SURFACE_STYLE_USAGE(.BOTH.,#10478);
#10478 = SURFACE_SIDE_STYLE('',(#10479));
#10479 = SURFACE_STYLE_FILL_AREA(#10480);
#10480 = FILL_AREA_STYLE('',(#10481));
#10481 = FILL_AREA_STYLE_COLOUR('',#10256);
#10482 = STYLED_ITEM('color',(#10483),#2750);
#10483 = PRESENTATION_STYLE_ASSIGNMENT((#10484));
#10484 = SURFACE_STYLE_USAGE(.BOTH.,#10485);
#10485 = SURFACE_SIDE_STYLE('',(#10486));
#10486 = SURFACE_STYLE_FILL_AREA(#10487);
#10487 = FILL_AREA_STYLE('',(#10488));
#10488 = FILL_AREA_STYLE_COLOUR('',#10201);
#10489 = STYLED_ITEM('color',(#10490),#2772);
#10490 = PRESENTATION_STYLE_ASSIGNMENT((#10491));
#10491 = SURFACE_STYLE_USAGE(.BOTH.,#10492);
#10492 = SURFACE_SIDE_STYLE('',(#10493));
#10493 = SURFACE_STYLE_FILL_AREA(#10494);
#10494 = FILL_AREA_STYLE('',(#10495));
#10495 = FILL_AREA_STYLE_COLOUR('',#10201);
#10496 = STYLED_ITEM('color',(#10497),#2789);
#10497 = PRESENTATION_STYLE_ASSIGNMENT((#10498));
#10498 = SURFACE_STYLE_USAGE(.BOTH.,#10499);
#10499 = SURFACE_SIDE_STYLE('',(#10500));
#10500 = SURFACE_STYLE_FILL_AREA(#10501);
#10501 = FILL_AREA_STYLE('',(#10502));
#10502 = FILL_AREA_STYLE_COLOUR('',#10201);
#10503 = STYLED_ITEM('color',(#10504),#2806);
#10504 = PRESENTATION_STYLE_ASSIGNMENT((#10505));
#10505 = SURFACE_STYLE_USAGE(.BOTH.,#10506);
#10506 = SURFACE_SIDE_STYLE('',(#10507));
#10507 = SURFACE_STYLE_FILL_AREA(#10508);
#10508 = FILL_AREA_STYLE('',(#10509));
#10509 = FILL_AREA_STYLE_COLOUR('',#10256);
#10510 = STYLED_ITEM('color',(#10511),#2818);
#10511 = PRESENTATION_STYLE_ASSIGNMENT((#10512));
#10512 = SURFACE_STYLE_USAGE(.BOTH.,#10513);
#10513 = SURFACE_SIDE_STYLE('',(#10514));
#10514 = SURFACE_STYLE_FILL_AREA(#10515);
#10515 = FILL_AREA_STYLE('',(#10516));
#10516 = FILL_AREA_STYLE_COLOUR('',#10256);
#10517 = STYLED_ITEM('color',(#10518),#2835);
#10518 = PRESENTATION_STYLE_ASSIGNMENT((#10519));
#10519 = SURFACE_STYLE_USAGE(.BOTH.,#10520);
#10520 = SURFACE_SIDE_STYLE('',(#10521));
#10521 = SURFACE_STYLE_FILL_AREA(#10522);
#10522 = FILL_AREA_STYLE('',(#10523));
#10523 = FILL_AREA_STYLE_COLOUR('',#10256);
#10524 = STYLED_ITEM('color',(#10525),#2847);
#10525 = PRESENTATION_STYLE_ASSIGNMENT((#10526));
#10526 = SURFACE_STYLE_USAGE(.BOTH.,#10527);
#10527 = SURFACE_SIDE_STYLE('',(#10528));
#10528 = SURFACE_STYLE_FILL_AREA(#10529);
#10529 = FILL_AREA_STYLE('',(#10530));
#10530 = FILL_AREA_STYLE_COLOUR('',#10256);
#10531 = STYLED_ITEM('color',(#10532),#2871);
#10532 = PRESENTATION_STYLE_ASSIGNMENT((#10533));
#10533 = SURFACE_STYLE_USAGE(.BOTH.,#10534);
#10534 = SURFACE_SIDE_STYLE('',(#10535));
#10535 = SURFACE_STYLE_FILL_AREA(#10536);
#10536 = FILL_AREA_STYLE('',(#10537));
#10537 = FILL_AREA_STYLE_COLOUR('',#10256);
#10538 = STYLED_ITEM('color',(#10539),#2929);
#10539 = PRESENTATION_STYLE_ASSIGNMENT((#10540));
#10540 = SURFACE_STYLE_USAGE(.BOTH.,#10541);
#10541 = SURFACE_SIDE_STYLE('',(#10542));
#10542 = SURFACE_STYLE_FILL_AREA(#10543);
#10543 = FILL_AREA_STYLE('',(#10544));
#10544 = FILL_AREA_STYLE_COLOUR('',#10201);
#10545 = STYLED_ITEM('color',(#10546),#2951);
#10546 = PRESENTATION_STYLE_ASSIGNMENT((#10547));
#10547 = SURFACE_STYLE_USAGE(.BOTH.,#10548);
#10548 = SURFACE_SIDE_STYLE('',(#10549));
#10549 = SURFACE_STYLE_FILL_AREA(#10550);
#10550 = FILL_AREA_STYLE('',(#10551));
#10551 = FILL_AREA_STYLE_COLOUR('',#10201);
#10552 = STYLED_ITEM('color',(#10553),#2968);
#10553 = PRESENTATION_STYLE_ASSIGNMENT((#10554));
#10554 = SURFACE_STYLE_USAGE(.BOTH.,#10555);
#10555 = SURFACE_SIDE_STYLE('',(#10556));
#10556 = SURFACE_STYLE_FILL_AREA(#10557);
#10557 = FILL_AREA_STYLE('',(#10558));
#10558 = FILL_AREA_STYLE_COLOUR('',#10327);
#10559 = STYLED_ITEM('color',(#10560),#2985);
#10560 = PRESENTATION_STYLE_ASSIGNMENT((#10561));
#10561 = SURFACE_STYLE_USAGE(.BOTH.,#10562);
#10562 = SURFACE_SIDE_STYLE('',(#10563));
#10563 = SURFACE_STYLE_FILL_AREA(#10564);
#10564 = FILL_AREA_STYLE('',(#10565));
#10565 = FILL_AREA_STYLE_COLOUR('',#10256);
#10566 = STYLED_ITEM('color',(#10567),#2997);
#10567 = PRESENTATION_STYLE_ASSIGNMENT((#10568));
#10568 = SURFACE_STYLE_USAGE(.BOTH.,#10569);
#10569 = SURFACE_SIDE_STYLE('',(#10570));
#10570 = SURFACE_STYLE_FILL_AREA(#10571);
#10571 = FILL_AREA_STYLE('',(#10572));
#10572 = FILL_AREA_STYLE_COLOUR('',#10256);
#10573 = STYLED_ITEM('color',(#10574),#3014);
#10574 = PRESENTATION_STYLE_ASSIGNMENT((#10575));
#10575 = SURFACE_STYLE_USAGE(.BOTH.,#10576);
#10576 = SURFACE_SIDE_STYLE('',(#10577));
#10577 = SURFACE_STYLE_FILL_AREA(#10578);
#10578 = FILL_AREA_STYLE('',(#10579));
#10579 = FILL_AREA_STYLE_COLOUR('',#10256);
#10580 = STYLED_ITEM('color',(#10581),#3026);
#10581 = PRESENTATION_STYLE_ASSIGNMENT((#10582));
#10582 = SURFACE_STYLE_USAGE(.BOTH.,#10583);
#10583 = SURFACE_SIDE_STYLE('',(#10584));
#10584 = SURFACE_STYLE_FILL_AREA(#10585);
#10585 = FILL_AREA_STYLE('',(#10586));
#10586 = FILL_AREA_STYLE_COLOUR('',#10256);
#10587 = STYLED_ITEM('color',(#10588),#3054);
#10588 = PRESENTATION_STYLE_ASSIGNMENT((#10589));
#10589 = SURFACE_STYLE_USAGE(.BOTH.,#10590);
#10590 = SURFACE_SIDE_STYLE('',(#10591));
#10591 = SURFACE_STYLE_FILL_AREA(#10592);
#10592 = FILL_AREA_STYLE('',(#10593));
#10593 = FILL_AREA_STYLE_COLOUR('',#10256);
#10594 = STYLED_ITEM('color',(#10595),#3071);
#10595 = PRESENTATION_STYLE_ASSIGNMENT((#10596));
#10596 = SURFACE_STYLE_USAGE(.BOTH.,#10597);
#10597 = SURFACE_SIDE_STYLE('',(#10598));
#10598 = SURFACE_STYLE_FILL_AREA(#10599);
#10599 = FILL_AREA_STYLE('',(#10600));
#10600 = FILL_AREA_STYLE_COLOUR('',#10256);
#10601 = STYLED_ITEM('color',(#10602),#3094);
#10602 = PRESENTATION_STYLE_ASSIGNMENT((#10603));
#10603 = SURFACE_STYLE_USAGE(.BOTH.,#10604);
#10604 = SURFACE_SIDE_STYLE('',(#10605));
#10605 = SURFACE_STYLE_FILL_AREA(#10606);
#10606 = FILL_AREA_STYLE('',(#10607));
#10607 = FILL_AREA_STYLE_COLOUR('',#10256);
#10608 = MECHANICAL_DESIGN_GEOMETRIC_PRESENTATION_REPRESENTATION('',(
    #10609),#1451);
#10609 = STYLED_ITEM('color',(#10610),#42);
#10610 = PRESENTATION_STYLE_ASSIGNMENT((#10611,#10617));
#10611 = SURFACE_STYLE_USAGE(.BOTH.,#10612);
#10612 = SURFACE_SIDE_STYLE('',(#10613));
#10613 = SURFACE_STYLE_FILL_AREA(#10614);
#10614 = FILL_AREA_STYLE('',(#10615));
#10615 = FILL_AREA_STYLE_COLOUR('',#10616);
#10616 = COLOUR_RGB('',0.156900003552,0.156900003552,0.156900003552);
#10617 = CURVE_STYLE('',#10618,POSITIVE_LENGTH_MEASURE(0.1),#10616);
#10618 = DRAUGHTING_PRE_DEFINED_CURVE_FONT('continuous');
#10619 = MECHANICAL_DESIGN_GEOMETRIC_PRESENTATION_REPRESENTATION('',(
    #10620),#10175);
#10620 = STYLED_ITEM('color',(#10621),#8745);
#10621 = PRESENTATION_STYLE_ASSIGNMENT((#10622,#10628));
#10622 = SURFACE_STYLE_USAGE(.BOTH.,#10623);
#10623 = SURFACE_SIDE_STYLE('',(#10624));
#10624 = SURFACE_STYLE_FILL_AREA(#10625);
#10625 = FILL_AREA_STYLE('',(#10626));
#10626 = FILL_AREA_STYLE_COLOUR('',#10627);
#10627 = COLOUR_RGB('',0.752941191196,0.752941191196,0.752941191196);
#10628 = CURVE_STYLE('',#10629,POSITIVE_LENGTH_MEASURE(0.1),#10627);
#10629 = DRAUGHTING_PRE_DEFINED_CURVE_FONT('continuous');
ENDSEC;
END-ISO-10303-21;
