
C:\Users\advisor\AppData\Local\arduino\sketches\AAF9012608A5C84D31E492619120D6E5/firmwarePressFlow.ino.elf:     file format elf32-avr


Disassembly of section .text:

00000000 <__vectors>:
__vectors():
       0:	0c 94 94 00 	jmp	0x128	; 0x128 <__ctors_end>
       4:	0c 94 51 07 	jmp	0xea2	; 0xea2 <__vector_1>
       8:	0c 94 2a 07 	jmp	0xe54	; 0xe54 <__vector_2>
       c:	0c 94 bc 00 	jmp	0x178	; 0x178 <__bad_interrupt>
      10:	0c 94 bc 00 	jmp	0x178	; 0x178 <__bad_interrupt>
      14:	0c 94 bc 00 	jmp	0x178	; 0x178 <__bad_interrupt>
      18:	0c 94 bc 00 	jmp	0x178	; 0x178 <__bad_interrupt>
      1c:	0c 94 bc 00 	jmp	0x178	; 0x178 <__bad_interrupt>
      20:	0c 94 bc 00 	jmp	0x178	; 0x178 <__bad_interrupt>
      24:	0c 94 bc 00 	jmp	0x178	; 0x178 <__bad_interrupt>
      28:	0c 94 bc 00 	jmp	0x178	; 0x178 <__bad_interrupt>
      2c:	0c 94 bc 00 	jmp	0x178	; 0x178 <__bad_interrupt>
      30:	0c 94 bc 00 	jmp	0x178	; 0x178 <__bad_interrupt>
      34:	0c 94 bc 00 	jmp	0x178	; 0x178 <__bad_interrupt>
      38:	0c 94 bc 00 	jmp	0x178	; 0x178 <__bad_interrupt>
      3c:	0c 94 bc 00 	jmp	0x178	; 0x178 <__bad_interrupt>
      40:	0c 94 e0 06 	jmp	0xdc0	; 0xdc0 <__vector_16>
      44:	0c 94 bc 00 	jmp	0x178	; 0x178 <__bad_interrupt>
      48:	0c 94 bc 00 	jmp	0x178	; 0x178 <__bad_interrupt>
      4c:	0c 94 bc 00 	jmp	0x178	; 0x178 <__bad_interrupt>
      50:	0c 94 bc 00 	jmp	0x178	; 0x178 <__bad_interrupt>
      54:	0c 94 bc 00 	jmp	0x178	; 0x178 <__bad_interrupt>
      58:	0c 94 bc 00 	jmp	0x178	; 0x178 <__bad_interrupt>
      5c:	0c 94 bc 00 	jmp	0x178	; 0x178 <__bad_interrupt>
      60:	0c 94 bc 00 	jmp	0x178	; 0x178 <__bad_interrupt>
      64:	0c 94 bc 00 	jmp	0x178	; 0x178 <__bad_interrupt>
      68:	08 00       	.word	0x0008	; ????
      6a:	00 00       	nop
      6c:	be 92       	st	-X, r11
      6e:	24 49       	sbci	r18, 0x94	; 148
      70:	12 3e       	cpi	r17, 0xE2	; 226
      72:	ab aa       	std	Y+51, r10	; 0x33
      74:	aa 2a       	or	r10, r26
      76:	be cd       	rjmp	.-1156   	; 0xfffffbf4 <__eeprom_end+0xff7efbf4>
      78:	cc cc       	rjmp	.-1640   	; 0xfffffa12 <__eeprom_end+0xff7efa12>
      7a:	4c 3e       	cpi	r20, 0xEC	; 236
      7c:	00 00       	nop
      7e:	00 80       	ld	r0, Z
      80:	be ab       	std	Y+54, r27	; 0x36
      82:	aa aa       	std	Y+50, r10	; 0x32
      84:	aa 3e       	cpi	r26, 0xEA	; 234
      86:	00 00       	nop
      88:	00 00       	nop
      8a:	bf 00       	.word	0x00bf	; ????
      8c:	00 00       	nop
      8e:	80 3f       	cpi	r24, 0xF0	; 240
      90:	00 00       	nop
      92:	00 00       	nop
      94:	00 08       	sbc	r0, r0
      96:	41 78       	andi	r20, 0x81	; 129
      98:	d3 bb       	out	0x13, r29	; 19
      9a:	43 87       	std	Z+11, r20	; 0x0b
      9c:	d1 13       	cpse	r29, r17
      9e:	3d 19       	sub	r19, r13
      a0:	0e 3c       	cpi	r16, 0xCE	; 206
      a2:	c3 bd       	out	0x23, r28	; 35
      a4:	42 82       	std	Z+2, r4	; 0x02
      a6:	ad 2b       	or	r26, r29
      a8:	3e 68       	ori	r19, 0x8E	; 142
      aa:	ec 82       	std	Y+4, r14	; 0x04
      ac:	76 be       	out	0x36, r7	; 54
      ae:	d9 8f       	std	Y+25, r29	; 0x19
      b0:	e1 a9       	ldd	r30, Z+49	; 0x31
      b2:	3e 4c       	sbci	r19, 0xCE	; 206
      b4:	80 ef       	ldi	r24, 0xF0	; 240
      b6:	ff be       	out	0x3f, r15	; 63
      b8:	01 c4       	rjmp	.+2050   	; 0x8bc <Print::print(double, int) [clone .constprop.9]+0x76>
      ba:	ff 7f       	andi	r31, 0xFF	; 255
      bc:	3f 00       	.word	0x003f	; ????
      be:	00 00       	nop
	...

000000c2 <__trampolines_end>:
__trampolines_start():
      c2:	00 00       	nop
      c4:	00 00       	nop
      c6:	24 00       	.word	0x0024	; ????
      c8:	27 00       	.word	0x0027	; ????
      ca:	2a 00       	.word	0x002a	; ????

000000cc <port_to_output_PGM>:
      cc:	00 00 00 00 25 00 28 00 2b 00                       ....%.(.+.

000000d6 <port_to_input_PGM>:
      d6:	00 00 00 00 23 00 26 00 29 00                       ....#.&.).

000000e0 <digital_pin_to_port_PGM>:
      e0:	04 04 04 04 04 04 04 04 02 02 02 02 02 02 03 03     ................
      f0:	03 03 03 03 02 02 03                                .......

000000f7 <digital_pin_to_bit_mask_PGM>:
      f7:	01 02 04 08 10 20 40 80 01 02 04 08 10 20 01 02     ..... @...... ..
     107:	04 08 10 20 40 80 40                                ... @.@

0000010e <digital_pin_to_timer_PGM>:
     10e:	00 00 00 09 00 03 02 00 00 04 05 08 00 00 00 00     ................
	...

00000126 <__ctors_start>:
__ctors_start():
     126:	91 13       	cpse	r25, r17

00000128 <__ctors_end>:
__dtors_end():
     128:	11 24       	eor	r1, r1
     12a:	1f be       	out	0x3f, r1	; 63
     12c:	cf ef       	ldi	r28, 0xFF	; 255
     12e:	d8 e0       	ldi	r29, 0x08	; 8
     130:	de bf       	out	0x3e, r29	; 62
     132:	cd bf       	out	0x3d, r28	; 61

00000134 <__do_copy_data>:
__do_copy_data():
/home/jenkins-mingw32/workspace/avr-gcc-staging/label/Ubuntu14.04x64-mingw32/gcc-build/avr/avr5/libgcc/../../../../gcc/libgcc/config/avr/lib1funcs.S:2409
     134:	14 e0       	ldi	r17, 0x04	; 4
/home/jenkins-mingw32/workspace/avr-gcc-staging/label/Ubuntu14.04x64-mingw32/gcc-build/avr/avr5/libgcc/../../../../gcc/libgcc/config/avr/lib1funcs.S:2410
     136:	a0 e0       	ldi	r26, 0x00	; 0
/home/jenkins-mingw32/workspace/avr-gcc-staging/label/Ubuntu14.04x64-mingw32/gcc-build/avr/avr5/libgcc/../../../../gcc/libgcc/config/avr/lib1funcs.S:2411
     138:	b1 e0       	ldi	r27, 0x01	; 1
/home/jenkins-mingw32/workspace/avr-gcc-staging/label/Ubuntu14.04x64-mingw32/gcc-build/avr/avr5/libgcc/../../../../gcc/libgcc/config/avr/lib1funcs.S:2412
     13a:	e6 ee       	ldi	r30, 0xE6	; 230
/home/jenkins-mingw32/workspace/avr-gcc-staging/label/Ubuntu14.04x64-mingw32/gcc-build/avr/avr5/libgcc/../../../../gcc/libgcc/config/avr/lib1funcs.S:2413
     13c:	fe e2       	ldi	r31, 0x2E	; 46
/home/jenkins-mingw32/workspace/avr-gcc-staging/label/Ubuntu14.04x64-mingw32/gcc-build/avr/avr5/libgcc/../../../../gcc/libgcc/config/avr/lib1funcs.S:2414
     13e:	02 c0       	rjmp	.+4      	; 0x144 <__do_copy_data+0x10>
/home/jenkins-mingw32/workspace/avr-gcc-staging/label/Ubuntu14.04x64-mingw32/gcc-build/avr/avr5/libgcc/../../../../gcc/libgcc/config/avr/lib1funcs.S:2417
     140:	05 90       	lpm	r0, Z+
/home/jenkins-mingw32/workspace/avr-gcc-staging/label/Ubuntu14.04x64-mingw32/gcc-build/avr/avr5/libgcc/../../../../gcc/libgcc/config/avr/lib1funcs.S:2422
     142:	0d 92       	st	X+, r0
/home/jenkins-mingw32/workspace/avr-gcc-staging/label/Ubuntu14.04x64-mingw32/gcc-build/avr/avr5/libgcc/../../../../gcc/libgcc/config/avr/lib1funcs.S:2424
     144:	a6 35       	cpi	r26, 0x56	; 86
/home/jenkins-mingw32/workspace/avr-gcc-staging/label/Ubuntu14.04x64-mingw32/gcc-build/avr/avr5/libgcc/../../../../gcc/libgcc/config/avr/lib1funcs.S:2425
     146:	b1 07       	cpc	r27, r17
/home/jenkins-mingw32/workspace/avr-gcc-staging/label/Ubuntu14.04x64-mingw32/gcc-build/avr/avr5/libgcc/../../../../gcc/libgcc/config/avr/lib1funcs.S:2426
     148:	d9 f7       	brne	.-10     	; 0x140 <__do_copy_data+0xc>

0000014a <__do_clear_bss>:
__do_clear_bss():
/home/jenkins-mingw32/workspace/avr-gcc-staging/label/Ubuntu14.04x64-mingw32/gcc-build/avr/avr5/libgcc/../../../../gcc/libgcc/config/avr/lib1funcs.S:2441
     14a:	25 e0       	ldi	r18, 0x05	; 5
/home/jenkins-mingw32/workspace/avr-gcc-staging/label/Ubuntu14.04x64-mingw32/gcc-build/avr/avr5/libgcc/../../../../gcc/libgcc/config/avr/lib1funcs.S:2442
     14c:	a6 e5       	ldi	r26, 0x56	; 86
/home/jenkins-mingw32/workspace/avr-gcc-staging/label/Ubuntu14.04x64-mingw32/gcc-build/avr/avr5/libgcc/../../../../gcc/libgcc/config/avr/lib1funcs.S:2443
     14e:	b4 e0       	ldi	r27, 0x04	; 4
/home/jenkins-mingw32/workspace/avr-gcc-staging/label/Ubuntu14.04x64-mingw32/gcc-build/avr/avr5/libgcc/../../../../gcc/libgcc/config/avr/lib1funcs.S:2444
     150:	01 c0       	rjmp	.+2      	; 0x154 <.do_clear_bss_start>

00000152 <.do_clear_bss_loop>:
/home/jenkins-mingw32/workspace/avr-gcc-staging/label/Ubuntu14.04x64-mingw32/gcc-build/avr/avr5/libgcc/../../../../gcc/libgcc/config/avr/lib1funcs.S:2446
     152:	1d 92       	st	X+, r1

00000154 <.do_clear_bss_start>:
/home/jenkins-mingw32/workspace/avr-gcc-staging/label/Ubuntu14.04x64-mingw32/gcc-build/avr/avr5/libgcc/../../../../gcc/libgcc/config/avr/lib1funcs.S:2448
     154:	a0 35       	cpi	r26, 0x50	; 80
/home/jenkins-mingw32/workspace/avr-gcc-staging/label/Ubuntu14.04x64-mingw32/gcc-build/avr/avr5/libgcc/../../../../gcc/libgcc/config/avr/lib1funcs.S:2449
     156:	b2 07       	cpc	r27, r18
/home/jenkins-mingw32/workspace/avr-gcc-staging/label/Ubuntu14.04x64-mingw32/gcc-build/avr/avr5/libgcc/../../../../gcc/libgcc/config/avr/lib1funcs.S:2450
     158:	e1 f7       	brne	.-8      	; 0x152 <.do_clear_bss_loop>

0000015a <__do_global_ctors>:
__do_global_ctors():
/home/jenkins-mingw32/workspace/avr-gcc-staging/label/Ubuntu14.04x64-mingw32/gcc-build/avr/avr5/libgcc/../../../../gcc/libgcc/config/avr/lib1funcs.S:2466
     15a:	10 e0       	ldi	r17, 0x00	; 0
/home/jenkins-mingw32/workspace/avr-gcc-staging/label/Ubuntu14.04x64-mingw32/gcc-build/avr/avr5/libgcc/../../../../gcc/libgcc/config/avr/lib1funcs.S:2467
     15c:	c4 e9       	ldi	r28, 0x94	; 148
/home/jenkins-mingw32/workspace/avr-gcc-staging/label/Ubuntu14.04x64-mingw32/gcc-build/avr/avr5/libgcc/../../../../gcc/libgcc/config/avr/lib1funcs.S:2468
     15e:	d0 e0       	ldi	r29, 0x00	; 0
/home/jenkins-mingw32/workspace/avr-gcc-staging/label/Ubuntu14.04x64-mingw32/gcc-build/avr/avr5/libgcc/../../../../gcc/libgcc/config/avr/lib1funcs.S:2472
     160:	04 c0       	rjmp	.+8      	; 0x16a <__do_global_ctors+0x10>
/home/jenkins-mingw32/workspace/avr-gcc-staging/label/Ubuntu14.04x64-mingw32/gcc-build/avr/avr5/libgcc/../../../../gcc/libgcc/config/avr/lib1funcs.S:2474
     162:	21 97       	sbiw	r28, 0x01	; 1
/home/jenkins-mingw32/workspace/avr-gcc-staging/label/Ubuntu14.04x64-mingw32/gcc-build/avr/avr5/libgcc/../../../../gcc/libgcc/config/avr/lib1funcs.S:2480
     164:	fe 01       	movw	r30, r28
/home/jenkins-mingw32/workspace/avr-gcc-staging/label/Ubuntu14.04x64-mingw32/gcc-build/avr/avr5/libgcc/../../../../gcc/libgcc/config/avr/lib1funcs.S:2481
     166:	0e 94 6b 17 	call	0x2ed6	; 0x2ed6 <__tablejump2__>
/home/jenkins-mingw32/workspace/avr-gcc-staging/label/Ubuntu14.04x64-mingw32/gcc-build/avr/avr5/libgcc/../../../../gcc/libgcc/config/avr/lib1funcs.S:2483
     16a:	c3 39       	cpi	r28, 0x93	; 147
/home/jenkins-mingw32/workspace/avr-gcc-staging/label/Ubuntu14.04x64-mingw32/gcc-build/avr/avr5/libgcc/../../../../gcc/libgcc/config/avr/lib1funcs.S:2484
     16c:	d1 07       	cpc	r29, r17
/home/jenkins-mingw32/workspace/avr-gcc-staging/label/Ubuntu14.04x64-mingw32/gcc-build/avr/avr5/libgcc/../../../../gcc/libgcc/config/avr/lib1funcs.S:2489
     16e:	c9 f7       	brne	.-14     	; 0x162 <__do_global_ctors+0x8>
     170:	0e 94 78 07 	call	0xef0	; 0xef0 <main>
     174:	0c 94 71 17 	jmp	0x2ee2	; 0x2ee2 <_exit>

00000178 <__bad_interrupt>:
__vector_22():
     178:	0c 94 00 00 	jmp	0	; 0x0 <__vectors>

0000017c <pulseCounter()>:
pulseCounter():
C:\Users\advisor\Desktop\github\electronics\PRESSFLOWino\firmwarePressFlow/firmwarePressFlow.ino:286
}

void pulseCounter()
{
  // Increment the pulse counter
  pulseCount++;
     17c:	80 91 85 04 	lds	r24, 0x0485	; 0x800485 <pulseCount>
     180:	8f 5f       	subi	r24, 0xFF	; 255
     182:	80 93 85 04 	sts	0x0485, r24	; 0x800485 <pulseCount>
C:\Users\advisor\Desktop\github\electronics\PRESSFLOWino\firmwarePressFlow/firmwarePressFlow.ino:287
}
     186:	08 95       	ret

00000188 <attachInterrupt.constprop.4>:
attachInterrupt():
C:\Users\advisor\AppData\Local\Arduino15\packages\MiniCore\hardware\avr\3.1.1\cores\MCUdude_corefiles/WInterrupts.c:64
  #endif
};

void attachInterrupt(uint8_t interruptNum, void (*userFunc)(void), int mode)
{
  if(interruptNum < EXTERNAL_NUM_INTERRUPTS)
     188:	82 30       	cpi	r24, 0x02	; 2
     18a:	d8 f4       	brcc	.+54     	; 0x1c2 <attachInterrupt.constprop.4+0x3a>
C:\Users\advisor\AppData\Local\Arduino15\packages\MiniCore\hardware\avr\3.1.1\cores\MCUdude_corefiles/WInterrupts.c:66
  {
    intFunc[interruptNum] = userFunc;
     18c:	e8 2f       	mov	r30, r24
     18e:	f0 e0       	ldi	r31, 0x00	; 0
     190:	ee 0f       	add	r30, r30
     192:	ff 1f       	adc	r31, r31
     194:	e4 5c       	subi	r30, 0xC4	; 196
     196:	fe 4f       	sbci	r31, 0xFE	; 254
     198:	2e eb       	ldi	r18, 0xBE	; 190
     19a:	30 e0       	ldi	r19, 0x00	; 0
     19c:	31 83       	std	Z+1, r19	; 0x01
     19e:	20 83       	st	Z, r18
C:\Users\advisor\AppData\Local\Arduino15\packages\MiniCore\hardware\avr\3.1.1\cores\MCUdude_corefiles/WInterrupts.c:74
    // edge, or falling edge).  The mode constants were chosen to correspond
    // to the configuration bits in the hardware register, so we simply shift
    // the mode into place.

    // Enable interrupt
    switch(interruptNum)
     1a0:	81 30       	cpi	r24, 0x01	; 1
     1a2:	41 f0       	breq	.+16     	; 0x1b4 <attachInterrupt.constprop.4+0x2c>
C:\Users\advisor\AppData\Local\Arduino15\packages\MiniCore\hardware\avr\3.1.1\cores\MCUdude_corefiles/WInterrupts.c:231
      #elif defined(__AVR_ATmega48__) || defined(__AVR_ATmega48P__)  || defined(__AVR_ATmega48PB__)  \
      || defined(__AVR_ATmega88__)    || defined(__AVR_ATmega88P__)  || defined(__AVR_ATmega88PB__)  \
      || defined(__AVR_ATmega168__)   || defined(__AVR_ATmega168P__) || defined(__AVR_ATmega168PB__) \
      || defined(__AVR_ATmega328__)   || defined(__AVR_ATmega328P__) || defined(__AVR_ATmega328PB__)
        case 0:
          EICRA = (EICRA & ~((1 << ISC00) | (1 << ISC01))) | (mode << ISC00);
     1a4:	80 91 69 00 	lds	r24, 0x0069	; 0x800069 <__DATA_REGION_ORIGIN__+0x9>
     1a8:	8c 7f       	andi	r24, 0xFC	; 252
     1aa:	82 60       	ori	r24, 0x02	; 2
     1ac:	80 93 69 00 	sts	0x0069, r24	; 0x800069 <__DATA_REGION_ORIGIN__+0x9>
C:\Users\advisor\AppData\Local\Arduino15\packages\MiniCore\hardware\avr\3.1.1\cores\MCUdude_corefiles/WInterrupts.c:232
          EIMSK |= (1 << INT0);
     1b0:	e8 9a       	sbi	0x1d, 0	; 29
     1b2:	08 95       	ret
C:\Users\advisor\AppData\Local\Arduino15\packages\MiniCore\hardware\avr\3.1.1\cores\MCUdude_corefiles/WInterrupts.c:235
          break;
        case 1:
          EICRA = (EICRA & ~((1 << ISC10) | (1 << ISC11))) | (mode << ISC10);
     1b4:	80 91 69 00 	lds	r24, 0x0069	; 0x800069 <__DATA_REGION_ORIGIN__+0x9>
     1b8:	83 7f       	andi	r24, 0xF3	; 243
     1ba:	88 60       	ori	r24, 0x08	; 8
     1bc:	80 93 69 00 	sts	0x0069, r24	; 0x800069 <__DATA_REGION_ORIGIN__+0x9>
C:\Users\advisor\AppData\Local\Arduino15\packages\MiniCore\hardware\avr\3.1.1\cores\MCUdude_corefiles/WInterrupts.c:236
          EIMSK |= (1 << INT1);
     1c0:	e9 9a       	sbi	0x1d, 1	; 29
C:\Users\advisor\AppData\Local\Arduino15\packages\MiniCore\hardware\avr\3.1.1\cores\MCUdude_corefiles/WInterrupts.c:261
          break;

      #endif
    }
  }
}
     1c2:	08 95       	ret

000001c4 <turnOffPWM>:
turnOffPWM():
C:\Users\advisor\AppData\Local\Arduino15\packages\MiniCore\hardware\avr\3.1.1\cores\MCUdude_corefiles/wiring_digital.c:77
//
//static inline void turnOffPWM(uint8_t timer) __attribute__ ((always_inline));
//static inline void turnOffPWM(uint8_t timer)
static void turnOffPWM(uint8_t timer)
{
  switch (timer)
     1c4:	84 30       	cpi	r24, 0x04	; 4
     1c6:	81 f0       	breq	.+32     	; 0x1e8 <turnOffPWM+0x24>
     1c8:	28 f4       	brcc	.+10     	; 0x1d4 <turnOffPWM+0x10>
     1ca:	82 30       	cpi	r24, 0x02	; 2
     1cc:	e9 f0       	breq	.+58     	; 0x208 <turnOffPWM+0x44>
     1ce:	83 30       	cpi	r24, 0x03	; 3
     1d0:	f9 f0       	breq	.+62     	; 0x210 <turnOffPWM+0x4c>
     1d2:	08 95       	ret
     1d4:	88 30       	cpi	r24, 0x08	; 8
     1d6:	71 f0       	breq	.+28     	; 0x1f4 <turnOffPWM+0x30>
     1d8:	89 30       	cpi	r24, 0x09	; 9
     1da:	91 f0       	breq	.+36     	; 0x200 <turnOffPWM+0x3c>
     1dc:	85 30       	cpi	r24, 0x05	; 5
     1de:	b9 f4       	brne	.+46     	; 0x20e <turnOffPWM+0x4a>
C:\Users\advisor\AppData\Local\Arduino15\packages\MiniCore\hardware\avr\3.1.1\cores\MCUdude_corefiles/wiring_digital.c:87
        TCCR1A &= ~_BV(COM1A1);
        break;
    #endif
    #if defined(TCCR1A) && defined(COM1B1)
      case TIMER1B:
        TCCR1A &= ~_BV(COM1B1);
     1e0:	80 91 80 00 	lds	r24, 0x0080	; 0x800080 <__DATA_REGION_ORIGIN__+0x20>
     1e4:	8f 7d       	andi	r24, 0xDF	; 223
     1e6:	03 c0       	rjmp	.+6      	; 0x1ee <turnOffPWM+0x2a>
C:\Users\advisor\AppData\Local\Arduino15\packages\MiniCore\hardware\avr\3.1.1\cores\MCUdude_corefiles/wiring_digital.c:82
  switch (timer)
  {
    // Timer1
    #if defined(TCCR1A) && defined(COM1A1)
      case TIMER1A:
        TCCR1A &= ~_BV(COM1A1);
     1e8:	80 91 80 00 	lds	r24, 0x0080	; 0x800080 <__DATA_REGION_ORIGIN__+0x20>
     1ec:	8f 77       	andi	r24, 0x7F	; 127
C:\Users\advisor\AppData\Local\Arduino15\packages\MiniCore\hardware\avr\3.1.1\cores\MCUdude_corefiles/wiring_digital.c:87
        break;
    #endif
    #if defined(TCCR1A) && defined(COM1B1)
      case TIMER1B:
        TCCR1A &= ~_BV(COM1B1);
     1ee:	80 93 80 00 	sts	0x0080, r24	; 0x800080 <__DATA_REGION_ORIGIN__+0x20>
     1f2:	08 95       	ret
C:\Users\advisor\AppData\Local\Arduino15\packages\MiniCore\hardware\avr\3.1.1\cores\MCUdude_corefiles/wiring_digital.c:104
        TCCR2 &= ~_BV(COM21);
        break;
    #endif
    #if defined(TCCR2A) && defined(COM2A1)
      case TIMER2A:
        TCCR2A &= ~_BV(COM2A1);
     1f4:	80 91 b0 00 	lds	r24, 0x00B0	; 0x8000b0 <__DATA_REGION_ORIGIN__+0x50>
     1f8:	8f 77       	andi	r24, 0x7F	; 127
C:\Users\advisor\AppData\Local\Arduino15\packages\MiniCore\hardware\avr\3.1.1\cores\MCUdude_corefiles/wiring_digital.c:109
        break;
    #endif
    #if defined(TCCR2A) && defined(COM2B1)
      case TIMER2B:
        TCCR2A &= ~_BV(COM2B1);
     1fa:	80 93 b0 00 	sts	0x00B0, r24	; 0x8000b0 <__DATA_REGION_ORIGIN__+0x50>
     1fe:	08 95       	ret
     200:	80 91 b0 00 	lds	r24, 0x00B0	; 0x8000b0 <__DATA_REGION_ORIGIN__+0x50>
     204:	8f 7d       	andi	r24, 0xDF	; 223
     206:	f9 cf       	rjmp	.-14     	; 0x1fa <turnOffPWM+0x36>
C:\Users\advisor\AppData\Local\Arduino15\packages\MiniCore\hardware\avr\3.1.1\cores\MCUdude_corefiles/wiring_digital.c:176
        TCCR0 &= ~_BV(COM01);
        break;
    #endif
    #if defined(TCCR0A) && defined(COM0A1)
      case TIMER0A:
        TCCR0A &= ~_BV(COM0A1);
     208:	84 b5       	in	r24, 0x24	; 36
     20a:	8f 77       	andi	r24, 0x7F	; 127
C:\Users\advisor\AppData\Local\Arduino15\packages\MiniCore\hardware\avr\3.1.1\cores\MCUdude_corefiles/wiring_digital.c:181
        break;
    #endif
    #if defined(TCCR0A) && defined(COM0B1)
      case TIMER0B:
        TCCR0A &= ~_BV(COM0B1);
     20c:	84 bd       	out	0x24, r24	; 36
C:\Users\advisor\AppData\Local\Arduino15\packages\MiniCore\hardware\avr\3.1.1\cores\MCUdude_corefiles/wiring_digital.c:185
        break;
    #endif
  }
}
     20e:	08 95       	ret
C:\Users\advisor\AppData\Local\Arduino15\packages\MiniCore\hardware\avr\3.1.1\cores\MCUdude_corefiles/wiring_digital.c:181
        TCCR0A &= ~_BV(COM0A1);
        break;
    #endif
    #if defined(TCCR0A) && defined(COM0B1)
      case TIMER0B:
        TCCR0A &= ~_BV(COM0B1);
     210:	84 b5       	in	r24, 0x24	; 36
     212:	8f 7d       	andi	r24, 0xDF	; 223
     214:	fb cf       	rjmp	.-10     	; 0x20c <turnOffPWM+0x48>

00000216 <digitalRead>:
digitalRead():
C:\Users\advisor\AppData\Local\Arduino15\packages\MiniCore\hardware\avr\3.1.1\cores\MCUdude_corefiles/wiring_digital.c:215

  SREG = oldSREG;
}

int digitalRead(uint8_t pin)
{
     216:	cf 93       	push	r28
     218:	df 93       	push	r29
C:\Users\advisor\AppData\Local\Arduino15\packages\MiniCore\hardware\avr\3.1.1\cores\MCUdude_corefiles/wiring_digital.c:216
  uint8_t timer = digitalPinToTimer(pin);
     21a:	28 2f       	mov	r18, r24
     21c:	30 e0       	ldi	r19, 0x00	; 0
     21e:	f9 01       	movw	r30, r18
     220:	e2 5f       	subi	r30, 0xF2	; 242
     222:	fe 4f       	sbci	r31, 0xFE	; 254
     224:	84 91       	lpm	r24, Z
C:\Users\advisor\AppData\Local\Arduino15\packages\MiniCore\hardware\avr\3.1.1\cores\MCUdude_corefiles/wiring_digital.c:217
  uint8_t bit = digitalPinToBitMask(pin);
     226:	f9 01       	movw	r30, r18
     228:	e9 50       	subi	r30, 0x09	; 9
     22a:	ff 4f       	sbci	r31, 0xFF	; 255
     22c:	d4 91       	lpm	r29, Z
C:\Users\advisor\AppData\Local\Arduino15\packages\MiniCore\hardware\avr\3.1.1\cores\MCUdude_corefiles/wiring_digital.c:218
  uint8_t port = digitalPinToPort(pin);
     22e:	f9 01       	movw	r30, r18
     230:	e0 52       	subi	r30, 0x20	; 32
     232:	ff 4f       	sbci	r31, 0xFF	; 255
     234:	c4 91       	lpm	r28, Z
C:\Users\advisor\AppData\Local\Arduino15\packages\MiniCore\hardware\avr\3.1.1\cores\MCUdude_corefiles/wiring_digital.c:220

  if (port == NOT_A_PIN) return LOW;
     236:	cc 23       	and	r28, r28
     238:	a1 f0       	breq	.+40     	; 0x262 <digitalRead+0x4c>
C:\Users\advisor\AppData\Local\Arduino15\packages\MiniCore\hardware\avr\3.1.1\cores\MCUdude_corefiles/wiring_digital.c:224

  // If the pin that support PWM output, we need to turn it off
  // before getting a digital reading.
  if (timer != NOT_ON_TIMER) turnOffPWM(timer);
     23a:	81 11       	cpse	r24, r1
     23c:	0e 94 e2 00 	call	0x1c4	; 0x1c4 <turnOffPWM>
C:\Users\advisor\AppData\Local\Arduino15\packages\MiniCore\hardware\avr\3.1.1\cores\MCUdude_corefiles/wiring_digital.c:226

  if (*portInputRegister(port) & bit) return HIGH;
     240:	ec 2f       	mov	r30, r28
     242:	f0 e0       	ldi	r31, 0x00	; 0
     244:	ee 0f       	add	r30, r30
     246:	ff 1f       	adc	r31, r31
     248:	ea 52       	subi	r30, 0x2A	; 42
     24a:	ff 4f       	sbci	r31, 0xFF	; 255
     24c:	a5 91       	lpm	r26, Z+
     24e:	b4 91       	lpm	r27, Z
     250:	ec 91       	ld	r30, X
     252:	ed 23       	and	r30, r29
     254:	81 e0       	ldi	r24, 0x01	; 1
     256:	90 e0       	ldi	r25, 0x00	; 0
     258:	09 f4       	brne	.+2      	; 0x25c <digitalRead+0x46>
     25a:	80 e0       	ldi	r24, 0x00	; 0
C:\Users\advisor\AppData\Local\Arduino15\packages\MiniCore\hardware\avr\3.1.1\cores\MCUdude_corefiles/wiring_digital.c:228
  return LOW;
}
     25c:	df 91       	pop	r29
     25e:	cf 91       	pop	r28
     260:	08 95       	ret
C:\Users\advisor\AppData\Local\Arduino15\packages\MiniCore\hardware\avr\3.1.1\cores\MCUdude_corefiles/wiring_digital.c:220
{
  uint8_t timer = digitalPinToTimer(pin);
  uint8_t bit = digitalPinToBitMask(pin);
  uint8_t port = digitalPinToPort(pin);

  if (port == NOT_A_PIN) return LOW;
     262:	80 e0       	ldi	r24, 0x00	; 0
     264:	90 e0       	ldi	r25, 0x00	; 0
     266:	fa cf       	rjmp	.-12     	; 0x25c <digitalRead+0x46>

00000268 <digitalWrite>:
digitalWrite():
C:\Users\advisor\AppData\Local\Arduino15\packages\MiniCore\hardware\avr\3.1.1\cores\MCUdude_corefiles/wiring_digital.c:188
    #endif
  }
}

void digitalWrite(uint8_t pin, uint8_t val)
{
     268:	1f 93       	push	r17
     26a:	cf 93       	push	r28
     26c:	df 93       	push	r29
C:\Users\advisor\AppData\Local\Arduino15\packages\MiniCore\hardware\avr\3.1.1\cores\MCUdude_corefiles/wiring_digital.c:189
  uint8_t timer = digitalPinToTimer(pin);
     26e:	28 2f       	mov	r18, r24
     270:	30 e0       	ldi	r19, 0x00	; 0
     272:	f9 01       	movw	r30, r18
     274:	e2 5f       	subi	r30, 0xF2	; 242
     276:	fe 4f       	sbci	r31, 0xFE	; 254
     278:	84 91       	lpm	r24, Z
C:\Users\advisor\AppData\Local\Arduino15\packages\MiniCore\hardware\avr\3.1.1\cores\MCUdude_corefiles/wiring_digital.c:190
  uint8_t bit = digitalPinToBitMask(pin);
     27a:	f9 01       	movw	r30, r18
     27c:	e9 50       	subi	r30, 0x09	; 9
     27e:	ff 4f       	sbci	r31, 0xFF	; 255
     280:	d4 91       	lpm	r29, Z
C:\Users\advisor\AppData\Local\Arduino15\packages\MiniCore\hardware\avr\3.1.1\cores\MCUdude_corefiles/wiring_digital.c:191
  uint8_t port = digitalPinToPort(pin);
     282:	f9 01       	movw	r30, r18
     284:	e0 52       	subi	r30, 0x20	; 32
     286:	ff 4f       	sbci	r31, 0xFF	; 255
     288:	c4 91       	lpm	r28, Z
C:\Users\advisor\AppData\Local\Arduino15\packages\MiniCore\hardware\avr\3.1.1\cores\MCUdude_corefiles/wiring_digital.c:194
  volatile uint8_t *out;

  if (port == NOT_A_PIN) return;
     28a:	cc 23       	and	r28, r28
     28c:	a9 f0       	breq	.+42     	; 0x2b8 <digitalWrite+0x50>
     28e:	16 2f       	mov	r17, r22
C:\Users\advisor\AppData\Local\Arduino15\packages\MiniCore\hardware\avr\3.1.1\cores\MCUdude_corefiles/wiring_digital.c:198

  // If the pin that support PWM output, we need to turn it off
  // before doing a digital write.
  if (timer != NOT_ON_TIMER) turnOffPWM(timer);
     290:	81 11       	cpse	r24, r1
     292:	0e 94 e2 00 	call	0x1c4	; 0x1c4 <turnOffPWM>
C:\Users\advisor\AppData\Local\Arduino15\packages\MiniCore\hardware\avr\3.1.1\cores\MCUdude_corefiles/wiring_digital.c:200

  out = portOutputRegister(port);
     296:	ec 2f       	mov	r30, r28
     298:	f0 e0       	ldi	r31, 0x00	; 0
     29a:	ee 0f       	add	r30, r30
     29c:	ff 1f       	adc	r31, r31
     29e:	e4 53       	subi	r30, 0x34	; 52
     2a0:	ff 4f       	sbci	r31, 0xFF	; 255
     2a2:	a5 91       	lpm	r26, Z+
     2a4:	b4 91       	lpm	r27, Z
C:\Users\advisor\AppData\Local\Arduino15\packages\MiniCore\hardware\avr\3.1.1\cores\MCUdude_corefiles/wiring_digital.c:202

  uint8_t oldSREG = SREG;
     2a6:	8f b7       	in	r24, 0x3f	; 63
C:\Users\advisor\AppData\Local\Arduino15\packages\MiniCore\hardware\avr\3.1.1\cores\MCUdude_corefiles/wiring_digital.c:203
  cli();
     2a8:	f8 94       	cli
C:\Users\advisor\AppData\Local\Arduino15\packages\MiniCore\hardware\avr\3.1.1\cores\MCUdude_corefiles/wiring_digital.c:206

  if (val == LOW) {
    *out &= ~bit;
     2aa:	ec 91       	ld	r30, X
C:\Users\advisor\AppData\Local\Arduino15\packages\MiniCore\hardware\avr\3.1.1\cores\MCUdude_corefiles/wiring_digital.c:205
  out = portOutputRegister(port);

  uint8_t oldSREG = SREG;
  cli();

  if (val == LOW) {
     2ac:	11 11       	cpse	r17, r1
     2ae:	08 c0       	rjmp	.+16     	; 0x2c0 <digitalWrite+0x58>
C:\Users\advisor\AppData\Local\Arduino15\packages\MiniCore\hardware\avr\3.1.1\cores\MCUdude_corefiles/wiring_digital.c:206
    *out &= ~bit;
     2b0:	d0 95       	com	r29
     2b2:	de 23       	and	r29, r30
C:\Users\advisor\AppData\Local\Arduino15\packages\MiniCore\hardware\avr\3.1.1\cores\MCUdude_corefiles/wiring_digital.c:208
  } else {
    *out |= bit;
     2b4:	dc 93       	st	X, r29
C:\Users\advisor\AppData\Local\Arduino15\packages\MiniCore\hardware\avr\3.1.1\cores\MCUdude_corefiles/wiring_digital.c:211
  }

  SREG = oldSREG;
     2b6:	8f bf       	out	0x3f, r24	; 63
C:\Users\advisor\AppData\Local\Arduino15\packages\MiniCore\hardware\avr\3.1.1\cores\MCUdude_corefiles/wiring_digital.c:212
}
     2b8:	df 91       	pop	r29
     2ba:	cf 91       	pop	r28
     2bc:	1f 91       	pop	r17
     2be:	08 95       	ret
C:\Users\advisor\AppData\Local\Arduino15\packages\MiniCore\hardware\avr\3.1.1\cores\MCUdude_corefiles/wiring_digital.c:208
  cli();

  if (val == LOW) {
    *out &= ~bit;
  } else {
    *out |= bit;
     2c0:	de 2b       	or	r29, r30
     2c2:	f8 cf       	rjmp	.-16     	; 0x2b4 <digitalWrite+0x4c>

000002c4 <pinMode>:
pinMode():
C:\Users\advisor\AppData\Local\Arduino15\packages\MiniCore\hardware\avr\3.1.1\cores\MCUdude_corefiles/wiring_digital.c:30
#define ARDUINO_MAIN
#include "wiring_private.h"
#include "pins_arduino.h"

void pinMode(uint8_t pin, uint8_t mode)
{
     2c4:	cf 93       	push	r28
     2c6:	df 93       	push	r29
C:\Users\advisor\AppData\Local\Arduino15\packages\MiniCore\hardware\avr\3.1.1\cores\MCUdude_corefiles/wiring_digital.c:31
  uint8_t bit = digitalPinToBitMask(pin);
     2c8:	90 e0       	ldi	r25, 0x00	; 0
     2ca:	fc 01       	movw	r30, r24
     2cc:	e9 50       	subi	r30, 0x09	; 9
     2ce:	ff 4f       	sbci	r31, 0xFF	; 255
     2d0:	24 91       	lpm	r18, Z
C:\Users\advisor\AppData\Local\Arduino15\packages\MiniCore\hardware\avr\3.1.1\cores\MCUdude_corefiles/wiring_digital.c:32
  uint8_t port = digitalPinToPort(pin);
     2d2:	80 52       	subi	r24, 0x20	; 32
     2d4:	9f 4f       	sbci	r25, 0xFF	; 255
     2d6:	fc 01       	movw	r30, r24
     2d8:	84 91       	lpm	r24, Z
C:\Users\advisor\AppData\Local\Arduino15\packages\MiniCore\hardware\avr\3.1.1\cores\MCUdude_corefiles/wiring_digital.c:35
  volatile uint8_t *reg, *out;

  if (port == NOT_A_PIN) return;
     2da:	88 23       	and	r24, r24
     2dc:	c9 f0       	breq	.+50     	; 0x310 <pinMode+0x4c>
C:\Users\advisor\AppData\Local\Arduino15\packages\MiniCore\hardware\avr\3.1.1\cores\MCUdude_corefiles/wiring_digital.c:38

  // JWS: can I let the optimizer do this?
  reg = portModeRegister(port);
     2de:	90 e0       	ldi	r25, 0x00	; 0
     2e0:	88 0f       	add	r24, r24
     2e2:	99 1f       	adc	r25, r25
     2e4:	fc 01       	movw	r30, r24
     2e6:	ee 53       	subi	r30, 0x3E	; 62
     2e8:	ff 4f       	sbci	r31, 0xFF	; 255
     2ea:	a5 91       	lpm	r26, Z+
     2ec:	b4 91       	lpm	r27, Z
C:\Users\advisor\AppData\Local\Arduino15\packages\MiniCore\hardware\avr\3.1.1\cores\MCUdude_corefiles/wiring_digital.c:39
  out = portOutputRegister(port);
     2ee:	fc 01       	movw	r30, r24
     2f0:	e4 53       	subi	r30, 0x34	; 52
     2f2:	ff 4f       	sbci	r31, 0xFF	; 255
     2f4:	c5 91       	lpm	r28, Z+
     2f6:	d4 91       	lpm	r29, Z
C:\Users\advisor\AppData\Local\Arduino15\packages\MiniCore\hardware\avr\3.1.1\cores\MCUdude_corefiles/wiring_digital.c:41

  if (mode == INPUT) { 
     2f8:	61 11       	cpse	r22, r1
     2fa:	0d c0       	rjmp	.+26     	; 0x316 <pinMode+0x52>
C:\Users\advisor\AppData\Local\Arduino15\packages\MiniCore\hardware\avr\3.1.1\cores\MCUdude_corefiles/wiring_digital.c:42
    uint8_t oldSREG = SREG;
     2fc:	9f b7       	in	r25, 0x3f	; 63
C:\Users\advisor\AppData\Local\Arduino15\packages\MiniCore\hardware\avr\3.1.1\cores\MCUdude_corefiles/wiring_digital.c:43
    cli();
     2fe:	f8 94       	cli
C:\Users\advisor\AppData\Local\Arduino15\packages\MiniCore\hardware\avr\3.1.1\cores\MCUdude_corefiles/wiring_digital.c:44
    *reg &= ~bit;
     300:	8c 91       	ld	r24, X
     302:	20 95       	com	r18
     304:	82 23       	and	r24, r18
     306:	8c 93       	st	X, r24
C:\Users\advisor\AppData\Local\Arduino15\packages\MiniCore\hardware\avr\3.1.1\cores\MCUdude_corefiles/wiring_digital.c:45
    *out &= ~bit;
     308:	88 81       	ld	r24, Y
     30a:	28 23       	and	r18, r24
C:\Users\advisor\AppData\Local\Arduino15\packages\MiniCore\hardware\avr\3.1.1\cores\MCUdude_corefiles/wiring_digital.c:51
    SREG = oldSREG;
  } else if (mode == INPUT_PULLUP) {
    uint8_t oldSREG = SREG;
    cli();
    *reg &= ~bit;
    *out |= bit;
     30c:	28 83       	st	Y, r18
C:\Users\advisor\AppData\Local\Arduino15\packages\MiniCore\hardware\avr\3.1.1\cores\MCUdude_corefiles/wiring_digital.c:52
    SREG = oldSREG;
     30e:	9f bf       	out	0x3f, r25	; 63
C:\Users\advisor\AppData\Local\Arduino15\packages\MiniCore\hardware\avr\3.1.1\cores\MCUdude_corefiles/wiring_digital.c:59
    uint8_t oldSREG = SREG;
    cli();
    *reg |= bit;
    SREG = oldSREG;
  }
}
     310:	df 91       	pop	r29
     312:	cf 91       	pop	r28
     314:	08 95       	ret
C:\Users\advisor\AppData\Local\Arduino15\packages\MiniCore\hardware\avr\3.1.1\cores\MCUdude_corefiles/wiring_digital.c:47
    uint8_t oldSREG = SREG;
    cli();
    *reg &= ~bit;
    *out &= ~bit;
    SREG = oldSREG;
  } else if (mode == INPUT_PULLUP) {
     316:	62 30       	cpi	r22, 0x02	; 2
     318:	51 f4       	brne	.+20     	; 0x32e <pinMode+0x6a>
C:\Users\advisor\AppData\Local\Arduino15\packages\MiniCore\hardware\avr\3.1.1\cores\MCUdude_corefiles/wiring_digital.c:48
    uint8_t oldSREG = SREG;
     31a:	9f b7       	in	r25, 0x3f	; 63
C:\Users\advisor\AppData\Local\Arduino15\packages\MiniCore\hardware\avr\3.1.1\cores\MCUdude_corefiles/wiring_digital.c:49
    cli();
     31c:	f8 94       	cli
C:\Users\advisor\AppData\Local\Arduino15\packages\MiniCore\hardware\avr\3.1.1\cores\MCUdude_corefiles/wiring_digital.c:50
    *reg &= ~bit;
     31e:	3c 91       	ld	r19, X
     320:	82 2f       	mov	r24, r18
     322:	80 95       	com	r24
     324:	83 23       	and	r24, r19
     326:	8c 93       	st	X, r24
C:\Users\advisor\AppData\Local\Arduino15\packages\MiniCore\hardware\avr\3.1.1\cores\MCUdude_corefiles/wiring_digital.c:51
    *out |= bit;
     328:	e8 81       	ld	r30, Y
     32a:	2e 2b       	or	r18, r30
     32c:	ef cf       	rjmp	.-34     	; 0x30c <pinMode+0x48>
C:\Users\advisor\AppData\Local\Arduino15\packages\MiniCore\hardware\avr\3.1.1\cores\MCUdude_corefiles/wiring_digital.c:54
    SREG = oldSREG;
  } else {
    uint8_t oldSREG = SREG;
     32e:	8f b7       	in	r24, 0x3f	; 63
C:\Users\advisor\AppData\Local\Arduino15\packages\MiniCore\hardware\avr\3.1.1\cores\MCUdude_corefiles/wiring_digital.c:55
    cli();
     330:	f8 94       	cli
C:\Users\advisor\AppData\Local\Arduino15\packages\MiniCore\hardware\avr\3.1.1\cores\MCUdude_corefiles/wiring_digital.c:56
    *reg |= bit;
     332:	ec 91       	ld	r30, X
     334:	2e 2b       	or	r18, r30
     336:	2c 93       	st	X, r18
C:\Users\advisor\AppData\Local\Arduino15\packages\MiniCore\hardware\avr\3.1.1\cores\MCUdude_corefiles/wiring_digital.c:57
    SREG = oldSREG;
     338:	8f bf       	out	0x3f, r24	; 63
     33a:	ea cf       	rjmp	.-44     	; 0x310 <pinMode+0x4c>

0000033c <analogRead>:
analogRead():
C:\Users\advisor\AppData\Local\Arduino15\packages\MiniCore\hardware\avr\3.1.1\cores\MCUdude_corefiles/wiring_analog.c:49
int analogRead(uint8_t pin)
{

// Macro located in the pins_arduino.h file
#ifdef analogPinToChannel
  pin = analogPinToChannel(pin);
     33c:	88 30       	cpi	r24, 0x08	; 8
     33e:	20 f0       	brcs	.+8      	; 0x348 <analogRead+0xc>
     340:	8d 30       	cpi	r24, 0x0D	; 13
     342:	08 f4       	brcc	.+2      	; 0x346 <analogRead+0xa>
     344:	8d e0       	ldi	r24, 0x0D	; 13
     346:	8e 50       	subi	r24, 0x0E	; 14
C:\Users\advisor\AppData\Local\Arduino15\packages\MiniCore\hardware\avr\3.1.1\cores\MCUdude_corefiles/wiring_analog.c:68
  
  // set the analog reference (high two bits of ADMUX) and select the
  // channel (low 4 bits).  this also sets ADLAR (left-adjust result)
  // to 0 (the default).
#if defined(ADMUX)
  ADMUX = (analog_reference << 6) | (pin & 0x07);
     348:	87 70       	andi	r24, 0x07	; 7
     34a:	80 64       	ori	r24, 0x40	; 64
     34c:	80 93 7c 00 	sts	0x007C, r24	; 0x80007c <__DATA_REGION_ORIGIN__+0x1c>
C:\Users\advisor\AppData\Local\Arduino15\packages\MiniCore\hardware\avr\3.1.1\cores\MCUdude_corefiles/wiring_analog.c:76
  // without a delay, we seem to read from the wrong channel
  //delay(1);

#if defined(ADCSRA) && defined(ADC)
  // start the conversion
  ADCSRA |= _BV(ADSC);
     350:	80 91 7a 00 	lds	r24, 0x007A	; 0x80007a <__DATA_REGION_ORIGIN__+0x1a>
     354:	80 64       	ori	r24, 0x40	; 64
     356:	80 93 7a 00 	sts	0x007A, r24	; 0x80007a <__DATA_REGION_ORIGIN__+0x1a>
C:\Users\advisor\AppData\Local\Arduino15\packages\MiniCore\hardware\avr\3.1.1\cores\MCUdude_corefiles/wiring_analog.c:79

  // ADSC is cleared when the conversion finishes
  while (ADCSRA & _BV(ADSC)) {};
     35a:	80 91 7a 00 	lds	r24, 0x007A	; 0x80007a <__DATA_REGION_ORIGIN__+0x1a>
     35e:	86 fd       	sbrc	r24, 6
     360:	fc cf       	rjmp	.-8      	; 0x35a <analogRead+0x1e>
C:\Users\advisor\AppData\Local\Arduino15\packages\MiniCore\hardware\avr\3.1.1\cores\MCUdude_corefiles/wiring_analog.c:83

  // ADC macro takes care of reading ADC register.
 	// avr-gcc implements the proper reading order: ADCL is read first.
 	return ADC;
     362:	80 91 78 00 	lds	r24, 0x0078	; 0x800078 <__DATA_REGION_ORIGIN__+0x18>
     366:	90 91 79 00 	lds	r25, 0x0079	; 0x800079 <__DATA_REGION_ORIGIN__+0x19>
C:\Users\advisor\AppData\Local\Arduino15\packages\MiniCore\hardware\avr\3.1.1\cores\MCUdude_corefiles/wiring_analog.c:87
#else
  return 0;
#endif
}
     36a:	08 95       	ret

0000036c <delayMicroseconds>:
delayMicroseconds():
C:\Users\advisor\AppData\Local\Arduino15\packages\MiniCore\hardware\avr\3.1.1\cores\MCUdude_corefiles/wiring.c:761
              // 2 cycles to jump back to delay cycle.
  }

#elif F_CPU >= 8000000L
  // for the 8 MHz clock
  __asm__ __volatile__ (
     36c:	00 00       	nop
     36e:	00 00       	nop
C:\Users\advisor\AppData\Local\Arduino15\packages\MiniCore\hardware\avr\3.1.1\cores\MCUdude_corefiles/wiring.c:767
    "nop" "\n\t"
    "nop"); //just waiting 2 cycles

  // for a 1 and 2 microsecond delay, simply return.  the overhead
  // of the function call takes 16 (18) cycles, which is 2us
  if (us <= 2) return; // = 3 cycles, (4 when true)
     370:	83 30       	cpi	r24, 0x03	; 3
     372:	91 05       	cpc	r25, r1
     374:	28 f0       	brcs	.+10     	; 0x380 <delayMicroseconds+0x14>
C:\Users\advisor\AppData\Local\Arduino15\packages\MiniCore\hardware\avr\3.1.1\cores\MCUdude_corefiles/wiring.c:772

  // the following loop takes 1/2 of a microsecond (4 cycles)
  // per iteration, so execute it twice for each microsecond of
  // delay requested.
  us <<= 1; //x2 us, = 2 cycles
     376:	88 0f       	add	r24, r24
     378:	99 1f       	adc	r25, r25
C:\Users\advisor\AppData\Local\Arduino15\packages\MiniCore\hardware\avr\3.1.1\cores\MCUdude_corefiles/wiring.c:777

  // account for the time taken in the preceeding commands.
  // we just burned 19 (21) cycles above, remove 5, (5*4=20)
  // us is at least 6 so we can substract 5
  us -= 5; // = 2 cycles
     37a:	05 97       	sbiw	r24, 0x05	; 5
C:\Users\advisor\AppData\Local\Arduino15\packages\MiniCore\hardware\avr\3.1.1\cores\MCUdude_corefiles/wiring.c:929
  us >>= 2; // us div 4, = 4 cycles

#endif

  // busy wait
  __asm__ __volatile__ (
     37c:	01 97       	sbiw	r24, 0x01	; 1
     37e:	f1 f7       	brne	.-4      	; 0x37c <delayMicroseconds+0x10>
C:\Users\advisor\AppData\Local\Arduino15\packages\MiniCore\hardware\avr\3.1.1\cores\MCUdude_corefiles/wiring.c:939
    "   brne 1b"                     // 2 cycles
    : /* no outputs */
    : "w" (us)
  );
  // return = 4 cycles
}
     380:	08 95       	ret

00000382 <micros>:
micros():
C:\Users\advisor\AppData\Local\Arduino15\packages\MiniCore\hardware\avr\3.1.1\cores\MCUdude_corefiles/wiring.c:237
  unsigned char f; // temporary storage for millis fraction counter
  unsigned char q = 0; // record whether an overflow is flagged
#endif
  // t will be the number where the timer0 counter stopped
  uint8_t t;
  uint8_t oldSREG = SREG;
     382:	3f b7       	in	r19, 0x3f	; 63
C:\Users\advisor\AppData\Local\Arduino15\packages\MiniCore\hardware\avr\3.1.1\cores\MCUdude_corefiles/wiring.c:240

  // Stop all interrupts
  cli();
     384:	f8 94       	cli
C:\Users\advisor\AppData\Local\Arduino15\packages\MiniCore\hardware\avr\3.1.1\cores\MCUdude_corefiles/wiring.c:247
#ifdef CORRECT_EXACT_MICROS
  // combine exact millisec and 8usec counters
  m = timer0_millis;
  f = timer0_fract;
#else
  m = timer0_overflow_count;
     386:	80 91 34 05 	lds	r24, 0x0534	; 0x800534 <timer0_overflow_count>
     38a:	90 91 35 05 	lds	r25, 0x0535	; 0x800535 <timer0_overflow_count+0x1>
     38e:	a0 91 36 05 	lds	r26, 0x0536	; 0x800536 <timer0_overflow_count+0x2>
     392:	b0 91 37 05 	lds	r27, 0x0537	; 0x800537 <timer0_overflow_count+0x3>
C:\Users\advisor\AppData\Local\Arduino15\packages\MiniCore\hardware\avr\3.1.1\cores\MCUdude_corefiles/wiring.c:252
#endif

  // TCNT0 : The Timer Counter Register
#if defined(TCNT0)
  t = TCNT0;
     396:	26 b5       	in	r18, 0x26	; 38
C:\Users\advisor\AppData\Local\Arduino15\packages\MiniCore\hardware\avr\3.1.1\cores\MCUdude_corefiles/wiring.c:261
  #error TIMER 0 not defined
#endif

  // Timer0 Interrupt Flag Register
#ifdef TIFR0
  if ((TIFR0 & _BV(TOV0)) && (t < 255))
     398:	a8 9b       	sbis	0x15, 0	; 21
     39a:	05 c0       	rjmp	.+10     	; 0x3a6 <micros+0x24>
     39c:	2f 3f       	cpi	r18, 0xFF	; 255
     39e:	19 f0       	breq	.+6      	; 0x3a6 <micros+0x24>
C:\Users\advisor\AppData\Local\Arduino15\packages\MiniCore\hardware\avr\3.1.1\cores\MCUdude_corefiles/wiring.c:263
#ifndef CORRECT_EXACT_MICROS
    m++;
     3a0:	01 96       	adiw	r24, 0x01	; 1
     3a2:	a1 1d       	adc	r26, r1
     3a4:	b1 1d       	adc	r27, r1
C:\Users\advisor\AppData\Local\Arduino15\packages\MiniCore\hardware\avr\3.1.1\cores\MCUdude_corefiles/wiring.c:276
#else
    q = 1;
#endif
#endif
  // Restore SREG
  SREG = oldSREG;
     3a6:	3f bf       	out	0x3f, r19	; 63
C:\Users\advisor\AppData\Local\Arduino15\packages\MiniCore\hardware\avr\3.1.1\cores\MCUdude_corefiles/wiring.c:292
      ((t * MICROSECONDS_PER_TIMER0_OVERFLOW) >> 8);
  return q ? m + MICROSECONDS_PER_TIMER0_OVERFLOW : m;
#elif 1
  /* All power-of-two Megahertz frequencies enter here, as well as 12.8 MHz.
     We only end up here if right shift before multiplication is exact. */
  return ((m << 8) + t) * (MICROSECONDS_PER_TIMER0_OVERFLOW >> 8);
     3a8:	ba 2f       	mov	r27, r26
     3aa:	a9 2f       	mov	r26, r25
     3ac:	98 2f       	mov	r25, r24
     3ae:	88 27       	eor	r24, r24
     3b0:	bc 01       	movw	r22, r24
     3b2:	cd 01       	movw	r24, r26
     3b4:	62 0f       	add	r22, r18
     3b6:	71 1d       	adc	r23, r1
     3b8:	81 1d       	adc	r24, r1
     3ba:	91 1d       	adc	r25, r1
     3bc:	43 e0       	ldi	r20, 0x03	; 3
     3be:	66 0f       	add	r22, r22
     3c0:	77 1f       	adc	r23, r23
     3c2:	88 1f       	adc	r24, r24
     3c4:	99 1f       	adc	r25, r25
     3c6:	4a 95       	dec	r20
     3c8:	d1 f7       	brne	.-12     	; 0x3be <micros+0x3c>
C:\Users\advisor\AppData\Local\Arduino15\packages\MiniCore\hardware\avr\3.1.1\cores\MCUdude_corefiles/wiring.c:393
  // m & t are multiplied by 4 (since it was already multiplied by 256)
  // t is multiplied by 4
  return ((m << 8) + t) * (64 / clockCyclesPerMicrosecond());
#endif
#endif // 0
}
     3ca:	08 95       	ret

000003cc <delay>:
delay():
C:\Users\advisor\AppData\Local\Arduino15\packages\MiniCore\hardware\avr\3.1.1\cores\MCUdude_corefiles/wiring.c:396

void delay(unsigned long ms)
{
     3cc:	8f 92       	push	r8
     3ce:	9f 92       	push	r9
     3d0:	af 92       	push	r10
     3d2:	bf 92       	push	r11
     3d4:	cf 92       	push	r12
     3d6:	df 92       	push	r13
     3d8:	ef 92       	push	r14
     3da:	ff 92       	push	r15
     3dc:	4b 01       	movw	r8, r22
     3de:	5c 01       	movw	r10, r24
C:\Users\advisor\AppData\Local\Arduino15\packages\MiniCore\hardware\avr\3.1.1\cores\MCUdude_corefiles/wiring.c:397
  unsigned long start = micros();
     3e0:	0e 94 c1 01 	call	0x382	; 0x382 <micros>
     3e4:	6b 01       	movw	r12, r22
     3e6:	7c 01       	movw	r14, r24
C:\Users\advisor\AppData\Local\Arduino15\packages\MiniCore\hardware\avr\3.1.1\cores\MCUdude_corefiles/wiring.c:401

  while (ms > 0UL) {
    yield();
    while (ms > 0UL && (micros() - start) >= 1000UL) {
     3e8:	0e 94 c1 01 	call	0x382	; 0x382 <micros>
     3ec:	6c 19       	sub	r22, r12
     3ee:	7d 09       	sbc	r23, r13
     3f0:	8e 09       	sbc	r24, r14
     3f2:	9f 09       	sbc	r25, r15
     3f4:	68 3e       	cpi	r22, 0xE8	; 232
     3f6:	73 40       	sbci	r23, 0x03	; 3
     3f8:	81 05       	cpc	r24, r1
     3fa:	91 05       	cpc	r25, r1
     3fc:	a8 f3       	brcs	.-22     	; 0x3e8 <delay+0x1c>
C:\Users\advisor\AppData\Local\Arduino15\packages\MiniCore\hardware\avr\3.1.1\cores\MCUdude_corefiles/wiring.c:402
      ms--;
     3fe:	21 e0       	ldi	r18, 0x01	; 1
     400:	82 1a       	sub	r8, r18
     402:	91 08       	sbc	r9, r1
     404:	a1 08       	sbc	r10, r1
     406:	b1 08       	sbc	r11, r1
C:\Users\advisor\AppData\Local\Arduino15\packages\MiniCore\hardware\avr\3.1.1\cores\MCUdude_corefiles/wiring.c:403
      start += 1000UL;
     408:	88 ee       	ldi	r24, 0xE8	; 232
     40a:	c8 0e       	add	r12, r24
     40c:	83 e0       	ldi	r24, 0x03	; 3
     40e:	d8 1e       	adc	r13, r24
     410:	e1 1c       	adc	r14, r1
     412:	f1 1c       	adc	r15, r1
C:\Users\advisor\AppData\Local\Arduino15\packages\MiniCore\hardware\avr\3.1.1\cores\MCUdude_corefiles/wiring.c:401
{
  unsigned long start = micros();

  while (ms > 0UL) {
    yield();
    while (ms > 0UL && (micros() - start) >= 1000UL) {
     414:	81 14       	cp	r8, r1
     416:	91 04       	cpc	r9, r1
     418:	a1 04       	cpc	r10, r1
     41a:	b1 04       	cpc	r11, r1
     41c:	29 f7       	brne	.-54     	; 0x3e8 <delay+0x1c>
C:\Users\advisor\AppData\Local\Arduino15\packages\MiniCore\hardware\avr\3.1.1\cores\MCUdude_corefiles/wiring.c:406
      ms--;
      start += 1000UL;
    }
  }
}
     41e:	ff 90       	pop	r15
     420:	ef 90       	pop	r14
     422:	df 90       	pop	r13
     424:	cf 90       	pop	r12
     426:	bf 90       	pop	r11
     428:	af 90       	pop	r10
     42a:	9f 90       	pop	r9
     42c:	8f 90       	pop	r8
     42e:	08 95       	ret

00000430 <nothing>:
nothing():
C:\Users\advisor\AppData\Local\Arduino15\packages\MiniCore\hardware\avr\3.1.1\cores\MCUdude_corefiles/WInterrupts.c:36

#include "wiring_private.h"

static void nothing(void)
{
}
     430:	08 95       	ret

00000432 <Print::write(unsigned char const*, unsigned int)>:
write():
C:\Users\advisor\AppData\Local\Arduino15\packages\MiniCore\hardware\avr\3.1.1\cores\MCUdude_corefiles/Print.cpp:35

// Public Methods //////////////////////////////////////////////////////////////

/* default implementation: may be overridden */
size_t Print::write(const uint8_t *buffer, size_t size)
{
     432:	af 92       	push	r10
     434:	bf 92       	push	r11
     436:	cf 92       	push	r12
     438:	df 92       	push	r13
     43a:	ef 92       	push	r14
     43c:	ff 92       	push	r15
     43e:	0f 93       	push	r16
     440:	1f 93       	push	r17
     442:	cf 93       	push	r28
     444:	df 93       	push	r29
     446:	6c 01       	movw	r12, r24
     448:	7b 01       	movw	r14, r22
     44a:	8b 01       	movw	r16, r22
     44c:	04 0f       	add	r16, r20
     44e:	15 1f       	adc	r17, r21
     450:	eb 01       	movw	r28, r22
     452:	5e 01       	movw	r10, r28
     454:	ae 18       	sub	r10, r14
     456:	bf 08       	sbc	r11, r15
C:\Users\advisor\AppData\Local\Arduino15\packages\MiniCore\hardware\avr\3.1.1\cores\MCUdude_corefiles/Print.cpp:37
  size_t n = 0;
  while (size--) {
     458:	c0 17       	cp	r28, r16
     45a:	d1 07       	cpc	r29, r17
     45c:	59 f0       	breq	.+22     	; 0x474 <Print::write(unsigned char const*, unsigned int)+0x42>
C:\Users\advisor\AppData\Local\Arduino15\packages\MiniCore\hardware\avr\3.1.1\cores\MCUdude_corefiles/Print.cpp:38
    if (write(*buffer++)) n++;
     45e:	69 91       	ld	r22, Y+
     460:	d6 01       	movw	r26, r12
     462:	ed 91       	ld	r30, X+
     464:	fc 91       	ld	r31, X
     466:	01 90       	ld	r0, Z+
     468:	f0 81       	ld	r31, Z
     46a:	e0 2d       	mov	r30, r0
     46c:	c6 01       	movw	r24, r12
     46e:	09 95       	icall
     470:	89 2b       	or	r24, r25
     472:	79 f7       	brne	.-34     	; 0x452 <Print::write(unsigned char const*, unsigned int)+0x20>
C:\Users\advisor\AppData\Local\Arduino15\packages\MiniCore\hardware\avr\3.1.1\cores\MCUdude_corefiles/Print.cpp:42
    else break;
  }
  return n;
}
     474:	c5 01       	movw	r24, r10
     476:	df 91       	pop	r29
     478:	cf 91       	pop	r28
     47a:	1f 91       	pop	r17
     47c:	0f 91       	pop	r16
     47e:	ff 90       	pop	r15
     480:	ef 90       	pop	r14
     482:	df 90       	pop	r13
     484:	cf 90       	pop	r12
     486:	bf 90       	pop	r11
     488:	af 90       	pop	r10
     48a:	08 95       	ret

0000048c <LiquidCrystal::pulseEnable()>:
pulseEnable():
C:\Users\advisor\AppData\Local\Arduino15\libraries\LiquidCrystal\src/LiquidCrystal.cpp:303
    write4bits(value>>4);
    write4bits(value);
  }
}

void LiquidCrystal::pulseEnable(void) {
     48c:	cf 93       	push	r28
     48e:	df 93       	push	r29
     490:	ec 01       	movw	r28, r24
C:\Users\advisor\AppData\Local\Arduino15\libraries\LiquidCrystal\src/LiquidCrystal.cpp:304
  digitalWrite(_enable_pin, LOW);
     492:	60 e0       	ldi	r22, 0x00	; 0
     494:	8e 81       	ldd	r24, Y+6	; 0x06
     496:	0e 94 34 01 	call	0x268	; 0x268 <digitalWrite>
C:\Users\advisor\AppData\Local\Arduino15\libraries\LiquidCrystal\src/LiquidCrystal.cpp:305
  delayMicroseconds(1);    
     49a:	81 e0       	ldi	r24, 0x01	; 1
     49c:	90 e0       	ldi	r25, 0x00	; 0
     49e:	0e 94 b6 01 	call	0x36c	; 0x36c <delayMicroseconds>
C:\Users\advisor\AppData\Local\Arduino15\libraries\LiquidCrystal\src/LiquidCrystal.cpp:306
  digitalWrite(_enable_pin, HIGH);
     4a2:	61 e0       	ldi	r22, 0x01	; 1
     4a4:	8e 81       	ldd	r24, Y+6	; 0x06
     4a6:	0e 94 34 01 	call	0x268	; 0x268 <digitalWrite>
C:\Users\advisor\AppData\Local\Arduino15\libraries\LiquidCrystal\src/LiquidCrystal.cpp:307
  delayMicroseconds(1);    // enable pulse must be >450ns
     4aa:	81 e0       	ldi	r24, 0x01	; 1
     4ac:	90 e0       	ldi	r25, 0x00	; 0
     4ae:	0e 94 b6 01 	call	0x36c	; 0x36c <delayMicroseconds>
C:\Users\advisor\AppData\Local\Arduino15\libraries\LiquidCrystal\src/LiquidCrystal.cpp:308
  digitalWrite(_enable_pin, LOW);
     4b2:	60 e0       	ldi	r22, 0x00	; 0
     4b4:	8e 81       	ldd	r24, Y+6	; 0x06
     4b6:	0e 94 34 01 	call	0x268	; 0x268 <digitalWrite>
C:\Users\advisor\AppData\Local\Arduino15\libraries\LiquidCrystal\src/LiquidCrystal.cpp:309
  delayMicroseconds(100);   // commands need > 37us to settle
     4ba:	84 e6       	ldi	r24, 0x64	; 100
     4bc:	90 e0       	ldi	r25, 0x00	; 0
C:\Users\advisor\AppData\Local\Arduino15\libraries\LiquidCrystal\src/LiquidCrystal.cpp:310
}
     4be:	df 91       	pop	r29
     4c0:	cf 91       	pop	r28
C:\Users\advisor\AppData\Local\Arduino15\libraries\LiquidCrystal\src/LiquidCrystal.cpp:309
  digitalWrite(_enable_pin, LOW);
  delayMicroseconds(1);    
  digitalWrite(_enable_pin, HIGH);
  delayMicroseconds(1);    // enable pulse must be >450ns
  digitalWrite(_enable_pin, LOW);
  delayMicroseconds(100);   // commands need > 37us to settle
     4c2:	0c 94 b6 01 	jmp	0x36c	; 0x36c <delayMicroseconds>

000004c6 <LiquidCrystal::write4bits(unsigned char)>:
write4bits():
C:\Users\advisor\AppData\Local\Arduino15\libraries\LiquidCrystal\src/LiquidCrystal.cpp:312
}

void LiquidCrystal::write4bits(uint8_t value) {
     4c6:	cf 92       	push	r12
     4c8:	df 92       	push	r13
     4ca:	ef 92       	push	r14
     4cc:	ff 92       	push	r15
     4ce:	0f 93       	push	r16
     4d0:	1f 93       	push	r17
     4d2:	cf 93       	push	r28
     4d4:	df 93       	push	r29
     4d6:	6c 01       	movw	r12, r24
     4d8:	7c 01       	movw	r14, r24
     4da:	87 e0       	ldi	r24, 0x07	; 7
     4dc:	e8 0e       	add	r14, r24
     4de:	f1 1c       	adc	r15, r1
C:\Users\advisor\AppData\Local\Arduino15\libraries\LiquidCrystal\src/LiquidCrystal.cpp:313
  for (int i = 0; i < 4; i++) {
     4e0:	d0 e0       	ldi	r29, 0x00	; 0
     4e2:	c0 e0       	ldi	r28, 0x00	; 0
C:\Users\advisor\AppData\Local\Arduino15\libraries\LiquidCrystal\src/LiquidCrystal.cpp:314
    digitalWrite(_data_pins[i], (value >> i) & 0x01);
     4e4:	06 2f       	mov	r16, r22
     4e6:	10 e0       	ldi	r17, 0x00	; 0
     4e8:	b8 01       	movw	r22, r16
     4ea:	0c 2e       	mov	r0, r28
     4ec:	02 c0       	rjmp	.+4      	; 0x4f2 <LiquidCrystal::write4bits(unsigned char)+0x2c>
     4ee:	75 95       	asr	r23
     4f0:	67 95       	ror	r22
     4f2:	0a 94       	dec	r0
     4f4:	e2 f7       	brpl	.-8      	; 0x4ee <LiquidCrystal::write4bits(unsigned char)+0x28>
     4f6:	61 70       	andi	r22, 0x01	; 1
     4f8:	f7 01       	movw	r30, r14
     4fa:	81 91       	ld	r24, Z+
     4fc:	7f 01       	movw	r14, r30
     4fe:	0e 94 34 01 	call	0x268	; 0x268 <digitalWrite>
C:\Users\advisor\AppData\Local\Arduino15\libraries\LiquidCrystal\src/LiquidCrystal.cpp:313
  digitalWrite(_enable_pin, LOW);
  delayMicroseconds(100);   // commands need > 37us to settle
}

void LiquidCrystal::write4bits(uint8_t value) {
  for (int i = 0; i < 4; i++) {
     502:	21 96       	adiw	r28, 0x01	; 1
     504:	c4 30       	cpi	r28, 0x04	; 4
     506:	d1 05       	cpc	r29, r1
     508:	79 f7       	brne	.-34     	; 0x4e8 <LiquidCrystal::write4bits(unsigned char)+0x22>
C:\Users\advisor\AppData\Local\Arduino15\libraries\LiquidCrystal\src/LiquidCrystal.cpp:317
    digitalWrite(_data_pins[i], (value >> i) & 0x01);
  }

  pulseEnable();
     50a:	c6 01       	movw	r24, r12
C:\Users\advisor\AppData\Local\Arduino15\libraries\LiquidCrystal\src/LiquidCrystal.cpp:318
}
     50c:	df 91       	pop	r29
     50e:	cf 91       	pop	r28
     510:	1f 91       	pop	r17
     512:	0f 91       	pop	r16
     514:	ff 90       	pop	r15
     516:	ef 90       	pop	r14
     518:	df 90       	pop	r13
     51a:	cf 90       	pop	r12
C:\Users\advisor\AppData\Local\Arduino15\libraries\LiquidCrystal\src/LiquidCrystal.cpp:317
void LiquidCrystal::write4bits(uint8_t value) {
  for (int i = 0; i < 4; i++) {
    digitalWrite(_data_pins[i], (value >> i) & 0x01);
  }

  pulseEnable();
     51c:	0c 94 46 02 	jmp	0x48c	; 0x48c <LiquidCrystal::pulseEnable()>

00000520 <LiquidCrystal::send(unsigned char, unsigned char)>:
send():
C:\Users\advisor\AppData\Local\Arduino15\libraries\LiquidCrystal\src/LiquidCrystal.cpp:287
}

/************ low level data pushing commands **********/

// write either command or data, with automatic 4/8-bit selection
void LiquidCrystal::send(uint8_t value, uint8_t mode) {
     520:	cf 92       	push	r12
     522:	df 92       	push	r13
     524:	ef 92       	push	r14
     526:	ff 92       	push	r15
     528:	0f 93       	push	r16
     52a:	1f 93       	push	r17
     52c:	cf 93       	push	r28
     52e:	df 93       	push	r29
     530:	ec 01       	movw	r28, r24
     532:	f6 2e       	mov	r15, r22
C:\Users\advisor\AppData\Local\Arduino15\libraries\LiquidCrystal\src/LiquidCrystal.cpp:288
  digitalWrite(_rs_pin, mode);
     534:	64 2f       	mov	r22, r20
     536:	8c 81       	ldd	r24, Y+4	; 0x04
     538:	0e 94 34 01 	call	0x268	; 0x268 <digitalWrite>
C:\Users\advisor\AppData\Local\Arduino15\libraries\LiquidCrystal\src/LiquidCrystal.cpp:291

  // if there is a RW pin indicated, set it low to Write
  if (_rw_pin != 255) { 
     53c:	8d 81       	ldd	r24, Y+5	; 0x05
     53e:	8f 3f       	cpi	r24, 0xFF	; 255
     540:	19 f0       	breq	.+6      	; 0x548 <LiquidCrystal::send(unsigned char, unsigned char)+0x28>
C:\Users\advisor\AppData\Local\Arduino15\libraries\LiquidCrystal\src/LiquidCrystal.cpp:292
    digitalWrite(_rw_pin, LOW);
     542:	60 e0       	ldi	r22, 0x00	; 0
     544:	0e 94 34 01 	call	0x268	; 0x268 <digitalWrite>
     548:	0f 2d       	mov	r16, r15
     54a:	10 e0       	ldi	r17, 0x00	; 0
C:\Users\advisor\AppData\Local\Arduino15\libraries\LiquidCrystal\src/LiquidCrystal.cpp:295
  }
  
  if (_displayfunction & LCD_8BITMODE) {
     54c:	8f 85       	ldd	r24, Y+15	; 0x0f
     54e:	84 ff       	sbrs	r24, 4
     550:	25 c0       	rjmp	.+74     	; 0x59c <LiquidCrystal::send(unsigned char, unsigned char)+0x7c>
     552:	6e 01       	movw	r12, r28
     554:	87 e0       	ldi	r24, 0x07	; 7
     556:	c8 0e       	add	r12, r24
     558:	d1 1c       	adc	r13, r1
C:\Users\advisor\AppData\Local\Arduino15\libraries\LiquidCrystal\src/LiquidCrystal.cpp:321

  pulseEnable();
}

void LiquidCrystal::write8bits(uint8_t value) {
  for (int i = 0; i < 8; i++) {
     55a:	f1 2c       	mov	r15, r1
     55c:	e1 2c       	mov	r14, r1
write8bits():
C:\Users\advisor\AppData\Local\Arduino15\libraries\LiquidCrystal\src/LiquidCrystal.cpp:322
    digitalWrite(_data_pins[i], (value >> i) & 0x01);
     55e:	b8 01       	movw	r22, r16
     560:	0e 2c       	mov	r0, r14
     562:	02 c0       	rjmp	.+4      	; 0x568 <LiquidCrystal::send(unsigned char, unsigned char)+0x48>
     564:	75 95       	asr	r23
     566:	67 95       	ror	r22
     568:	0a 94       	dec	r0
     56a:	e2 f7       	brpl	.-8      	; 0x564 <LiquidCrystal::send(unsigned char, unsigned char)+0x44>
     56c:	61 70       	andi	r22, 0x01	; 1
     56e:	f6 01       	movw	r30, r12
     570:	81 91       	ld	r24, Z+
     572:	6f 01       	movw	r12, r30
     574:	0e 94 34 01 	call	0x268	; 0x268 <digitalWrite>
C:\Users\advisor\AppData\Local\Arduino15\libraries\LiquidCrystal\src/LiquidCrystal.cpp:321

  pulseEnable();
}

void LiquidCrystal::write8bits(uint8_t value) {
  for (int i = 0; i < 8; i++) {
     578:	ff ef       	ldi	r31, 0xFF	; 255
     57a:	ef 1a       	sub	r14, r31
     57c:	ff 0a       	sbc	r15, r31
     57e:	88 e0       	ldi	r24, 0x08	; 8
     580:	e8 16       	cp	r14, r24
     582:	f1 04       	cpc	r15, r1
     584:	61 f7       	brne	.-40     	; 0x55e <LiquidCrystal::send(unsigned char, unsigned char)+0x3e>
C:\Users\advisor\AppData\Local\Arduino15\libraries\LiquidCrystal\src/LiquidCrystal.cpp:325
    digitalWrite(_data_pins[i], (value >> i) & 0x01);
  }
  
  pulseEnable();
     586:	ce 01       	movw	r24, r28
send():
C:\Users\advisor\AppData\Local\Arduino15\libraries\LiquidCrystal\src/LiquidCrystal.cpp:301
    write8bits(value); 
  } else {
    write4bits(value>>4);
    write4bits(value);
  }
}
     588:	df 91       	pop	r29
     58a:	cf 91       	pop	r28
     58c:	1f 91       	pop	r17
     58e:	0f 91       	pop	r16
     590:	ff 90       	pop	r15
     592:	ef 90       	pop	r14
     594:	df 90       	pop	r13
     596:	cf 90       	pop	r12
write8bits():
C:\Users\advisor\AppData\Local\Arduino15\libraries\LiquidCrystal\src/LiquidCrystal.cpp:325
void LiquidCrystal::write8bits(uint8_t value) {
  for (int i = 0; i < 8; i++) {
    digitalWrite(_data_pins[i], (value >> i) & 0x01);
  }
  
  pulseEnable();
     598:	0c 94 46 02 	jmp	0x48c	; 0x48c <LiquidCrystal::pulseEnable()>
send():
C:\Users\advisor\AppData\Local\Arduino15\libraries\LiquidCrystal\src/LiquidCrystal.cpp:298
  }
  
  if (_displayfunction & LCD_8BITMODE) {
    write8bits(value); 
  } else {
    write4bits(value>>4);
     59c:	b8 01       	movw	r22, r16
     59e:	84 e0       	ldi	r24, 0x04	; 4
     5a0:	75 95       	asr	r23
     5a2:	67 95       	ror	r22
     5a4:	8a 95       	dec	r24
     5a6:	e1 f7       	brne	.-8      	; 0x5a0 <LiquidCrystal::send(unsigned char, unsigned char)+0x80>
     5a8:	ce 01       	movw	r24, r28
     5aa:	0e 94 63 02 	call	0x4c6	; 0x4c6 <LiquidCrystal::write4bits(unsigned char)>
C:\Users\advisor\AppData\Local\Arduino15\libraries\LiquidCrystal\src/LiquidCrystal.cpp:299
    write4bits(value);
     5ae:	6f 2d       	mov	r22, r15
     5b0:	ce 01       	movw	r24, r28
C:\Users\advisor\AppData\Local\Arduino15\libraries\LiquidCrystal\src/LiquidCrystal.cpp:301
  }
}
     5b2:	df 91       	pop	r29
     5b4:	cf 91       	pop	r28
     5b6:	1f 91       	pop	r17
     5b8:	0f 91       	pop	r16
     5ba:	ff 90       	pop	r15
     5bc:	ef 90       	pop	r14
     5be:	df 90       	pop	r13
     5c0:	cf 90       	pop	r12
C:\Users\advisor\AppData\Local\Arduino15\libraries\LiquidCrystal\src/LiquidCrystal.cpp:299
  
  if (_displayfunction & LCD_8BITMODE) {
    write8bits(value); 
  } else {
    write4bits(value>>4);
    write4bits(value);
     5c2:	0c 94 63 02 	jmp	0x4c6	; 0x4c6 <LiquidCrystal::write4bits(unsigned char)>

000005c6 <LiquidCrystal::command(unsigned char) [clone .constprop.25]>:
command():
C:\Users\advisor\AppData\Local\Arduino15\libraries\LiquidCrystal\src/LiquidCrystal.cpp:276
}

/*********** mid level commands, for sending data/cmds */

inline void LiquidCrystal::command(uint8_t value) {
  send(value, LOW);
     5c6:	40 e0       	ldi	r20, 0x00	; 0
     5c8:	68 2f       	mov	r22, r24
     5ca:	88 e3       	ldi	r24, 0x38	; 56
     5cc:	95 e0       	ldi	r25, 0x05	; 5
     5ce:	0c 94 90 02 	jmp	0x520	; 0x520 <LiquidCrystal::send(unsigned char, unsigned char)>

000005d2 <LiquidCrystal::clear() [clone .constprop.24]>:
clear():
C:\Users\advisor\AppData\Local\Arduino15\libraries\LiquidCrystal\src/LiquidCrystal.cpp:178
}

/********** high level commands, for the user! */
void LiquidCrystal::clear()
{
  command(LCD_CLEARDISPLAY);  // clear display, set cursor position to zero
     5d2:	81 e0       	ldi	r24, 0x01	; 1
     5d4:	0e 94 e3 02 	call	0x5c6	; 0x5c6 <LiquidCrystal::command(unsigned char) [clone .constprop.25]>
C:\Users\advisor\AppData\Local\Arduino15\libraries\LiquidCrystal\src/LiquidCrystal.cpp:179
  delayMicroseconds(2000);  // this command takes a long time!
     5d8:	80 ed       	ldi	r24, 0xD0	; 208
     5da:	97 e0       	ldi	r25, 0x07	; 7
     5dc:	0c 94 b6 01 	jmp	0x36c	; 0x36c <delayMicroseconds>

000005e0 <LiquidCrystal::begin(unsigned char, unsigned char, unsigned char) [clone .constprop.22]>:
begin():
C:\Users\advisor\AppData\Local\Arduino15\libraries\LiquidCrystal\src/LiquidCrystal.cpp:78
    _displayfunction = LCD_8BITMODE | LCD_1LINE | LCD_5x8DOTS;
  
  begin(16, 1);  
}

void LiquidCrystal::begin(uint8_t cols, uint8_t lines, uint8_t dotsize) {
     5e0:	cf 93       	push	r28
     5e2:	df 93       	push	r29
C:\Users\advisor\AppData\Local\Arduino15\libraries\LiquidCrystal\src/LiquidCrystal.cpp:79
  if (lines > 1) {
     5e4:	82 30       	cpi	r24, 0x02	; 2
     5e6:	29 f4       	brne	.+10     	; 0x5f2 <LiquidCrystal::begin(unsigned char, unsigned char, unsigned char) [clone .constprop.22]+0x12>
C:\Users\advisor\AppData\Local\Arduino15\libraries\LiquidCrystal\src/LiquidCrystal.cpp:80
    _displayfunction |= LCD_2LINE;
     5e8:	90 91 47 05 	lds	r25, 0x0547	; 0x800547 <lcd+0xf>
     5ec:	98 60       	ori	r25, 0x08	; 8
     5ee:	90 93 47 05 	sts	0x0547, r25	; 0x800547 <lcd+0xf>
C:\Users\advisor\AppData\Local\Arduino15\libraries\LiquidCrystal\src/LiquidCrystal.cpp:82
  }
  _numlines = lines;
     5f2:	80 93 4b 05 	sts	0x054B, r24	; 0x80054b <lcd+0x13>
setRowOffsets():
C:\Users\advisor\AppData\Local\Arduino15\libraries\LiquidCrystal\src/LiquidCrystal.cpp:169

}

void LiquidCrystal::setRowOffsets(int row0, int row1, int row2, int row3)
{
  _row_offsets[0] = row0;
     5f6:	10 92 4c 05 	sts	0x054C, r1	; 0x80054c <lcd+0x14>
C:\Users\advisor\AppData\Local\Arduino15\libraries\LiquidCrystal\src/LiquidCrystal.cpp:170
  _row_offsets[1] = row1;
     5fa:	80 e4       	ldi	r24, 0x40	; 64
     5fc:	80 93 4d 05 	sts	0x054D, r24	; 0x80054d <lcd+0x15>
C:\Users\advisor\AppData\Local\Arduino15\libraries\LiquidCrystal\src/LiquidCrystal.cpp:171
  _row_offsets[2] = row2;
     600:	80 e1       	ldi	r24, 0x10	; 16
     602:	80 93 4e 05 	sts	0x054E, r24	; 0x80054e <lcd+0x16>
C:\Users\advisor\AppData\Local\Arduino15\libraries\LiquidCrystal\src/LiquidCrystal.cpp:172
  _row_offsets[3] = row3;
     606:	80 e5       	ldi	r24, 0x50	; 80
     608:	80 93 4f 05 	sts	0x054F, r24	; 0x80054f <lcd+0x17>
begin():
C:\Users\advisor\AppData\Local\Arduino15\libraries\LiquidCrystal\src/LiquidCrystal.cpp:91
  // for some 1 line displays you can select a 10 pixel high font
  if ((dotsize != LCD_5x8DOTS) && (lines == 1)) {
    _displayfunction |= LCD_5x10DOTS;
  }

  pinMode(_rs_pin, OUTPUT);
     60c:	61 e0       	ldi	r22, 0x01	; 1
     60e:	80 91 3c 05 	lds	r24, 0x053C	; 0x80053c <lcd+0x4>
     612:	0e 94 62 01 	call	0x2c4	; 0x2c4 <pinMode>
C:\Users\advisor\AppData\Local\Arduino15\libraries\LiquidCrystal\src/LiquidCrystal.cpp:93
  // we can save 1 pin by not using RW. Indicate by passing 255 instead of pin#
  if (_rw_pin != 255) { 
     616:	80 91 3d 05 	lds	r24, 0x053D	; 0x80053d <lcd+0x5>
     61a:	8f 3f       	cpi	r24, 0xFF	; 255
     61c:	19 f0       	breq	.+6      	; 0x624 <LiquidCrystal::begin(unsigned char, unsigned char, unsigned char) [clone .constprop.22]+0x44>
C:\Users\advisor\AppData\Local\Arduino15\libraries\LiquidCrystal\src/LiquidCrystal.cpp:94
    pinMode(_rw_pin, OUTPUT);
     61e:	61 e0       	ldi	r22, 0x01	; 1
     620:	0e 94 62 01 	call	0x2c4	; 0x2c4 <pinMode>
C:\Users\advisor\AppData\Local\Arduino15\libraries\LiquidCrystal\src/LiquidCrystal.cpp:96
  }
  pinMode(_enable_pin, OUTPUT);
     624:	61 e0       	ldi	r22, 0x01	; 1
     626:	80 91 3e 05 	lds	r24, 0x053E	; 0x80053e <lcd+0x6>
     62a:	0e 94 62 01 	call	0x2c4	; 0x2c4 <pinMode>
     62e:	c8 e3       	ldi	r28, 0x38	; 56
     630:	d5 e0       	ldi	r29, 0x05	; 5
     632:	9e 01       	movw	r18, r28
     634:	28 53       	subi	r18, 0x38	; 56
     636:	35 40       	sbci	r19, 0x05	; 5
C:\Users\advisor\AppData\Local\Arduino15\libraries\LiquidCrystal\src/LiquidCrystal.cpp:99
  
  // Do these once, instead of every time a character is drawn for speed reasons.
  for (int i=0; i<((_displayfunction & LCD_8BITMODE) ? 8 : 4); ++i)
     638:	80 91 47 05 	lds	r24, 0x0547	; 0x800547 <lcd+0xf>
     63c:	84 fd       	sbrc	r24, 4
     63e:	0b c0       	rjmp	.+22     	; 0x656 <LiquidCrystal::begin(unsigned char, unsigned char, unsigned char) [clone .constprop.22]+0x76>
     640:	84 e0       	ldi	r24, 0x04	; 4
     642:	90 e0       	ldi	r25, 0x00	; 0
     644:	21 96       	adiw	r28, 0x01	; 1
     646:	28 17       	cp	r18, r24
     648:	39 07       	cpc	r19, r25
     64a:	44 f4       	brge	.+16     	; 0x65c <LiquidCrystal::begin(unsigned char, unsigned char, unsigned char) [clone .constprop.22]+0x7c>
C:\Users\advisor\AppData\Local\Arduino15\libraries\LiquidCrystal\src/LiquidCrystal.cpp:101
  {
    pinMode(_data_pins[i], OUTPUT);
     64c:	61 e0       	ldi	r22, 0x01	; 1
     64e:	8e 81       	ldd	r24, Y+6	; 0x06
     650:	0e 94 62 01 	call	0x2c4	; 0x2c4 <pinMode>
     654:	ee cf       	rjmp	.-36     	; 0x632 <LiquidCrystal::begin(unsigned char, unsigned char, unsigned char) [clone .constprop.22]+0x52>
C:\Users\advisor\AppData\Local\Arduino15\libraries\LiquidCrystal\src/LiquidCrystal.cpp:99
    pinMode(_rw_pin, OUTPUT);
  }
  pinMode(_enable_pin, OUTPUT);
  
  // Do these once, instead of every time a character is drawn for speed reasons.
  for (int i=0; i<((_displayfunction & LCD_8BITMODE) ? 8 : 4); ++i)
     656:	88 e0       	ldi	r24, 0x08	; 8
     658:	90 e0       	ldi	r25, 0x00	; 0
     65a:	f4 cf       	rjmp	.-24     	; 0x644 <LiquidCrystal::begin(unsigned char, unsigned char, unsigned char) [clone .constprop.22]+0x64>
C:\Users\advisor\AppData\Local\Arduino15\libraries\LiquidCrystal\src/LiquidCrystal.cpp:107
   } 

  // SEE PAGE 45/46 FOR INITIALIZATION SPECIFICATION!
  // according to datasheet, we need at least 40ms after power rises above 2.7V
  // before sending commands. Arduino can turn on way before 4.5V so we'll wait 50
  delayMicroseconds(50000); 
     65c:	80 e5       	ldi	r24, 0x50	; 80
     65e:	93 ec       	ldi	r25, 0xC3	; 195
     660:	0e 94 b6 01 	call	0x36c	; 0x36c <delayMicroseconds>
C:\Users\advisor\AppData\Local\Arduino15\libraries\LiquidCrystal\src/LiquidCrystal.cpp:109
  // Now we pull both RS and R/W low to begin commands
  digitalWrite(_rs_pin, LOW);
     664:	60 e0       	ldi	r22, 0x00	; 0
     666:	80 91 3c 05 	lds	r24, 0x053C	; 0x80053c <lcd+0x4>
     66a:	0e 94 34 01 	call	0x268	; 0x268 <digitalWrite>
C:\Users\advisor\AppData\Local\Arduino15\libraries\LiquidCrystal\src/LiquidCrystal.cpp:110
  digitalWrite(_enable_pin, LOW);
     66e:	60 e0       	ldi	r22, 0x00	; 0
     670:	80 91 3e 05 	lds	r24, 0x053E	; 0x80053e <lcd+0x6>
     674:	0e 94 34 01 	call	0x268	; 0x268 <digitalWrite>
C:\Users\advisor\AppData\Local\Arduino15\libraries\LiquidCrystal\src/LiquidCrystal.cpp:111
  if (_rw_pin != 255) { 
     678:	80 91 3d 05 	lds	r24, 0x053D	; 0x80053d <lcd+0x5>
     67c:	8f 3f       	cpi	r24, 0xFF	; 255
     67e:	19 f0       	breq	.+6      	; 0x686 <LiquidCrystal::begin(unsigned char, unsigned char, unsigned char) [clone .constprop.22]+0xa6>
C:\Users\advisor\AppData\Local\Arduino15\libraries\LiquidCrystal\src/LiquidCrystal.cpp:112
    digitalWrite(_rw_pin, LOW);
     680:	60 e0       	ldi	r22, 0x00	; 0
     682:	0e 94 34 01 	call	0x268	; 0x268 <digitalWrite>
C:\Users\advisor\AppData\Local\Arduino15\libraries\LiquidCrystal\src/LiquidCrystal.cpp:116
  }
  
  //put the LCD into 4 bit or 8 bit mode
  if (! (_displayfunction & LCD_8BITMODE)) {
     686:	80 91 47 05 	lds	r24, 0x0547	; 0x800547 <lcd+0xf>
     68a:	84 fd       	sbrc	r24, 4
     68c:	35 c0       	rjmp	.+106    	; 0x6f8 <LiquidCrystal::begin(unsigned char, unsigned char, unsigned char) [clone .constprop.22]+0x118>
C:\Users\advisor\AppData\Local\Arduino15\libraries\LiquidCrystal\src/LiquidCrystal.cpp:121
    // this is according to the hitachi HD44780 datasheet
    // figure 24, pg 46

    // we start in 8bit mode, try to set 4 bit mode
    write4bits(0x03);
     68e:	63 e0       	ldi	r22, 0x03	; 3
     690:	88 e3       	ldi	r24, 0x38	; 56
     692:	95 e0       	ldi	r25, 0x05	; 5
     694:	0e 94 63 02 	call	0x4c6	; 0x4c6 <LiquidCrystal::write4bits(unsigned char)>
C:\Users\advisor\AppData\Local\Arduino15\libraries\LiquidCrystal\src/LiquidCrystal.cpp:122
    delayMicroseconds(4500); // wait min 4.1ms
     698:	84 e9       	ldi	r24, 0x94	; 148
     69a:	91 e1       	ldi	r25, 0x11	; 17
     69c:	0e 94 b6 01 	call	0x36c	; 0x36c <delayMicroseconds>
C:\Users\advisor\AppData\Local\Arduino15\libraries\LiquidCrystal\src/LiquidCrystal.cpp:125

    // second try
    write4bits(0x03);
     6a0:	63 e0       	ldi	r22, 0x03	; 3
     6a2:	88 e3       	ldi	r24, 0x38	; 56
     6a4:	95 e0       	ldi	r25, 0x05	; 5
     6a6:	0e 94 63 02 	call	0x4c6	; 0x4c6 <LiquidCrystal::write4bits(unsigned char)>
C:\Users\advisor\AppData\Local\Arduino15\libraries\LiquidCrystal\src/LiquidCrystal.cpp:126
    delayMicroseconds(4500); // wait min 4.1ms
     6aa:	84 e9       	ldi	r24, 0x94	; 148
     6ac:	91 e1       	ldi	r25, 0x11	; 17
     6ae:	0e 94 b6 01 	call	0x36c	; 0x36c <delayMicroseconds>
C:\Users\advisor\AppData\Local\Arduino15\libraries\LiquidCrystal\src/LiquidCrystal.cpp:129
    
    // third go!
    write4bits(0x03); 
     6b2:	63 e0       	ldi	r22, 0x03	; 3
     6b4:	88 e3       	ldi	r24, 0x38	; 56
     6b6:	95 e0       	ldi	r25, 0x05	; 5
     6b8:	0e 94 63 02 	call	0x4c6	; 0x4c6 <LiquidCrystal::write4bits(unsigned char)>
C:\Users\advisor\AppData\Local\Arduino15\libraries\LiquidCrystal\src/LiquidCrystal.cpp:130
    delayMicroseconds(150);
     6bc:	86 e9       	ldi	r24, 0x96	; 150
     6be:	90 e0       	ldi	r25, 0x00	; 0
     6c0:	0e 94 b6 01 	call	0x36c	; 0x36c <delayMicroseconds>
C:\Users\advisor\AppData\Local\Arduino15\libraries\LiquidCrystal\src/LiquidCrystal.cpp:133

    // finally, set to 4-bit interface
    write4bits(0x02); 
     6c4:	62 e0       	ldi	r22, 0x02	; 2
     6c6:	88 e3       	ldi	r24, 0x38	; 56
     6c8:	95 e0       	ldi	r25, 0x05	; 5
     6ca:	0e 94 63 02 	call	0x4c6	; 0x4c6 <LiquidCrystal::write4bits(unsigned char)>
C:\Users\advisor\AppData\Local\Arduino15\libraries\LiquidCrystal\src/LiquidCrystal.cpp:151
    // third go
    command(LCD_FUNCTIONSET | _displayfunction);
  }

  // finally, set # lines, font size, etc.
  command(LCD_FUNCTIONSET | _displayfunction);  
     6ce:	80 91 47 05 	lds	r24, 0x0547	; 0x800547 <lcd+0xf>
     6d2:	80 62       	ori	r24, 0x20	; 32
     6d4:	0e 94 e3 02 	call	0x5c6	; 0x5c6 <LiquidCrystal::command(unsigned char) [clone .constprop.25]>
C:\Users\advisor\AppData\Local\Arduino15\libraries\LiquidCrystal\src/LiquidCrystal.cpp:154

  // turn the display on with no cursor or blinking default
  _displaycontrol = LCD_DISPLAYON | LCD_CURSOROFF | LCD_BLINKOFF;  
     6d8:	84 e0       	ldi	r24, 0x04	; 4
     6da:	80 93 48 05 	sts	0x0548, r24	; 0x800548 <lcd+0x10>
display():
C:\Users\advisor\AppData\Local\Arduino15\libraries\LiquidCrystal\src/LiquidCrystal.cpp:208
  _displaycontrol &= ~LCD_DISPLAYON;
  command(LCD_DISPLAYCONTROL | _displaycontrol);
}
void LiquidCrystal::display() {
  _displaycontrol |= LCD_DISPLAYON;
  command(LCD_DISPLAYCONTROL | _displaycontrol);
     6de:	8c e0       	ldi	r24, 0x0C	; 12
     6e0:	0e 94 e3 02 	call	0x5c6	; 0x5c6 <LiquidCrystal::command(unsigned char) [clone .constprop.25]>
begin():
C:\Users\advisor\AppData\Local\Arduino15\libraries\LiquidCrystal\src/LiquidCrystal.cpp:158
  // turn the display on with no cursor or blinking default
  _displaycontrol = LCD_DISPLAYON | LCD_CURSOROFF | LCD_BLINKOFF;  
  display();

  // clear it off
  clear();
     6e4:	0e 94 e9 02 	call	0x5d2	; 0x5d2 <LiquidCrystal::clear() [clone .constprop.24]>
C:\Users\advisor\AppData\Local\Arduino15\libraries\LiquidCrystal\src/LiquidCrystal.cpp:161

  // Initialize to default text direction (for romance languages)
  _displaymode = LCD_ENTRYLEFT | LCD_ENTRYSHIFTDECREMENT;
     6e8:	82 e0       	ldi	r24, 0x02	; 2
     6ea:	80 93 49 05 	sts	0x0549, r24	; 0x800549 <lcd+0x11>
C:\Users\advisor\AppData\Local\Arduino15\libraries\LiquidCrystal\src/LiquidCrystal.cpp:163
  // set the entry mode
  command(LCD_ENTRYMODESET | _displaymode);
     6ee:	86 e0       	ldi	r24, 0x06	; 6
C:\Users\advisor\AppData\Local\Arduino15\libraries\LiquidCrystal\src/LiquidCrystal.cpp:165

}
     6f0:	df 91       	pop	r29
     6f2:	cf 91       	pop	r28
C:\Users\advisor\AppData\Local\Arduino15\libraries\LiquidCrystal\src/LiquidCrystal.cpp:163
  clear();

  // Initialize to default text direction (for romance languages)
  _displaymode = LCD_ENTRYLEFT | LCD_ENTRYSHIFTDECREMENT;
  // set the entry mode
  command(LCD_ENTRYMODESET | _displaymode);
     6f4:	0c 94 e3 02 	jmp	0x5c6	; 0x5c6 <LiquidCrystal::command(unsigned char) [clone .constprop.25]>
C:\Users\advisor\AppData\Local\Arduino15\libraries\LiquidCrystal\src/LiquidCrystal.cpp:139
  } else {
    // this is according to the hitachi HD44780 datasheet
    // page 45 figure 23

    // Send function set command sequence
    command(LCD_FUNCTIONSET | _displayfunction);
     6f8:	80 62       	ori	r24, 0x20	; 32
     6fa:	0e 94 e3 02 	call	0x5c6	; 0x5c6 <LiquidCrystal::command(unsigned char) [clone .constprop.25]>
C:\Users\advisor\AppData\Local\Arduino15\libraries\LiquidCrystal\src/LiquidCrystal.cpp:140
    delayMicroseconds(4500);  // wait more than 4.1ms
     6fe:	84 e9       	ldi	r24, 0x94	; 148
     700:	91 e1       	ldi	r25, 0x11	; 17
     702:	0e 94 b6 01 	call	0x36c	; 0x36c <delayMicroseconds>
C:\Users\advisor\AppData\Local\Arduino15\libraries\LiquidCrystal\src/LiquidCrystal.cpp:143

    // second try
    command(LCD_FUNCTIONSET | _displayfunction);
     706:	80 91 47 05 	lds	r24, 0x0547	; 0x800547 <lcd+0xf>
     70a:	80 62       	ori	r24, 0x20	; 32
     70c:	0e 94 e3 02 	call	0x5c6	; 0x5c6 <LiquidCrystal::command(unsigned char) [clone .constprop.25]>
C:\Users\advisor\AppData\Local\Arduino15\libraries\LiquidCrystal\src/LiquidCrystal.cpp:144
    delayMicroseconds(150);
     710:	86 e9       	ldi	r24, 0x96	; 150
     712:	90 e0       	ldi	r25, 0x00	; 0
     714:	0e 94 b6 01 	call	0x36c	; 0x36c <delayMicroseconds>
C:\Users\advisor\AppData\Local\Arduino15\libraries\LiquidCrystal\src/LiquidCrystal.cpp:147

    // third go
    command(LCD_FUNCTIONSET | _displayfunction);
     718:	80 91 47 05 	lds	r24, 0x0547	; 0x800547 <lcd+0xf>
     71c:	80 62       	ori	r24, 0x20	; 32
     71e:	0e 94 e3 02 	call	0x5c6	; 0x5c6 <LiquidCrystal::command(unsigned char) [clone .constprop.25]>
     722:	d5 cf       	rjmp	.-86     	; 0x6ce <LiquidCrystal::begin(unsigned char, unsigned char, unsigned char) [clone .constprop.22]+0xee>

00000724 <LiquidCrystal::setCursor(unsigned char, unsigned char) [clone .constprop.19]>:
setCursor():
C:\Users\advisor\AppData\Local\Arduino15\libraries\LiquidCrystal\src/LiquidCrystal.cpp:194
{
  const size_t max_lines = sizeof(_row_offsets) / sizeof(*_row_offsets);
  if ( row >= max_lines ) {
    row = max_lines - 1;    // we count rows starting w/0
  }
  if ( row >= _numlines ) {
     724:	90 91 4b 05 	lds	r25, 0x054B	; 0x80054b <lcd+0x13>
     728:	69 17       	cp	r22, r25
     72a:	10 f0       	brcs	.+4      	; 0x730 <LiquidCrystal::setCursor(unsigned char, unsigned char) [clone .constprop.19]+0xc>
C:\Users\advisor\AppData\Local\Arduino15\libraries\LiquidCrystal\src/LiquidCrystal.cpp:195
    row = _numlines - 1;    // we count rows starting w/0
     72c:	6f ef       	ldi	r22, 0xFF	; 255
     72e:	69 0f       	add	r22, r25
C:\Users\advisor\AppData\Local\Arduino15\libraries\LiquidCrystal\src/LiquidCrystal.cpp:198
  }
  
  command(LCD_SETDDRAMADDR | (col + _row_offsets[row]));
     730:	e6 2f       	mov	r30, r22
     732:	f0 e0       	ldi	r31, 0x00	; 0
     734:	e8 5c       	subi	r30, 0xC8	; 200
     736:	fa 4f       	sbci	r31, 0xFA	; 250
     738:	94 89       	ldd	r25, Z+20	; 0x14
     73a:	89 0f       	add	r24, r25
     73c:	80 68       	ori	r24, 0x80	; 128
     73e:	0c 94 e3 02 	jmp	0x5c6	; 0x5c6 <LiquidCrystal::command(unsigned char) [clone .constprop.25]>

00000742 <LiquidCrystal::write(unsigned char)>:
write():
C:\Users\advisor\AppData\Local\Arduino15\libraries\LiquidCrystal\src/LiquidCrystal.cpp:280
inline void LiquidCrystal::command(uint8_t value) {
  send(value, LOW);
}

inline size_t LiquidCrystal::write(uint8_t value) {
  send(value, HIGH);
     742:	41 e0       	ldi	r20, 0x01	; 1
     744:	0e 94 90 02 	call	0x520	; 0x520 <LiquidCrystal::send(unsigned char, unsigned char)>
C:\Users\advisor\AppData\Local\Arduino15\libraries\LiquidCrystal\src/LiquidCrystal.cpp:282
  return 1; // assume sucess
}
     748:	81 e0       	ldi	r24, 0x01	; 1
     74a:	90 e0       	ldi	r25, 0x00	; 0
     74c:	08 95       	ret

0000074e <LiquidCrystal::createChar(unsigned char, unsigned char*) [clone .constprop.6]>:
createChar():
C:\Users\advisor\AppData\Local\Arduino15\libraries\LiquidCrystal\src/LiquidCrystal.cpp:265
  command(LCD_ENTRYMODESET | _displaymode);
}

// Allows us to fill the first 8 CGRAM locations
// with custom characters
void LiquidCrystal::createChar(uint8_t location, uint8_t charmap[]) {
     74e:	0f 93       	push	r16
     750:	1f 93       	push	r17
     752:	cf 93       	push	r28
     754:	df 93       	push	r29
     756:	8b 01       	movw	r16, r22
C:\Users\advisor\AppData\Local\Arduino15\libraries\LiquidCrystal\src/LiquidCrystal.cpp:267
  location &= 0x7; // we only have 8 locations 0-7
  command(LCD_SETCGRAMADDR | (location << 3));
     758:	28 e0       	ldi	r18, 0x08	; 8
     75a:	82 9f       	mul	r24, r18
     75c:	c0 01       	movw	r24, r0
     75e:	11 24       	eor	r1, r1
     760:	80 64       	ori	r24, 0x40	; 64
     762:	0e 94 e3 02 	call	0x5c6	; 0x5c6 <LiquidCrystal::command(unsigned char) [clone .constprop.25]>
     766:	e8 01       	movw	r28, r16
     768:	08 5f       	subi	r16, 0xF8	; 248
     76a:	1f 4f       	sbci	r17, 0xFF	; 255
C:\Users\advisor\AppData\Local\Arduino15\libraries\LiquidCrystal\src/LiquidCrystal.cpp:269
  for (int i=0; i<8; i++) {
    write(charmap[i]);
     76c:	69 91       	ld	r22, Y+
     76e:	88 e3       	ldi	r24, 0x38	; 56
     770:	95 e0       	ldi	r25, 0x05	; 5
     772:	0e 94 a1 03 	call	0x742	; 0x742 <LiquidCrystal::write(unsigned char)>
C:\Users\advisor\AppData\Local\Arduino15\libraries\LiquidCrystal\src/LiquidCrystal.cpp:268
// Allows us to fill the first 8 CGRAM locations
// with custom characters
void LiquidCrystal::createChar(uint8_t location, uint8_t charmap[]) {
  location &= 0x7; // we only have 8 locations 0-7
  command(LCD_SETCGRAMADDR | (location << 3));
  for (int i=0; i<8; i++) {
     776:	c0 17       	cp	r28, r16
     778:	d1 07       	cpc	r29, r17
     77a:	c1 f7       	brne	.-16     	; 0x76c <LiquidCrystal::createChar(unsigned char, unsigned char*) [clone .constprop.6]+0x1e>
C:\Users\advisor\AppData\Local\Arduino15\libraries\LiquidCrystal\src/LiquidCrystal.cpp:271
    write(charmap[i]);
  }
}
     77c:	df 91       	pop	r29
     77e:	cf 91       	pop	r28
     780:	1f 91       	pop	r17
     782:	0f 91       	pop	r16
     784:	08 95       	ret

00000786 <Print::print(char) [clone .constprop.18]>:
write():
C:\Users\advisor\AppData\Local\Arduino15\libraries\LiquidCrystal\src/LiquidCrystal.cpp:280
inline void LiquidCrystal::command(uint8_t value) {
  send(value, LOW);
}

inline size_t LiquidCrystal::write(uint8_t value) {
  send(value, HIGH);
     786:	41 e0       	ldi	r20, 0x01	; 1
     788:	68 2f       	mov	r22, r24
     78a:	88 e3       	ldi	r24, 0x38	; 56
     78c:	95 e0       	ldi	r25, 0x05	; 5
     78e:	0e 94 90 02 	call	0x520	; 0x520 <LiquidCrystal::send(unsigned char, unsigned char)>
print():
C:\Users\advisor\AppData\Local\Arduino15\packages\MiniCore\hardware\avr\3.1.1\cores\MCUdude_corefiles/Print.cpp:70
}

size_t Print::print(char c)
{
  return write(c);
}
     792:	81 e0       	ldi	r24, 0x01	; 1
     794:	90 e0       	ldi	r25, 0x00	; 0
     796:	08 95       	ret

00000798 <Print::flush()>:
flush():
C:\Users\advisor\AppData\Local\Arduino15\packages\MiniCore\hardware\avr\3.1.1\cores\MCUdude_corefiles/Print.h:65

    // default to zero, meaning "a single write may block"
    // should be overriden by subclasses with buffering
    virtual int availableForWrite() { return 0; }

    virtual void flush() { /* Empty implementation for backward compatibility */ }
     798:	08 95       	ret

0000079a <Print::availableForWrite()>:
availableForWrite():
C:\Users\advisor\AppData\Local\Arduino15\packages\MiniCore\hardware\avr\3.1.1\cores\MCUdude_corefiles/Print.h:63
      return write((const uint8_t *)buffer, size);
    }

    // default to zero, meaning "a single write may block"
    // should be overriden by subclasses with buffering
    virtual int availableForWrite() { return 0; }
     79a:	90 e0       	ldi	r25, 0x00	; 0
     79c:	80 e0       	ldi	r24, 0x00	; 0
     79e:	08 95       	ret

000007a0 <Print::write(char const*) [clone .part.2] [clone .constprop.17]>:
_ZN5Print5writeEPKc.part.2():
C:\Users\advisor\AppData\Local\Arduino15\packages\MiniCore\hardware\avr\3.1.1\cores\MCUdude_corefiles/Print.h:54
    void clearWriteError() { setWriteError(0); }

    virtual size_t write(uint8_t) = 0;
    size_t write(const char *str) {
      if (str == NULL) return 0;
      return write((const uint8_t *)str, strlen(str));
     7a0:	fc 01       	movw	r30, r24
     7a2:	01 90       	ld	r0, Z+
     7a4:	00 20       	and	r0, r0
     7a6:	e9 f7       	brne	.-6      	; 0x7a2 <Print::write(char const*) [clone .part.2] [clone .constprop.17]+0x2>
     7a8:	31 97       	sbiw	r30, 0x01	; 1
     7aa:	af 01       	movw	r20, r30
     7ac:	48 1b       	sub	r20, r24
     7ae:	59 0b       	sbc	r21, r25
     7b0:	bc 01       	movw	r22, r24
     7b2:	88 e3       	ldi	r24, 0x38	; 56
     7b4:	95 e0       	ldi	r25, 0x05	; 5
     7b6:	0c 94 19 02 	jmp	0x432	; 0x432 <Print::write(unsigned char const*, unsigned int)>

000007ba <Print::printNumber(unsigned long, unsigned char) [clone .constprop.15]>:
printNumber():
C:\Users\advisor\AppData\Local\Arduino15\packages\MiniCore\hardware\avr\3.1.1\cores\MCUdude_corefiles/Print.cpp:232
  return vfprintf_P(&f, (const char *)format, ap);
}

// Private Methods /////////////////////////////////////////////////////////////

size_t Print::printNumber(unsigned long n, uint8_t base)
     7ba:	8f 92       	push	r8
     7bc:	9f 92       	push	r9
     7be:	af 92       	push	r10
     7c0:	bf 92       	push	r11
     7c2:	0f 93       	push	r16
     7c4:	1f 93       	push	r17
     7c6:	cf 93       	push	r28
     7c8:	df 93       	push	r29
     7ca:	cd b7       	in	r28, 0x3d	; 61
     7cc:	de b7       	in	r29, 0x3e	; 62
     7ce:	a1 97       	sbiw	r28, 0x21	; 33
     7d0:	0f b6       	in	r0, 0x3f	; 63
     7d2:	f8 94       	cli
     7d4:	de bf       	out	0x3e, r29	; 62
     7d6:	0f be       	out	0x3f, r0	; 63
     7d8:	cd bf       	out	0x3d, r28	; 61
C:\Users\advisor\AppData\Local\Arduino15\packages\MiniCore\hardware\avr\3.1.1\cores\MCUdude_corefiles/Print.cpp:237
{
  char buf[8 * sizeof(long) + 1]; // Assumes 8-bit chars plus zero byte.
  char *str = &buf[sizeof(buf) - 1];

  *str = '\0';
     7da:	19 a2       	std	Y+33, r1	; 0x21
C:\Users\advisor\AppData\Local\Arduino15\packages\MiniCore\hardware\avr\3.1.1\cores\MCUdude_corefiles/Print.cpp:240

  // prevent crash if called with base == 1
  if (base < 2) base = 10;
     7dc:	42 30       	cpi	r20, 0x02	; 2
     7de:	08 f4       	brcc	.+2      	; 0x7e2 <Print::printNumber(unsigned long, unsigned char) [clone .constprop.15]+0x28>
     7e0:	4a e0       	ldi	r20, 0x0A	; 10
     7e2:	8e 01       	movw	r16, r28
     7e4:	0f 5d       	subi	r16, 0xDF	; 223
     7e6:	1f 4f       	sbci	r17, 0xFF	; 255
C:\Users\advisor\AppData\Local\Arduino15\packages\MiniCore\hardware\avr\3.1.1\cores\MCUdude_corefiles/Print.cpp:243

  do {
    char c = n % base;
     7e8:	84 2e       	mov	r8, r20
     7ea:	91 2c       	mov	r9, r1
     7ec:	b1 2c       	mov	r11, r1
     7ee:	a1 2c       	mov	r10, r1
     7f0:	a5 01       	movw	r20, r10
     7f2:	94 01       	movw	r18, r8
     7f4:	0e 94 49 17 	call	0x2e92	; 0x2e92 <__udivmodsi4>
     7f8:	e6 2f       	mov	r30, r22
C:\Users\advisor\AppData\Local\Arduino15\packages\MiniCore\hardware\avr\3.1.1\cores\MCUdude_corefiles/Print.cpp:244
    n /= base;
     7fa:	b9 01       	movw	r22, r18
     7fc:	ca 01       	movw	r24, r20
C:\Users\advisor\AppData\Local\Arduino15\packages\MiniCore\hardware\avr\3.1.1\cores\MCUdude_corefiles/Print.cpp:246

    *--str = c < 10 ? c + '0' : c + 'A' - 10;
     7fe:	ea 30       	cpi	r30, 0x0A	; 10
     800:	f4 f4       	brge	.+60     	; 0x83e <Print::printNumber(unsigned long, unsigned char) [clone .constprop.15]+0x84>
     802:	e0 5d       	subi	r30, 0xD0	; 208
     804:	d8 01       	movw	r26, r16
     806:	ee 93       	st	-X, r30
     808:	8d 01       	movw	r16, r26
C:\Users\advisor\AppData\Local\Arduino15\packages\MiniCore\hardware\avr\3.1.1\cores\MCUdude_corefiles/Print.cpp:247
  } while(n);
     80a:	23 2b       	or	r18, r19
     80c:	24 2b       	or	r18, r20
     80e:	25 2b       	or	r18, r21
     810:	79 f7       	brne	.-34     	; 0x7f0 <Print::printNumber(unsigned long, unsigned char) [clone .constprop.15]+0x36>
C:\Users\advisor\AppData\Local\Arduino15\packages\MiniCore\hardware\avr\3.1.1\cores\MCUdude_corefiles/Print.h:53
    int getWriteError() { return write_error; }
    void clearWriteError() { setWriteError(0); }

    virtual size_t write(uint8_t) = 0;
    size_t write(const char *str) {
      if (str == NULL) return 0;
     812:	90 e0       	ldi	r25, 0x00	; 0
     814:	80 e0       	ldi	r24, 0x00	; 0
write():
     816:	10 97       	sbiw	r26, 0x00	; 0
     818:	19 f0       	breq	.+6      	; 0x820 <Print::printNumber(unsigned long, unsigned char) [clone .constprop.15]+0x66>
     81a:	cd 01       	movw	r24, r26
     81c:	0e 94 d0 03 	call	0x7a0	; 0x7a0 <Print::write(char const*) [clone .part.2] [clone .constprop.17]>
printNumber():
C:\Users\advisor\AppData\Local\Arduino15\packages\MiniCore\hardware\avr\3.1.1\cores\MCUdude_corefiles/Print.cpp:250

  return write(str);
}
     820:	a1 96       	adiw	r28, 0x21	; 33
     822:	0f b6       	in	r0, 0x3f	; 63
     824:	f8 94       	cli
     826:	de bf       	out	0x3e, r29	; 62
     828:	0f be       	out	0x3f, r0	; 63
     82a:	cd bf       	out	0x3d, r28	; 61
     82c:	df 91       	pop	r29
     82e:	cf 91       	pop	r28
     830:	1f 91       	pop	r17
     832:	0f 91       	pop	r16
     834:	bf 90       	pop	r11
     836:	af 90       	pop	r10
     838:	9f 90       	pop	r9
     83a:	8f 90       	pop	r8
     83c:	08 95       	ret
C:\Users\advisor\AppData\Local\Arduino15\packages\MiniCore\hardware\avr\3.1.1\cores\MCUdude_corefiles/Print.cpp:246

  do {
    char c = n % base;
    n /= base;

    *--str = c < 10 ? c + '0' : c + 'A' - 10;
     83e:	e9 5c       	subi	r30, 0xC9	; 201
     840:	e1 cf       	rjmp	.-62     	; 0x804 <Print::printNumber(unsigned long, unsigned char) [clone .constprop.15]+0x4a>

00000842 <Print::print(char const*) [clone .constprop.7]>:
write():
C:\Users\advisor\AppData\Local\Arduino15\packages\MiniCore\hardware\avr\3.1.1\cores\MCUdude_corefiles/Print.cpp:62
size_t Print::print(const String &s)
{
  return write(s.c_str(), s.length());
}

size_t Print::print(const char str[])
     842:	0c 94 d0 03 	jmp	0x7a0	; 0x7a0 <Print::write(char const*) [clone .part.2] [clone .constprop.17]>

00000846 <Print::print(double, int) [clone .constprop.9]>:
print():
C:\Users\advisor\AppData\Local\Arduino15\packages\MiniCore\hardware\avr\3.1.1\cores\MCUdude_corefiles/Print.cpp:109
{
  if (base == 0) return write(n);
  else return printNumber(n, base);
}

size_t Print::print(double n, int digits)
     846:	4f 92       	push	r4
     848:	5f 92       	push	r5
     84a:	6f 92       	push	r6
     84c:	7f 92       	push	r7
     84e:	8f 92       	push	r8
     850:	9f 92       	push	r9
     852:	af 92       	push	r10
     854:	bf 92       	push	r11
     856:	cf 92       	push	r12
     858:	df 92       	push	r13
     85a:	ef 92       	push	r14
     85c:	ff 92       	push	r15
     85e:	cf 93       	push	r28
     860:	df 93       	push	r29
     862:	6b 01       	movw	r12, r22
     864:	7c 01       	movw	r14, r24
     866:	94 2e       	mov	r9, r20
printFloat():
C:\Users\advisor\AppData\Local\Arduino15\packages\MiniCore\hardware\avr\3.1.1\cores\MCUdude_corefiles/Print.cpp:256

size_t Print::printFloat(double number, uint8_t digits) 
{ 
  size_t n = 0;
  
  if (isnan(number)) return print("nan");
     868:	ac 01       	movw	r20, r24
     86a:	9b 01       	movw	r18, r22
     86c:	0e 94 0f 17 	call	0x2e1e	; 0x2e1e <__unordsf2>
     870:	88 23       	and	r24, r24
     872:	91 f0       	breq	.+36     	; 0x898 <Print::print(double, int) [clone .constprop.9]+0x52>
write():
     874:	81 e5       	ldi	r24, 0x51	; 81
     876:	91 e0       	ldi	r25, 0x01	; 1
print():
C:\Users\advisor\AppData\Local\Arduino15\packages\MiniCore\hardware\avr\3.1.1\cores\MCUdude_corefiles/Print.cpp:112
}

size_t Print::print(double n, int digits)
{
  return printFloat(n, digits);
}
     878:	df 91       	pop	r29
     87a:	cf 91       	pop	r28
     87c:	ff 90       	pop	r15
     87e:	ef 90       	pop	r14
     880:	df 90       	pop	r13
     882:	cf 90       	pop	r12
     884:	bf 90       	pop	r11
     886:	af 90       	pop	r10
     888:	9f 90       	pop	r9
     88a:	8f 90       	pop	r8
     88c:	7f 90       	pop	r7
     88e:	6f 90       	pop	r6
     890:	5f 90       	pop	r5
     892:	4f 90       	pop	r4
write():
     894:	0c 94 d0 03 	jmp	0x7a0	; 0x7a0 <Print::write(char const*) [clone .part.2] [clone .constprop.17]>
printFloat():
C:\Users\advisor\AppData\Local\Arduino15\packages\MiniCore\hardware\avr\3.1.1\cores\MCUdude_corefiles/Print.cpp:257
size_t Print::printFloat(double number, uint8_t digits) 
{ 
  size_t n = 0;
  
  if (isnan(number)) return print("nan");
  if (isinf(number)) return print("inf");
     898:	26 01       	movw	r4, r12
     89a:	37 01       	movw	r6, r14
     89c:	e8 94       	clt
     89e:	77 f8       	bld	r7, 7
     8a0:	2f ef       	ldi	r18, 0xFF	; 255
     8a2:	3f ef       	ldi	r19, 0xFF	; 255
     8a4:	4f e7       	ldi	r20, 0x7F	; 127
     8a6:	5f e7       	ldi	r21, 0x7F	; 127
     8a8:	c3 01       	movw	r24, r6
     8aa:	b2 01       	movw	r22, r4
     8ac:	0e 94 0f 17 	call	0x2e1e	; 0x2e1e <__unordsf2>
     8b0:	81 11       	cpse	r24, r1
     8b2:	0d c0       	rjmp	.+26     	; 0x8ce <Print::print(double, int) [clone .constprop.9]+0x88>
     8b4:	2f ef       	ldi	r18, 0xFF	; 255
     8b6:	3f ef       	ldi	r19, 0xFF	; 255
     8b8:	4f e7       	ldi	r20, 0x7F	; 127
     8ba:	5f e7       	ldi	r21, 0x7F	; 127
     8bc:	c3 01       	movw	r24, r6
     8be:	b2 01       	movw	r22, r4
     8c0:	0e 94 ee 14 	call	0x29dc	; 0x29dc <__cmpsf2>
     8c4:	18 16       	cp	r1, r24
     8c6:	1c f4       	brge	.+6      	; 0x8ce <Print::print(double, int) [clone .constprop.9]+0x88>
write():
     8c8:	85 e5       	ldi	r24, 0x55	; 85
     8ca:	91 e0       	ldi	r25, 0x01	; 1
     8cc:	d5 cf       	rjmp	.-86     	; 0x878 <Print::print(double, int) [clone .constprop.9]+0x32>
printFloat():
C:\Users\advisor\AppData\Local\Arduino15\packages\MiniCore\hardware\avr\3.1.1\cores\MCUdude_corefiles/Print.cpp:258
  if (number > 4294967040.0) return print ("ovf");  // constant determined empirically
     8ce:	2f ef       	ldi	r18, 0xFF	; 255
     8d0:	3f ef       	ldi	r19, 0xFF	; 255
     8d2:	4f e7       	ldi	r20, 0x7F	; 127
     8d4:	5f e4       	ldi	r21, 0x4F	; 79
     8d6:	c7 01       	movw	r24, r14
     8d8:	b6 01       	movw	r22, r12
     8da:	0e 94 4d 16 	call	0x2c9a	; 0x2c9a <__gesf2>
     8de:	18 16       	cp	r1, r24
     8e0:	1c f4       	brge	.+6      	; 0x8e8 <Print::print(double, int) [clone .constprop.9]+0xa2>
write():
     8e2:	89 e5       	ldi	r24, 0x59	; 89
     8e4:	91 e0       	ldi	r25, 0x01	; 1
     8e6:	c8 cf       	rjmp	.-112    	; 0x878 <Print::print(double, int) [clone .constprop.9]+0x32>
printFloat():
C:\Users\advisor\AppData\Local\Arduino15\packages\MiniCore\hardware\avr\3.1.1\cores\MCUdude_corefiles/Print.cpp:259
  if (number <-4294967040.0) return print ("ovf");  // constant determined empirically
     8e8:	2f ef       	ldi	r18, 0xFF	; 255
     8ea:	3f ef       	ldi	r19, 0xFF	; 255
     8ec:	4f e7       	ldi	r20, 0x7F	; 127
     8ee:	5f ec       	ldi	r21, 0xCF	; 207
     8f0:	c7 01       	movw	r24, r14
     8f2:	b6 01       	movw	r22, r12
     8f4:	0e 94 ee 14 	call	0x29dc	; 0x29dc <__cmpsf2>
     8f8:	87 fd       	sbrc	r24, 7
     8fa:	f3 cf       	rjmp	.-26     	; 0x8e2 <Print::print(double, int) [clone .constprop.9]+0x9c>
C:\Users\advisor\AppData\Local\Arduino15\packages\MiniCore\hardware\avr\3.1.1\cores\MCUdude_corefiles/Print.cpp:262
  
  // Handle negative numbers
  if (number < 0.0)
     8fc:	20 e0       	ldi	r18, 0x00	; 0
     8fe:	30 e0       	ldi	r19, 0x00	; 0
     900:	a9 01       	movw	r20, r18
     902:	c7 01       	movw	r24, r14
     904:	b6 01       	movw	r22, r12
     906:	0e 94 ee 14 	call	0x29dc	; 0x29dc <__cmpsf2>
print():
C:\Users\advisor\AppData\Local\Arduino15\packages\MiniCore\hardware\avr\3.1.1\cores\MCUdude_corefiles/Print.cpp:254
  return write(str);
}

size_t Print::printFloat(double number, uint8_t digits) 
{ 
  size_t n = 0;
     90a:	b1 2c       	mov	r11, r1
     90c:	a1 2c       	mov	r10, r1
printFloat():
C:\Users\advisor\AppData\Local\Arduino15\packages\MiniCore\hardware\avr\3.1.1\cores\MCUdude_corefiles/Print.cpp:262
  if (isinf(number)) return print("inf");
  if (number > 4294967040.0) return print ("ovf");  // constant determined empirically
  if (number <-4294967040.0) return print ("ovf");  // constant determined empirically
  
  // Handle negative numbers
  if (number < 0.0)
     90e:	87 ff       	sbrs	r24, 7
     910:	08 c0       	rjmp	.+16     	; 0x922 <__stack+0x23>
C:\Users\advisor\AppData\Local\Arduino15\packages\MiniCore\hardware\avr\3.1.1\cores\MCUdude_corefiles/Print.cpp:264
  {
     n += print('-');
     912:	8d e2       	ldi	r24, 0x2D	; 45
     914:	0e 94 c3 03 	call	0x786	; 0x786 <Print::print(char) [clone .constprop.18]>
     918:	5c 01       	movw	r10, r24
C:\Users\advisor\AppData\Local\Arduino15\packages\MiniCore\hardware\avr\3.1.1\cores\MCUdude_corefiles/Print.cpp:265
     number = -number;
     91a:	f7 fa       	bst	r15, 7
     91c:	f0 94       	com	r15
     91e:	f7 f8       	bld	r15, 7
     920:	f0 94       	com	r15
print():
C:\Users\advisor\AppData\Local\Arduino15\packages\MiniCore\hardware\avr\3.1.1\cores\MCUdude_corefiles/Print.cpp:111
  else return printNumber(n, base);
}

size_t Print::print(double n, int digits)
{
  return printFloat(n, digits);
     922:	c9 2d       	mov	r28, r9
C:\Users\advisor\AppData\Local\Arduino15\packages\MiniCore\hardware\avr\3.1.1\cores\MCUdude_corefiles/Print.cpp:269
     n += print('-');
     number = -number;
  }

  // Round correctly so that print(1.999, 2) prints as "2.00"
  double rounding = 0.5;
     924:	60 e0       	ldi	r22, 0x00	; 0
     926:	70 e0       	ldi	r23, 0x00	; 0
     928:	80 e0       	ldi	r24, 0x00	; 0
     92a:	9f e3       	ldi	r25, 0x3F	; 63
C:\Users\advisor\AppData\Local\Arduino15\packages\MiniCore\hardware\avr\3.1.1\cores\MCUdude_corefiles/Print.cpp:270
  for (uint8_t i=0; i<digits; ++i)
     92c:	d0 e0       	ldi	r29, 0x00	; 0
printFloat():
C:\Users\advisor\AppData\Local\Arduino15\packages\MiniCore\hardware\avr\3.1.1\cores\MCUdude_corefiles/Print.cpp:271
    rounding /= 10.0;
     92e:	20 e0       	ldi	r18, 0x00	; 0
     930:	30 e0       	ldi	r19, 0x00	; 0
     932:	40 e2       	ldi	r20, 0x20	; 32
     934:	51 e4       	ldi	r21, 0x41	; 65
     936:	0e 94 f3 14 	call	0x29e6	; 0x29e6 <__divsf3>
C:\Users\advisor\AppData\Local\Arduino15\packages\MiniCore\hardware\avr\3.1.1\cores\MCUdude_corefiles/Print.cpp:270
     number = -number;
  }

  // Round correctly so that print(1.999, 2) prints as "2.00"
  double rounding = 0.5;
  for (uint8_t i=0; i<digits; ++i)
     93a:	21 e0       	ldi	r18, 0x01	; 1
     93c:	2d 0f       	add	r18, r29
     93e:	d1 e0       	ldi	r29, 0x01	; 1
     940:	29 15       	cp	r18, r9
     942:	a8 f3       	brcs	.-22     	; 0x92e <__stack+0x2f>
C:\Users\advisor\AppData\Local\Arduino15\packages\MiniCore\hardware\avr\3.1.1\cores\MCUdude_corefiles/Print.cpp:273
    rounding /= 10.0;
  
  number += rounding;
     944:	a7 01       	movw	r20, r14
     946:	96 01       	movw	r18, r12
     948:	0e 94 82 14 	call	0x2904	; 0x2904 <__addsf3>
     94c:	2b 01       	movw	r4, r22
     94e:	3c 01       	movw	r6, r24
C:\Users\advisor\AppData\Local\Arduino15\packages\MiniCore\hardware\avr\3.1.1\cores\MCUdude_corefiles/Print.cpp:276

  // Extract the integer part of the number and print it
  unsigned long int_part = (unsigned long)number;
     950:	0e 94 6c 15 	call	0x2ad8	; 0x2ad8 <__fixunssfsi>
     954:	6b 01       	movw	r12, r22
     956:	7c 01       	movw	r14, r24
C:\Users\advisor\AppData\Local\Arduino15\packages\MiniCore\hardware\avr\3.1.1\cores\MCUdude_corefiles/Print.cpp:277
  double remainder = number - (double)int_part;
     958:	0e 94 9b 15 	call	0x2b36	; 0x2b36 <__floatunsisf>
     95c:	9b 01       	movw	r18, r22
     95e:	ac 01       	movw	r20, r24
     960:	c3 01       	movw	r24, r6
     962:	b2 01       	movw	r22, r4
     964:	0e 94 81 14 	call	0x2902	; 0x2902 <__subsf3>
     968:	2b 01       	movw	r4, r22
     96a:	3c 01       	movw	r6, r24
print():
C:\Users\advisor\AppData\Local\Arduino15\packages\MiniCore\hardware\avr\3.1.1\cores\MCUdude_corefiles/Print.cpp:106
}

size_t Print::print(unsigned long n, int base)
{
  if (base == 0) return write(n);
  else return printNumber(n, base);
     96c:	4a e0       	ldi	r20, 0x0A	; 10
     96e:	c7 01       	movw	r24, r14
     970:	b6 01       	movw	r22, r12
     972:	0e 94 dd 03 	call	0x7ba	; 0x7ba <Print::printNumber(unsigned long, unsigned char) [clone .constprop.15]>
     976:	7c 01       	movw	r14, r24
printFloat():
C:\Users\advisor\AppData\Local\Arduino15\packages\MiniCore\hardware\avr\3.1.1\cores\MCUdude_corefiles/Print.cpp:282
  double remainder = number - (double)int_part;
  n += print(int_part);

  // Print the decimal point, but only if there are digits beyond
  if (digits > 0) {
    n += print('.'); 
     978:	8e e2       	ldi	r24, 0x2E	; 46
     97a:	0e 94 c3 03 	call	0x786	; 0x786 <Print::print(char) [clone .constprop.18]>
     97e:	e8 0e       	add	r14, r24
     980:	f9 1e       	adc	r15, r25
     982:	ea 0c       	add	r14, r10
     984:	fb 1c       	adc	r15, r11
C:\Users\advisor\AppData\Local\Arduino15\packages\MiniCore\hardware\avr\3.1.1\cores\MCUdude_corefiles/Print.cpp:286
  }

  // Extract digits from the remainder one at a time
  while (digits-- > 0)
     986:	c1 50       	subi	r28, 0x01	; 1
     988:	18 f1       	brcs	.+70     	; 0x9d0 <__stack+0xd1>
C:\Users\advisor\AppData\Local\Arduino15\packages\MiniCore\hardware\avr\3.1.1\cores\MCUdude_corefiles/Print.cpp:288
  {
    remainder *= 10.0;
     98a:	20 e0       	ldi	r18, 0x00	; 0
     98c:	30 e0       	ldi	r19, 0x00	; 0
     98e:	40 e2       	ldi	r20, 0x20	; 32
     990:	51 e4       	ldi	r21, 0x41	; 65
     992:	c3 01       	movw	r24, r6
     994:	b2 01       	movw	r22, r4
     996:	0e 94 a2 16 	call	0x2d44	; 0x2d44 <__mulsf3>
     99a:	2b 01       	movw	r4, r22
     99c:	3c 01       	movw	r6, r24
C:\Users\advisor\AppData\Local\Arduino15\packages\MiniCore\hardware\avr\3.1.1\cores\MCUdude_corefiles/Print.cpp:289
    unsigned int toPrint = (unsigned int)(remainder);
     99e:	0e 94 6c 15 	call	0x2ad8	; 0x2ad8 <__fixunssfsi>
print():
C:\Users\advisor\AppData\Local\Arduino15\packages\MiniCore\hardware\avr\3.1.1\cores\MCUdude_corefiles/Print.cpp:84
  return print((long) n, base);
}

size_t Print::print(unsigned int n, int base)
{
  return print((unsigned long) n, base);
     9a2:	4b 01       	movw	r8, r22
     9a4:	b1 2c       	mov	r11, r1
     9a6:	a1 2c       	mov	r10, r1
C:\Users\advisor\AppData\Local\Arduino15\packages\MiniCore\hardware\avr\3.1.1\cores\MCUdude_corefiles/Print.cpp:106
}

size_t Print::print(unsigned long n, int base)
{
  if (base == 0) return write(n);
  else return printNumber(n, base);
     9a8:	4a e0       	ldi	r20, 0x0A	; 10
     9aa:	c5 01       	movw	r24, r10
     9ac:	b4 01       	movw	r22, r8
     9ae:	0e 94 dd 03 	call	0x7ba	; 0x7ba <Print::printNumber(unsigned long, unsigned char) [clone .constprop.15]>
printFloat():
C:\Users\advisor\AppData\Local\Arduino15\packages\MiniCore\hardware\avr\3.1.1\cores\MCUdude_corefiles/Print.cpp:290
  // Extract digits from the remainder one at a time
  while (digits-- > 0)
  {
    remainder *= 10.0;
    unsigned int toPrint = (unsigned int)(remainder);
    n += print(toPrint);
     9b2:	e8 0e       	add	r14, r24
     9b4:	f9 1e       	adc	r15, r25
C:\Users\advisor\AppData\Local\Arduino15\packages\MiniCore\hardware\avr\3.1.1\cores\MCUdude_corefiles/Print.cpp:291
    remainder -= toPrint; 
     9b6:	c5 01       	movw	r24, r10
     9b8:	b4 01       	movw	r22, r8
     9ba:	0e 94 9b 15 	call	0x2b36	; 0x2b36 <__floatunsisf>
     9be:	9b 01       	movw	r18, r22
     9c0:	ac 01       	movw	r20, r24
     9c2:	c3 01       	movw	r24, r6
     9c4:	b2 01       	movw	r22, r4
     9c6:	0e 94 81 14 	call	0x2902	; 0x2902 <__subsf3>
     9ca:	2b 01       	movw	r4, r22
     9cc:	3c 01       	movw	r6, r24
     9ce:	db cf       	rjmp	.-74     	; 0x986 <__stack+0x87>
print():
C:\Users\advisor\AppData\Local\Arduino15\packages\MiniCore\hardware\avr\3.1.1\cores\MCUdude_corefiles/Print.cpp:112
}

size_t Print::print(double n, int digits)
{
  return printFloat(n, digits);
}
     9d0:	c7 01       	movw	r24, r14
     9d2:	df 91       	pop	r29
     9d4:	cf 91       	pop	r28
     9d6:	ff 90       	pop	r15
     9d8:	ef 90       	pop	r14
     9da:	df 90       	pop	r13
     9dc:	cf 90       	pop	r12
     9de:	bf 90       	pop	r11
     9e0:	af 90       	pop	r10
     9e2:	9f 90       	pop	r9
     9e4:	8f 90       	pop	r8
     9e6:	7f 90       	pop	r7
     9e8:	6f 90       	pop	r6
     9ea:	5f 90       	pop	r5
     9ec:	4f 90       	pop	r4
     9ee:	08 95       	ret

000009f0 <ADVcapacitiveSensor::touch()>:
touch():
c:\Users\advisor\Documents\Arduino\libraries\ADVcapacitiveSensor/ADVcapacitiveSensor.cpp:38
  }
  OFFSETZERO = valtouch/10.3; //  -3% for noise
  return OFFSETZERO;
}

double ADVcapacitiveSensor::touch() {
     9f0:	2f 92       	push	r2
     9f2:	3f 92       	push	r3
     9f4:	4f 92       	push	r4
     9f6:	5f 92       	push	r5
     9f8:	6f 92       	push	r6
     9fa:	7f 92       	push	r7
     9fc:	8f 92       	push	r8
     9fe:	9f 92       	push	r9
     a00:	af 92       	push	r10
     a02:	bf 92       	push	r11
     a04:	cf 92       	push	r12
     a06:	df 92       	push	r13
     a08:	ef 92       	push	r14
     a0a:	ff 92       	push	r15
     a0c:	0f 93       	push	r16
     a0e:	1f 93       	push	r17
     a10:	cf 93       	push	r28
     a12:	df 93       	push	r29
     a14:	cd b7       	in	r28, 0x3d	; 61
     a16:	de b7       	in	r29, 0x3e	; 62
     a18:	28 97       	sbiw	r28, 0x08	; 8
     a1a:	0f b6       	in	r0, 0x3f	; 63
     a1c:	f8 94       	cli
     a1e:	de bf       	out	0x3e, r29	; 62
     a20:	0f be       	out	0x3f, r0	; 63
     a22:	cd bf       	out	0x3d, r28	; 61
     a24:	1c 01       	movw	r2, r24
c:\Users\advisor\Documents\Arduino\libraries\ADVcapacitiveSensor/ADVcapacitiveSensor.cpp:71
  int except = FREQUENCY * EXCEPTRATIO;
  for (int i = except;i < FREQUENCY - except;i++)
    VALsum += VAL[i];
  int dev = FREQUENCY - 2 * except;
  return VALsum / dev - OFFSETZERO;
}
     a26:	2d b7       	in	r18, 0x3d	; 61
     a28:	3e b7       	in	r19, 0x3e	; 62
     a2a:	38 87       	std	Y+8, r19	; 0x08
     a2c:	2f 83       	std	Y+7, r18	; 0x07
c:\Users\advisor\Documents\Arduino\libraries\ADVcapacitiveSensor/ADVcapacitiveSensor.cpp:39
  OFFSETZERO = valtouch/10.3; //  -3% for noise
  return OFFSETZERO;
}

double ADVcapacitiveSensor::touch() {
  double VAL[FREQUENCY];
     a2e:	fc 01       	movw	r30, r24
     a30:	80 81       	ld	r24, Z
     a32:	91 81       	ldd	r25, Z+1	; 0x01
     a34:	88 0f       	add	r24, r24
     a36:	99 1f       	adc	r25, r25
     a38:	88 0f       	add	r24, r24
     a3a:	99 1f       	adc	r25, r25
     a3c:	28 1b       	sub	r18, r24
     a3e:	39 0b       	sbc	r19, r25
     a40:	0f b6       	in	r0, 0x3f	; 63
     a42:	f8 94       	cli
     a44:	3e bf       	out	0x3e, r19	; 62
     a46:	0f be       	out	0x3f, r0	; 63
     a48:	2d bf       	out	0x3d, r18	; 61
     a4a:	8d b7       	in	r24, 0x3d	; 61
     a4c:	9e b7       	in	r25, 0x3e	; 62
     a4e:	01 96       	adiw	r24, 0x01	; 1
     a50:	9a 83       	std	Y+2, r25	; 0x02
     a52:	89 83       	std	Y+1, r24	; 0x01
c:\Users\advisor\Documents\Arduino\libraries\ADVcapacitiveSensor/ADVcapacitiveSensor.cpp:40
  double INPUTTHRESHOLD = VOLTAGE * 1024 / 5 * 0.9;
     a54:	20 e0       	ldi	r18, 0x00	; 0
     a56:	30 e0       	ldi	r19, 0x00	; 0
     a58:	40 e8       	ldi	r20, 0x80	; 128
     a5a:	54 e4       	ldi	r21, 0x44	; 68
     a5c:	64 85       	ldd	r22, Z+12	; 0x0c
     a5e:	75 85       	ldd	r23, Z+13	; 0x0d
     a60:	86 85       	ldd	r24, Z+14	; 0x0e
     a62:	97 85       	ldd	r25, Z+15	; 0x0f
     a64:	0e 94 a2 16 	call	0x2d44	; 0x2d44 <__mulsf3>
     a68:	20 e0       	ldi	r18, 0x00	; 0
     a6a:	30 e0       	ldi	r19, 0x00	; 0
     a6c:	40 ea       	ldi	r20, 0xA0	; 160
     a6e:	50 e4       	ldi	r21, 0x40	; 64
     a70:	0e 94 f3 14 	call	0x29e6	; 0x29e6 <__divsf3>
     a74:	26 e6       	ldi	r18, 0x66	; 102
     a76:	36 e6       	ldi	r19, 0x66	; 102
     a78:	46 e6       	ldi	r20, 0x66	; 102
     a7a:	5f e3       	ldi	r21, 0x3F	; 63
     a7c:	0e 94 a2 16 	call	0x2d44	; 0x2d44 <__mulsf3>
     a80:	4b 01       	movw	r8, r22
     a82:	5c 01       	movw	r10, r24
c:\Users\advisor\Documents\Arduino\libraries\ADVcapacitiveSensor/ADVcapacitiveSensor.cpp:41
  for (int i = 0; i < FREQUENCY; i++) {
     a84:	10 e0       	ldi	r17, 0x00	; 0
     a86:	00 e0       	ldi	r16, 0x00	; 0
     a88:	f1 01       	movw	r30, r2
     a8a:	e0 80       	ld	r14, Z
     a8c:	f1 80       	ldd	r15, Z+1	; 0x01
     a8e:	0e 15       	cp	r16, r14
     a90:	1f 05       	cpc	r17, r15
     a92:	0c f0       	brlt	.+2      	; 0xa96 <ADVcapacitiveSensor::touch()+0xa6>
     a94:	a3 c0       	rjmp	.+326    	; 0xbdc <ADVcapacitiveSensor::touch()+0x1ec>
c:\Users\advisor\Documents\Arduino\libraries\ADVcapacitiveSensor/ADVcapacitiveSensor.cpp:44
    double val = 0;
    unsigned long starttim;
    digitalWrite(SEND, HIGH);
     a96:	61 e0       	ldi	r22, 0x01	; 1
     a98:	80 85       	ldd	r24, Z+8	; 0x08
     a9a:	0e 94 34 01 	call	0x268	; 0x268 <digitalWrite>
c:\Users\advisor\Documents\Arduino\libraries\ADVcapacitiveSensor/ADVcapacitiveSensor.cpp:45
    starttim = micros();
     a9e:	0e 94 c1 01 	call	0x382	; 0x382 <micros>
     aa2:	2b 01       	movw	r4, r22
     aa4:	3c 01       	movw	r6, r24
c:\Users\advisor\Documents\Arduino\libraries\ADVcapacitiveSensor/ADVcapacitiveSensor.cpp:42

double ADVcapacitiveSensor::touch() {
  double VAL[FREQUENCY];
  double INPUTTHRESHOLD = VOLTAGE * 1024 / 5 * 0.9;
  for (int i = 0; i < FREQUENCY; i++) {
    double val = 0;
     aa6:	c1 2c       	mov	r12, r1
     aa8:	d1 2c       	mov	r13, r1
     aaa:	76 01       	movw	r14, r12
c:\Users\advisor\Documents\Arduino\libraries\ADVcapacitiveSensor/ADVcapacitiveSensor.cpp:46
    unsigned long starttim;
    digitalWrite(SEND, HIGH);
    starttim = micros();
    while (analogRead(RECEIVE) < INPUTTHRESHOLD) {
     aac:	f1 01       	movw	r30, r2
     aae:	82 85       	ldd	r24, Z+10	; 0x0a
     ab0:	0e 94 9e 01 	call	0x33c	; 0x33c <analogRead>
     ab4:	bc 01       	movw	r22, r24
     ab6:	99 0f       	add	r25, r25
     ab8:	88 0b       	sbc	r24, r24
     aba:	99 0b       	sbc	r25, r25
     abc:	0e 94 9d 15 	call	0x2b3a	; 0x2b3a <__floatsisf>
     ac0:	a5 01       	movw	r20, r10
     ac2:	94 01       	movw	r18, r8
     ac4:	0e 94 ee 14 	call	0x29dc	; 0x29dc <__cmpsf2>
     ac8:	87 ff       	sbrs	r24, 7
     aca:	63 c0       	rjmp	.+198    	; 0xb92 <ADVcapacitiveSensor::touch()+0x1a2>
c:\Users\advisor\Documents\Arduino\libraries\ADVcapacitiveSensor/ADVcapacitiveSensor.cpp:47
      val = micros() - starttim;
     acc:	0e 94 c1 01 	call	0x382	; 0x382 <micros>
     ad0:	64 19       	sub	r22, r4
     ad2:	75 09       	sbc	r23, r5
     ad4:	86 09       	sbc	r24, r6
     ad6:	97 09       	sbc	r25, r7
     ad8:	0e 94 9b 15 	call	0x2b36	; 0x2b36 <__floatunsisf>
     adc:	6b 01       	movw	r12, r22
     ade:	7c 01       	movw	r14, r24
c:\Users\advisor\Documents\Arduino\libraries\ADVcapacitiveSensor/ADVcapacitiveSensor.cpp:48
      if (val > BREAKTHRESHOLD) {
     ae0:	f1 01       	movw	r30, r2
     ae2:	62 81       	ldd	r22, Z+2	; 0x02
     ae4:	73 81       	ldd	r23, Z+3	; 0x03
     ae6:	07 2e       	mov	r0, r23
     ae8:	00 0c       	add	r0, r0
     aea:	88 0b       	sbc	r24, r24
     aec:	99 0b       	sbc	r25, r25
     aee:	0e 94 9d 15 	call	0x2b3a	; 0x2b3a <__floatsisf>
     af2:	a7 01       	movw	r20, r14
     af4:	96 01       	movw	r18, r12
     af6:	0e 94 ee 14 	call	0x29dc	; 0x29dc <__cmpsf2>
     afa:	87 ff       	sbrs	r24, 7
     afc:	d7 cf       	rjmp	.-82     	; 0xaac <ADVcapacitiveSensor::touch()+0xbc>
c:\Users\advisor\Documents\Arduino\libraries\ADVcapacitiveSensor/ADVcapacitiveSensor.cpp:49
        int tim = micros() - starttim;
     afe:	0e 94 c1 01 	call	0x382	; 0x382 <micros>
     b02:	6b 83       	std	Y+3, r22	; 0x03
     b04:	7c 83       	std	Y+4, r23	; 0x04
     b06:	8d 83       	std	Y+5, r24	; 0x05
     b08:	9e 83       	std	Y+6, r25	; 0x06
c:\Users\advisor\Documents\Arduino\libraries\ADVcapacitiveSensor/ADVcapacitiveSensor.cpp:50
        int vol = analogRead(RECEIVE);
     b0a:	f1 01       	movw	r30, r2
     b0c:	82 85       	ldd	r24, Z+10	; 0x0a
     b0e:	0e 94 9e 01 	call	0x33c	; 0x33c <analogRead>
c:\Users\advisor\Documents\Arduino\libraries\ADVcapacitiveSensor/ADVcapacitiveSensor.cpp:51
        double gamma = -log(1 - vol / (INPUTTHRESHOLD / 0.9)) / tim;
     b12:	bc 01       	movw	r22, r24
     b14:	99 0f       	add	r25, r25
     b16:	88 0b       	sbc	r24, r24
     b18:	99 0b       	sbc	r25, r25
     b1a:	0e 94 9d 15 	call	0x2b3a	; 0x2b3a <__floatsisf>
     b1e:	6b 01       	movw	r12, r22
     b20:	7c 01       	movw	r14, r24
     b22:	26 e6       	ldi	r18, 0x66	; 102
     b24:	36 e6       	ldi	r19, 0x66	; 102
     b26:	46 e6       	ldi	r20, 0x66	; 102
     b28:	5f e3       	ldi	r21, 0x3F	; 63
     b2a:	c5 01       	movw	r24, r10
     b2c:	b4 01       	movw	r22, r8
     b2e:	0e 94 f3 14 	call	0x29e6	; 0x29e6 <__divsf3>
     b32:	9b 01       	movw	r18, r22
     b34:	ac 01       	movw	r20, r24
     b36:	c7 01       	movw	r24, r14
     b38:	b6 01       	movw	r22, r12
     b3a:	0e 94 f3 14 	call	0x29e6	; 0x29e6 <__divsf3>
     b3e:	9b 01       	movw	r18, r22
     b40:	ac 01       	movw	r20, r24
     b42:	60 e0       	ldi	r22, 0x00	; 0
     b44:	70 e0       	ldi	r23, 0x00	; 0
     b46:	80 e8       	ldi	r24, 0x80	; 128
     b48:	9f e3       	ldi	r25, 0x3F	; 63
     b4a:	0e 94 81 14 	call	0x2902	; 0x2902 <__subsf3>
     b4e:	0e 94 5a 16 	call	0x2cb4	; 0x2cb4 <log>
     b52:	6b 01       	movw	r12, r22
     b54:	7c 01       	movw	r14, r24
     b56:	f7 fa       	bst	r15, 7
     b58:	f0 94       	com	r15
     b5a:	f7 f8       	bld	r15, 7
     b5c:	f0 94       	com	r15
c:\Users\advisor\Documents\Arduino\libraries\ADVcapacitiveSensor/ADVcapacitiveSensor.cpp:49
    digitalWrite(SEND, HIGH);
    starttim = micros();
    while (analogRead(RECEIVE) < INPUTTHRESHOLD) {
      val = micros() - starttim;
      if (val > BREAKTHRESHOLD) {
        int tim = micros() - starttim;
     b5e:	6b 81       	ldd	r22, Y+3	; 0x03
     b60:	7c 81       	ldd	r23, Y+4	; 0x04
     b62:	64 19       	sub	r22, r4
     b64:	75 09       	sbc	r23, r5
c:\Users\advisor\Documents\Arduino\libraries\ADVcapacitiveSensor/ADVcapacitiveSensor.cpp:51
        int vol = analogRead(RECEIVE);
        double gamma = -log(1 - vol / (INPUTTHRESHOLD / 0.9)) / tim;
     b66:	07 2e       	mov	r0, r23
     b68:	00 0c       	add	r0, r0
     b6a:	88 0b       	sbc	r24, r24
     b6c:	99 0b       	sbc	r25, r25
     b6e:	0e 94 9d 15 	call	0x2b3a	; 0x2b3a <__floatsisf>
     b72:	9b 01       	movw	r18, r22
     b74:	ac 01       	movw	r20, r24
     b76:	c7 01       	movw	r24, r14
     b78:	b6 01       	movw	r22, r12
     b7a:	0e 94 f3 14 	call	0x29e6	; 0x29e6 <__divsf3>
     b7e:	9b 01       	movw	r18, r22
     b80:	ac 01       	movw	r20, r24
c:\Users\advisor\Documents\Arduino\libraries\ADVcapacitiveSensor/ADVcapacitiveSensor.cpp:52
        val = -log(1 - 0.9) / gamma;
     b82:	6d e8       	ldi	r22, 0x8D	; 141
     b84:	7d e5       	ldi	r23, 0x5D	; 93
     b86:	83 e1       	ldi	r24, 0x13	; 19
     b88:	90 e4       	ldi	r25, 0x40	; 64
     b8a:	0e 94 f3 14 	call	0x29e6	; 0x29e6 <__divsf3>
     b8e:	6b 01       	movw	r12, r22
     b90:	7c 01       	movw	r14, r24
c:\Users\advisor\Documents\Arduino\libraries\ADVcapacitiveSensor/ADVcapacitiveSensor.cpp:56
        break;
      }
    }
    digitalWrite(SEND, LOW);
     b92:	60 e0       	ldi	r22, 0x00	; 0
     b94:	f1 01       	movw	r30, r2
     b96:	80 85       	ldd	r24, Z+8	; 0x08
     b98:	0e 94 34 01 	call	0x268	; 0x268 <digitalWrite>
c:\Users\advisor\Documents\Arduino\libraries\ADVcapacitiveSensor/ADVcapacitiveSensor.cpp:57
    delayMicroseconds(10);
     b9c:	8a e0       	ldi	r24, 0x0A	; 10
     b9e:	90 e0       	ldi	r25, 0x00	; 0
     ba0:	0e 94 b6 01 	call	0x36c	; 0x36c <delayMicroseconds>
c:\Users\advisor\Documents\Arduino\libraries\ADVcapacitiveSensor/ADVcapacitiveSensor.cpp:59

    if (val > 0) {
     ba4:	20 e0       	ldi	r18, 0x00	; 0
     ba6:	30 e0       	ldi	r19, 0x00	; 0
     ba8:	a9 01       	movw	r20, r18
     baa:	c7 01       	movw	r24, r14
     bac:	b6 01       	movw	r22, r12
     bae:	0e 94 4d 16 	call	0x2c9a	; 0x2c9a <__gesf2>
     bb2:	18 16       	cp	r1, r24
     bb4:	84 f4       	brge	.+32     	; 0xbd6 <ADVcapacitiveSensor::touch()+0x1e6>
c:\Users\advisor\Documents\Arduino\libraries\ADVcapacitiveSensor/ADVcapacitiveSensor.cpp:60
      VAL[i] = val;
     bb6:	f8 01       	movw	r30, r16
     bb8:	ee 0f       	add	r30, r30
     bba:	ff 1f       	adc	r31, r31
     bbc:	ee 0f       	add	r30, r30
     bbe:	ff 1f       	adc	r31, r31
     bc0:	29 81       	ldd	r18, Y+1	; 0x01
     bc2:	3a 81       	ldd	r19, Y+2	; 0x02
     bc4:	e2 0f       	add	r30, r18
     bc6:	f3 1f       	adc	r31, r19
     bc8:	c0 82       	st	Z, r12
     bca:	d1 82       	std	Z+1, r13	; 0x01
     bcc:	e2 82       	std	Z+2, r14	; 0x02
     bce:	f3 82       	std	Z+3, r15	; 0x03
c:\Users\advisor\Documents\Arduino\libraries\ADVcapacitiveSensor/ADVcapacitiveSensor.cpp:41
}

double ADVcapacitiveSensor::touch() {
  double VAL[FREQUENCY];
  double INPUTTHRESHOLD = VOLTAGE * 1024 / 5 * 0.9;
  for (int i = 0; i < FREQUENCY; i++) {
     bd0:	0f 5f       	subi	r16, 0xFF	; 255
     bd2:	1f 4f       	sbci	r17, 0xFF	; 255
     bd4:	59 cf       	rjmp	.-334    	; 0xa88 <ADVcapacitiveSensor::touch()+0x98>
c:\Users\advisor\Documents\Arduino\libraries\ADVcapacitiveSensor/ADVcapacitiveSensor.cpp:62
    delayMicroseconds(10);

    if (val > 0) {
      VAL[i] = val;
    } else
      i--;
     bd6:	01 50       	subi	r16, 0x01	; 1
     bd8:	11 09       	sbc	r17, r1
     bda:	fa cf       	rjmp	.-12     	; 0xbd0 <ADVcapacitiveSensor::touch()+0x1e0>
c:\Users\advisor\Documents\Arduino\libraries\ADVcapacitiveSensor/ADVcapacitiveSensor.cpp:66
  }
  sort(VAL);
  double VALsum = 0;
  int except = FREQUENCY * EXCEPTRATIO;
     bdc:	b7 01       	movw	r22, r14
     bde:	0f 2c       	mov	r0, r15
     be0:	00 0c       	add	r0, r0
     be2:	88 0b       	sbc	r24, r24
     be4:	99 0b       	sbc	r25, r25
     be6:	0e 94 9d 15 	call	0x2b3a	; 0x2b3a <__floatsisf>
     bea:	f1 01       	movw	r30, r2
     bec:	24 81       	ldd	r18, Z+4	; 0x04
     bee:	35 81       	ldd	r19, Z+5	; 0x05
     bf0:	46 81       	ldd	r20, Z+6	; 0x06
     bf2:	57 81       	ldd	r21, Z+7	; 0x07
     bf4:	0e 94 a2 16 	call	0x2d44	; 0x2d44 <__mulsf3>
     bf8:	0e 94 65 15 	call	0x2aca	; 0x2aca <__fixsfsi>
     bfc:	2b 01       	movw	r4, r22
     bfe:	8b 01       	movw	r16, r22
     c00:	00 0f       	add	r16, r16
     c02:	11 1f       	adc	r17, r17
     c04:	00 0f       	add	r16, r16
     c06:	11 1f       	adc	r17, r17
     c08:	29 81       	ldd	r18, Y+1	; 0x01
     c0a:	3a 81       	ldd	r19, Y+2	; 0x02
     c0c:	02 0f       	add	r16, r18
     c0e:	13 1f       	adc	r17, r19
c:\Users\advisor\Documents\Arduino\libraries\ADVcapacitiveSensor/ADVcapacitiveSensor.cpp:67
  for (int i = except;i < FREQUENCY - except;i++)
     c10:	62 01       	movw	r12, r4
c:\Users\advisor\Documents\Arduino\libraries\ADVcapacitiveSensor/ADVcapacitiveSensor.cpp:65
      VAL[i] = val;
    } else
      i--;
  }
  sort(VAL);
  double VALsum = 0;
     c12:	81 2c       	mov	r8, r1
     c14:	91 2c       	mov	r9, r1
     c16:	54 01       	movw	r10, r8
c:\Users\advisor\Documents\Arduino\libraries\ADVcapacitiveSensor/ADVcapacitiveSensor.cpp:67
  int except = FREQUENCY * EXCEPTRATIO;
  for (int i = except;i < FREQUENCY - except;i++)
     c18:	e4 18       	sub	r14, r4
     c1a:	f5 08       	sbc	r15, r5
     c1c:	ce 14       	cp	r12, r14
     c1e:	df 04       	cpc	r13, r15
     c20:	84 f4       	brge	.+32     	; 0xc42 <ADVcapacitiveSensor::touch()+0x252>
c:\Users\advisor\Documents\Arduino\libraries\ADVcapacitiveSensor/ADVcapacitiveSensor.cpp:68
    VALsum += VAL[i];
     c22:	f8 01       	movw	r30, r16
     c24:	21 91       	ld	r18, Z+
     c26:	31 91       	ld	r19, Z+
     c28:	41 91       	ld	r20, Z+
     c2a:	51 91       	ld	r21, Z+
     c2c:	8f 01       	movw	r16, r30
     c2e:	c5 01       	movw	r24, r10
     c30:	b4 01       	movw	r22, r8
     c32:	0e 94 82 14 	call	0x2904	; 0x2904 <__addsf3>
     c36:	4b 01       	movw	r8, r22
     c38:	5c 01       	movw	r10, r24
c:\Users\advisor\Documents\Arduino\libraries\ADVcapacitiveSensor/ADVcapacitiveSensor.cpp:67
      i--;
  }
  sort(VAL);
  double VALsum = 0;
  int except = FREQUENCY * EXCEPTRATIO;
  for (int i = except;i < FREQUENCY - except;i++)
     c3a:	ff ef       	ldi	r31, 0xFF	; 255
     c3c:	cf 1a       	sub	r12, r31
     c3e:	df 0a       	sbc	r13, r31
     c40:	ed cf       	rjmp	.-38     	; 0xc1c <ADVcapacitiveSensor::touch()+0x22c>
c:\Users\advisor\Documents\Arduino\libraries\ADVcapacitiveSensor/ADVcapacitiveSensor.cpp:69
    VALsum += VAL[i];
  int dev = FREQUENCY - 2 * except;
     c42:	e4 18       	sub	r14, r4
     c44:	f5 08       	sbc	r15, r5
c:\Users\advisor\Documents\Arduino\libraries\ADVcapacitiveSensor/ADVcapacitiveSensor.cpp:70
  return VALsum / dev - OFFSETZERO;
     c46:	b7 01       	movw	r22, r14
     c48:	ff 0c       	add	r15, r15
     c4a:	88 0b       	sbc	r24, r24
     c4c:	99 0b       	sbc	r25, r25
     c4e:	0e 94 9d 15 	call	0x2b3a	; 0x2b3a <__floatsisf>
     c52:	9b 01       	movw	r18, r22
     c54:	ac 01       	movw	r20, r24
     c56:	c5 01       	movw	r24, r10
     c58:	b4 01       	movw	r22, r8
     c5a:	0e 94 f3 14 	call	0x29e6	; 0x29e6 <__divsf3>
     c5e:	f1 01       	movw	r30, r2
     c60:	20 89       	ldd	r18, Z+16	; 0x10
     c62:	31 89       	ldd	r19, Z+17	; 0x11
     c64:	42 89       	ldd	r20, Z+18	; 0x12
     c66:	53 89       	ldd	r21, Z+19	; 0x13
     c68:	0e 94 81 14 	call	0x2902	; 0x2902 <__subsf3>
c:\Users\advisor\Documents\Arduino\libraries\ADVcapacitiveSensor/ADVcapacitiveSensor.cpp:71
}
     c6c:	2f 81       	ldd	r18, Y+7	; 0x07
     c6e:	38 85       	ldd	r19, Y+8	; 0x08
     c70:	0f b6       	in	r0, 0x3f	; 63
     c72:	f8 94       	cli
     c74:	3e bf       	out	0x3e, r19	; 62
     c76:	0f be       	out	0x3f, r0	; 63
     c78:	2d bf       	out	0x3d, r18	; 61
     c7a:	28 96       	adiw	r28, 0x08	; 8
     c7c:	0f b6       	in	r0, 0x3f	; 63
     c7e:	f8 94       	cli
     c80:	de bf       	out	0x3e, r29	; 62
     c82:	0f be       	out	0x3f, r0	; 63
     c84:	cd bf       	out	0x3d, r28	; 61
     c86:	df 91       	pop	r29
     c88:	cf 91       	pop	r28
     c8a:	1f 91       	pop	r17
     c8c:	0f 91       	pop	r16
     c8e:	ff 90       	pop	r15
     c90:	ef 90       	pop	r14
     c92:	df 90       	pop	r13
     c94:	cf 90       	pop	r12
     c96:	bf 90       	pop	r11
     c98:	af 90       	pop	r10
     c9a:	9f 90       	pop	r9
     c9c:	8f 90       	pop	r8
     c9e:	7f 90       	pop	r7
     ca0:	6f 90       	pop	r6
     ca2:	5f 90       	pop	r5
     ca4:	4f 90       	pop	r4
     ca6:	3f 90       	pop	r3
     ca8:	2f 90       	pop	r2
     caa:	08 95       	ret

00000cac <ADVcapacitiveSensor::booltouch()>:
booltouch():
c:\Users\advisor\Documents\Arduino\libraries\ADVcapacitiveSensor/ADVcapacitiveSensor.cpp:73

bool ADVcapacitiveSensor::booltouch() {
     cac:	cf 92       	push	r12
     cae:	df 92       	push	r13
     cb0:	ef 92       	push	r14
     cb2:	ff 92       	push	r15
     cb4:	0f 93       	push	r16
     cb6:	1f 93       	push	r17
     cb8:	cf 93       	push	r28
     cba:	df 93       	push	r29
     cbc:	8c 01       	movw	r16, r24
     cbe:	c6 e0       	ldi	r28, 0x06	; 6
     cc0:	d0 e0       	ldi	r29, 0x00	; 0
c:\Users\advisor\Documents\Arduino\libraries\ADVcapacitiveSensor/ADVcapacitiveSensor.cpp:74
  double valtouch = 0.00;
     cc2:	c1 2c       	mov	r12, r1
     cc4:	d1 2c       	mov	r13, r1
     cc6:	76 01       	movw	r14, r12
c:\Users\advisor\Documents\Arduino\libraries\ADVcapacitiveSensor/ADVcapacitiveSensor.cpp:76
  for (int i = 0; i < 6; i++) { // take tree readings
	valtouch += ADVcapacitiveSensor::touch();
     cc8:	c8 01       	movw	r24, r16
     cca:	0e 94 f8 04 	call	0x9f0	; 0x9f0 <ADVcapacitiveSensor::touch()>
     cce:	9b 01       	movw	r18, r22
     cd0:	ac 01       	movw	r20, r24
     cd2:	c7 01       	movw	r24, r14
     cd4:	b6 01       	movw	r22, r12
     cd6:	0e 94 82 14 	call	0x2904	; 0x2904 <__addsf3>
     cda:	6b 01       	movw	r12, r22
     cdc:	7c 01       	movw	r14, r24
     cde:	21 97       	sbiw	r28, 0x01	; 1
c:\Users\advisor\Documents\Arduino\libraries\ADVcapacitiveSensor/ADVcapacitiveSensor.cpp:75
  return VALsum / dev - OFFSETZERO;
}

bool ADVcapacitiveSensor::booltouch() {
  double valtouch = 0.00;
  for (int i = 0; i < 6; i++) { // take tree readings
     ce0:	99 f7       	brne	.-26     	; 0xcc8 <ADVcapacitiveSensor::booltouch()+0x1c>
c:\Users\advisor\Documents\Arduino\libraries\ADVcapacitiveSensor/ADVcapacitiveSensor.cpp:78
	valtouch += ADVcapacitiveSensor::touch();
  }
  return valtouch > OFFSETZERO ? HIGH:LOW;
     ce2:	ac 01       	movw	r20, r24
     ce4:	9b 01       	movw	r18, r22
     ce6:	f8 01       	movw	r30, r16
     ce8:	60 89       	ldd	r22, Z+16	; 0x10
     cea:	71 89       	ldd	r23, Z+17	; 0x11
     cec:	82 89       	ldd	r24, Z+18	; 0x12
     cee:	93 89       	ldd	r25, Z+19	; 0x13
     cf0:	0e 94 ee 14 	call	0x29dc	; 0x29dc <__cmpsf2>
c:\Users\advisor\Documents\Arduino\libraries\ADVcapacitiveSensor/ADVcapacitiveSensor.cpp:79
     cf4:	88 1f       	adc	r24, r24
     cf6:	88 27       	eor	r24, r24
     cf8:	88 1f       	adc	r24, r24
     cfa:	df 91       	pop	r29
     cfc:	cf 91       	pop	r28
     cfe:	1f 91       	pop	r17
     d00:	0f 91       	pop	r16
     d02:	ff 90       	pop	r15
     d04:	ef 90       	pop	r14
     d06:	df 90       	pop	r13
     d08:	cf 90       	pop	r12
     d0a:	08 95       	ret

00000d0c <EEPROMClass::write(int, unsigned char) [clone .isra.1]>:
operator=():
C:\Users\advisor\AppData\Local\Arduino15\packages\MiniCore\hardware\avr\3.1.1\libraries\EEPROM\src/EEPROM.h:47
    uint8_t operator*() const            { return eeprom_read_byte( (uint8_t*) index ); }
    operator uint8_t() const             { return **this; }
    
    //Assignment/write members.
    EERef &operator=( const EERef &ref ) { return *this = *ref; }
    EERef &operator=( uint8_t in )       { return eeprom_write_byte( (uint8_t*) index, in ), *this;  }
     d0c:	0c 94 73 14 	jmp	0x28e6	; 0x28e6 <eeprom_write_byte>

00000d10 <float const& EEPROMClass::put<float>(int, float const&) [clone .isra.4]>:
_ZN11EEPROMClass3putIfEERKT_iS3_.isra.4():
C:\Users\advisor\AppData\Local\Arduino15\packages\MiniCore\hardware\avr\3.1.1\libraries\EEPROM\src/EEPROM.h:137
        uint8_t *ptr = (uint8_t*) &t;
        for( int count = sizeof(T) ; count ; --count, ++e )  *ptr++ = *e;
        return t;
    }
    
    template< typename T > const T &put( int idx, const T &t ){
     d10:	9f 92       	push	r9
     d12:	af 92       	push	r10
     d14:	bf 92       	push	r11
     d16:	cf 92       	push	r12
     d18:	df 92       	push	r13
     d1a:	ef 92       	push	r14
     d1c:	ff 92       	push	r15
     d1e:	0f 93       	push	r16
     d20:	1f 93       	push	r17
     d22:	cf 93       	push	r28
     d24:	df 93       	push	r29
     d26:	5c 01       	movw	r10, r24
     d28:	7b 01       	movw	r14, r22
     d2a:	8b 01       	movw	r16, r22
     d2c:	d0 e0       	ldi	r29, 0x00	; 0
     d2e:	c0 e0       	ldi	r28, 0x00	; 0
C:\Users\advisor\AppData\Local\Arduino15\packages\MiniCore\hardware\avr\3.1.1\libraries\EEPROM\src/EEPROM.h:140
        EEPtr e = idx;
        const uint8_t *ptr = (const uint8_t*) &t;
        for( int count = sizeof(T) ; count ; --count, ++e )  (*e).update( *ptr++ );
     d30:	f8 01       	movw	r30, r16
     d32:	91 90       	ld	r9, Z+
     d34:	8f 01       	movw	r16, r30
     d36:	65 01       	movw	r12, r10
     d38:	cc 0e       	add	r12, r28
     d3a:	dd 1e       	adc	r13, r29
operator*():
C:\Users\advisor\AppData\Local\Arduino15\packages\MiniCore\hardware\avr\3.1.1\libraries\EEPROM\src/EEPROM.h:42

    EERef( const int index )
        : index( index )                 {}
    
    //Access/read members.
    uint8_t operator*() const            { return eeprom_read_byte( (uint8_t*) index ); }
     d3c:	c6 01       	movw	r24, r12
     d3e:	0e 94 6b 14 	call	0x28d6	; 0x28d6 <eeprom_read_byte>
update():
C:\Users\advisor\AppData\Local\Arduino15\packages\MiniCore\hardware\avr\3.1.1\libraries\EEPROM\src/EEPROM.h:59
    EERef &operator &=( uint8_t in )     { return *this = **this & in; }
    EERef &operator |=( uint8_t in )     { return *this = **this | in; }
    EERef &operator <<=( uint8_t in )    { return *this = **this << in; }
    EERef &operator >>=( uint8_t in )    { return *this = **this >> in; }
    
    EERef &update( uint8_t in )          { return  in != *this ? *this = in : *this; }
     d42:	98 16       	cp	r9, r24
     d44:	21 f0       	breq	.+8      	; 0xd4e <float const& EEPROMClass::put<float>(int, float const&) [clone .isra.4]+0x3e>
operator=():
C:\Users\advisor\AppData\Local\Arduino15\packages\MiniCore\hardware\avr\3.1.1\libraries\EEPROM\src/EEPROM.h:47
    uint8_t operator*() const            { return eeprom_read_byte( (uint8_t*) index ); }
    operator uint8_t() const             { return **this; }
    
    //Assignment/write members.
    EERef &operator=( const EERef &ref ) { return *this = *ref; }
    EERef &operator=( uint8_t in )       { return eeprom_write_byte( (uint8_t*) index, in ), *this;  }
     d46:	69 2d       	mov	r22, r9
     d48:	c6 01       	movw	r24, r12
     d4a:	0e 94 73 14 	call	0x28e6	; 0x28e6 <eeprom_write_byte>
     d4e:	21 96       	adiw	r28, 0x01	; 1
_ZN11EEPROMClass3putIfEERKT_iS3_.isra.4():
C:\Users\advisor\AppData\Local\Arduino15\packages\MiniCore\hardware\avr\3.1.1\libraries\EEPROM\src/EEPROM.h:140
    }
    
    template< typename T > const T &put( int idx, const T &t ){
        EEPtr e = idx;
        const uint8_t *ptr = (const uint8_t*) &t;
        for( int count = sizeof(T) ; count ; --count, ++e )  (*e).update( *ptr++ );
     d50:	c4 30       	cpi	r28, 0x04	; 4
     d52:	d1 05       	cpc	r29, r1
     d54:	69 f7       	brne	.-38     	; 0xd30 <float const& EEPROMClass::put<float>(int, float const&) [clone .isra.4]+0x20>
C:\Users\advisor\AppData\Local\Arduino15\packages\MiniCore\hardware\avr\3.1.1\libraries\EEPROM\src/EEPROM.h:142
        return t;
    }
     d56:	c7 01       	movw	r24, r14
     d58:	df 91       	pop	r29
     d5a:	cf 91       	pop	r28
     d5c:	1f 91       	pop	r17
     d5e:	0f 91       	pop	r16
     d60:	ff 90       	pop	r15
     d62:	ef 90       	pop	r14
     d64:	df 90       	pop	r13
     d66:	cf 90       	pop	r12
     d68:	bf 90       	pop	r11
     d6a:	af 90       	pop	r10
     d6c:	9f 90       	pop	r9
     d6e:	08 95       	ret

00000d70 <float& EEPROMClass::get<float>(int, float&) [clone .isra.3]>:
_ZN11EEPROMClass3getIfEERT_iS2_.isra.3():
C:\Users\advisor\AppData\Local\Arduino15\packages\MiniCore\hardware\avr\3.1.1\libraries\EEPROM\src/EEPROM.h:130
    EEPtr begin()                        { return 0x00; }
    EEPtr end()                          { return length(); } //Standards requires this to be the item after the last valid entry. The returned pointer is invalid.
    uint16_t length()                    { return E2END + 1; }
    
    //Functionality to 'get' and 'put' objects to and from EEPROM.
    template< typename T > T &get( int idx, T &t ){
     d70:	cf 92       	push	r12
     d72:	df 92       	push	r13
     d74:	ef 92       	push	r14
     d76:	ff 92       	push	r15
     d78:	0f 93       	push	r16
     d7a:	1f 93       	push	r17
     d7c:	cf 93       	push	r28
     d7e:	df 93       	push	r29
     d80:	eb 01       	movw	r28, r22
     d82:	7b 01       	movw	r14, r22
     d84:	24 e0       	ldi	r18, 0x04	; 4
     d86:	e2 0e       	add	r14, r18
     d88:	f1 1c       	adc	r15, r1
     d8a:	8b 01       	movw	r16, r22
operator*():
C:\Users\advisor\AppData\Local\Arduino15\packages\MiniCore\hardware\avr\3.1.1\libraries\EEPROM\src/EEPROM.h:42

    EERef( const int index )
        : index( index )                 {}
    
    //Access/read members.
    uint8_t operator*() const            { return eeprom_read_byte( (uint8_t*) index ); }
     d8c:	6c 01       	movw	r12, r24
     d8e:	c6 1a       	sub	r12, r22
     d90:	d7 0a       	sbc	r13, r23
     d92:	c6 01       	movw	r24, r12
     d94:	80 0f       	add	r24, r16
     d96:	91 1f       	adc	r25, r17
     d98:	0e 94 6b 14 	call	0x28d6	; 0x28d6 <eeprom_read_byte>
_ZN11EEPROMClass3getIfEERT_iS2_.isra.3():
C:\Users\advisor\AppData\Local\Arduino15\packages\MiniCore\hardware\avr\3.1.1\libraries\EEPROM\src/EEPROM.h:133
    
    //Functionality to 'get' and 'put' objects to and from EEPROM.
    template< typename T > T &get( int idx, T &t ){
        EEPtr e = idx;
        uint8_t *ptr = (uint8_t*) &t;
        for( int count = sizeof(T) ; count ; --count, ++e )  *ptr++ = *e;
     d9c:	f8 01       	movw	r30, r16
     d9e:	81 93       	st	Z+, r24
     da0:	8f 01       	movw	r16, r30
     da2:	ee 15       	cp	r30, r14
     da4:	ff 05       	cpc	r31, r15
     da6:	a9 f7       	brne	.-22     	; 0xd92 <float& EEPROMClass::get<float>(int, float&) [clone .isra.3]+0x22>
C:\Users\advisor\AppData\Local\Arduino15\packages\MiniCore\hardware\avr\3.1.1\libraries\EEPROM\src/EEPROM.h:135
        return t;
    }
     da8:	ce 01       	movw	r24, r28
     daa:	df 91       	pop	r29
     dac:	cf 91       	pop	r28
     dae:	1f 91       	pop	r17
     db0:	0f 91       	pop	r16
     db2:	ff 90       	pop	r15
     db4:	ef 90       	pop	r14
     db6:	df 90       	pop	r13
     db8:	cf 90       	pop	r12
     dba:	08 95       	ret

00000dbc <EEPROMClass::read(int) [clone .isra.0]>:
operator*():
C:\Users\advisor\AppData\Local\Arduino15\packages\MiniCore\hardware\avr\3.1.1\libraries\EEPROM\src/EEPROM.h:42

    EERef( const int index )
        : index( index )                 {}
    
    //Access/read members.
    uint8_t operator*() const            { return eeprom_read_byte( (uint8_t*) index ); }
     dbc:	0c 94 6b 14 	jmp	0x28d6	; 0x28d6 <eeprom_read_byte>

00000dc0 <__vector_16>:
__vector_16():
C:\Users\advisor\AppData\Local\Arduino15\packages\MiniCore\hardware\avr\3.1.1\cores\MCUdude_corefiles/wiring.c:159
#if defined(__AVR_ATtiny24__) || defined(__AVR_ATtiny44__) || defined(__AVR_ATtiny84__)
ISR(TIM0_OVF_vect)
#else
ISR(TIMER0_OVF_vect)
#endif
{
     dc0:	1f 92       	push	r1
     dc2:	0f 92       	push	r0
     dc4:	0f b6       	in	r0, 0x3f	; 63
     dc6:	0f 92       	push	r0
     dc8:	11 24       	eor	r1, r1
     dca:	2f 93       	push	r18
     dcc:	3f 93       	push	r19
     dce:	8f 93       	push	r24
     dd0:	9f 93       	push	r25
     dd2:	af 93       	push	r26
     dd4:	bf 93       	push	r27
C:\Users\advisor\AppData\Local\Arduino15\packages\MiniCore\hardware\avr\3.1.1\cores\MCUdude_corefiles/wiring.c:167
  static unsigned char timer0_exact = 0;
#endif

  // copy these to local variables so they can be stored in registers
  // (volatile variables must be read from memory on every access, so this saves time)
  unsigned long m = timer0_millis;
     dd6:	80 91 30 05 	lds	r24, 0x0530	; 0x800530 <timer0_millis>
     dda:	90 91 31 05 	lds	r25, 0x0531	; 0x800531 <timer0_millis+0x1>
     dde:	a0 91 32 05 	lds	r26, 0x0532	; 0x800532 <timer0_millis+0x2>
     de2:	b0 91 33 05 	lds	r27, 0x0533	; 0x800533 <timer0_millis+0x3>
C:\Users\advisor\AppData\Local\Arduino15\packages\MiniCore\hardware\avr\3.1.1\cores\MCUdude_corefiles/wiring.c:168
  unsigned char f = timer0_fract;
     de6:	30 91 2f 05 	lds	r19, 0x052F	; 0x80052f <timer0_fract>
C:\Users\advisor\AppData\Local\Arduino15\packages\MiniCore\hardware\avr\3.1.1\cores\MCUdude_corefiles/wiring.c:170

  f += FRACT_INC FRACT_INC_PLUS;
     dea:	26 e0       	ldi	r18, 0x06	; 6
     dec:	23 0f       	add	r18, r19
C:\Users\advisor\AppData\Local\Arduino15\packages\MiniCore\hardware\avr\3.1.1\cores\MCUdude_corefiles/wiring.c:200
    ++f;
  }
#endif
#endif // CORRECT_EXACT_MILLIS

  if (f >= FRACT_MAX) {
     dee:	2d 37       	cpi	r18, 0x7D	; 125
     df0:	68 f1       	brcs	.+90     	; 0xe4c <__vector_16+0x8c>
C:\Users\advisor\AppData\Local\Arduino15\packages\MiniCore\hardware\avr\3.1.1\cores\MCUdude_corefiles/wiring.c:201
    f -= FRACT_MAX;
     df2:	29 e8       	ldi	r18, 0x89	; 137
     df4:	23 0f       	add	r18, r19
C:\Users\advisor\AppData\Local\Arduino15\packages\MiniCore\hardware\avr\3.1.1\cores\MCUdude_corefiles/wiring.c:202
    m += MILLIS_INC + 1;
     df6:	03 96       	adiw	r24, 0x03	; 3
     df8:	a1 1d       	adc	r26, r1
     dfa:	b1 1d       	adc	r27, r1
C:\Users\advisor\AppData\Local\Arduino15\packages\MiniCore\hardware\avr\3.1.1\cores\MCUdude_corefiles/wiring.c:208
  }
  else {
    m += MILLIS_INC;
  }

  timer0_fract = f;
     dfc:	20 93 2f 05 	sts	0x052F, r18	; 0x80052f <timer0_fract>
C:\Users\advisor\AppData\Local\Arduino15\packages\MiniCore\hardware\avr\3.1.1\cores\MCUdude_corefiles/wiring.c:209
  timer0_millis = m;
     e00:	80 93 30 05 	sts	0x0530, r24	; 0x800530 <timer0_millis>
     e04:	90 93 31 05 	sts	0x0531, r25	; 0x800531 <timer0_millis+0x1>
     e08:	a0 93 32 05 	sts	0x0532, r26	; 0x800532 <timer0_millis+0x2>
     e0c:	b0 93 33 05 	sts	0x0533, r27	; 0x800533 <timer0_millis+0x3>
C:\Users\advisor\AppData\Local\Arduino15\packages\MiniCore\hardware\avr\3.1.1\cores\MCUdude_corefiles/wiring.c:211
#ifndef CORRECT_EXACT_MICROS
  timer0_overflow_count++;
     e10:	80 91 34 05 	lds	r24, 0x0534	; 0x800534 <timer0_overflow_count>
     e14:	90 91 35 05 	lds	r25, 0x0535	; 0x800535 <timer0_overflow_count+0x1>
     e18:	a0 91 36 05 	lds	r26, 0x0536	; 0x800536 <timer0_overflow_count+0x2>
     e1c:	b0 91 37 05 	lds	r27, 0x0537	; 0x800537 <timer0_overflow_count+0x3>
     e20:	01 96       	adiw	r24, 0x01	; 1
     e22:	a1 1d       	adc	r26, r1
     e24:	b1 1d       	adc	r27, r1
     e26:	80 93 34 05 	sts	0x0534, r24	; 0x800534 <timer0_overflow_count>
     e2a:	90 93 35 05 	sts	0x0535, r25	; 0x800535 <timer0_overflow_count+0x1>
     e2e:	a0 93 36 05 	sts	0x0536, r26	; 0x800536 <timer0_overflow_count+0x2>
     e32:	b0 93 37 05 	sts	0x0537, r27	; 0x800537 <timer0_overflow_count+0x3>
C:\Users\advisor\AppData\Local\Arduino15\packages\MiniCore\hardware\avr\3.1.1\cores\MCUdude_corefiles/wiring.c:213
#endif
}
     e36:	bf 91       	pop	r27
     e38:	af 91       	pop	r26
     e3a:	9f 91       	pop	r25
     e3c:	8f 91       	pop	r24
     e3e:	3f 91       	pop	r19
     e40:	2f 91       	pop	r18
     e42:	0f 90       	pop	r0
     e44:	0f be       	out	0x3f, r0	; 63
     e46:	0f 90       	pop	r0
     e48:	1f 90       	pop	r1
     e4a:	18 95       	reti
C:\Users\advisor\AppData\Local\Arduino15\packages\MiniCore\hardware\avr\3.1.1\cores\MCUdude_corefiles/wiring.c:205
  if (f >= FRACT_MAX) {
    f -= FRACT_MAX;
    m += MILLIS_INC + 1;
  }
  else {
    m += MILLIS_INC;
     e4c:	02 96       	adiw	r24, 0x02	; 2
     e4e:	a1 1d       	adc	r26, r1
     e50:	b1 1d       	adc	r27, r1
     e52:	d4 cf       	rjmp	.-88     	; 0xdfc <__vector_16+0x3c>

00000e54 <__vector_2>:
__vector_2():
C:\Users\advisor\AppData\Local\Arduino15\packages\MiniCore\hardware\avr\3.1.1\cores\MCUdude_corefiles/WInterrupts.c:489
|| defined(__AVR_ATmega48PB__)  || defined(__AVR_ATmega88__)  || defined(__AVR_ATmega88P__)  \
|| defined(__AVR_ATmega88PB__)  || defined(__AVR_ATmega168__) || defined(__AVR_ATmega168P__) \
|| defined(__AVR_ATmega168PB__) || defined(__AVR_ATmega328__) || defined(__AVR_ATmega328P__) \
|| defined(__AVR_ATmega328PB__)
  IMPLEMENT_ISR(INT0_vect, EXTERNAL_INT_0)
  IMPLEMENT_ISR(INT1_vect, EXTERNAL_INT_1)
     e54:	1f 92       	push	r1
     e56:	0f 92       	push	r0
     e58:	0f b6       	in	r0, 0x3f	; 63
     e5a:	0f 92       	push	r0
     e5c:	11 24       	eor	r1, r1
     e5e:	2f 93       	push	r18
     e60:	3f 93       	push	r19
     e62:	4f 93       	push	r20
     e64:	5f 93       	push	r21
     e66:	6f 93       	push	r22
     e68:	7f 93       	push	r23
     e6a:	8f 93       	push	r24
     e6c:	9f 93       	push	r25
     e6e:	af 93       	push	r26
     e70:	bf 93       	push	r27
     e72:	ef 93       	push	r30
     e74:	ff 93       	push	r31
     e76:	e0 91 3e 01 	lds	r30, 0x013E	; 0x80013e <intFunc+0x2>
     e7a:	f0 91 3f 01 	lds	r31, 0x013F	; 0x80013f <intFunc+0x3>
     e7e:	09 95       	icall
     e80:	ff 91       	pop	r31
     e82:	ef 91       	pop	r30
     e84:	bf 91       	pop	r27
     e86:	af 91       	pop	r26
     e88:	9f 91       	pop	r25
     e8a:	8f 91       	pop	r24
     e8c:	7f 91       	pop	r23
     e8e:	6f 91       	pop	r22
     e90:	5f 91       	pop	r21
     e92:	4f 91       	pop	r20
     e94:	3f 91       	pop	r19
     e96:	2f 91       	pop	r18
     e98:	0f 90       	pop	r0
     e9a:	0f be       	out	0x3f, r0	; 63
     e9c:	0f 90       	pop	r0
     e9e:	1f 90       	pop	r1
     ea0:	18 95       	reti

00000ea2 <__vector_1>:
__vector_1():
C:\Users\advisor\AppData\Local\Arduino15\packages\MiniCore\hardware\avr\3.1.1\cores\MCUdude_corefiles/WInterrupts.c:488
#elif defined(__AVR_ATmega8__)  || defined(__AVR_ATmega48__)  || defined(__AVR_ATmega48P__)  \
|| defined(__AVR_ATmega48PB__)  || defined(__AVR_ATmega88__)  || defined(__AVR_ATmega88P__)  \
|| defined(__AVR_ATmega88PB__)  || defined(__AVR_ATmega168__) || defined(__AVR_ATmega168P__) \
|| defined(__AVR_ATmega168PB__) || defined(__AVR_ATmega328__) || defined(__AVR_ATmega328P__) \
|| defined(__AVR_ATmega328PB__)
  IMPLEMENT_ISR(INT0_vect, EXTERNAL_INT_0)
     ea2:	1f 92       	push	r1
     ea4:	0f 92       	push	r0
     ea6:	0f b6       	in	r0, 0x3f	; 63
     ea8:	0f 92       	push	r0
     eaa:	11 24       	eor	r1, r1
     eac:	2f 93       	push	r18
     eae:	3f 93       	push	r19
     eb0:	4f 93       	push	r20
     eb2:	5f 93       	push	r21
     eb4:	6f 93       	push	r22
     eb6:	7f 93       	push	r23
     eb8:	8f 93       	push	r24
     eba:	9f 93       	push	r25
     ebc:	af 93       	push	r26
     ebe:	bf 93       	push	r27
     ec0:	ef 93       	push	r30
     ec2:	ff 93       	push	r31
     ec4:	e0 91 3c 01 	lds	r30, 0x013C	; 0x80013c <intFunc>
     ec8:	f0 91 3d 01 	lds	r31, 0x013D	; 0x80013d <intFunc+0x1>
     ecc:	09 95       	icall
     ece:	ff 91       	pop	r31
     ed0:	ef 91       	pop	r30
     ed2:	bf 91       	pop	r27
     ed4:	af 91       	pop	r26
     ed6:	9f 91       	pop	r25
     ed8:	8f 91       	pop	r24
     eda:	7f 91       	pop	r23
     edc:	6f 91       	pop	r22
     ede:	5f 91       	pop	r21
     ee0:	4f 91       	pop	r20
     ee2:	3f 91       	pop	r19
     ee4:	2f 91       	pop	r18
     ee6:	0f 90       	pop	r0
     ee8:	0f be       	out	0x3f, r0	; 63
     eea:	0f 90       	pop	r0
     eec:	1f 90       	pop	r1
     eee:	18 95       	reti

00000ef0 <main>:
main():
C:\Users\advisor\AppData\Local\Arduino15\packages\MiniCore\hardware\avr\3.1.1\cores\MCUdude_corefiles/main.cpp:34

//void setupUSB() __attribute__((weak));
//void setupUSB() { }

int main(void)
{
     ef0:	cf 93       	push	r28
     ef2:	df 93       	push	r29
     ef4:	00 d0       	rcall	.+0      	; 0xef6 <main+0x6>
     ef6:	cd b7       	in	r28, 0x3d	; 61
     ef8:	de b7       	in	r29, 0x3e	; 62
init():
C:\Users\advisor\AppData\Local\Arduino15\packages\MiniCore\hardware\avr\3.1.1\cores\MCUdude_corefiles/wiring.c:945

void init()
{
  // this needs to be called before setup() or some functions won't
  // work there
  sei();
     efa:	78 94       	sei
C:\Users\advisor\AppData\Local\Arduino15\packages\MiniCore\hardware\avr\3.1.1\cores\MCUdude_corefiles/wiring.c:957

  // On the ATmega168, timer 0 is also used for fast hardware pwm
  // (using phase-correct PWM would mean that timer 0 overflowed half as often
  // resulting in different millis() behavior on the ATmega8 and ATmega168)
#if defined(TCCR0A) && defined(WGM01)
  TCCR0A |= _BV(WGM01) | _BV(WGM00);
     efc:	84 b5       	in	r24, 0x24	; 36
     efe:	83 60       	ori	r24, 0x03	; 3
     f00:	84 bd       	out	0x24, r24	; 36
C:\Users\advisor\AppData\Local\Arduino15\packages\MiniCore\hardware\avr\3.1.1\cores\MCUdude_corefiles/wiring.c:972
  #if defined(WGM00) && defined(WGM01) // The ATmega8 doesn't have WGM00 and WGM01
    TCCR0 |= _BV(WGM01) | _BV(WGM00);
  #endif
#elif defined(TCCR0B) && defined(CS01) && defined(CS00)
  // This combination is for the standard 168/328/640/1280/1281/2560/2561
  TCCR0B |= _BV(CS01) | _BV(CS00);
     f02:	85 b5       	in	r24, 0x25	; 37
     f04:	83 60       	ori	r24, 0x03	; 3
     f06:	85 bd       	out	0x25, r24	; 37
C:\Users\advisor\AppData\Local\Arduino15\packages\MiniCore\hardware\avr\3.1.1\cores\MCUdude_corefiles/wiring.c:984

// Enable timer 0 overflow interrupt
#if defined(TIMSK) && defined(TOIE0)
  TIMSK |= _BV(TOIE0);
#elif defined(TIMSK0) && defined(TOIE0)
  TIMSK0 |= _BV(TOIE0);
     f08:	80 91 6e 00 	lds	r24, 0x006E	; 0x80006e <__DATA_REGION_ORIGIN__+0xe>
     f0c:	81 60       	ori	r24, 0x01	; 1
     f0e:	80 93 6e 00 	sts	0x006E, r24	; 0x80006e <__DATA_REGION_ORIGIN__+0xe>
C:\Users\advisor\AppData\Local\Arduino15\packages\MiniCore\hardware\avr\3.1.1\cores\MCUdude_corefiles/wiring.c:995
// this is better for motors as it ensures an even waveform
// note, however, that fast pwm mode can achieve a frequency of up
// 8 MHz (with a 16 MHz clock) at 50% duty cycle

#if defined(TCCR1B) && defined(CS11) && defined(CS10)
  TCCR1B = _BV(CS11); // Set timer 1 prescale factor to 64
     f12:	82 e0       	ldi	r24, 0x02	; 2
     f14:	80 93 81 00 	sts	0x0081, r24	; 0x800081 <__DATA_REGION_ORIGIN__+0x21>
C:\Users\advisor\AppData\Local\Arduino15\packages\MiniCore\hardware\avr\3.1.1\cores\MCUdude_corefiles/wiring.c:997
#if F_CPU >= 8000000L
  TCCR1B |= _BV(CS10);
     f18:	80 91 81 00 	lds	r24, 0x0081	; 0x800081 <__DATA_REGION_ORIGIN__+0x21>
     f1c:	81 60       	ori	r24, 0x01	; 1
     f1e:	80 93 81 00 	sts	0x0081, r24	; 0x800081 <__DATA_REGION_ORIGIN__+0x21>
C:\Users\advisor\AppData\Local\Arduino15\packages\MiniCore\hardware\avr\3.1.1\cores\MCUdude_corefiles/wiring.c:1006
#if F_CPU >= 8000000L
  TCCR1 |= _BV(CS10);
#endif
#endif
#if defined(TCCR1A) && defined(WGM10)
  TCCR1A |= _BV(WGM10); // Put timer 1 in 8-bit phase correct pwm mode
     f22:	80 91 80 00 	lds	r24, 0x0080	; 0x800080 <__DATA_REGION_ORIGIN__+0x20>
     f26:	81 60       	ori	r24, 0x01	; 1
     f28:	80 93 80 00 	sts	0x0080, r24	; 0x800080 <__DATA_REGION_ORIGIN__+0x20>
C:\Users\advisor\AppData\Local\Arduino15\packages\MiniCore\hardware\avr\3.1.1\cores\MCUdude_corefiles/wiring.c:1013

// Set timer 2 prescale factor to 64
#if defined(TCCR2) && defined(CS22)
  TCCR2 |= _BV(CS22);
#elif defined(TCCR2B) && defined(CS22)
  TCCR2B |= _BV(CS22);
     f2c:	80 91 b1 00 	lds	r24, 0x00B1	; 0x8000b1 <__DATA_REGION_ORIGIN__+0x51>
     f30:	84 60       	ori	r24, 0x04	; 4
     f32:	80 93 b1 00 	sts	0x00B1, r24	; 0x8000b1 <__DATA_REGION_ORIGIN__+0x51>
C:\Users\advisor\AppData\Local\Arduino15\packages\MiniCore\hardware\avr\3.1.1\cores\MCUdude_corefiles/wiring.c:1022

// Configure timer 2 for phase correct pwm (8-bit)
#if defined(TCCR2) && defined(WGM20)
  TCCR2 |= _BV(WGM20);
#elif defined(TCCR2A) && defined(WGM20)
  TCCR2A |= _BV(WGM20);
     f36:	80 91 b0 00 	lds	r24, 0x00B0	; 0x8000b0 <__DATA_REGION_ORIGIN__+0x50>
     f3a:	81 60       	ori	r24, 0x01	; 1
     f3c:	80 93 b0 00 	sts	0x00B0, r24	; 0x8000b0 <__DATA_REGION_ORIGIN__+0x50>
C:\Users\advisor\AppData\Local\Arduino15\packages\MiniCore\hardware\avr\3.1.1\cores\MCUdude_corefiles/wiring.c:1052
#if defined(ADCSRA)
  // set a2d prescaler so we are inside the desired 50-200 KHz range.
  #if F_CPU >= 16000000 // 16 MHz / 128 = 125 KHz
    ADCSRA = _BV(ADPS2) | _BV(ADPS1) | _BV(ADPS0) | _BV(ADEN);
  #elif F_CPU >= 8000000 // 8 MHz / 64 = 125 KHz
    ADCSRA = _BV(ADPS2) | _BV(ADPS1) | _BV(ADEN);
     f40:	86 e8       	ldi	r24, 0x86	; 134
     f42:	80 93 7a 00 	sts	0x007A, r24	; 0x80007a <__DATA_REGION_ORIGIN__+0x1a>
C:\Users\advisor\AppData\Local\Arduino15\packages\MiniCore\hardware\avr\3.1.1\cores\MCUdude_corefiles/wiring.c:1070
  // here so they can be used as normal digital i/o; they will be
  // reconnected in Serial.begin()
#if defined(UCSRB)
  UCSRB = 0;
#elif defined(UCSR0B)
  UCSR0B = 0;
     f46:	10 92 c1 00 	sts	0x00C1, r1	; 0x8000c1 <__DATA_REGION_ORIGIN__+0x61>
setup():
C:\Users\advisor\Desktop\github\electronics\PRESSFLOWino\firmwarePressFlow/firmwarePressFlow.ino:195

int displaySpinn = 1;

void setup() {
  // touch buttons:
  pinMode(BTN_UP,INPUT);
     f4a:	60 e0       	ldi	r22, 0x00	; 0
     f4c:	8e e0       	ldi	r24, 0x0E	; 14
     f4e:	0e 94 62 01 	call	0x2c4	; 0x2c4 <pinMode>
C:\Users\advisor\Desktop\github\electronics\PRESSFLOWino\firmwarePressFlow/firmwarePressFlow.ino:196
  pinMode(BTN_DWN,INPUT);
     f52:	60 e0       	ldi	r22, 0x00	; 0
     f54:	8f e0       	ldi	r24, 0x0F	; 15
     f56:	0e 94 62 01 	call	0x2c4	; 0x2c4 <pinMode>
C:\Users\advisor\Desktop\github\electronics\PRESSFLOWino\firmwarePressFlow/firmwarePressFlow.ino:197
  pinMode(BTN_BACK,INPUT);
     f5a:	60 e0       	ldi	r22, 0x00	; 0
     f5c:	86 e0       	ldi	r24, 0x06	; 6
     f5e:	0e 94 62 01 	call	0x2c4	; 0x2c4 <pinMode>
C:\Users\advisor\Desktop\github\electronics\PRESSFLOWino\firmwarePressFlow/firmwarePressFlow.ino:198
  pinMode(BTN_ENT,INPUT);
     f62:	60 e0       	ldi	r22, 0x00	; 0
     f64:	87 e0       	ldi	r24, 0x07	; 7
     f66:	0e 94 62 01 	call	0x2c4	; 0x2c4 <pinMode>
C:\Users\advisor\Desktop\github\electronics\PRESSFLOWino\firmwarePressFlow/firmwarePressFlow.ino:199
  pinMode(BTNR_UP,OUTPUT);
     f6a:	61 e0       	ldi	r22, 0x01	; 1
     f6c:	80 e0       	ldi	r24, 0x00	; 0
     f6e:	0e 94 62 01 	call	0x2c4	; 0x2c4 <pinMode>
C:\Users\advisor\Desktop\github\electronics\PRESSFLOWino\firmwarePressFlow/firmwarePressFlow.ino:200
  pinMode(BTNR_DWN,OUTPUT);
     f72:	61 e0       	ldi	r22, 0x01	; 1
     f74:	83 e1       	ldi	r24, 0x13	; 19
     f76:	0e 94 62 01 	call	0x2c4	; 0x2c4 <pinMode>
C:\Users\advisor\Desktop\github\electronics\PRESSFLOWino\firmwarePressFlow/firmwarePressFlow.ino:201
  pinMode(BTNR_ENT,OUTPUT);
     f7a:	61 e0       	ldi	r22, 0x01	; 1
     f7c:	81 e0       	ldi	r24, 0x01	; 1
     f7e:	0e 94 62 01 	call	0x2c4	; 0x2c4 <pinMode>
C:\Users\advisor\Desktop\github\electronics\PRESSFLOWino\firmwarePressFlow/firmwarePressFlow.ino:202
  pinMode(BTNR_BACK,OUTPUT);
     f82:	61 e0       	ldi	r22, 0x01	; 1
     f84:	83 e0       	ldi	r24, 0x03	; 3
     f86:	0e 94 62 01 	call	0x2c4	; 0x2c4 <pinMode>
C:\Users\advisor\Desktop\github\electronics\PRESSFLOWino\firmwarePressFlow/firmwarePressFlow.ino:205

  // outputs
  pinMode(MOTOR,OUTPUT);
     f8a:	61 e0       	ldi	r22, 0x01	; 1
     f8c:	85 e0       	ldi	r24, 0x05	; 5
     f8e:	0e 94 62 01 	call	0x2c4	; 0x2c4 <pinMode>
C:\Users\advisor\Desktop\github\electronics\PRESSFLOWino\firmwarePressFlow/firmwarePressFlow.ino:206
  pinMode(EVALVE,OUTPUT);
     f92:	61 e0       	ldi	r22, 0x01	; 1
     f94:	84 e0       	ldi	r24, 0x04	; 4
     f96:	0e 94 62 01 	call	0x2c4	; 0x2c4 <pinMode>
C:\Users\advisor\Desktop\github\electronics\PRESSFLOWino\firmwarePressFlow/firmwarePressFlow.ino:207
  pinMode(BACKLIGHT,OUTPUT);
     f9a:	61 e0       	ldi	r22, 0x01	; 1
     f9c:	86 e0       	ldi	r24, 0x06	; 6
     f9e:	0e 94 62 01 	call	0x2c4	; 0x2c4 <pinMode>
C:\Users\advisor\Desktop\github\electronics\PRESSFLOWino\firmwarePressFlow/firmwarePressFlow.ino:208
  pinMode(BUZZER,OUTPUT);
     fa2:	61 e0       	ldi	r22, 0x01	; 1
     fa4:	80 e1       	ldi	r24, 0x10	; 16
     fa6:	0e 94 62 01 	call	0x2c4	; 0x2c4 <pinMode>
C:\Users\advisor\Desktop\github\electronics\PRESSFLOWino\firmwarePressFlow/firmwarePressFlow.ino:210
  
  minPress_val = EEPROM.read(0);
     faa:	90 e0       	ldi	r25, 0x00	; 0
     fac:	80 e0       	ldi	r24, 0x00	; 0
     fae:	0e 94 de 06 	call	0xdbc	; 0xdbc <EEPROMClass::read(int) [clone .isra.0]>
     fb2:	90 e0       	ldi	r25, 0x00	; 0
     fb4:	90 93 39 01 	sts	0x0139, r25	; 0x800139 <minPress_val+0x1>
     fb8:	80 93 38 01 	sts	0x0138, r24	; 0x800138 <minPress_val>
C:\Users\advisor\Desktop\github\electronics\PRESSFLOWino\firmwarePressFlow/firmwarePressFlow.ino:211
  if (minPress_val < MINPRESS || minPress_val > MAXPRESS ){ // minPress limit
     fbc:	85 30       	cpi	r24, 0x05	; 5
     fbe:	91 05       	cpc	r25, r1
     fc0:	3c f0       	brlt	.+14     	; 0xfd0 <main+0xe0>
     fc2:	20 91 36 01 	lds	r18, 0x0136	; 0x800136 <MAXPRESS>
     fc6:	30 91 37 01 	lds	r19, 0x0137	; 0x800137 <MAXPRESS+0x1>
     fca:	28 17       	cp	r18, r24
     fcc:	39 07       	cpc	r19, r25
     fce:	5c f4       	brge	.+22     	; 0xfe6 <main+0xf6>
C:\Users\advisor\Desktop\github\electronics\PRESSFLOWino\firmwarePressFlow/firmwarePressFlow.ino:212
    minPress_val = MINPRESS;
     fd0:	85 e0       	ldi	r24, 0x05	; 5
     fd2:	90 e0       	ldi	r25, 0x00	; 0
     fd4:	90 93 39 01 	sts	0x0139, r25	; 0x800139 <minPress_val+0x1>
     fd8:	80 93 38 01 	sts	0x0138, r24	; 0x800138 <minPress_val>
C:\Users\advisor\Desktop\github\electronics\PRESSFLOWino\firmwarePressFlow/firmwarePressFlow.ino:213
    EEPROM.write(0, minPress_val);
     fdc:	65 e0       	ldi	r22, 0x05	; 5
     fde:	90 e0       	ldi	r25, 0x00	; 0
     fe0:	80 e0       	ldi	r24, 0x00	; 0
     fe2:	0e 94 86 06 	call	0xd0c	; 0xd0c <EEPROMClass::write(int, unsigned char) [clone .isra.1]>
C:\Users\advisor\Desktop\github\electronics\PRESSFLOWino\firmwarePressFlow/firmwarePressFlow.ino:215
  }
  ctrlMode_val = EEPROM.read(2);
     fe6:	82 e0       	ldi	r24, 0x02	; 2
     fe8:	90 e0       	ldi	r25, 0x00	; 0
     fea:	0e 94 de 06 	call	0xdbc	; 0xdbc <EEPROMClass::read(int) [clone .isra.0]>
     fee:	90 e0       	ldi	r25, 0x00	; 0
     ff0:	90 93 cb 04 	sts	0x04CB, r25	; 0x8004cb <ctrlMode_val+0x1>
     ff4:	80 93 ca 04 	sts	0x04CA, r24	; 0x8004ca <ctrlMode_val>
C:\Users\advisor\Desktop\github\electronics\PRESSFLOWino\firmwarePressFlow/firmwarePressFlow.ino:216
  if (ctrlMode_val > 1 ){ // mode (pupressSensorType_val=0, compressor=1)
     ff8:	02 97       	sbiw	r24, 0x02	; 2
     ffa:	4c f0       	brlt	.+18     	; 0x100e <main+0x11e>
C:\Users\advisor\Desktop\github\electronics\PRESSFLOWino\firmwarePressFlow/firmwarePressFlow.ino:217
    ctrlMode_val = 0;
     ffc:	10 92 cb 04 	sts	0x04CB, r1	; 0x8004cb <ctrlMode_val+0x1>
    1000:	10 92 ca 04 	sts	0x04CA, r1	; 0x8004ca <ctrlMode_val>
C:\Users\advisor\Desktop\github\electronics\PRESSFLOWino\firmwarePressFlow/firmwarePressFlow.ino:218
    EEPROM.write(2, 0);
    1004:	60 e0       	ldi	r22, 0x00	; 0
    1006:	82 e0       	ldi	r24, 0x02	; 2
    1008:	90 e0       	ldi	r25, 0x00	; 0
    100a:	0e 94 86 06 	call	0xd0c	; 0xd0c <EEPROMClass::write(int, unsigned char) [clone .isra.1]>
C:\Users\advisor\Desktop\github\electronics\PRESSFLOWino\firmwarePressFlow/firmwarePressFlow.ino:220
  }  
  fluxSensorType_val = EEPROM.read(3);
    100e:	83 e0       	ldi	r24, 0x03	; 3
    1010:	90 e0       	ldi	r25, 0x00	; 0
    1012:	0e 94 de 06 	call	0xdbc	; 0xdbc <EEPROMClass::read(int) [clone .isra.0]>
    1016:	90 e0       	ldi	r25, 0x00	; 0
    1018:	90 93 d1 04 	sts	0x04D1, r25	; 0x8004d1 <fluxSensorType_val+0x1>
    101c:	80 93 d0 04 	sts	0x04D0, r24	; 0x8004d0 <fluxSensorType_val>
C:\Users\advisor\Desktop\github\electronics\PRESSFLOWino\firmwarePressFlow/firmwarePressFlow.ino:221
  if (fluxSensorType_val > 9 ){ 
    1020:	0a 97       	sbiw	r24, 0x0a	; 10
    1022:	4c f0       	brlt	.+18     	; 0x1036 <main+0x146>
C:\Users\advisor\Desktop\github\electronics\PRESSFLOWino\firmwarePressFlow/firmwarePressFlow.ino:222
    fluxSensorType_val = 0;
    1024:	10 92 d1 04 	sts	0x04D1, r1	; 0x8004d1 <fluxSensorType_val+0x1>
    1028:	10 92 d0 04 	sts	0x04D0, r1	; 0x8004d0 <fluxSensorType_val>
C:\Users\advisor\Desktop\github\electronics\PRESSFLOWino\firmwarePressFlow/firmwarePressFlow.ino:223
    EEPROM.write(3, 0);
    102c:	60 e0       	ldi	r22, 0x00	; 0
    102e:	83 e0       	ldi	r24, 0x03	; 3
    1030:	90 e0       	ldi	r25, 0x00	; 0
    1032:	0e 94 86 06 	call	0xd0c	; 0xd0c <EEPROMClass::write(int, unsigned char) [clone .isra.1]>
C:\Users\advisor\Desktop\github\electronics\PRESSFLOWino\firmwarePressFlow/firmwarePressFlow.ino:225
  }  
  EEPROM.get(4, pulseFactor);
    1036:	62 e3       	ldi	r22, 0x32	; 50
    1038:	71 e0       	ldi	r23, 0x01	; 1
    103a:	84 e0       	ldi	r24, 0x04	; 4
    103c:	90 e0       	ldi	r25, 0x00	; 0
    103e:	0e 94 b8 06 	call	0xd70	; 0xd70 <float& EEPROMClass::get<float>(int, float&) [clone .isra.3]>
C:\Users\advisor\Desktop\github\electronics\PRESSFLOWino\firmwarePressFlow/firmwarePressFlow.ino:226
  if (pulseFactor < 0.01 ){ 
    1042:	2a e0       	ldi	r18, 0x0A	; 10
    1044:	37 ed       	ldi	r19, 0xD7	; 215
    1046:	43 e2       	ldi	r20, 0x23	; 35
    1048:	5c e3       	ldi	r21, 0x3C	; 60
    104a:	60 91 32 01 	lds	r22, 0x0132	; 0x800132 <pulseFactor>
    104e:	70 91 33 01 	lds	r23, 0x0133	; 0x800133 <pulseFactor+0x1>
    1052:	80 91 34 01 	lds	r24, 0x0134	; 0x800134 <pulseFactor+0x2>
    1056:	90 91 35 01 	lds	r25, 0x0135	; 0x800135 <pulseFactor+0x3>
    105a:	0e 94 ee 14 	call	0x29dc	; 0x29dc <__cmpsf2>
    105e:	87 ff       	sbrs	r24, 7
    1060:	12 c0       	rjmp	.+36     	; 0x1086 <main+0x196>
C:\Users\advisor\Desktop\github\electronics\PRESSFLOWino\firmwarePressFlow/firmwarePressFlow.ino:227
    pulseFactor = 1;
    1062:	80 e0       	ldi	r24, 0x00	; 0
    1064:	90 e0       	ldi	r25, 0x00	; 0
    1066:	a0 e8       	ldi	r26, 0x80	; 128
    1068:	bf e3       	ldi	r27, 0x3F	; 63
    106a:	80 93 32 01 	sts	0x0132, r24	; 0x800132 <pulseFactor>
    106e:	90 93 33 01 	sts	0x0133, r25	; 0x800133 <pulseFactor+0x1>
    1072:	a0 93 34 01 	sts	0x0134, r26	; 0x800134 <pulseFactor+0x2>
    1076:	b0 93 35 01 	sts	0x0135, r27	; 0x800135 <pulseFactor+0x3>
C:\Users\advisor\Desktop\github\electronics\PRESSFLOWino\firmwarePressFlow/firmwarePressFlow.ino:228
    EEPROM.put(4,pulseFactor);
    107a:	62 e3       	ldi	r22, 0x32	; 50
    107c:	71 e0       	ldi	r23, 0x01	; 1
    107e:	84 e0       	ldi	r24, 0x04	; 4
    1080:	90 e0       	ldi	r25, 0x00	; 0
    1082:	0e 94 88 06 	call	0xd10	; 0xd10 <float const& EEPROMClass::put<float>(int, float const&) [clone .isra.4]>
C:\Users\advisor\Desktop\github\electronics\PRESSFLOWino\firmwarePressFlow/firmwarePressFlow.ino:230
  }
  pressSensorType_val = EEPROM.read(5);
    1086:	85 e0       	ldi	r24, 0x05	; 5
    1088:	90 e0       	ldi	r25, 0x00	; 0
    108a:	0e 94 de 06 	call	0xdbc	; 0xdbc <EEPROMClass::read(int) [clone .isra.0]>
    108e:	90 e0       	ldi	r25, 0x00	; 0
    1090:	90 93 cf 04 	sts	0x04CF, r25	; 0x8004cf <pressSensorType_val+0x1>
    1094:	80 93 ce 04 	sts	0x04CE, r24	; 0x8004ce <pressSensorType_val>
C:\Users\advisor\Desktop\github\electronics\PRESSFLOWino\firmwarePressFlow/firmwarePressFlow.ino:231
  if (pressSensorType_val > 9 ){ 
    1098:	0a 97       	sbiw	r24, 0x0a	; 10
    109a:	4c f0       	brlt	.+18     	; 0x10ae <main+0x1be>
C:\Users\advisor\Desktop\github\electronics\PRESSFLOWino\firmwarePressFlow/firmwarePressFlow.ino:232
    pressSensorType_val = 0;
    109c:	10 92 cf 04 	sts	0x04CF, r1	; 0x8004cf <pressSensorType_val+0x1>
    10a0:	10 92 ce 04 	sts	0x04CE, r1	; 0x8004ce <pressSensorType_val>
C:\Users\advisor\Desktop\github\electronics\PRESSFLOWino\firmwarePressFlow/firmwarePressFlow.ino:233
    EEPROM.write(5, 0);
    10a4:	60 e0       	ldi	r22, 0x00	; 0
    10a6:	85 e0       	ldi	r24, 0x05	; 5
    10a8:	90 e0       	ldi	r25, 0x00	; 0
    10aa:	0e 94 86 06 	call	0xd0c	; 0xd0c <EEPROMClass::write(int, unsigned char) [clone .isra.1]>
C:\Users\advisor\Desktop\github\electronics\PRESSFLOWino\firmwarePressFlow/firmwarePressFlow.ino:235
  }
  MAXPRESS = maxPressData[pressSensorType_val];
    10ae:	e0 91 ce 04 	lds	r30, 0x04CE	; 0x8004ce <pressSensorType_val>
    10b2:	f0 91 cf 04 	lds	r31, 0x04CF	; 0x8004cf <pressSensorType_val+0x1>
    10b6:	ee 0f       	add	r30, r30
    10b8:	ff 1f       	adc	r31, r31
    10ba:	ea 54       	subi	r30, 0x4A	; 74
    10bc:	fb 4f       	sbci	r31, 0xFB	; 251
    10be:	00 81       	ld	r16, Z
    10c0:	11 81       	ldd	r17, Z+1	; 0x01
    10c2:	10 93 37 01 	sts	0x0137, r17	; 0x800137 <MAXPRESS+0x1>
    10c6:	00 93 36 01 	sts	0x0136, r16	; 0x800136 <MAXPRESS>
C:\Users\advisor\Desktop\github\electronics\PRESSFLOWino\firmwarePressFlow/firmwarePressFlow.ino:236
  maxPress_val = EEPROM.read(1);
    10ca:	81 e0       	ldi	r24, 0x01	; 1
    10cc:	90 e0       	ldi	r25, 0x00	; 0
    10ce:	0e 94 de 06 	call	0xdbc	; 0xdbc <EEPROMClass::read(int) [clone .isra.0]>
    10d2:	90 e0       	ldi	r25, 0x00	; 0
    10d4:	90 93 cd 04 	sts	0x04CD, r25	; 0x8004cd <maxPress_val+0x1>
    10d8:	80 93 cc 04 	sts	0x04CC, r24	; 0x8004cc <maxPress_val>
C:\Users\advisor\Desktop\github\electronics\PRESSFLOWino\firmwarePressFlow/firmwarePressFlow.ino:237
  if (maxPress_val < MINPRESS || maxPress_val > MAXPRESS ){ // maxPress limit
    10dc:	85 30       	cpi	r24, 0x05	; 5
    10de:	91 05       	cpc	r25, r1
    10e0:	1c f0       	brlt	.+6      	; 0x10e8 <main+0x1f8>
    10e2:	08 17       	cp	r16, r24
    10e4:	19 07       	cpc	r17, r25
    10e6:	4c f4       	brge	.+18     	; 0x10fa <main+0x20a>
C:\Users\advisor\Desktop\github\electronics\PRESSFLOWino\firmwarePressFlow/firmwarePressFlow.ino:238
    maxPress_val = MAXPRESS;
    10e8:	10 93 cd 04 	sts	0x04CD, r17	; 0x8004cd <maxPress_val+0x1>
    10ec:	00 93 cc 04 	sts	0x04CC, r16	; 0x8004cc <maxPress_val>
C:\Users\advisor\Desktop\github\electronics\PRESSFLOWino\firmwarePressFlow/firmwarePressFlow.ino:239
    EEPROM.write(1, maxPress_val);
    10f0:	60 2f       	mov	r22, r16
    10f2:	81 e0       	ldi	r24, 0x01	; 1
    10f4:	90 e0       	ldi	r25, 0x00	; 0
    10f6:	0e 94 86 06 	call	0xd0c	; 0xd0c <EEPROMClass::write(int, unsigned char) [clone .isra.1]>
C:\Users\advisor\Desktop\github\electronics\PRESSFLOWino\firmwarePressFlow/firmwarePressFlow.ino:241
  }
  EEPROM.get(6, pressFactor);
    10fa:	6e e2       	ldi	r22, 0x2E	; 46
    10fc:	71 e0       	ldi	r23, 0x01	; 1
    10fe:	86 e0       	ldi	r24, 0x06	; 6
    1100:	90 e0       	ldi	r25, 0x00	; 0
    1102:	0e 94 b8 06 	call	0xd70	; 0xd70 <float& EEPROMClass::get<float>(int, float&) [clone .isra.3]>
C:\Users\advisor\Desktop\github\electronics\PRESSFLOWino\firmwarePressFlow/firmwarePressFlow.ino:242
  if (pressFactor < 0.01 ){ 
    1106:	2a e0       	ldi	r18, 0x0A	; 10
    1108:	37 ed       	ldi	r19, 0xD7	; 215
    110a:	43 e2       	ldi	r20, 0x23	; 35
    110c:	5c e3       	ldi	r21, 0x3C	; 60
    110e:	60 91 2e 01 	lds	r22, 0x012E	; 0x80012e <pressFactor>
    1112:	70 91 2f 01 	lds	r23, 0x012F	; 0x80012f <pressFactor+0x1>
    1116:	80 91 30 01 	lds	r24, 0x0130	; 0x800130 <pressFactor+0x2>
    111a:	90 91 31 01 	lds	r25, 0x0131	; 0x800131 <pressFactor+0x3>
    111e:	0e 94 ee 14 	call	0x29dc	; 0x29dc <__cmpsf2>
    1122:	87 ff       	sbrs	r24, 7
    1124:	12 c0       	rjmp	.+36     	; 0x114a <main+0x25a>
C:\Users\advisor\Desktop\github\electronics\PRESSFLOWino\firmwarePressFlow/firmwarePressFlow.ino:243
    pressFactor = 1;
    1126:	80 e0       	ldi	r24, 0x00	; 0
    1128:	90 e0       	ldi	r25, 0x00	; 0
    112a:	a0 e8       	ldi	r26, 0x80	; 128
    112c:	bf e3       	ldi	r27, 0x3F	; 63
    112e:	80 93 2e 01 	sts	0x012E, r24	; 0x80012e <pressFactor>
    1132:	90 93 2f 01 	sts	0x012F, r25	; 0x80012f <pressFactor+0x1>
    1136:	a0 93 30 01 	sts	0x0130, r26	; 0x800130 <pressFactor+0x2>
    113a:	b0 93 31 01 	sts	0x0131, r27	; 0x800131 <pressFactor+0x3>
C:\Users\advisor\Desktop\github\electronics\PRESSFLOWino\firmwarePressFlow/firmwarePressFlow.ino:244
    EEPROM.put(6,pressFactor);
    113e:	6e e2       	ldi	r22, 0x2E	; 46
    1140:	71 e0       	ldi	r23, 0x01	; 1
    1142:	86 e0       	ldi	r24, 0x06	; 6
    1144:	90 e0       	ldi	r25, 0x00	; 0
    1146:	0e 94 88 06 	call	0xd10	; 0xd10 <float const& EEPROMClass::put<float>(int, float const&) [clone .isra.4]>
C:\Users\advisor\Desktop\github\electronics\PRESSFLOWino\firmwarePressFlow/firmwarePressFlow.ino:246
  }
  pulseCount = 0;  
    114a:	10 92 85 04 	sts	0x0485, r1	; 0x800485 <pulseCount>
C:\Users\advisor\Desktop\github\electronics\PRESSFLOWino\firmwarePressFlow/firmwarePressFlow.ino:247
  flowRate = 0.0;
    114e:	10 92 5d 04 	sts	0x045D, r1	; 0x80045d <flowRate>
    1152:	10 92 5e 04 	sts	0x045E, r1	; 0x80045e <flowRate+0x1>
    1156:	10 92 5f 04 	sts	0x045F, r1	; 0x80045f <flowRate+0x2>
    115a:	10 92 60 04 	sts	0x0460, r1	; 0x800460 <flowRate+0x3>
C:\Users\advisor\Desktop\github\electronics\PRESSFLOWino\firmwarePressFlow/firmwarePressFlow.ino:248
  if (fluxSensorType_val <= 1 ) {  // switch or no flux sensor
    115e:	80 91 d0 04 	lds	r24, 0x04D0	; 0x8004d0 <fluxSensorType_val>
    1162:	90 91 d1 04 	lds	r25, 0x04D1	; 0x8004d1 <fluxSensorType_val+0x1>
    1166:	02 97       	sbiw	r24, 0x02	; 2
    1168:	0c f0       	brlt	.+2      	; 0x116c <main+0x27c>
    116a:	8e c2       	rjmp	.+1308   	; 0x1688 <main+0x798>
C:\Users\advisor\Desktop\github\electronics\PRESSFLOWino\firmwarePressFlow/firmwarePressFlow.ino:250
    // The flow-switch sensor (ON-OFF) is connected to pin 2 which
    pinMode(FLOWSENS,INPUT_PULLUP);
    116c:	62 e0       	ldi	r22, 0x02	; 2
    116e:	82 e0       	ldi	r24, 0x02	; 2
    1170:	0e 94 62 01 	call	0x2c4	; 0x2c4 <pinMode>
C:\Users\advisor\Desktop\github\electronics\PRESSFLOWino\firmwarePressFlow/firmwarePressFlow.ino:260
    pinMode(FLOWSENS,INPUT);
    attachInterrupt(flowsensorInterrupt, pulseCounter, FALLING);
  }
      
  // set up the LCD's number of columns and rows:
  digitalWrite(BACKLIGHT,HIGH);
    1174:	61 e0       	ldi	r22, 0x01	; 1
    1176:	86 e0       	ldi	r24, 0x06	; 6
    1178:	0e 94 34 01 	call	0x268	; 0x268 <digitalWrite>
C:\Users\advisor\Desktop\github\electronics\PRESSFLOWino\firmwarePressFlow/firmwarePressFlow.ino:261
  lcd.begin(16, 2);
    117c:	82 e0       	ldi	r24, 0x02	; 2
    117e:	0e 94 f0 02 	call	0x5e0	; 0x5e0 <LiquidCrystal::begin(unsigned char, unsigned char, unsigned char) [clone .constprop.22]>
C:\Users\advisor\Desktop\github\electronics\PRESSFLOWino\firmwarePressFlow/firmwarePressFlow.ino:262
  lcd.createChar(0, charBackSlash);
    1182:	60 e2       	ldi	r22, 0x20	; 32
    1184:	71 e0       	ldi	r23, 0x01	; 1
    1186:	80 e0       	ldi	r24, 0x00	; 0
    1188:	0e 94 a7 03 	call	0x74e	; 0x74e <LiquidCrystal::createChar(unsigned char, unsigned char*) [clone .constprop.6]>
C:\Users\advisor\Desktop\github\electronics\PRESSFLOWino\firmwarePressFlow/firmwarePressFlow.ino:263
  lcd.createChar(1, charUp);
    118c:	68 e1       	ldi	r22, 0x18	; 24
    118e:	71 e0       	ldi	r23, 0x01	; 1
    1190:	81 e0       	ldi	r24, 0x01	; 1
    1192:	0e 94 a7 03 	call	0x74e	; 0x74e <LiquidCrystal::createChar(unsigned char, unsigned char*) [clone .constprop.6]>
C:\Users\advisor\Desktop\github\electronics\PRESSFLOWino\firmwarePressFlow/firmwarePressFlow.ino:264
  lcd.createChar(2, charDown);
    1196:	60 e1       	ldi	r22, 0x10	; 16
    1198:	71 e0       	ldi	r23, 0x01	; 1
    119a:	82 e0       	ldi	r24, 0x02	; 2
    119c:	0e 94 a7 03 	call	0x74e	; 0x74e <LiquidCrystal::createChar(unsigned char, unsigned char*) [clone .constprop.6]>
C:\Users\advisor\Desktop\github\electronics\PRESSFLOWino\firmwarePressFlow/firmwarePressFlow.ino:265
  lcd.createChar(3, charUpDown);
    11a0:	68 e0       	ldi	r22, 0x08	; 8
    11a2:	71 e0       	ldi	r23, 0x01	; 1
    11a4:	83 e0       	ldi	r24, 0x03	; 3
    11a6:	0e 94 a7 03 	call	0x74e	; 0x74e <LiquidCrystal::createChar(unsigned char, unsigned char*) [clone .constprop.6]>
C:\Users\advisor\Desktop\github\electronics\PRESSFLOWino\firmwarePressFlow/firmwarePressFlow.ino:266
  lcd.createChar(4, charRight);
    11aa:	60 e0       	ldi	r22, 0x00	; 0
    11ac:	71 e0       	ldi	r23, 0x01	; 1
    11ae:	84 e0       	ldi	r24, 0x04	; 4
    11b0:	0e 94 a7 03 	call	0x74e	; 0x74e <LiquidCrystal::createChar(unsigned char, unsigned char*) [clone .constprop.6]>
C:\Users\advisor\Desktop\github\electronics\PRESSFLOWino\firmwarePressFlow/firmwarePressFlow.ino:267
  lcd.clear();
    11b4:	0e 94 e9 02 	call	0x5d2	; 0x5d2 <LiquidCrystal::clear() [clone .constprop.24]>
C:\Users\advisor\Desktop\github\electronics\PRESSFLOWino\firmwarePressFlow/firmwarePressFlow.ino:268
  lcd.setCursor(0, 0);
    11b8:	60 e0       	ldi	r22, 0x00	; 0
    11ba:	80 e0       	ldi	r24, 0x00	; 0
    11bc:	0e 94 92 03 	call	0x724	; 0x724 <LiquidCrystal::setCursor(unsigned char, unsigned char) [clone .constprop.19]>
C:\Users\advisor\Desktop\github\electronics\PRESSFLOWino\firmwarePressFlow/firmwarePressFlow.ino:269
  lcd.print("U:");
    11c0:	8d e5       	ldi	r24, 0x5D	; 93
    11c2:	91 e0       	ldi	r25, 0x01	; 1
    11c4:	0e 94 21 04 	call	0x842	; 0x842 <Print::print(char const*) [clone .constprop.7]>
begin():
c:\Users\advisor\Documents\Arduino\libraries\ADVcapacitiveSensor/ADVcapacitiveSensor.cpp:22
      if(array[j] < array[j - 1])
        swap(&array[j], &array[j - 1]);
}

double ADVcapacitiveSensor::begin(int send, int receive, double voltage, int frequency, int breakthreshold, double exceptratio) {
  SEND = send;
    11c8:	10 92 20 05 	sts	0x0520, r1	; 0x800520 <touchbtnUP+0x9>
    11cc:	10 92 1f 05 	sts	0x051F, r1	; 0x80051f <touchbtnUP+0x8>
c:\Users\advisor\Documents\Arduino\libraries\ADVcapacitiveSensor/ADVcapacitiveSensor.cpp:23
  RECEIVE = receive;
    11d0:	8e e0       	ldi	r24, 0x0E	; 14
    11d2:	90 e0       	ldi	r25, 0x00	; 0
    11d4:	90 93 22 05 	sts	0x0522, r25	; 0x800522 <touchbtnUP+0xb>
    11d8:	80 93 21 05 	sts	0x0521, r24	; 0x800521 <touchbtnUP+0xa>
c:\Users\advisor\Documents\Arduino\libraries\ADVcapacitiveSensor/ADVcapacitiveSensor.cpp:24
  VOLTAGE = voltage;
    11dc:	80 e0       	ldi	r24, 0x00	; 0
    11de:	90 e0       	ldi	r25, 0x00	; 0
    11e0:	a0 ea       	ldi	r26, 0xA0	; 160
    11e2:	b0 e4       	ldi	r27, 0x40	; 64
    11e4:	80 93 23 05 	sts	0x0523, r24	; 0x800523 <touchbtnUP+0xc>
    11e8:	90 93 24 05 	sts	0x0524, r25	; 0x800524 <touchbtnUP+0xd>
    11ec:	a0 93 25 05 	sts	0x0525, r26	; 0x800525 <touchbtnUP+0xe>
    11f0:	b0 93 26 05 	sts	0x0526, r27	; 0x800526 <touchbtnUP+0xf>
c:\Users\advisor\Documents\Arduino\libraries\ADVcapacitiveSensor/ADVcapacitiveSensor.cpp:25
  FREQUENCY = frequency;
    11f4:	85 e0       	ldi	r24, 0x05	; 5
    11f6:	90 e0       	ldi	r25, 0x00	; 0
    11f8:	90 93 18 05 	sts	0x0518, r25	; 0x800518 <touchbtnUP+0x1>
    11fc:	80 93 17 05 	sts	0x0517, r24	; 0x800517 <touchbtnUP>
c:\Users\advisor\Documents\Arduino\libraries\ADVcapacitiveSensor/ADVcapacitiveSensor.cpp:26
  BREAKTHRESHOLD = breakthreshold;
    1200:	8a e0       	ldi	r24, 0x0A	; 10
    1202:	90 e0       	ldi	r25, 0x00	; 0
    1204:	90 93 1a 05 	sts	0x051A, r25	; 0x80051a <touchbtnUP+0x3>
    1208:	80 93 19 05 	sts	0x0519, r24	; 0x800519 <touchbtnUP+0x2>
c:\Users\advisor\Documents\Arduino\libraries\ADVcapacitiveSensor/ADVcapacitiveSensor.cpp:27
  EXCEPTRATIO = exceptratio;
    120c:	8d ec       	ldi	r24, 0xCD	; 205
    120e:	9c ec       	ldi	r25, 0xCC	; 204
    1210:	ac e4       	ldi	r26, 0x4C	; 76
    1212:	be e3       	ldi	r27, 0x3E	; 62
    1214:	80 93 1b 05 	sts	0x051B, r24	; 0x80051b <touchbtnUP+0x4>
    1218:	90 93 1c 05 	sts	0x051C, r25	; 0x80051c <touchbtnUP+0x5>
    121c:	a0 93 1d 05 	sts	0x051D, r26	; 0x80051d <touchbtnUP+0x6>
    1220:	b0 93 1e 05 	sts	0x051E, r27	; 0x80051e <touchbtnUP+0x7>
c:\Users\advisor\Documents\Arduino\libraries\ADVcapacitiveSensor/ADVcapacitiveSensor.cpp:28
  OFFSETZERO = 0.00;
    1224:	10 92 27 05 	sts	0x0527, r1	; 0x800527 <touchbtnUP+0x10>
    1228:	10 92 28 05 	sts	0x0528, r1	; 0x800528 <touchbtnUP+0x11>
    122c:	10 92 29 05 	sts	0x0529, r1	; 0x800529 <touchbtnUP+0x12>
    1230:	10 92 2a 05 	sts	0x052A, r1	; 0x80052a <touchbtnUP+0x13>
    1234:	0a e0       	ldi	r16, 0x0A	; 10
    1236:	10 e0       	ldi	r17, 0x00	; 0
main():
c:\Users\advisor\Documents\Arduino\libraries\ADVcapacitiveSensor/ADVcapacitiveSensor.cpp:29
  double valtouch = 0.00;
    1238:	c1 2c       	mov	r12, r1
    123a:	d1 2c       	mov	r13, r1
    123c:	76 01       	movw	r14, r12
begin():
c:\Users\advisor\Documents\Arduino\libraries\ADVcapacitiveSensor/ADVcapacitiveSensor.cpp:31
  for (int i = 0; i < 10; i++) { // take the lowest of ten readings
	delay(10);
    123e:	6a e0       	ldi	r22, 0x0A	; 10
    1240:	70 e0       	ldi	r23, 0x00	; 0
    1242:	80 e0       	ldi	r24, 0x00	; 0
    1244:	90 e0       	ldi	r25, 0x00	; 0
    1246:	0e 94 e6 01 	call	0x3cc	; 0x3cc <delay>
c:\Users\advisor\Documents\Arduino\libraries\ADVcapacitiveSensor/ADVcapacitiveSensor.cpp:32
	valtouch += ADVcapacitiveSensor::touch();
    124a:	87 e1       	ldi	r24, 0x17	; 23
    124c:	95 e0       	ldi	r25, 0x05	; 5
    124e:	0e 94 f8 04 	call	0x9f0	; 0x9f0 <ADVcapacitiveSensor::touch()>
    1252:	9b 01       	movw	r18, r22
    1254:	ac 01       	movw	r20, r24
    1256:	c7 01       	movw	r24, r14
    1258:	b6 01       	movw	r22, r12
    125a:	0e 94 82 14 	call	0x2904	; 0x2904 <__addsf3>
    125e:	6b 01       	movw	r12, r22
    1260:	7c 01       	movw	r14, r24
    1262:	01 50       	subi	r16, 0x01	; 1
    1264:	11 09       	sbc	r17, r1
c:\Users\advisor\Documents\Arduino\libraries\ADVcapacitiveSensor/ADVcapacitiveSensor.cpp:30
  FREQUENCY = frequency;
  BREAKTHRESHOLD = breakthreshold;
  EXCEPTRATIO = exceptratio;
  OFFSETZERO = 0.00;
  double valtouch = 0.00;
  for (int i = 0; i < 10; i++) { // take the lowest of ten readings
    1266:	59 f7       	brne	.-42     	; 0x123e <main+0x34e>
c:\Users\advisor\Documents\Arduino\libraries\ADVcapacitiveSensor/ADVcapacitiveSensor.cpp:34
	delay(10);
	valtouch += ADVcapacitiveSensor::touch();
  }
  OFFSETZERO = valtouch/10.3; //  -3% for noise
    1268:	2d ec       	ldi	r18, 0xCD	; 205
    126a:	3c ec       	ldi	r19, 0xCC	; 204
    126c:	44 e2       	ldi	r20, 0x24	; 36
    126e:	51 e4       	ldi	r21, 0x41	; 65
    1270:	0e 94 f3 14 	call	0x29e6	; 0x29e6 <__divsf3>
    1274:	60 93 27 05 	sts	0x0527, r22	; 0x800527 <touchbtnUP+0x10>
    1278:	70 93 28 05 	sts	0x0528, r23	; 0x800528 <touchbtnUP+0x11>
    127c:	80 93 29 05 	sts	0x0529, r24	; 0x800529 <touchbtnUP+0x12>
    1280:	90 93 2a 05 	sts	0x052A, r25	; 0x80052a <touchbtnUP+0x13>
setup():
C:\Users\advisor\Desktop\github\electronics\PRESSFLOWino\firmwarePressFlow/firmwarePressFlow.ino:270
  lcd.print(touchbtnUP.begin(BTNR_UP, BTN_UP, 5.0, 5, 10, 0.2));
    1284:	42 e0       	ldi	r20, 0x02	; 2
    1286:	50 e0       	ldi	r21, 0x00	; 0
    1288:	0e 94 23 04 	call	0x846	; 0x846 <Print::print(double, int) [clone .constprop.9]>
C:\Users\advisor\Desktop\github\electronics\PRESSFLOWino\firmwarePressFlow/firmwarePressFlow.ino:271
  lcd.print(" D:");
    128c:	80 e6       	ldi	r24, 0x60	; 96
    128e:	91 e0       	ldi	r25, 0x01	; 1
    1290:	0e 94 21 04 	call	0x842	; 0x842 <Print::print(char const*) [clone .constprop.7]>
begin():
c:\Users\advisor\Documents\Arduino\libraries\ADVcapacitiveSensor/ADVcapacitiveSensor.cpp:22
      if(array[j] < array[j - 1])
        swap(&array[j], &array[j - 1]);
}

double ADVcapacitiveSensor::begin(int send, int receive, double voltage, int frequency, int breakthreshold, double exceptratio) {
  SEND = send;
    1294:	83 e1       	ldi	r24, 0x13	; 19
    1296:	90 e0       	ldi	r25, 0x00	; 0
    1298:	90 93 0b 05 	sts	0x050B, r25	; 0x80050b <touchbtnDWN+0x9>
    129c:	80 93 0a 05 	sts	0x050A, r24	; 0x80050a <touchbtnDWN+0x8>
c:\Users\advisor\Documents\Arduino\libraries\ADVcapacitiveSensor/ADVcapacitiveSensor.cpp:23
  RECEIVE = receive;
    12a0:	8f e0       	ldi	r24, 0x0F	; 15
    12a2:	90 e0       	ldi	r25, 0x00	; 0
    12a4:	90 93 0d 05 	sts	0x050D, r25	; 0x80050d <touchbtnDWN+0xb>
    12a8:	80 93 0c 05 	sts	0x050C, r24	; 0x80050c <touchbtnDWN+0xa>
c:\Users\advisor\Documents\Arduino\libraries\ADVcapacitiveSensor/ADVcapacitiveSensor.cpp:24
  VOLTAGE = voltage;
    12ac:	80 e0       	ldi	r24, 0x00	; 0
    12ae:	90 e0       	ldi	r25, 0x00	; 0
    12b0:	a0 ea       	ldi	r26, 0xA0	; 160
    12b2:	b0 e4       	ldi	r27, 0x40	; 64
    12b4:	80 93 0e 05 	sts	0x050E, r24	; 0x80050e <touchbtnDWN+0xc>
    12b8:	90 93 0f 05 	sts	0x050F, r25	; 0x80050f <touchbtnDWN+0xd>
    12bc:	a0 93 10 05 	sts	0x0510, r26	; 0x800510 <touchbtnDWN+0xe>
    12c0:	b0 93 11 05 	sts	0x0511, r27	; 0x800511 <touchbtnDWN+0xf>
c:\Users\advisor\Documents\Arduino\libraries\ADVcapacitiveSensor/ADVcapacitiveSensor.cpp:25
  FREQUENCY = frequency;
    12c4:	85 e0       	ldi	r24, 0x05	; 5
    12c6:	90 e0       	ldi	r25, 0x00	; 0
    12c8:	90 93 03 05 	sts	0x0503, r25	; 0x800503 <touchbtnDWN+0x1>
    12cc:	80 93 02 05 	sts	0x0502, r24	; 0x800502 <touchbtnDWN>
c:\Users\advisor\Documents\Arduino\libraries\ADVcapacitiveSensor/ADVcapacitiveSensor.cpp:26
  BREAKTHRESHOLD = breakthreshold;
    12d0:	8a e0       	ldi	r24, 0x0A	; 10
    12d2:	90 e0       	ldi	r25, 0x00	; 0
    12d4:	90 93 05 05 	sts	0x0505, r25	; 0x800505 <touchbtnDWN+0x3>
    12d8:	80 93 04 05 	sts	0x0504, r24	; 0x800504 <touchbtnDWN+0x2>
c:\Users\advisor\Documents\Arduino\libraries\ADVcapacitiveSensor/ADVcapacitiveSensor.cpp:27
  EXCEPTRATIO = exceptratio;
    12dc:	8d ec       	ldi	r24, 0xCD	; 205
    12de:	9c ec       	ldi	r25, 0xCC	; 204
    12e0:	ac e4       	ldi	r26, 0x4C	; 76
    12e2:	be e3       	ldi	r27, 0x3E	; 62
    12e4:	80 93 06 05 	sts	0x0506, r24	; 0x800506 <touchbtnDWN+0x4>
    12e8:	90 93 07 05 	sts	0x0507, r25	; 0x800507 <touchbtnDWN+0x5>
    12ec:	a0 93 08 05 	sts	0x0508, r26	; 0x800508 <touchbtnDWN+0x6>
    12f0:	b0 93 09 05 	sts	0x0509, r27	; 0x800509 <touchbtnDWN+0x7>
c:\Users\advisor\Documents\Arduino\libraries\ADVcapacitiveSensor/ADVcapacitiveSensor.cpp:28
  OFFSETZERO = 0.00;
    12f4:	10 92 12 05 	sts	0x0512, r1	; 0x800512 <touchbtnDWN+0x10>
    12f8:	10 92 13 05 	sts	0x0513, r1	; 0x800513 <touchbtnDWN+0x11>
    12fc:	10 92 14 05 	sts	0x0514, r1	; 0x800514 <touchbtnDWN+0x12>
    1300:	10 92 15 05 	sts	0x0515, r1	; 0x800515 <touchbtnDWN+0x13>
    1304:	0a e0       	ldi	r16, 0x0A	; 10
    1306:	10 e0       	ldi	r17, 0x00	; 0
main():
c:\Users\advisor\Documents\Arduino\libraries\ADVcapacitiveSensor/ADVcapacitiveSensor.cpp:29
  double valtouch = 0.00;
    1308:	c1 2c       	mov	r12, r1
    130a:	d1 2c       	mov	r13, r1
    130c:	76 01       	movw	r14, r12
begin():
c:\Users\advisor\Documents\Arduino\libraries\ADVcapacitiveSensor/ADVcapacitiveSensor.cpp:31
  for (int i = 0; i < 10; i++) { // take the lowest of ten readings
	delay(10);
    130e:	6a e0       	ldi	r22, 0x0A	; 10
    1310:	70 e0       	ldi	r23, 0x00	; 0
    1312:	80 e0       	ldi	r24, 0x00	; 0
    1314:	90 e0       	ldi	r25, 0x00	; 0
    1316:	0e 94 e6 01 	call	0x3cc	; 0x3cc <delay>
c:\Users\advisor\Documents\Arduino\libraries\ADVcapacitiveSensor/ADVcapacitiveSensor.cpp:32
	valtouch += ADVcapacitiveSensor::touch();
    131a:	82 e0       	ldi	r24, 0x02	; 2
    131c:	95 e0       	ldi	r25, 0x05	; 5
    131e:	0e 94 f8 04 	call	0x9f0	; 0x9f0 <ADVcapacitiveSensor::touch()>
    1322:	9b 01       	movw	r18, r22
    1324:	ac 01       	movw	r20, r24
    1326:	c7 01       	movw	r24, r14
    1328:	b6 01       	movw	r22, r12
    132a:	0e 94 82 14 	call	0x2904	; 0x2904 <__addsf3>
    132e:	6b 01       	movw	r12, r22
    1330:	7c 01       	movw	r14, r24
    1332:	01 50       	subi	r16, 0x01	; 1
    1334:	11 09       	sbc	r17, r1
c:\Users\advisor\Documents\Arduino\libraries\ADVcapacitiveSensor/ADVcapacitiveSensor.cpp:30
  FREQUENCY = frequency;
  BREAKTHRESHOLD = breakthreshold;
  EXCEPTRATIO = exceptratio;
  OFFSETZERO = 0.00;
  double valtouch = 0.00;
  for (int i = 0; i < 10; i++) { // take the lowest of ten readings
    1336:	59 f7       	brne	.-42     	; 0x130e <main+0x41e>
c:\Users\advisor\Documents\Arduino\libraries\ADVcapacitiveSensor/ADVcapacitiveSensor.cpp:34
	delay(10);
	valtouch += ADVcapacitiveSensor::touch();
  }
  OFFSETZERO = valtouch/10.3; //  -3% for noise
    1338:	2d ec       	ldi	r18, 0xCD	; 205
    133a:	3c ec       	ldi	r19, 0xCC	; 204
    133c:	44 e2       	ldi	r20, 0x24	; 36
    133e:	51 e4       	ldi	r21, 0x41	; 65
    1340:	0e 94 f3 14 	call	0x29e6	; 0x29e6 <__divsf3>
    1344:	60 93 12 05 	sts	0x0512, r22	; 0x800512 <touchbtnDWN+0x10>
    1348:	70 93 13 05 	sts	0x0513, r23	; 0x800513 <touchbtnDWN+0x11>
    134c:	80 93 14 05 	sts	0x0514, r24	; 0x800514 <touchbtnDWN+0x12>
    1350:	90 93 15 05 	sts	0x0515, r25	; 0x800515 <touchbtnDWN+0x13>
setup():
C:\Users\advisor\Desktop\github\electronics\PRESSFLOWino\firmwarePressFlow/firmwarePressFlow.ino:272
  lcd.print(touchbtnDWN.begin(BTNR_DWN, BTN_DWN, 5.0, 5, 10, 0.2));
    1354:	42 e0       	ldi	r20, 0x02	; 2
    1356:	50 e0       	ldi	r21, 0x00	; 0
    1358:	0e 94 23 04 	call	0x846	; 0x846 <Print::print(double, int) [clone .constprop.9]>
C:\Users\advisor\Desktop\github\electronics\PRESSFLOWino\firmwarePressFlow/firmwarePressFlow.ino:273
  lcd.setCursor(0, 1);
    135c:	61 e0       	ldi	r22, 0x01	; 1
    135e:	80 e0       	ldi	r24, 0x00	; 0
    1360:	0e 94 92 03 	call	0x724	; 0x724 <LiquidCrystal::setCursor(unsigned char, unsigned char) [clone .constprop.19]>
C:\Users\advisor\Desktop\github\electronics\PRESSFLOWino\firmwarePressFlow/firmwarePressFlow.ino:274
  lcd.print("E:");
    1364:	84 e6       	ldi	r24, 0x64	; 100
    1366:	91 e0       	ldi	r25, 0x01	; 1
    1368:	0e 94 21 04 	call	0x842	; 0x842 <Print::print(char const*) [clone .constprop.7]>
begin():
c:\Users\advisor\Documents\Arduino\libraries\ADVcapacitiveSensor/ADVcapacitiveSensor.cpp:22
      if(array[j] < array[j - 1])
        swap(&array[j], &array[j - 1]);
}

double ADVcapacitiveSensor::begin(int send, int receive, double voltage, int frequency, int breakthreshold, double exceptratio) {
  SEND = send;
    136c:	81 e0       	ldi	r24, 0x01	; 1
    136e:	90 e0       	ldi	r25, 0x00	; 0
    1370:	90 93 e1 04 	sts	0x04E1, r25	; 0x8004e1 <touchbtnENT+0x9>
    1374:	80 93 e0 04 	sts	0x04E0, r24	; 0x8004e0 <touchbtnENT+0x8>
c:\Users\advisor\Documents\Arduino\libraries\ADVcapacitiveSensor/ADVcapacitiveSensor.cpp:23
  RECEIVE = receive;
    1378:	87 e0       	ldi	r24, 0x07	; 7
    137a:	90 e0       	ldi	r25, 0x00	; 0
    137c:	90 93 e3 04 	sts	0x04E3, r25	; 0x8004e3 <touchbtnENT+0xb>
    1380:	80 93 e2 04 	sts	0x04E2, r24	; 0x8004e2 <touchbtnENT+0xa>
c:\Users\advisor\Documents\Arduino\libraries\ADVcapacitiveSensor/ADVcapacitiveSensor.cpp:24
  VOLTAGE = voltage;
    1384:	80 e0       	ldi	r24, 0x00	; 0
    1386:	90 e0       	ldi	r25, 0x00	; 0
    1388:	a0 ea       	ldi	r26, 0xA0	; 160
    138a:	b0 e4       	ldi	r27, 0x40	; 64
    138c:	80 93 e4 04 	sts	0x04E4, r24	; 0x8004e4 <touchbtnENT+0xc>
    1390:	90 93 e5 04 	sts	0x04E5, r25	; 0x8004e5 <touchbtnENT+0xd>
    1394:	a0 93 e6 04 	sts	0x04E6, r26	; 0x8004e6 <touchbtnENT+0xe>
    1398:	b0 93 e7 04 	sts	0x04E7, r27	; 0x8004e7 <touchbtnENT+0xf>
c:\Users\advisor\Documents\Arduino\libraries\ADVcapacitiveSensor/ADVcapacitiveSensor.cpp:25
  FREQUENCY = frequency;
    139c:	85 e0       	ldi	r24, 0x05	; 5
    139e:	90 e0       	ldi	r25, 0x00	; 0
    13a0:	90 93 d9 04 	sts	0x04D9, r25	; 0x8004d9 <touchbtnENT+0x1>
    13a4:	80 93 d8 04 	sts	0x04D8, r24	; 0x8004d8 <touchbtnENT>
c:\Users\advisor\Documents\Arduino\libraries\ADVcapacitiveSensor/ADVcapacitiveSensor.cpp:26
  BREAKTHRESHOLD = breakthreshold;
    13a8:	8a e0       	ldi	r24, 0x0A	; 10
    13aa:	90 e0       	ldi	r25, 0x00	; 0
    13ac:	90 93 db 04 	sts	0x04DB, r25	; 0x8004db <touchbtnENT+0x3>
    13b0:	80 93 da 04 	sts	0x04DA, r24	; 0x8004da <touchbtnENT+0x2>
c:\Users\advisor\Documents\Arduino\libraries\ADVcapacitiveSensor/ADVcapacitiveSensor.cpp:27
  EXCEPTRATIO = exceptratio;
    13b4:	8d ec       	ldi	r24, 0xCD	; 205
    13b6:	9c ec       	ldi	r25, 0xCC	; 204
    13b8:	ac e4       	ldi	r26, 0x4C	; 76
    13ba:	be e3       	ldi	r27, 0x3E	; 62
    13bc:	80 93 dc 04 	sts	0x04DC, r24	; 0x8004dc <touchbtnENT+0x4>
    13c0:	90 93 dd 04 	sts	0x04DD, r25	; 0x8004dd <touchbtnENT+0x5>
    13c4:	a0 93 de 04 	sts	0x04DE, r26	; 0x8004de <touchbtnENT+0x6>
    13c8:	b0 93 df 04 	sts	0x04DF, r27	; 0x8004df <touchbtnENT+0x7>
c:\Users\advisor\Documents\Arduino\libraries\ADVcapacitiveSensor/ADVcapacitiveSensor.cpp:28
  OFFSETZERO = 0.00;
    13cc:	10 92 e8 04 	sts	0x04E8, r1	; 0x8004e8 <touchbtnENT+0x10>
    13d0:	10 92 e9 04 	sts	0x04E9, r1	; 0x8004e9 <touchbtnENT+0x11>
    13d4:	10 92 ea 04 	sts	0x04EA, r1	; 0x8004ea <touchbtnENT+0x12>
    13d8:	10 92 eb 04 	sts	0x04EB, r1	; 0x8004eb <touchbtnENT+0x13>
    13dc:	0a e0       	ldi	r16, 0x0A	; 10
    13de:	10 e0       	ldi	r17, 0x00	; 0
main():
c:\Users\advisor\Documents\Arduino\libraries\ADVcapacitiveSensor/ADVcapacitiveSensor.cpp:29
  double valtouch = 0.00;
    13e0:	c1 2c       	mov	r12, r1
    13e2:	d1 2c       	mov	r13, r1
    13e4:	76 01       	movw	r14, r12
begin():
c:\Users\advisor\Documents\Arduino\libraries\ADVcapacitiveSensor/ADVcapacitiveSensor.cpp:31
  for (int i = 0; i < 10; i++) { // take the lowest of ten readings
	delay(10);
    13e6:	6a e0       	ldi	r22, 0x0A	; 10
    13e8:	70 e0       	ldi	r23, 0x00	; 0
    13ea:	80 e0       	ldi	r24, 0x00	; 0
    13ec:	90 e0       	ldi	r25, 0x00	; 0
    13ee:	0e 94 e6 01 	call	0x3cc	; 0x3cc <delay>
c:\Users\advisor\Documents\Arduino\libraries\ADVcapacitiveSensor/ADVcapacitiveSensor.cpp:32
	valtouch += ADVcapacitiveSensor::touch();
    13f2:	88 ed       	ldi	r24, 0xD8	; 216
    13f4:	94 e0       	ldi	r25, 0x04	; 4
    13f6:	0e 94 f8 04 	call	0x9f0	; 0x9f0 <ADVcapacitiveSensor::touch()>
    13fa:	9b 01       	movw	r18, r22
    13fc:	ac 01       	movw	r20, r24
    13fe:	c7 01       	movw	r24, r14
    1400:	b6 01       	movw	r22, r12
    1402:	0e 94 82 14 	call	0x2904	; 0x2904 <__addsf3>
    1406:	6b 01       	movw	r12, r22
    1408:	7c 01       	movw	r14, r24
    140a:	01 50       	subi	r16, 0x01	; 1
    140c:	11 09       	sbc	r17, r1
c:\Users\advisor\Documents\Arduino\libraries\ADVcapacitiveSensor/ADVcapacitiveSensor.cpp:30
  FREQUENCY = frequency;
  BREAKTHRESHOLD = breakthreshold;
  EXCEPTRATIO = exceptratio;
  OFFSETZERO = 0.00;
  double valtouch = 0.00;
  for (int i = 0; i < 10; i++) { // take the lowest of ten readings
    140e:	59 f7       	brne	.-42     	; 0x13e6 <main+0x4f6>
c:\Users\advisor\Documents\Arduino\libraries\ADVcapacitiveSensor/ADVcapacitiveSensor.cpp:34
	delay(10);
	valtouch += ADVcapacitiveSensor::touch();
  }
  OFFSETZERO = valtouch/10.3; //  -3% for noise
    1410:	2d ec       	ldi	r18, 0xCD	; 205
    1412:	3c ec       	ldi	r19, 0xCC	; 204
    1414:	44 e2       	ldi	r20, 0x24	; 36
    1416:	51 e4       	ldi	r21, 0x41	; 65
    1418:	0e 94 f3 14 	call	0x29e6	; 0x29e6 <__divsf3>
    141c:	60 93 e8 04 	sts	0x04E8, r22	; 0x8004e8 <touchbtnENT+0x10>
    1420:	70 93 e9 04 	sts	0x04E9, r23	; 0x8004e9 <touchbtnENT+0x11>
    1424:	80 93 ea 04 	sts	0x04EA, r24	; 0x8004ea <touchbtnENT+0x12>
    1428:	90 93 eb 04 	sts	0x04EB, r25	; 0x8004eb <touchbtnENT+0x13>
setup():
C:\Users\advisor\Desktop\github\electronics\PRESSFLOWino\firmwarePressFlow/firmwarePressFlow.ino:275
  lcd.print(touchbtnENT.begin(BTNR_ENT, BTN_ENT, 5.0, 5, 10, 0.2));
    142c:	42 e0       	ldi	r20, 0x02	; 2
    142e:	50 e0       	ldi	r21, 0x00	; 0
    1430:	0e 94 23 04 	call	0x846	; 0x846 <Print::print(double, int) [clone .constprop.9]>
C:\Users\advisor\Desktop\github\electronics\PRESSFLOWino\firmwarePressFlow/firmwarePressFlow.ino:276
  lcd.print(" B:");
    1434:	87 e6       	ldi	r24, 0x67	; 103
    1436:	91 e0       	ldi	r25, 0x01	; 1
    1438:	0e 94 21 04 	call	0x842	; 0x842 <Print::print(char const*) [clone .constprop.7]>
begin():
c:\Users\advisor\Documents\Arduino\libraries\ADVcapacitiveSensor/ADVcapacitiveSensor.cpp:22
      if(array[j] < array[j - 1])
        swap(&array[j], &array[j - 1]);
}

double ADVcapacitiveSensor::begin(int send, int receive, double voltage, int frequency, int breakthreshold, double exceptratio) {
  SEND = send;
    143c:	83 e0       	ldi	r24, 0x03	; 3
    143e:	90 e0       	ldi	r25, 0x00	; 0
    1440:	90 93 f6 04 	sts	0x04F6, r25	; 0x8004f6 <touchbtnBCK+0x9>
    1444:	80 93 f5 04 	sts	0x04F5, r24	; 0x8004f5 <touchbtnBCK+0x8>
c:\Users\advisor\Documents\Arduino\libraries\ADVcapacitiveSensor/ADVcapacitiveSensor.cpp:23
  RECEIVE = receive;
    1448:	86 e0       	ldi	r24, 0x06	; 6
    144a:	90 e0       	ldi	r25, 0x00	; 0
    144c:	90 93 f8 04 	sts	0x04F8, r25	; 0x8004f8 <touchbtnBCK+0xb>
    1450:	80 93 f7 04 	sts	0x04F7, r24	; 0x8004f7 <touchbtnBCK+0xa>
c:\Users\advisor\Documents\Arduino\libraries\ADVcapacitiveSensor/ADVcapacitiveSensor.cpp:24
  VOLTAGE = voltage;
    1454:	80 e0       	ldi	r24, 0x00	; 0
    1456:	90 e0       	ldi	r25, 0x00	; 0
    1458:	a0 ea       	ldi	r26, 0xA0	; 160
    145a:	b0 e4       	ldi	r27, 0x40	; 64
    145c:	80 93 f9 04 	sts	0x04F9, r24	; 0x8004f9 <touchbtnBCK+0xc>
    1460:	90 93 fa 04 	sts	0x04FA, r25	; 0x8004fa <touchbtnBCK+0xd>
    1464:	a0 93 fb 04 	sts	0x04FB, r26	; 0x8004fb <touchbtnBCK+0xe>
    1468:	b0 93 fc 04 	sts	0x04FC, r27	; 0x8004fc <touchbtnBCK+0xf>
c:\Users\advisor\Documents\Arduino\libraries\ADVcapacitiveSensor/ADVcapacitiveSensor.cpp:25
  FREQUENCY = frequency;
    146c:	85 e0       	ldi	r24, 0x05	; 5
    146e:	90 e0       	ldi	r25, 0x00	; 0
    1470:	90 93 ee 04 	sts	0x04EE, r25	; 0x8004ee <touchbtnBCK+0x1>
    1474:	80 93 ed 04 	sts	0x04ED, r24	; 0x8004ed <touchbtnBCK>
c:\Users\advisor\Documents\Arduino\libraries\ADVcapacitiveSensor/ADVcapacitiveSensor.cpp:26
  BREAKTHRESHOLD = breakthreshold;
    1478:	8a e0       	ldi	r24, 0x0A	; 10
    147a:	90 e0       	ldi	r25, 0x00	; 0
    147c:	90 93 f0 04 	sts	0x04F0, r25	; 0x8004f0 <touchbtnBCK+0x3>
    1480:	80 93 ef 04 	sts	0x04EF, r24	; 0x8004ef <touchbtnBCK+0x2>
c:\Users\advisor\Documents\Arduino\libraries\ADVcapacitiveSensor/ADVcapacitiveSensor.cpp:27
  EXCEPTRATIO = exceptratio;
    1484:	8d ec       	ldi	r24, 0xCD	; 205
    1486:	9c ec       	ldi	r25, 0xCC	; 204
    1488:	ac e4       	ldi	r26, 0x4C	; 76
    148a:	be e3       	ldi	r27, 0x3E	; 62
    148c:	80 93 f1 04 	sts	0x04F1, r24	; 0x8004f1 <touchbtnBCK+0x4>
    1490:	90 93 f2 04 	sts	0x04F2, r25	; 0x8004f2 <touchbtnBCK+0x5>
    1494:	a0 93 f3 04 	sts	0x04F3, r26	; 0x8004f3 <touchbtnBCK+0x6>
    1498:	b0 93 f4 04 	sts	0x04F4, r27	; 0x8004f4 <touchbtnBCK+0x7>
c:\Users\advisor\Documents\Arduino\libraries\ADVcapacitiveSensor/ADVcapacitiveSensor.cpp:28
  OFFSETZERO = 0.00;
    149c:	10 92 fd 04 	sts	0x04FD, r1	; 0x8004fd <touchbtnBCK+0x10>
    14a0:	10 92 fe 04 	sts	0x04FE, r1	; 0x8004fe <touchbtnBCK+0x11>
    14a4:	10 92 ff 04 	sts	0x04FF, r1	; 0x8004ff <touchbtnBCK+0x12>
    14a8:	10 92 00 05 	sts	0x0500, r1	; 0x800500 <touchbtnBCK+0x13>
    14ac:	0a e0       	ldi	r16, 0x0A	; 10
    14ae:	10 e0       	ldi	r17, 0x00	; 0
main():
c:\Users\advisor\Documents\Arduino\libraries\ADVcapacitiveSensor/ADVcapacitiveSensor.cpp:29
  double valtouch = 0.00;
    14b0:	c1 2c       	mov	r12, r1
    14b2:	d1 2c       	mov	r13, r1
    14b4:	76 01       	movw	r14, r12
begin():
c:\Users\advisor\Documents\Arduino\libraries\ADVcapacitiveSensor/ADVcapacitiveSensor.cpp:31
  for (int i = 0; i < 10; i++) { // take the lowest of ten readings
	delay(10);
    14b6:	6a e0       	ldi	r22, 0x0A	; 10
    14b8:	70 e0       	ldi	r23, 0x00	; 0
    14ba:	80 e0       	ldi	r24, 0x00	; 0
    14bc:	90 e0       	ldi	r25, 0x00	; 0
    14be:	0e 94 e6 01 	call	0x3cc	; 0x3cc <delay>
c:\Users\advisor\Documents\Arduino\libraries\ADVcapacitiveSensor/ADVcapacitiveSensor.cpp:32
	valtouch += ADVcapacitiveSensor::touch();
    14c2:	8d ee       	ldi	r24, 0xED	; 237
    14c4:	94 e0       	ldi	r25, 0x04	; 4
    14c6:	0e 94 f8 04 	call	0x9f0	; 0x9f0 <ADVcapacitiveSensor::touch()>
    14ca:	9b 01       	movw	r18, r22
    14cc:	ac 01       	movw	r20, r24
    14ce:	c7 01       	movw	r24, r14
    14d0:	b6 01       	movw	r22, r12
    14d2:	0e 94 82 14 	call	0x2904	; 0x2904 <__addsf3>
    14d6:	6b 01       	movw	r12, r22
    14d8:	7c 01       	movw	r14, r24
    14da:	01 50       	subi	r16, 0x01	; 1
    14dc:	11 09       	sbc	r17, r1
c:\Users\advisor\Documents\Arduino\libraries\ADVcapacitiveSensor/ADVcapacitiveSensor.cpp:30
  FREQUENCY = frequency;
  BREAKTHRESHOLD = breakthreshold;
  EXCEPTRATIO = exceptratio;
  OFFSETZERO = 0.00;
  double valtouch = 0.00;
  for (int i = 0; i < 10; i++) { // take the lowest of ten readings
    14de:	59 f7       	brne	.-42     	; 0x14b6 <main+0x5c6>
c:\Users\advisor\Documents\Arduino\libraries\ADVcapacitiveSensor/ADVcapacitiveSensor.cpp:34
	delay(10);
	valtouch += ADVcapacitiveSensor::touch();
  }
  OFFSETZERO = valtouch/10.3; //  -3% for noise
    14e0:	2d ec       	ldi	r18, 0xCD	; 205
    14e2:	3c ec       	ldi	r19, 0xCC	; 204
    14e4:	44 e2       	ldi	r20, 0x24	; 36
    14e6:	51 e4       	ldi	r21, 0x41	; 65
    14e8:	0e 94 f3 14 	call	0x29e6	; 0x29e6 <__divsf3>
    14ec:	60 93 fd 04 	sts	0x04FD, r22	; 0x8004fd <touchbtnBCK+0x10>
    14f0:	70 93 fe 04 	sts	0x04FE, r23	; 0x8004fe <touchbtnBCK+0x11>
    14f4:	80 93 ff 04 	sts	0x04FF, r24	; 0x8004ff <touchbtnBCK+0x12>
    14f8:	90 93 00 05 	sts	0x0500, r25	; 0x800500 <touchbtnBCK+0x13>
setup():
C:\Users\advisor\Desktop\github\electronics\PRESSFLOWino\firmwarePressFlow/firmwarePressFlow.ino:277
  lcd.print(touchbtnBCK.begin(BTNR_BACK, BTN_BACK, 5.0, 5, 10, 0.2));
    14fc:	42 e0       	ldi	r20, 0x02	; 2
    14fe:	50 e0       	ldi	r21, 0x00	; 0
    1500:	0e 94 23 04 	call	0x846	; 0x846 <Print::print(double, int) [clone .constprop.9]>
C:\Users\advisor\Desktop\github\electronics\PRESSFLOWino\firmwarePressFlow/firmwarePressFlow.ino:278
  delay(1000);
    1504:	68 ee       	ldi	r22, 0xE8	; 232
    1506:	73 e0       	ldi	r23, 0x03	; 3
    1508:	80 e0       	ldi	r24, 0x00	; 0
    150a:	90 e0       	ldi	r25, 0x00	; 0
    150c:	0e 94 e6 01 	call	0x3cc	; 0x3cc <delay>
C:\Users\advisor\Desktop\github\electronics\PRESSFLOWino\firmwarePressFlow/firmwarePressFlow.ino:279
  lcd.clear();
    1510:	0e 94 e9 02 	call	0x5d2	; 0x5d2 <LiquidCrystal::clear() [clone .constprop.24]>
C:\Users\advisor\Desktop\github\electronics\PRESSFLOWino\firmwarePressFlow/firmwarePressFlow.ino:280
  lcd.setCursor(0, 0);
    1514:	60 e0       	ldi	r22, 0x00	; 0
    1516:	80 e0       	ldi	r24, 0x00	; 0
    1518:	0e 94 92 03 	call	0x724	; 0x724 <LiquidCrystal::setCursor(unsigned char, unsigned char) [clone .constprop.19]>
main():
C:\Users\advisor\AppData\Local\Arduino15\packages\MiniCore\hardware\avr\3.1.1\cores\MCUdude_corefiles/main.cpp:47
  
  setup();
    
  for (;;) {
    loop();
    if (serialEventRun) serialEventRun();
    151c:	40 e0       	ldi	r20, 0x00	; 0
    151e:	a4 2e       	mov	r10, r20
    1520:	40 e0       	ldi	r20, 0x00	; 0
    1522:	b4 2e       	mov	r11, r20
viewAlarm():
C:\Users\advisor\Desktop\github\electronics\PRESSFLOWino\firmwarePressFlow/firmwarePressFlow.ino:852
      lcd.print("Motor ON no flux");
      break;
    default:
      break;      
  }
  volatile uint8_t alarm_time = ALARM_TIME;     // set alarm time 
    1524:	58 e2       	ldi	r21, 0x28	; 40
    1526:	75 2e       	mov	r7, r21
C:\Users\advisor\Desktop\github\electronics\PRESSFLOWino\firmwarePressFlow/firmwarePressFlow.ino:877
      _delay_ms(250);
      alarm_time --;
    }
    if (digitalRead(BTN_BACK) == LOW ) { // se premo ESCape riazzero tutto 
      alarm_time = ALARM_TIME;
      attempts_rest = ATTEMPTS; //reset rest attempts
    1528:	0a e0       	ldi	r16, 0x0A	; 10
    152a:	10 e0       	ldi	r17, 0x00	; 0
detachInterrupt():
C:\Users\advisor\AppData\Local\Arduino15\packages\MiniCore\hardware\avr\3.1.1\cores\MCUdude_corefiles/WInterrupts.c:414
          EIMSK &= ~(1 << INT0);
          break;

      #endif
    }
    intFunc[interruptNum] = nothing;
    152c:	68 e1       	ldi	r22, 0x18	; 24
    152e:	86 2e       	mov	r8, r22
    1530:	62 e0       	ldi	r22, 0x02	; 2
    1532:	96 2e       	mov	r9, r22
millis():
C:\Users\advisor\AppData\Local\Arduino15\packages\MiniCore\hardware\avr\3.1.1\cores\MCUdude_corefiles/wiring.c:218
}

unsigned long millis()
{
  unsigned long m;
  uint8_t oldSREG = SREG;
    1534:	8f b7       	in	r24, 0x3f	; 63
C:\Users\advisor\AppData\Local\Arduino15\packages\MiniCore\hardware\avr\3.1.1\cores\MCUdude_corefiles/wiring.c:222

  // disable interrupts while we read timer0_millis or we might get an
  // inconsistent value (e.g. in the middle of a write to timer0_millis)
  cli();
    1536:	f8 94       	cli
C:\Users\advisor\AppData\Local\Arduino15\packages\MiniCore\hardware\avr\3.1.1\cores\MCUdude_corefiles/wiring.c:223
  m = timer0_millis;
    1538:	c0 90 30 05 	lds	r12, 0x0530	; 0x800530 <timer0_millis>
    153c:	d0 90 31 05 	lds	r13, 0x0531	; 0x800531 <timer0_millis+0x1>
    1540:	e0 90 32 05 	lds	r14, 0x0532	; 0x800532 <timer0_millis+0x2>
    1544:	f0 90 33 05 	lds	r15, 0x0533	; 0x800533 <timer0_millis+0x3>
C:\Users\advisor\AppData\Local\Arduino15\packages\MiniCore\hardware\avr\3.1.1\cores\MCUdude_corefiles/wiring.c:224
  SREG = oldSREG;
    1548:	8f bf       	out	0x3f, r24	; 63
loop():
C:\Users\advisor\Desktop\github\electronics\PRESSFLOWino\firmwarePressFlow/firmwarePressFlow.ino:1001
    }
  }
}

void loop() {
  currentMillis = millis();  //get the current time
    154a:	c0 92 2b 05 	sts	0x052B, r12	; 0x80052b <currentMillis>
    154e:	d0 92 2c 05 	sts	0x052C, r13	; 0x80052c <currentMillis+0x1>
    1552:	e0 92 2d 05 	sts	0x052D, r14	; 0x80052d <currentMillis+0x2>
    1556:	f0 92 2e 05 	sts	0x052E, r15	; 0x80052e <currentMillis+0x3>
decisec():
C:\Users\advisor\Desktop\github\electronics\PRESSFLOWino\firmwarePressFlow/firmwarePressFlow.ino:958
    startOneSecMillis = currentMillis;  
  }
}

void decisec(){
  if (currentMillis - startDeciSecMillis >= DeciSec)  //test whether the period has elapsed
    155a:	80 91 56 04 	lds	r24, 0x0456	; 0x800456 <__data_end>
    155e:	90 91 57 04 	lds	r25, 0x0457	; 0x800457 <__data_end+0x1>
    1562:	a0 91 58 04 	lds	r26, 0x0458	; 0x800458 <__data_end+0x2>
    1566:	b0 91 59 04 	lds	r27, 0x0459	; 0x800459 <__data_end+0x3>
    156a:	a7 01       	movw	r20, r14
    156c:	96 01       	movw	r18, r12
    156e:	28 1b       	sub	r18, r24
    1570:	39 0b       	sbc	r19, r25
    1572:	4a 0b       	sbc	r20, r26
    1574:	5b 0b       	sbc	r21, r27
    1576:	da 01       	movw	r26, r20
    1578:	c9 01       	movw	r24, r18
    157a:	8a 3f       	cpi	r24, 0xFA	; 250
    157c:	91 05       	cpc	r25, r1
    157e:	a1 05       	cpc	r26, r1
    1580:	b1 05       	cpc	r27, r1
    1582:	08 f4       	brcc	.+2      	; 0x1586 <main+0x696>
    1584:	ed c0       	rjmp	.+474    	; 0x1760 <main+0x870>
C:\Users\advisor\Desktop\github\electronics\PRESSFLOWino\firmwarePressFlow/firmwarePressFlow.ino:960
  {
    if(motor_status){
    1586:	80 91 5c 04 	lds	r24, 0x045C	; 0x80045c <motor_status>
    158a:	88 23       	and	r24, r24
    158c:	69 f1       	breq	.+90     	; 0x15e8 <main+0x6f8>
C:\Users\advisor\Desktop\github\electronics\PRESSFLOWino\firmwarePressFlow/firmwarePressFlow.ino:961
      lcd.setCursor(15,0);
    158e:	60 e0       	ldi	r22, 0x00	; 0
    1590:	8f e0       	ldi	r24, 0x0F	; 15
    1592:	0e 94 92 03 	call	0x724	; 0x724 <LiquidCrystal::setCursor(unsigned char, unsigned char) [clone .constprop.19]>
C:\Users\advisor\Desktop\github\electronics\PRESSFLOWino\firmwarePressFlow/firmwarePressFlow.ino:962
      if (displaySpinn > 3){
    1596:	80 91 2c 01 	lds	r24, 0x012C	; 0x80012c <displaySpinn>
    159a:	90 91 2d 01 	lds	r25, 0x012D	; 0x80012d <displaySpinn+0x1>
    159e:	84 30       	cpi	r24, 0x04	; 4
    15a0:	91 05       	cpc	r25, r1
    15a2:	0c f4       	brge	.+2      	; 0x15a6 <main+0x6b6>
    15a4:	79 c0       	rjmp	.+242    	; 0x1698 <main+0x7a8>
C:\Users\advisor\Desktop\github\electronics\PRESSFLOWino\firmwarePressFlow/firmwarePressFlow.ino:963
        lcd.print(char(0));
    15a6:	80 e0       	ldi	r24, 0x00	; 0
    15a8:	0e 94 c3 03 	call	0x786	; 0x786 <Print::print(char) [clone .constprop.18]>
C:\Users\advisor\Desktop\github\electronics\PRESSFLOWino\firmwarePressFlow/firmwarePressFlow.ino:964
        displaySpinn = 0;
    15ac:	10 92 2d 01 	sts	0x012D, r1	; 0x80012d <displaySpinn+0x1>
    15b0:	10 92 2c 01 	sts	0x012C, r1	; 0x80012c <displaySpinn>
C:\Users\advisor\Desktop\github\electronics\PRESSFLOWino\firmwarePressFlow/firmwarePressFlow.ino:968
      } else {
        lcd.print(ShowSpinn[displaySpinn]);       
      }
      displaySpinn++;
    15b4:	80 91 2c 01 	lds	r24, 0x012C	; 0x80012c <displaySpinn>
    15b8:	90 91 2d 01 	lds	r25, 0x012D	; 0x80012d <displaySpinn+0x1>
    15bc:	01 96       	adiw	r24, 0x01	; 1
    15be:	90 93 2d 01 	sts	0x012D, r25	; 0x80012d <displaySpinn+0x1>
    15c2:	80 93 2c 01 	sts	0x012C, r24	; 0x80012c <displaySpinn>
display():
C:\Users\advisor\AppData\Local\Arduino15\libraries\LiquidCrystal\src/LiquidCrystal.cpp:207
void LiquidCrystal::noDisplay() {
  _displaycontrol &= ~LCD_DISPLAYON;
  command(LCD_DISPLAYCONTROL | _displaycontrol);
}
void LiquidCrystal::display() {
  _displaycontrol |= LCD_DISPLAYON;
    15c6:	80 91 48 05 	lds	r24, 0x0548	; 0x800548 <lcd+0x10>
    15ca:	98 2f       	mov	r25, r24
    15cc:	94 60       	ori	r25, 0x04	; 4
    15ce:	90 93 48 05 	sts	0x0548, r25	; 0x800548 <lcd+0x10>
C:\Users\advisor\AppData\Local\Arduino15\libraries\LiquidCrystal\src/LiquidCrystal.cpp:208
  command(LCD_DISPLAYCONTROL | _displaycontrol);
    15d2:	8c 60       	ori	r24, 0x0C	; 12
    15d4:	0e 94 e3 02 	call	0x5c6	; 0x5c6 <LiquidCrystal::command(unsigned char) [clone .constprop.25]>
decisec():
C:\Users\advisor\Desktop\github\electronics\PRESSFLOWino\firmwarePressFlow/firmwarePressFlow.ino:970
      lcd.display();
      startDeciSecMillis = currentMillis; 
    15d8:	c0 92 56 04 	sts	0x0456, r12	; 0x800456 <__data_end>
    15dc:	d0 92 57 04 	sts	0x0457, r13	; 0x800457 <__data_end+0x1>
    15e0:	e0 92 58 04 	sts	0x0458, r14	; 0x800458 <__data_end+0x2>
    15e4:	f0 92 59 04 	sts	0x0459, r15	; 0x800459 <__data_end+0x3>
C:\Users\advisor\Desktop\github\electronics\PRESSFLOWino\firmwarePressFlow/firmwarePressFlow.ino:972
    }
    if (fluxSensorType_val <= 1 ) {  // switch or no flux sensor
    15e8:	80 91 d0 04 	lds	r24, 0x04D0	; 0x8004d0 <fluxSensorType_val>
    15ec:	90 91 d1 04 	lds	r25, 0x04D1	; 0x8004d1 <fluxSensorType_val+0x1>
    15f0:	02 97       	sbiw	r24, 0x02	; 2
    15f2:	0c f0       	brlt	.+2      	; 0x15f6 <main+0x706>
    15f4:	58 c0       	rjmp	.+176    	; 0x16a6 <main+0x7b6>
C:\Users\advisor\Desktop\github\electronics\PRESSFLOWino\firmwarePressFlow/firmwarePressFlow.ino:973
      pulseCount = digitalRead(FLOWSENS);
    15f6:	82 e0       	ldi	r24, 0x02	; 2
    15f8:	0e 94 0b 01 	call	0x216	; 0x216 <digitalRead>
    15fc:	80 93 85 04 	sts	0x0485, r24	; 0x800485 <pulseCount>
C:\Users\advisor\Desktop\github\electronics\PRESSFLOWino\firmwarePressFlow/firmwarePressFlow.ino:977
    } else if (ctrlMode_val == 1){ // mode compressor force fluxSensorType to no flux sensor
      fluxSensorType_val = 0;
    }   
    if (operating_time >= max_on_time) {
    1600:	20 91 5a 04 	lds	r18, 0x045A	; 0x80045a <operating_time>
    1604:	30 91 5b 04 	lds	r19, 0x045B	; 0x80045b <operating_time+0x1>
    1608:	80 91 2a 01 	lds	r24, 0x012A	; 0x80012a <max_on_time>
    160c:	90 91 2b 01 	lds	r25, 0x012B	; 0x80012b <max_on_time+0x1>
    1610:	28 17       	cp	r18, r24
    1612:	39 07       	cpc	r19, r25
    1614:	08 f4       	brcc	.+2      	; 0x1618 <main+0x728>
    1616:	53 c0       	rjmp	.+166    	; 0x16be <main+0x7ce>
C:\Users\advisor\Desktop\github\electronics\PRESSFLOWino\firmwarePressFlow/firmwarePressFlow.ino:980
        //  STOP ALL!!!
        //  Motor has been running for too long: THERE MAY BE A LEAK!
        motor_status = false; // stop motor
    1618:	10 92 5c 04 	sts	0x045C, r1	; 0x80045c <motor_status>
viewAlarm():
C:\Users\advisor\Desktop\github\electronics\PRESSFLOWino\firmwarePressFlow/firmwarePressFlow.ino:829
      break;
  }
}

void viewAlarm (int optalarm) {
  digitalWrite(MOTOR, LOW );
    161c:	60 e0       	ldi	r22, 0x00	; 0
    161e:	85 e0       	ldi	r24, 0x05	; 5
    1620:	0e 94 34 01 	call	0x268	; 0x268 <digitalWrite>
C:\Users\advisor\Desktop\github\electronics\PRESSFLOWino\firmwarePressFlow/firmwarePressFlow.ino:830
  digitalWrite(EVALVE, LOW );
    1624:	60 e0       	ldi	r22, 0x00	; 0
    1626:	84 e0       	ldi	r24, 0x04	; 4
    1628:	0e 94 34 01 	call	0x268	; 0x268 <digitalWrite>
C:\Users\advisor\Desktop\github\electronics\PRESSFLOWino\firmwarePressFlow/firmwarePressFlow.ino:834
  motor_status = false; // motor OFF
  switch (optalarm) {
    case 1:                                 // Over max time run
      lcd.clear();
    162c:	0e 94 e9 02 	call	0x5d2	; 0x5d2 <LiquidCrystal::clear() [clone .constprop.24]>
C:\Users\advisor\Desktop\github\electronics\PRESSFLOWino\firmwarePressFlow/firmwarePressFlow.ino:835
      lcd.print("! ALARM ! ");
    1630:	8b e6       	ldi	r24, 0x6B	; 107
    1632:	91 e0       	ldi	r25, 0x01	; 1
    1634:	0e 94 21 04 	call	0x842	; 0x842 <Print::print(char const*) [clone .constprop.7]>
C:\Users\advisor\Desktop\github\electronics\PRESSFLOWino\firmwarePressFlow/firmwarePressFlow.ino:837
      // second row
      lcd.setCursor(0, 1);
    1638:	61 e0       	ldi	r22, 0x01	; 1
    163a:	80 e0       	ldi	r24, 0x00	; 0
    163c:	0e 94 92 03 	call	0x724	; 0x724 <LiquidCrystal::setCursor(unsigned char, unsigned char) [clone .constprop.19]>
C:\Users\advisor\Desktop\github\electronics\PRESSFLOWino\firmwarePressFlow/firmwarePressFlow.ino:838
      lcd.print("Run over ");
    1640:	86 e7       	ldi	r24, 0x76	; 118
    1642:	91 e0       	ldi	r25, 0x01	; 1
    1644:	0e 94 21 04 	call	0x842	; 0x842 <Print::print(char const*) [clone .constprop.7]>
C:\Users\advisor\Desktop\github\electronics\PRESSFLOWino\firmwarePressFlow/firmwarePressFlow.ino:839
      lcd.print(max_on_time);
    1648:	60 91 2a 01 	lds	r22, 0x012A	; 0x80012a <max_on_time>
    164c:	70 91 2b 01 	lds	r23, 0x012B	; 0x80012b <max_on_time+0x1>
print():
C:\Users\advisor\AppData\Local\Arduino15\packages\MiniCore\hardware\avr\3.1.1\cores\MCUdude_corefiles/Print.cpp:84
  return print((long) n, base);
}

size_t Print::print(unsigned int n, int base)
{
  return print((unsigned long) n, base);
    1650:	90 e0       	ldi	r25, 0x00	; 0
    1652:	80 e0       	ldi	r24, 0x00	; 0
C:\Users\advisor\AppData\Local\Arduino15\packages\MiniCore\hardware\avr\3.1.1\cores\MCUdude_corefiles/Print.cpp:106
}

size_t Print::print(unsigned long n, int base)
{
  if (base == 0) return write(n);
  else return printNumber(n, base);
    1654:	4a e0       	ldi	r20, 0x0A	; 10
    1656:	0e 94 dd 03 	call	0x7ba	; 0x7ba <Print::printNumber(unsigned long, unsigned char) [clone .constprop.15]>
viewAlarm():
C:\Users\advisor\Desktop\github\electronics\PRESSFLOWino\firmwarePressFlow/firmwarePressFlow.ino:840
      lcd.print(" sec");
    165a:	80 e8       	ldi	r24, 0x80	; 128
    165c:	91 e0       	ldi	r25, 0x01	; 1
    165e:	0e 94 21 04 	call	0x842	; 0x842 <Print::print(char const*) [clone .constprop.7]>
C:\Users\advisor\Desktop\github\electronics\PRESSFLOWino\firmwarePressFlow/firmwarePressFlow.ino:852
      lcd.print("Motor ON no flux");
      break;
    default:
      break;      
  }
  volatile uint8_t alarm_time = ALARM_TIME;     // set alarm time 
    1662:	7a 82       	std	Y+2, r7	; 0x02
C:\Users\advisor\Desktop\github\electronics\PRESSFLOWino\firmwarePressFlow/firmwarePressFlow.ino:875
      _delay_ms(750);
      lcd.noDisplay();
      _delay_ms(250);
      alarm_time --;
    }
    if (digitalRead(BTN_BACK) == LOW ) { // se premo ESCape riazzero tutto 
    1664:	86 e0       	ldi	r24, 0x06	; 6
    1666:	0e 94 0b 01 	call	0x216	; 0x216 <digitalRead>
    166a:	89 2b       	or	r24, r25
    166c:	d9 f7       	brne	.-10     	; 0x1664 <main+0x774>
C:\Users\advisor\Desktop\github\electronics\PRESSFLOWino\firmwarePressFlow/firmwarePressFlow.ino:876
      alarm_time = ALARM_TIME;
    166e:	7a 82       	std	Y+2, r7	; 0x02
C:\Users\advisor\Desktop\github\electronics\PRESSFLOWino\firmwarePressFlow/firmwarePressFlow.ino:877
      attempts_rest = ATTEMPTS; //reset rest attempts
    1670:	10 93 29 01 	sts	0x0129, r17	; 0x800129 <attempts_rest+0x1>
    1674:	00 93 28 01 	sts	0x0128, r16	; 0x800128 <attempts_rest>
C:\Users\advisor\Desktop\github\electronics\PRESSFLOWino\firmwarePressFlow/firmwarePressFlow.ino:878
      operating_time = 0; // reset alarm timer
    1678:	10 92 5b 04 	sts	0x045B, r1	; 0x80045b <operating_time+0x1>
    167c:	10 92 5a 04 	sts	0x045A, r1	; 0x80045a <operating_time>
C:\Users\advisor\Desktop\github\electronics\PRESSFLOWino\firmwarePressFlow/firmwarePressFlow.ino:879
      motor_status = true; // accendo il motore
    1680:	81 e0       	ldi	r24, 0x01	; 1
    1682:	80 93 5c 04 	sts	0x045C, r24	; 0x80045c <motor_status>
    1686:	6c c0       	rjmp	.+216    	; 0x1760 <main+0x870>
setup():
C:\Users\advisor\Desktop\github\electronics\PRESSFLOWino\firmwarePressFlow/firmwarePressFlow.ino:255
    pinMode(FLOWSENS,INPUT_PULLUP);
  } else {
    // The Hall-effect sensor is connected to pin 2 which uses interrupt 0.
    // Configured to trigger on a FALLING state change (transition from HIGH
    // state to LOW state)
    pinMode(FLOWSENS,INPUT);
    1688:	60 e0       	ldi	r22, 0x00	; 0
    168a:	82 e0       	ldi	r24, 0x02	; 2
    168c:	0e 94 62 01 	call	0x2c4	; 0x2c4 <pinMode>
C:\Users\advisor\Desktop\github\electronics\PRESSFLOWino\firmwarePressFlow/firmwarePressFlow.ino:256
    attachInterrupt(flowsensorInterrupt, pulseCounter, FALLING);
    1690:	80 e0       	ldi	r24, 0x00	; 0
    1692:	0e 94 c4 00 	call	0x188	; 0x188 <attachInterrupt.constprop.4>
    1696:	6e cd       	rjmp	.-1316   	; 0x1174 <main+0x284>
decisec():
C:\Users\advisor\Desktop\github\electronics\PRESSFLOWino\firmwarePressFlow/firmwarePressFlow.ino:966
      lcd.setCursor(15,0);
      if (displaySpinn > 3){
        lcd.print(char(0));
        displaySpinn = 0;
      } else {
        lcd.print(ShowSpinn[displaySpinn]);       
    1698:	84 5b       	subi	r24, 0xB4	; 180
    169a:	9e 4f       	sbci	r25, 0xFE	; 254
    169c:	fc 01       	movw	r30, r24
    169e:	80 81       	ld	r24, Z
    16a0:	0e 94 c3 03 	call	0x786	; 0x786 <Print::print(char) [clone .constprop.18]>
    16a4:	87 cf       	rjmp	.-242    	; 0x15b4 <main+0x6c4>
C:\Users\advisor\Desktop\github\electronics\PRESSFLOWino\firmwarePressFlow/firmwarePressFlow.ino:974
      lcd.display();
      startDeciSecMillis = currentMillis; 
    }
    if (fluxSensorType_val <= 1 ) {  // switch or no flux sensor
      pulseCount = digitalRead(FLOWSENS);
    } else if (ctrlMode_val == 1){ // mode compressor force fluxSensorType to no flux sensor
    16a6:	80 91 ca 04 	lds	r24, 0x04CA	; 0x8004ca <ctrlMode_val>
    16aa:	90 91 cb 04 	lds	r25, 0x04CB	; 0x8004cb <ctrlMode_val+0x1>
    16ae:	01 97       	sbiw	r24, 0x01	; 1
    16b0:	09 f0       	breq	.+2      	; 0x16b4 <main+0x7c4>
    16b2:	a6 cf       	rjmp	.-180    	; 0x1600 <main+0x710>
C:\Users\advisor\Desktop\github\electronics\PRESSFLOWino\firmwarePressFlow/firmwarePressFlow.ino:975
      fluxSensorType_val = 0;
    16b4:	10 92 d1 04 	sts	0x04D1, r1	; 0x8004d1 <fluxSensorType_val+0x1>
    16b8:	10 92 d0 04 	sts	0x04D0, r1	; 0x8004d0 <fluxSensorType_val>
    16bc:	a1 cf       	rjmp	.-190    	; 0x1600 <main+0x710>
C:\Users\advisor\Desktop\github\electronics\PRESSFLOWino\firmwarePressFlow/firmwarePressFlow.ino:982
    if (operating_time >= max_on_time) {
        //  STOP ALL!!!
        //  Motor has been running for too long: THERE MAY BE A LEAK!
        motor_status = false; // stop motor
        viewAlarm(1); // leak error
    } else if (operating_time >= (start_delay + 1)) {
    16be:	80 91 5a 04 	lds	r24, 0x045A	; 0x80045a <operating_time>
    16c2:	90 91 5b 04 	lds	r25, 0x045B	; 0x80045b <operating_time+0x1>
    16c6:	05 97       	sbiw	r24, 0x05	; 5
    16c8:	08 f4       	brcc	.+2      	; 0x16cc <main+0x7dc>
    16ca:	4a c0       	rjmp	.+148    	; 0x1760 <main+0x870>
C:\Users\advisor\Desktop\github\electronics\PRESSFLOWino\firmwarePressFlow/firmwarePressFlow.ino:983
        digitalWrite(EVALVE, HIGH);
    16cc:	61 e0       	ldi	r22, 0x01	; 1
    16ce:	84 e0       	ldi	r24, 0x04	; 4
    16d0:	0e 94 34 01 	call	0x268	; 0x268 <digitalWrite>
C:\Users\advisor\Desktop\github\electronics\PRESSFLOWino\firmwarePressFlow/firmwarePressFlow.ino:985
        valveStatus = true;
        if ( pulseCount == HIGH && fluxSensorType_val == 1 ) { // switch as sensor but no flux
    16d4:	80 91 85 04 	lds	r24, 0x0485	; 0x800485 <pulseCount>
    16d8:	81 30       	cpi	r24, 0x01	; 1
    16da:	09 f0       	breq	.+2      	; 0x16de <main+0x7ee>
    16dc:	41 c0       	rjmp	.+130    	; 0x1760 <main+0x870>
    16de:	80 91 d0 04 	lds	r24, 0x04D0	; 0x8004d0 <fluxSensorType_val>
    16e2:	90 91 d1 04 	lds	r25, 0x04D1	; 0x8004d1 <fluxSensorType_val+0x1>
    16e6:	01 97       	sbiw	r24, 0x01	; 1
    16e8:	d9 f5       	brne	.+118    	; 0x1760 <main+0x870>
C:\Users\advisor\Desktop\github\electronics\PRESSFLOWino\firmwarePressFlow/firmwarePressFlow.ino:991
          //  STOP ALL!!!
          //  Motor has been running for too long: THERE MAY BE A LEAK!
          //  Flow control appears that the level switch-flow is open therefore at 1, 
          //  i.e. the float at the top, it means that there is no air flow, 
          //  so I stop everything and write the error on display (flow error)        
          motor_status = false; // stop motor
    16ea:	10 92 5c 04 	sts	0x045C, r1	; 0x80045c <motor_status>
C:\Users\advisor\Desktop\github\electronics\PRESSFLOWino\firmwarePressFlow/firmwarePressFlow.ino:992
          if ( menuLevel == 0 ) { // switch as sensor but no flux
    16ee:	80 91 d2 04 	lds	r24, 0x04D2	; 0x8004d2 <menuLevel>
    16f2:	81 11       	cpse	r24, r1
    16f4:	35 c0       	rjmp	.+106    	; 0x1760 <main+0x870>
viewAlarm():
C:\Users\advisor\Desktop\github\electronics\PRESSFLOWino\firmwarePressFlow/firmwarePressFlow.ino:829
      break;
  }
}

void viewAlarm (int optalarm) {
  digitalWrite(MOTOR, LOW );
    16f6:	60 e0       	ldi	r22, 0x00	; 0
    16f8:	85 e0       	ldi	r24, 0x05	; 5
    16fa:	0e 94 34 01 	call	0x268	; 0x268 <digitalWrite>
C:\Users\advisor\Desktop\github\electronics\PRESSFLOWino\firmwarePressFlow/firmwarePressFlow.ino:830
  digitalWrite(EVALVE, LOW );
    16fe:	60 e0       	ldi	r22, 0x00	; 0
    1700:	84 e0       	ldi	r24, 0x04	; 4
    1702:	0e 94 34 01 	call	0x268	; 0x268 <digitalWrite>
C:\Users\advisor\Desktop\github\electronics\PRESSFLOWino\firmwarePressFlow/firmwarePressFlow.ino:843
      lcd.print("Run over ");
      lcd.print(max_on_time);
      lcd.print(" sec");
      break;
    case 2:                                 // Motor run but no flux 
      lcd.clear();
    1706:	0e 94 e9 02 	call	0x5d2	; 0x5d2 <LiquidCrystal::clear() [clone .constprop.24]>
C:\Users\advisor\Desktop\github\electronics\PRESSFLOWino\firmwarePressFlow/firmwarePressFlow.ino:844
      lcd.print("! ALARM ! ");
    170a:	8b e6       	ldi	r24, 0x6B	; 107
    170c:	91 e0       	ldi	r25, 0x01	; 1
    170e:	0e 94 21 04 	call	0x842	; 0x842 <Print::print(char const*) [clone .constprop.7]>
C:\Users\advisor\Desktop\github\electronics\PRESSFLOWino\firmwarePressFlow/firmwarePressFlow.ino:846
      // second row
      lcd.setCursor(0, 1);
    1712:	61 e0       	ldi	r22, 0x01	; 1
    1714:	80 e0       	ldi	r24, 0x00	; 0
    1716:	0e 94 92 03 	call	0x724	; 0x724 <LiquidCrystal::setCursor(unsigned char, unsigned char) [clone .constprop.19]>
C:\Users\advisor\Desktop\github\electronics\PRESSFLOWino\firmwarePressFlow/firmwarePressFlow.ino:847
      lcd.print("Motor ON no flux");
    171a:	85 e8       	ldi	r24, 0x85	; 133
    171c:	91 e0       	ldi	r25, 0x01	; 1
    171e:	0e 94 21 04 	call	0x842	; 0x842 <Print::print(char const*) [clone .constprop.7]>
C:\Users\advisor\Desktop\github\electronics\PRESSFLOWino\firmwarePressFlow/firmwarePressFlow.ino:852
      break;
    default:
      break;      
  }
  volatile uint8_t alarm_time = ALARM_TIME;     // set alarm time 
    1722:	79 82       	std	Y+1, r7	; 0x01
C:\Users\advisor\Desktop\github\electronics\PRESSFLOWino\firmwarePressFlow/firmwarePressFlow.ino:857
  // alarm loop
  while (1) {
    if (optalarm==1){  // Over max time run no return
    }  else {
      if (alarm_time <= 0 && attempts_rest > 0) {
    1724:	89 81       	ldd	r24, Y+1	; 0x01
    1726:	c0 90 28 01 	lds	r12, 0x0128	; 0x800128 <attempts_rest>
    172a:	d0 90 29 01 	lds	r13, 0x0129	; 0x800129 <attempts_rest+0x1>
    172e:	81 11       	cpse	r24, r1
    1730:	3a c1       	rjmp	.+628    	; 0x19a6 <main+0xab6>
    1732:	1c 14       	cp	r1, r12
    1734:	1d 04       	cpc	r1, r13
    1736:	0c f0       	brlt	.+2      	; 0x173a <main+0x84a>
    1738:	36 c1       	rjmp	.+620    	; 0x19a6 <main+0xab6>
C:\Users\advisor\Desktop\github\electronics\PRESSFLOWino\firmwarePressFlow/firmwarePressFlow.ino:858
        alarm_time = ALARM_TIME;
    173a:	79 82       	std	Y+1, r7	; 0x01
C:\Users\advisor\Desktop\github\electronics\PRESSFLOWino\firmwarePressFlow/firmwarePressFlow.ino:859
        attempts_rest --; // decrement
    173c:	f1 e0       	ldi	r31, 0x01	; 1
    173e:	cf 1a       	sub	r12, r31
    1740:	d1 08       	sbc	r13, r1
    1742:	d0 92 29 01 	sts	0x0129, r13	; 0x800129 <attempts_rest+0x1>
    1746:	c0 92 28 01 	sts	0x0128, r12	; 0x800128 <attempts_rest>
C:\Users\advisor\Desktop\github\electronics\PRESSFLOWino\firmwarePressFlow/firmwarePressFlow.ino:860
        operating_time = 0; // reset alarm time
    174a:	10 92 5b 04 	sts	0x045B, r1	; 0x80045b <operating_time+0x1>
    174e:	10 92 5a 04 	sts	0x045A, r1	; 0x80045a <operating_time>
C:\Users\advisor\Desktop\github\electronics\PRESSFLOWino\firmwarePressFlow/firmwarePressFlow.ino:861
        motor_status = true; // motor ON
    1752:	81 e0       	ldi	r24, 0x01	; 1
    1754:	80 93 5c 04 	sts	0x045C, r24	; 0x80045c <motor_status>
C:\Users\advisor\Desktop\github\electronics\PRESSFLOWino\firmwarePressFlow/firmwarePressFlow.ino:862
        digitalWrite(MOTOR, HIGH );
    1758:	61 e0       	ldi	r22, 0x01	; 1
    175a:	85 e0       	ldi	r24, 0x05	; 5
    175c:	0e 94 34 01 	call	0x268	; 0x268 <digitalWrite>
onesec():
C:\Users\advisor\Desktop\github\electronics\PRESSFLOWino\firmwarePressFlow/firmwarePressFlow.ino:887
  }
  return;
}

void onesec(){
  if (currentMillis - startOneSecMillis >= OneSec)  //test whether the period has elapsed
    1760:	80 91 2b 05 	lds	r24, 0x052B	; 0x80052b <currentMillis>
    1764:	90 91 2c 05 	lds	r25, 0x052C	; 0x80052c <currentMillis+0x1>
    1768:	a0 91 2d 05 	lds	r26, 0x052D	; 0x80052d <currentMillis+0x2>
    176c:	b0 91 2e 05 	lds	r27, 0x052E	; 0x80052e <currentMillis+0x3>
    1770:	40 91 b2 04 	lds	r20, 0x04B2	; 0x8004b2 <startOneSecMillis>
    1774:	50 91 b3 04 	lds	r21, 0x04B3	; 0x8004b3 <startOneSecMillis+0x1>
    1778:	60 91 b4 04 	lds	r22, 0x04B4	; 0x8004b4 <startOneSecMillis+0x2>
    177c:	70 91 b5 04 	lds	r23, 0x04B5	; 0x8004b5 <startOneSecMillis+0x3>
    1780:	84 1b       	sub	r24, r20
    1782:	95 0b       	sbc	r25, r21
    1784:	a6 0b       	sbc	r26, r22
    1786:	b7 0b       	sbc	r27, r23
    1788:	88 3e       	cpi	r24, 0xE8	; 232
    178a:	93 40       	sbci	r25, 0x03	; 3
    178c:	a1 05       	cpc	r26, r1
    178e:	b1 05       	cpc	r27, r1
    1790:	08 f4       	brcc	.+2      	; 0x1794 <main+0x8a4>
    1792:	bc c0       	rjmp	.+376    	; 0x190c <main+0xa1c>
C:\Users\advisor\Desktop\github\electronics\PRESSFLOWino\firmwarePressFlow/firmwarePressFlow.ino:890
  {
    // read the value from the pressure sensor:
    pressRead = analogRead(PRESSENS)-zeroCalibration;
    1794:	81 e1       	ldi	r24, 0x11	; 17
    1796:	0e 94 9e 01 	call	0x33c	; 0x33c <analogRead>
    179a:	8c 58       	subi	r24, 0x8C	; 140
    179c:	91 09       	sbc	r25, r1
C:\Users\advisor\Desktop\github\electronics\PRESSFLOWino\firmwarePressFlow/firmwarePressFlow.ino:891
    if (pressRead <= 0){
    179e:	18 16       	cp	r1, r24
    17a0:	19 06       	cpc	r1, r25
    17a2:	0c f0       	brlt	.+2      	; 0x17a6 <main+0x8b6>
    17a4:	48 c1       	rjmp	.+656    	; 0x1a36 <main+0xb46>
C:\Users\advisor\Desktop\github\electronics\PRESSFLOWino\firmwarePressFlow/firmwarePressFlow.ino:890

void onesec(){
  if (currentMillis - startOneSecMillis >= OneSec)  //test whether the period has elapsed
  {
    // read the value from the pressure sensor:
    pressRead = analogRead(PRESSENS)-zeroCalibration;
    17a6:	90 93 b1 04 	sts	0x04B1, r25	; 0x8004b1 <pressRead+0x1>
    17aa:	80 93 b0 04 	sts	0x04B0, r24	; 0x8004b0 <pressRead>
C:\Users\advisor\Desktop\github\electronics\PRESSFLOWino\firmwarePressFlow/firmwarePressFlow.ino:894
    if (pressRead <= 0){
      pressRead = 0;
    }
    if (pressSensorType_val >= 1 ) {  // preset Pressure sensor
    17ae:	80 91 ce 04 	lds	r24, 0x04CE	; 0x8004ce <pressSensorType_val>
    17b2:	90 91 cf 04 	lds	r25, 0x04CF	; 0x8004cf <pressSensorType_val+0x1>
    17b6:	18 16       	cp	r1, r24
    17b8:	19 06       	cpc	r1, r25
    17ba:	9c f4       	brge	.+38     	; 0x17e2 <main+0x8f2>
C:\Users\advisor\Desktop\github\electronics\PRESSFLOWino\firmwarePressFlow/firmwarePressFlow.ino:895
      pressFactor = pressFactorData[pressSensorType_val];
    17bc:	88 0f       	add	r24, r24
    17be:	99 1f       	adc	r25, r25
    17c0:	88 0f       	add	r24, r24
    17c2:	99 1f       	adc	r25, r25
    17c4:	fc 01       	movw	r30, r24
    17c6:	e8 57       	subi	r30, 0x78	; 120
    17c8:	fb 4f       	sbci	r31, 0xFB	; 251
    17ca:	80 81       	ld	r24, Z
    17cc:	91 81       	ldd	r25, Z+1	; 0x01
    17ce:	a2 81       	ldd	r26, Z+2	; 0x02
    17d0:	b3 81       	ldd	r27, Z+3	; 0x03
    17d2:	80 93 2e 01 	sts	0x012E, r24	; 0x80012e <pressFactor>
    17d6:	90 93 2f 01 	sts	0x012F, r25	; 0x80012f <pressFactor+0x1>
    17da:	a0 93 30 01 	sts	0x0130, r26	; 0x800130 <pressFactor+0x2>
    17de:	b0 93 31 01 	sts	0x0131, r27	; 0x800131 <pressFactor+0x3>
C:\Users\advisor\Desktop\github\electronics\PRESSFLOWino\firmwarePressFlow/firmwarePressFlow.ino:899
    } else {
       
    }
    pressValue = pressRead*pressFactor/10;    
    17e2:	60 91 b0 04 	lds	r22, 0x04B0	; 0x8004b0 <pressRead>
    17e6:	70 91 b1 04 	lds	r23, 0x04B1	; 0x8004b1 <pressRead+0x1>
    17ea:	07 2e       	mov	r0, r23
    17ec:	00 0c       	add	r0, r0
    17ee:	88 0b       	sbc	r24, r24
    17f0:	99 0b       	sbc	r25, r25
    17f2:	0e 94 9d 15 	call	0x2b3a	; 0x2b3a <__floatsisf>
    17f6:	20 91 2e 01 	lds	r18, 0x012E	; 0x80012e <pressFactor>
    17fa:	30 91 2f 01 	lds	r19, 0x012F	; 0x80012f <pressFactor+0x1>
    17fe:	40 91 30 01 	lds	r20, 0x0130	; 0x800130 <pressFactor+0x2>
    1802:	50 91 31 01 	lds	r21, 0x0131	; 0x800131 <pressFactor+0x3>
    1806:	0e 94 a2 16 	call	0x2d44	; 0x2d44 <__mulsf3>
    180a:	20 e0       	ldi	r18, 0x00	; 0
    180c:	30 e0       	ldi	r19, 0x00	; 0
    180e:	40 e2       	ldi	r20, 0x20	; 32
    1810:	51 e4       	ldi	r21, 0x41	; 65
    1812:	0e 94 f3 14 	call	0x29e6	; 0x29e6 <__divsf3>
    1816:	0e 94 65 15 	call	0x2aca	; 0x2aca <__fixsfsi>
    181a:	70 93 87 04 	sts	0x0487, r23	; 0x800487 <pressValue+0x1>
    181e:	60 93 86 04 	sts	0x0486, r22	; 0x800486 <pressValue>
C:\Users\advisor\Desktop\github\electronics\PRESSFLOWino\firmwarePressFlow/firmwarePressFlow.ino:900
    if (fluxSensorType_val <= 1 ) {  // switch or no flux sensor
    1822:	80 91 d0 04 	lds	r24, 0x04D0	; 0x8004d0 <fluxSensorType_val>
    1826:	90 91 d1 04 	lds	r25, 0x04D1	; 0x8004d1 <fluxSensorType_val+0x1>
    182a:	82 30       	cpi	r24, 0x02	; 2
    182c:	91 05       	cpc	r25, r1
    182e:	0c f0       	brlt	.+2      	; 0x1832 <main+0x942>
    1830:	07 c1       	rjmp	.+526    	; 0x1a40 <main+0xb50>
C:\Users\advisor\Desktop\github\electronics\PRESSFLOWino\firmwarePressFlow/firmwarePressFlow.ino:901
      pulseCount = digitalRead(FLOWSENS);
    1832:	82 e0       	ldi	r24, 0x02	; 2
    1834:	0e 94 0b 01 	call	0x216	; 0x216 <digitalRead>
    1838:	80 93 85 04 	sts	0x0485, r24	; 0x800485 <pulseCount>
C:\Users\advisor\Desktop\github\electronics\PRESSFLOWino\firmwarePressFlow/firmwarePressFlow.ino:910
      pulseFactor = flowFactorData[fluxSensorType_val];
      // Disable the interrupt while calculating flow rate 
      detachInterrupt(flowsensorInterrupt);
      flowRate = pulseCount*pulseFactor/10;    
    }
    if(menuLevel==1){
    183c:	80 91 d2 04 	lds	r24, 0x04D2	; 0x8004d2 <menuLevel>
    1840:	81 30       	cpi	r24, 0x01	; 1
    1842:	09 f0       	breq	.+2      	; 0x1846 <main+0x956>
    1844:	e8 c2       	rjmp	.+1488   	; 0x1e16 <main+0xf26>
viewLevel_1():
C:\Users\advisor\Desktop\github\electronics\PRESSFLOWino\firmwarePressFlow/firmwarePressFlow.ino:470
  lcd.print((print_val/10),1);
  lcd.print(" bar    ");
}

void viewLevel_1 () { 
  switch (option) {
    1846:	80 91 3a 01 	lds	r24, 0x013A	; 0x80013a <option>
    184a:	83 30       	cpi	r24, 0x03	; 3
    184c:	09 f4       	brne	.+2      	; 0x1850 <main+0x960>
    184e:	ec c1       	rjmp	.+984    	; 0x1c28 <main+0xd38>
    1850:	08 f0       	brcs	.+2      	; 0x1854 <main+0x964>
    1852:	43 c1       	rjmp	.+646    	; 0x1ada <main+0xbea>
    1854:	81 30       	cpi	r24, 0x01	; 1
    1856:	09 f4       	brne	.+2      	; 0x185a <main+0x96a>
    1858:	71 c1       	rjmp	.+738    	; 0x1b3c <main+0xc4c>
    185a:	82 30       	cpi	r24, 0x02	; 2
    185c:	09 f4       	brne	.+2      	; 0x1860 <main+0x970>
    185e:	a9 c1       	rjmp	.+850    	; 0x1bb2 <main+0xcc2>
onesec():
C:\Users\advisor\Desktop\github\electronics\PRESSFLOWino\firmwarePressFlow/firmwarePressFlow.ino:919
    } else if(menuLevel==3){
      viewLevel_3();
    } else {
      viewHome();
    }
    if(pressValue >= maxPress_val){
    1860:	80 91 86 04 	lds	r24, 0x0486	; 0x800486 <pressValue>
    1864:	90 91 87 04 	lds	r25, 0x0487	; 0x800487 <pressValue+0x1>
    1868:	20 91 cc 04 	lds	r18, 0x04CC	; 0x8004cc <maxPress_val>
    186c:	30 91 cd 04 	lds	r19, 0x04CD	; 0x8004cd <maxPress_val+0x1>
    1870:	82 17       	cp	r24, r18
    1872:	93 07       	cpc	r25, r19
    1874:	44 f0       	brlt	.+16     	; 0x1886 <main+0x996>
C:\Users\advisor\Desktop\github\electronics\PRESSFLOWino\firmwarePressFlow/firmwarePressFlow.ino:920
      if (menuLevel == 0){
    1876:	20 91 d2 04 	lds	r18, 0x04D2	; 0x8004d2 <menuLevel>
    187a:	21 11       	cpse	r18, r1
    187c:	02 c0       	rjmp	.+4      	; 0x1882 <main+0x992>
C:\Users\advisor\Desktop\github\electronics\PRESSFLOWino\firmwarePressFlow/firmwarePressFlow.ino:921
        lightStatus = false;
    187e:	10 92 3b 01 	sts	0x013B, r1	; 0x80013b <lightStatus>
C:\Users\advisor\Desktop\github\electronics\PRESSFLOWino\firmwarePressFlow/firmwarePressFlow.ino:923
      }
      motor_status=false;
    1882:	10 92 5c 04 	sts	0x045C, r1	; 0x80045c <motor_status>
C:\Users\advisor\Desktop\github\electronics\PRESSFLOWino\firmwarePressFlow/firmwarePressFlow.ino:925
    }
    if(pressValue < minPress_val){
    1886:	20 91 38 01 	lds	r18, 0x0138	; 0x800138 <minPress_val>
    188a:	30 91 39 01 	lds	r19, 0x0139	; 0x800139 <minPress_val+0x1>
    188e:	82 17       	cp	r24, r18
    1890:	93 07       	cpc	r25, r19
    1892:	1c f4       	brge	.+6      	; 0x189a <main+0x9aa>
C:\Users\advisor\Desktop\github\electronics\PRESSFLOWino\firmwarePressFlow/firmwarePressFlow.ino:926
      motor_status = true;
    1894:	81 e0       	ldi	r24, 0x01	; 1
    1896:	80 93 5c 04 	sts	0x045C, r24	; 0x80045c <motor_status>
C:\Users\advisor\Desktop\github\electronics\PRESSFLOWino\firmwarePressFlow/firmwarePressFlow.ino:929
    }

    if (motor_status == true){
    189a:	80 91 5c 04 	lds	r24, 0x045C	; 0x80045c <motor_status>
    189e:	88 23       	and	r24, r24
    18a0:	09 f4       	brne	.+2      	; 0x18a4 <main+0x9b4>
    18a2:	2f c5       	rjmp	.+2654   	; 0x2302 <main+0x1412>
C:\Users\advisor\Desktop\github\electronics\PRESSFLOWino\firmwarePressFlow/firmwarePressFlow.ino:930
      operating_time++;
    18a4:	80 91 5a 04 	lds	r24, 0x045A	; 0x80045a <operating_time>
    18a8:	90 91 5b 04 	lds	r25, 0x045B	; 0x80045b <operating_time+0x1>
    18ac:	01 96       	adiw	r24, 0x01	; 1
    18ae:	90 93 5b 04 	sts	0x045B, r25	; 0x80045b <operating_time+0x1>
    18b2:	80 93 5a 04 	sts	0x045A, r24	; 0x80045a <operating_time>
C:\Users\advisor\Desktop\github\electronics\PRESSFLOWino\firmwarePressFlow/firmwarePressFlow.ino:931
      lightStatus = true;
    18b6:	81 e0       	ldi	r24, 0x01	; 1
    18b8:	80 93 3b 01 	sts	0x013B, r24	; 0x80013b <lightStatus>
C:\Users\advisor\Desktop\github\electronics\PRESSFLOWino\firmwarePressFlow/firmwarePressFlow.ino:932
      digitalWrite(MOTOR, HIGH );
    18bc:	61 e0       	ldi	r22, 0x01	; 1
    18be:	85 e0       	ldi	r24, 0x05	; 5
C:\Users\advisor\Desktop\github\electronics\PRESSFLOWino\firmwarePressFlow/firmwarePressFlow.ino:936
    } else {
      operating_time = 0;
      digitalWrite(MOTOR, LOW );
      digitalWrite(EVALVE, LOW );
    18c0:	0e 94 34 01 	call	0x268	; 0x268 <digitalWrite>
C:\Users\advisor\Desktop\github\electronics\PRESSFLOWino\firmwarePressFlow/firmwarePressFlow.ino:939
      valveStatus = false;    
    }
    if (lightStatus == true){
    18c4:	80 91 3b 01 	lds	r24, 0x013B	; 0x80013b <lightStatus>
C:\Users\advisor\Desktop\github\electronics\PRESSFLOWino\firmwarePressFlow/firmwarePressFlow.ino:940
      digitalWrite(BACKLIGHT, HIGH );
    18c8:	61 e0       	ldi	r22, 0x01	; 1
C:\Users\advisor\Desktop\github\electronics\PRESSFLOWino\firmwarePressFlow/firmwarePressFlow.ino:939
      operating_time = 0;
      digitalWrite(MOTOR, LOW );
      digitalWrite(EVALVE, LOW );
      valveStatus = false;    
    }
    if (lightStatus == true){
    18ca:	81 11       	cpse	r24, r1
    18cc:	01 c0       	rjmp	.+2      	; 0x18d0 <main+0x9e0>
C:\Users\advisor\Desktop\github\electronics\PRESSFLOWino\firmwarePressFlow/firmwarePressFlow.ino:942
      digitalWrite(BACKLIGHT, HIGH );
    } else {
      digitalWrite(BACKLIGHT, LOW );
    18ce:	60 e0       	ldi	r22, 0x00	; 0
    18d0:	86 e0       	ldi	r24, 0x06	; 6
    18d2:	0e 94 34 01 	call	0x268	; 0x268 <digitalWrite>
C:\Users\advisor\Desktop\github\electronics\PRESSFLOWino\firmwarePressFlow/firmwarePressFlow.ino:945
    }

    if (fluxSensorType_val <= 1 ) {  // switch or no flux sensor
    18d6:	80 91 d0 04 	lds	r24, 0x04D0	; 0x8004d0 <fluxSensorType_val>
    18da:	90 91 d1 04 	lds	r25, 0x04D1	; 0x8004d1 <fluxSensorType_val+0x1>
    18de:	02 97       	sbiw	r24, 0x02	; 2
    18e0:	2c f0       	brlt	.+10     	; 0x18ec <main+0x9fc>
C:\Users\advisor\Desktop\github\electronics\PRESSFLOWino\firmwarePressFlow/firmwarePressFlow.ino:949

    } else { // hall effect sensor
      // Reset the pulse counter so we can start incrementing again
      pulseCount = 0;    
    18e2:	10 92 85 04 	sts	0x0485, r1	; 0x800485 <pulseCount>
C:\Users\advisor\Desktop\github\electronics\PRESSFLOWino\firmwarePressFlow/firmwarePressFlow.ino:951
      // Enable the interrupt again now that we've finished 
      attachInterrupt(flowsensorInterrupt, pulseCounter, FALLING);
    18e6:	80 e0       	ldi	r24, 0x00	; 0
    18e8:	0e 94 c4 00 	call	0x188	; 0x188 <attachInterrupt.constprop.4>
C:\Users\advisor\Desktop\github\electronics\PRESSFLOWino\firmwarePressFlow/firmwarePressFlow.ino:953
    }
    startOneSecMillis = currentMillis;  
    18ec:	80 91 2b 05 	lds	r24, 0x052B	; 0x80052b <currentMillis>
    18f0:	90 91 2c 05 	lds	r25, 0x052C	; 0x80052c <currentMillis+0x1>
    18f4:	a0 91 2d 05 	lds	r26, 0x052D	; 0x80052d <currentMillis+0x2>
    18f8:	b0 91 2e 05 	lds	r27, 0x052E	; 0x80052e <currentMillis+0x3>
    18fc:	80 93 b2 04 	sts	0x04B2, r24	; 0x8004b2 <startOneSecMillis>
    1900:	90 93 b3 04 	sts	0x04B3, r25	; 0x8004b3 <startOneSecMillis+0x1>
    1904:	a0 93 b4 04 	sts	0x04B4, r26	; 0x8004b4 <startOneSecMillis+0x2>
    1908:	b0 93 b5 04 	sts	0x04B5, r27	; 0x8004b5 <startOneSecMillis+0x3>
loop():
C:\Users\advisor\Desktop\github\electronics\PRESSFLOWino\firmwarePressFlow/firmwarePressFlow.ino:1020
  lcd.print(' ');
  lcd.print(touchbtnBCK.touch());
  */

  // process buttons
  btnStateUP = touchbtnUP.booltouch();
    190c:	87 e1       	ldi	r24, 0x17	; 23
    190e:	95 e0       	ldi	r25, 0x05	; 5
    1910:	0e 94 56 06 	call	0xcac	; 0xcac <ADVcapacitiveSensor::booltouch()>
    1914:	d8 2e       	mov	r13, r24
    1916:	80 93 16 05 	sts	0x0516, r24	; 0x800516 <btnStateUP>
C:\Users\advisor\Desktop\github\electronics\PRESSFLOWino\firmwarePressFlow/firmwarePressFlow.ino:1021
  btnStateDWN = touchbtnDWN.booltouch();
    191a:	82 e0       	ldi	r24, 0x02	; 2
    191c:	95 e0       	ldi	r25, 0x05	; 5
    191e:	0e 94 56 06 	call	0xcac	; 0xcac <ADVcapacitiveSensor::booltouch()>
    1922:	e8 2e       	mov	r14, r24
    1924:	80 93 01 05 	sts	0x0501, r24	; 0x800501 <btnStateDWN>
C:\Users\advisor\Desktop\github\electronics\PRESSFLOWino\firmwarePressFlow/firmwarePressFlow.ino:1022
  btnStateBCK = touchbtnBCK.booltouch();
    1928:	8d ee       	ldi	r24, 0xED	; 237
    192a:	94 e0       	ldi	r25, 0x04	; 4
    192c:	0e 94 56 06 	call	0xcac	; 0xcac <ADVcapacitiveSensor::booltouch()>
    1930:	f8 2e       	mov	r15, r24
    1932:	80 93 ec 04 	sts	0x04EC, r24	; 0x8004ec <btnStateBCK>
C:\Users\advisor\Desktop\github\electronics\PRESSFLOWino\firmwarePressFlow/firmwarePressFlow.ino:1023
  btnStateENT = touchbtnENT.booltouch();
    1936:	88 ed       	ldi	r24, 0xD8	; 216
    1938:	94 e0       	ldi	r25, 0x04	; 4
    193a:	0e 94 56 06 	call	0xcac	; 0xcac <ADVcapacitiveSensor::booltouch()>
    193e:	80 93 d7 04 	sts	0x04D7, r24	; 0x8004d7 <btnStateENT>
C:\Users\advisor\Desktop\github\electronics\PRESSFLOWino\firmwarePressFlow/firmwarePressFlow.ino:1024
  if ( btnStateUP == HIGH && prevBtnUP == LOW ) {
    1942:	dd 20       	and	r13, r13
    1944:	09 f4       	brne	.+2      	; 0x1948 <main+0xa58>
    1946:	d6 c5       	rjmp	.+2988   	; 0x24f4 <main+0x1604>
    1948:	90 91 d6 04 	lds	r25, 0x04D6	; 0x8004d6 <prevBtnUP>
    194c:	91 11       	cpse	r25, r1
    194e:	d2 c5       	rjmp	.+2980   	; 0x24f4 <main+0x1604>
C:\Users\advisor\Desktop\github\electronics\PRESSFLOWino\firmwarePressFlow/firmwarePressFlow.ino:1026
    buttonPressed = 'U';
    lightStatus = true;
    1950:	81 e0       	ldi	r24, 0x01	; 1
    1952:	80 93 3b 01 	sts	0x013B, r24	; 0x80013b <lightStatus>
processButton():
C:\Users\advisor\Desktop\github\electronics\PRESSFLOWino\firmwarePressFlow/firmwarePressFlow.ino:290
  // Increment the pulse counter
  pulseCount++;
}

void processButton(char buttonPressed) {
  switch(menuLevel) {
    1956:	80 91 d2 04 	lds	r24, 0x04D2	; 0x8004d2 <menuLevel>
    195a:	82 30       	cpi	r24, 0x02	; 2
    195c:	09 f4       	brne	.+2      	; 0x1960 <main+0xa70>
    195e:	dc c4       	rjmp	.+2488   	; 0x2318 <main+0x1428>
    1960:	83 30       	cpi	r24, 0x03	; 3
    1962:	09 f4       	brne	.+2      	; 0x1966 <main+0xa76>
    1964:	52 c5       	rjmp	.+2724   	; 0x240a <main+0x151a>
    1966:	81 30       	cpi	r24, 0x01	; 1
    1968:	39 f4       	brne	.+14     	; 0x1978 <main+0xa88>
C:\Users\advisor\Desktop\github\electronics\PRESSFLOWino\firmwarePressFlow/firmwarePressFlow.ino:316
      switch ( buttonPressed ) {
        case 'E':               // Enter
          menuLevel = 2;        // go to menu second level
          break;
        case 'U':               // Up (view inverse)
          if ( option > 1 ) {
    196a:	80 91 3a 01 	lds	r24, 0x013A	; 0x80013a <option>
    196e:	82 30       	cpi	r24, 0x02	; 2
    1970:	18 f0       	brcs	.+6      	; 0x1978 <main+0xa88>
C:\Users\advisor\Desktop\github\electronics\PRESSFLOWino\firmwarePressFlow/firmwarePressFlow.ino:317
            option--;
    1972:	81 50       	subi	r24, 0x01	; 1
C:\Users\advisor\Desktop\github\electronics\PRESSFLOWino\firmwarePressFlow/firmwarePressFlow.ino:322
          }
          break;
        case 'D':               // Down (view inverse)
          if ( option < 5 ) {
            option++;
    1974:	80 93 3a 01 	sts	0x013A, r24	; 0x80013a <option>
loop():
C:\Users\advisor\Desktop\github\electronics\PRESSFLOWino\firmwarePressFlow/firmwarePressFlow.ino:1041
  } else if (btnStateENT == HIGH && prevBtnENT == LOW ) {
    buttonPressed = 'E';
    lightStatus = true;
    processButton(buttonPressed);  
  }
  prevBtnUP  = btnStateUP;   
    1978:	80 91 16 05 	lds	r24, 0x0516	; 0x800516 <btnStateUP>
    197c:	80 93 d6 04 	sts	0x04D6, r24	; 0x8004d6 <prevBtnUP>
C:\Users\advisor\Desktop\github\electronics\PRESSFLOWino\firmwarePressFlow/firmwarePressFlow.ino:1042
  prevBtnDWN = btnStateDWN; 
    1980:	80 91 01 05 	lds	r24, 0x0501	; 0x800501 <btnStateDWN>
    1984:	80 93 d5 04 	sts	0x04D5, r24	; 0x8004d5 <prevBtnDWN>
C:\Users\advisor\Desktop\github\electronics\PRESSFLOWino\firmwarePressFlow/firmwarePressFlow.ino:1043
  prevBtnBCK = btnStateBCK; 
    1988:	80 91 ec 04 	lds	r24, 0x04EC	; 0x8004ec <btnStateBCK>
    198c:	80 93 d4 04 	sts	0x04D4, r24	; 0x8004d4 <prevBtnBCK>
C:\Users\advisor\Desktop\github\electronics\PRESSFLOWino\firmwarePressFlow/firmwarePressFlow.ino:1044
  prevBtnENT = btnStateENT;
    1990:	80 91 d7 04 	lds	r24, 0x04D7	; 0x8004d7 <btnStateENT>
    1994:	80 93 d3 04 	sts	0x04D3, r24	; 0x8004d3 <prevBtnENT>
main():
C:\Users\advisor\AppData\Local\Arduino15\packages\MiniCore\hardware\avr\3.1.1\cores\MCUdude_corefiles/main.cpp:47
    1998:	a1 14       	cp	r10, r1
    199a:	b1 04       	cpc	r11, r1
    199c:	09 f4       	brne	.+2      	; 0x19a0 <main+0xab0>
    199e:	ca cd       	rjmp	.-1132   	; 0x1534 <main+0x644>
    19a0:	0e 94 00 00 	call	0	; 0x0 <__vectors>
    19a4:	c7 cd       	rjmp	.-1138   	; 0x1534 <main+0x644>
viewAlarm():
C:\Users\advisor\Desktop\github\electronics\PRESSFLOWino\firmwarePressFlow/firmwarePressFlow.ino:866
        motor_status = true; // motor ON
        digitalWrite(MOTOR, HIGH );
        return; //exit
      } 
      if (optalarm==2){ // Motor run but no flux 
        lcd.setCursor(14,0);
    19a6:	60 e0       	ldi	r22, 0x00	; 0
    19a8:	8e e0       	ldi	r24, 0x0E	; 14
    19aa:	0e 94 92 03 	call	0x724	; 0x724 <LiquidCrystal::setCursor(unsigned char, unsigned char) [clone .constprop.19]>
print():
C:\Users\advisor\AppData\Local\Arduino15\packages\MiniCore\hardware\avr\3.1.1\cores\MCUdude_corefiles/Print.cpp:79
  return print((unsigned long) b, base);
}

size_t Print::print(int n, int base)
{
  return print((long) n, base);
    19ae:	0d 2c       	mov	r0, r13
    19b0:	00 0c       	add	r0, r0
    19b2:	ee 08       	sbc	r14, r14
    19b4:	ff 08       	sbc	r15, r15
C:\Users\advisor\AppData\Local\Arduino15\packages\MiniCore\hardware\avr\3.1.1\cores\MCUdude_corefiles/Print.cpp:97
    if (n < 0) {
      int t = print('-');
      n = -n;
      return printNumber(n, 10) + t;
    }
    return printNumber(n, 10);
    19b6:	4a e0       	ldi	r20, 0x0A	; 10
    19b8:	c7 01       	movw	r24, r14
    19ba:	b6 01       	movw	r22, r12
C:\Users\advisor\AppData\Local\Arduino15\packages\MiniCore\hardware\avr\3.1.1\cores\MCUdude_corefiles/Print.cpp:92
size_t Print::print(long n, int base)
{
  if (base == 0) {
    return write(n);
  } else if (base == 10) {
    if (n < 0) {
    19bc:	f7 fe       	sbrs	r15, 7
    19be:	0b c0       	rjmp	.+22     	; 0x19d6 <main+0xae6>
C:\Users\advisor\AppData\Local\Arduino15\packages\MiniCore\hardware\avr\3.1.1\cores\MCUdude_corefiles/Print.cpp:93
      int t = print('-');
    19c0:	8d e2       	ldi	r24, 0x2D	; 45
    19c2:	0e 94 c3 03 	call	0x786	; 0x786 <Print::print(char) [clone .constprop.18]>
C:\Users\advisor\AppData\Local\Arduino15\packages\MiniCore\hardware\avr\3.1.1\cores\MCUdude_corefiles/Print.cpp:94
      n = -n;
    19c6:	66 27       	eor	r22, r22
    19c8:	77 27       	eor	r23, r23
    19ca:	cb 01       	movw	r24, r22
    19cc:	6c 19       	sub	r22, r12
    19ce:	7d 09       	sbc	r23, r13
    19d0:	8e 09       	sbc	r24, r14
    19d2:	9f 09       	sbc	r25, r15
C:\Users\advisor\AppData\Local\Arduino15\packages\MiniCore\hardware\avr\3.1.1\cores\MCUdude_corefiles/Print.cpp:95
      return printNumber(n, 10) + t;
    19d4:	4a e0       	ldi	r20, 0x0A	; 10
C:\Users\advisor\AppData\Local\Arduino15\packages\MiniCore\hardware\avr\3.1.1\cores\MCUdude_corefiles/Print.cpp:97
    }
    return printNumber(n, 10);
    19d6:	0e 94 dd 03 	call	0x7ba	; 0x7ba <Print::printNumber(unsigned long, unsigned char) [clone .constprop.15]>
display():
C:\Users\advisor\AppData\Local\Arduino15\libraries\LiquidCrystal\src/LiquidCrystal.cpp:207
void LiquidCrystal::noDisplay() {
  _displaycontrol &= ~LCD_DISPLAYON;
  command(LCD_DISPLAYCONTROL | _displaycontrol);
}
void LiquidCrystal::display() {
  _displaycontrol |= LCD_DISPLAYON;
    19da:	80 91 48 05 	lds	r24, 0x0548	; 0x800548 <lcd+0x10>
    19de:	98 2f       	mov	r25, r24
    19e0:	94 60       	ori	r25, 0x04	; 4
    19e2:	90 93 48 05 	sts	0x0548, r25	; 0x800548 <lcd+0x10>
C:\Users\advisor\AppData\Local\Arduino15\libraries\LiquidCrystal\src/LiquidCrystal.cpp:208
  command(LCD_DISPLAYCONTROL | _displaycontrol);
    19e6:	8c 60       	ori	r24, 0x0C	; 12
    19e8:	0e 94 e3 02 	call	0x5c6	; 0x5c6 <LiquidCrystal::command(unsigned char) [clone .constprop.25]>
_delay_ms():
c:\users\advisor\appdata\local\arduino15\packages\arduino\tools\avr-gcc\7.3.0-atmel3.6.1-arduino7\avr\include\util/delay.h:187
	#else
		//round up by default
		__ticks_dc = (uint32_t)(ceil(fabs(__tmp)));
	#endif

	__builtin_avr_delay_cycles(__ticks_dc);
    19ec:	2f e7       	ldi	r18, 0x7F	; 127
    19ee:	3f e4       	ldi	r19, 0x4F	; 79
    19f0:	42 e1       	ldi	r20, 0x12	; 18
    19f2:	21 50       	subi	r18, 0x01	; 1
    19f4:	30 40       	sbci	r19, 0x00	; 0
    19f6:	40 40       	sbci	r20, 0x00	; 0
    19f8:	e1 f7       	brne	.-8      	; 0x19f2 <main+0xb02>
    19fa:	00 c0       	rjmp	.+0      	; 0x19fc <main+0xb0c>
    19fc:	00 00       	nop
noDisplay():
C:\Users\advisor\AppData\Local\Arduino15\libraries\LiquidCrystal\src/LiquidCrystal.cpp:203
  command(LCD_SETDDRAMADDR | (col + _row_offsets[row]));
}

// Turn the display on/off (quickly)
void LiquidCrystal::noDisplay() {
  _displaycontrol &= ~LCD_DISPLAYON;
    19fe:	80 91 48 05 	lds	r24, 0x0548	; 0x800548 <lcd+0x10>
    1a02:	8b 7f       	andi	r24, 0xFB	; 251
    1a04:	80 93 48 05 	sts	0x0548, r24	; 0x800548 <lcd+0x10>
C:\Users\advisor\AppData\Local\Arduino15\libraries\LiquidCrystal\src/LiquidCrystal.cpp:204
  command(LCD_DISPLAYCONTROL | _displaycontrol);
    1a08:	88 60       	ori	r24, 0x08	; 8
    1a0a:	0e 94 e3 02 	call	0x5c6	; 0x5c6 <LiquidCrystal::command(unsigned char) [clone .constprop.25]>
_delay_ms():
c:\users\advisor\appdata\local\arduino15\packages\arduino\tools\avr-gcc\7.3.0-atmel3.6.1-arduino7\avr\include\util/delay.h:187
    1a0e:	5f e7       	ldi	r21, 0x7F	; 127
    1a10:	8a e1       	ldi	r24, 0x1A	; 26
    1a12:	96 e0       	ldi	r25, 0x06	; 6
    1a14:	51 50       	subi	r21, 0x01	; 1
    1a16:	80 40       	sbci	r24, 0x00	; 0
    1a18:	90 40       	sbci	r25, 0x00	; 0
    1a1a:	e1 f7       	brne	.-8      	; 0x1a14 <main+0xb24>
    1a1c:	00 c0       	rjmp	.+0      	; 0x1a1e <main+0xb2e>
    1a1e:	00 00       	nop
viewAlarm():
C:\Users\advisor\Desktop\github\electronics\PRESSFLOWino\firmwarePressFlow/firmwarePressFlow.ino:873
      }
      lcd.display();
      _delay_ms(750);
      lcd.noDisplay();
      _delay_ms(250);
      alarm_time --;
    1a20:	89 81       	ldd	r24, Y+1	; 0x01
    1a22:	81 50       	subi	r24, 0x01	; 1
    1a24:	89 83       	std	Y+1, r24	; 0x01
C:\Users\advisor\Desktop\github\electronics\PRESSFLOWino\firmwarePressFlow/firmwarePressFlow.ino:875
    }
    if (digitalRead(BTN_BACK) == LOW ) { // se premo ESCape riazzero tutto 
    1a26:	86 e0       	ldi	r24, 0x06	; 6
    1a28:	0e 94 0b 01 	call	0x216	; 0x216 <digitalRead>
    1a2c:	89 2b       	or	r24, r25
    1a2e:	09 f0       	breq	.+2      	; 0x1a32 <main+0xb42>
    1a30:	79 ce       	rjmp	.-782    	; 0x1724 <main+0x834>
C:\Users\advisor\Desktop\github\electronics\PRESSFLOWino\firmwarePressFlow/firmwarePressFlow.ino:876
      alarm_time = ALARM_TIME;
    1a32:	79 82       	std	Y+1, r7	; 0x01
    1a34:	1d ce       	rjmp	.-966    	; 0x1670 <main+0x780>
onesec():
C:\Users\advisor\Desktop\github\electronics\PRESSFLOWino\firmwarePressFlow/firmwarePressFlow.ino:892
  if (currentMillis - startOneSecMillis >= OneSec)  //test whether the period has elapsed
  {
    // read the value from the pressure sensor:
    pressRead = analogRead(PRESSENS)-zeroCalibration;
    if (pressRead <= 0){
      pressRead = 0;
    1a36:	10 92 b1 04 	sts	0x04B1, r1	; 0x8004b1 <pressRead+0x1>
    1a3a:	10 92 b0 04 	sts	0x04B0, r1	; 0x8004b0 <pressRead>
    1a3e:	b7 ce       	rjmp	.-658    	; 0x17ae <main+0x8be>
C:\Users\advisor\Desktop\github\electronics\PRESSFLOWino\firmwarePressFlow/firmwarePressFlow.ino:902
       
    }
    pressValue = pressRead*pressFactor/10;    
    if (fluxSensorType_val <= 1 ) {  // switch or no flux sensor
      pulseCount = digitalRead(FLOWSENS);
    } else if (fluxSensorType_val >= 9 ) {  // pulseFactor was taken from the EEPROM 
    1a40:	89 30       	cpi	r24, 0x09	; 9
    1a42:	91 05       	cpc	r25, r1
    1a44:	94 f0       	brlt	.+36     	; 0x1a6a <main+0xb7a>
C:\Users\advisor\Desktop\github\electronics\PRESSFLOWino\firmwarePressFlow/firmwarePressFlow.ino:903
      pulseFactor = digitalRead(FLOWSENS);
    1a46:	82 e0       	ldi	r24, 0x02	; 2
    1a48:	0e 94 0b 01 	call	0x216	; 0x216 <digitalRead>
    1a4c:	bc 01       	movw	r22, r24
    1a4e:	99 0f       	add	r25, r25
    1a50:	88 0b       	sbc	r24, r24
    1a52:	99 0b       	sbc	r25, r25
    1a54:	0e 94 9d 15 	call	0x2b3a	; 0x2b3a <__floatsisf>
    1a58:	60 93 32 01 	sts	0x0132, r22	; 0x800132 <pulseFactor>
    1a5c:	70 93 33 01 	sts	0x0133, r23	; 0x800133 <pulseFactor+0x1>
    1a60:	80 93 34 01 	sts	0x0134, r24	; 0x800134 <pulseFactor+0x2>
    1a64:	90 93 35 01 	sts	0x0135, r25	; 0x800135 <pulseFactor+0x3>
    1a68:	e9 ce       	rjmp	.-558    	; 0x183c <main+0x94c>
C:\Users\advisor\Desktop\github\electronics\PRESSFLOWino\firmwarePressFlow/firmwarePressFlow.ino:905
    } else { // hall effect sensor
      pulseFactor = flowFactorData[fluxSensorType_val];
    1a6a:	88 0f       	add	r24, r24
    1a6c:	99 1f       	adc	r25, r25
    1a6e:	88 0f       	add	r24, r24
    1a70:	99 1f       	adc	r25, r25
    1a72:	fc 01       	movw	r30, r24
    1a74:	ef 59       	subi	r30, 0x9F	; 159
    1a76:	fb 4f       	sbci	r31, 0xFB	; 251
    1a78:	80 81       	ld	r24, Z
    1a7a:	91 81       	ldd	r25, Z+1	; 0x01
    1a7c:	a2 81       	ldd	r26, Z+2	; 0x02
    1a7e:	b3 81       	ldd	r27, Z+3	; 0x03
    1a80:	80 93 32 01 	sts	0x0132, r24	; 0x800132 <pulseFactor>
    1a84:	90 93 33 01 	sts	0x0133, r25	; 0x800133 <pulseFactor+0x1>
    1a88:	a0 93 34 01 	sts	0x0134, r26	; 0x800134 <pulseFactor+0x2>
    1a8c:	b0 93 35 01 	sts	0x0135, r27	; 0x800135 <pulseFactor+0x3>
detachInterrupt():
C:\Users\advisor\AppData\Local\Arduino15\packages\MiniCore\hardware\avr\3.1.1\cores\MCUdude_corefiles/WInterrupts.c:388
      #elif defined(__AVR_ATmega48__) || defined(__AVR_ATmega48P__)  || defined(__AVR_ATmega48PB__)  \
      || defined(__AVR_ATmega88__)    || defined(__AVR_ATmega88P__)  || defined(__AVR_ATmega88PB__)  \
      || defined(__AVR_ATmega168__)   || defined(__AVR_ATmega168P__) || defined(__AVR_ATmega168PB__) \
      || defined(__AVR_ATmega328__)   || defined(__AVR_ATmega328P__) || defined(__AVR_ATmega328PB__)
        case 0:
          EIMSK &= ~(1 << INT0);
    1a90:	e8 98       	cbi	0x1d, 0	; 29
C:\Users\advisor\AppData\Local\Arduino15\packages\MiniCore\hardware\avr\3.1.1\cores\MCUdude_corefiles/WInterrupts.c:414
          EIMSK &= ~(1 << INT0);
          break;

      #endif
    }
    intFunc[interruptNum] = nothing;
    1a92:	90 92 3d 01 	sts	0x013D, r9	; 0x80013d <intFunc+0x1>
    1a96:	80 92 3c 01 	sts	0x013C, r8	; 0x80013c <intFunc>
onesec():
C:\Users\advisor\Desktop\github\electronics\PRESSFLOWino\firmwarePressFlow/firmwarePressFlow.ino:908
      // Disable the interrupt while calculating flow rate 
      detachInterrupt(flowsensorInterrupt);
      flowRate = pulseCount*pulseFactor/10;    
    1a9a:	60 91 85 04 	lds	r22, 0x0485	; 0x800485 <pulseCount>
    1a9e:	70 e0       	ldi	r23, 0x00	; 0
    1aa0:	90 e0       	ldi	r25, 0x00	; 0
    1aa2:	80 e0       	ldi	r24, 0x00	; 0
    1aa4:	0e 94 9d 15 	call	0x2b3a	; 0x2b3a <__floatsisf>
    1aa8:	20 91 32 01 	lds	r18, 0x0132	; 0x800132 <pulseFactor>
    1aac:	30 91 33 01 	lds	r19, 0x0133	; 0x800133 <pulseFactor+0x1>
    1ab0:	40 91 34 01 	lds	r20, 0x0134	; 0x800134 <pulseFactor+0x2>
    1ab4:	50 91 35 01 	lds	r21, 0x0135	; 0x800135 <pulseFactor+0x3>
    1ab8:	0e 94 a2 16 	call	0x2d44	; 0x2d44 <__mulsf3>
    1abc:	20 e0       	ldi	r18, 0x00	; 0
    1abe:	30 e0       	ldi	r19, 0x00	; 0
    1ac0:	40 e2       	ldi	r20, 0x20	; 32
    1ac2:	51 e4       	ldi	r21, 0x41	; 65
    1ac4:	0e 94 f3 14 	call	0x29e6	; 0x29e6 <__divsf3>
    1ac8:	60 93 5d 04 	sts	0x045D, r22	; 0x80045d <flowRate>
    1acc:	70 93 5e 04 	sts	0x045E, r23	; 0x80045e <flowRate+0x1>
    1ad0:	80 93 5f 04 	sts	0x045F, r24	; 0x80045f <flowRate+0x2>
    1ad4:	90 93 60 04 	sts	0x0460, r25	; 0x800460 <flowRate+0x3>
    1ad8:	b1 ce       	rjmp	.-670    	; 0x183c <main+0x94c>
viewLevel_1():
C:\Users\advisor\Desktop\github\electronics\PRESSFLOWino\firmwarePressFlow/firmwarePressFlow.ino:470
  lcd.print((print_val/10),1);
  lcd.print(" bar    ");
}

void viewLevel_1 () { 
  switch (option) {
    1ada:	84 30       	cpi	r24, 0x04	; 4
    1adc:	09 f4       	brne	.+2      	; 0x1ae0 <main+0xbf0>
    1ade:	0c c1       	rjmp	.+536    	; 0x1cf8 <main+0xe08>
    1ae0:	85 30       	cpi	r24, 0x05	; 5
    1ae2:	09 f0       	breq	.+2      	; 0x1ae6 <main+0xbf6>
    1ae4:	bd ce       	rjmp	.-646    	; 0x1860 <main+0x970>
C:\Users\advisor\Desktop\github\electronics\PRESSFLOWino\firmwarePressFlow/firmwarePressFlow.ino:587
        lcd.setCursor(15,1);
        lcd.write((byte)3);     // up and down arrow
      }
      break;
    case 5:
      lcd.clear();
    1ae6:	0e 94 e9 02 	call	0x5d2	; 0x5d2 <LiquidCrystal::clear() [clone .constprop.24]>
C:\Users\advisor\Desktop\github\electronics\PRESSFLOWino\firmwarePressFlow/firmwarePressFlow.ino:588
      if (ctrlMode_val==1){
    1aea:	80 91 ca 04 	lds	r24, 0x04CA	; 0x8004ca <ctrlMode_val>
    1aee:	90 91 cb 04 	lds	r25, 0x04CB	; 0x8004cb <ctrlMode_val+0x1>
    1af2:	01 97       	sbiw	r24, 0x01	; 1
    1af4:	09 f0       	breq	.+2      	; 0x1af8 <main+0xc08>
    1af6:	53 c1       	rjmp	.+678    	; 0x1d9e <main+0xeae>
C:\Users\advisor\Desktop\github\electronics\PRESSFLOWino\firmwarePressFlow/firmwarePressFlow.ino:589
        lcd.print(" Mode compress ");
    1af8:	8a e6       	ldi	r24, 0x6A	; 106
    1afa:	92 e0       	ldi	r25, 0x02	; 2
    1afc:	0e 94 21 04 	call	0x842	; 0x842 <Print::print(char const*) [clone .constprop.7]>
C:\Users\advisor\Desktop\github\electronics\PRESSFLOWino\firmwarePressFlow/firmwarePressFlow.ino:590
        lcd.setCursor(15,1);
    1b00:	61 e0       	ldi	r22, 0x01	; 1
    1b02:	8f e0       	ldi	r24, 0x0F	; 15
    1b04:	0e 94 92 03 	call	0x724	; 0x724 <LiquidCrystal::setCursor(unsigned char, unsigned char) [clone .constprop.19]>
C:\Users\advisor\Desktop\github\electronics\PRESSFLOWino\firmwarePressFlow/firmwarePressFlow.ino:591
        lcd.write((byte)2);     // down arrow
    1b08:	62 e0       	ldi	r22, 0x02	; 2
C:\Users\advisor\Desktop\github\electronics\PRESSFLOWino\firmwarePressFlow/firmwarePressFlow.ino:595
      } else {
        lcd.print(" Mode pump     ");
        lcd.setCursor(15,1);
        lcd.write((byte)1);     // up arrow
    1b0a:	88 e3       	ldi	r24, 0x38	; 56
    1b0c:	95 e0       	ldi	r25, 0x05	; 5
    1b0e:	0e 94 a1 03 	call	0x742	; 0x742 <LiquidCrystal::write(unsigned char)>
C:\Users\advisor\Desktop\github\electronics\PRESSFLOWino\firmwarePressFlow/firmwarePressFlow.ino:598
      }
      // second row
      lcd.setCursor(0, 1);
    1b12:	61 e0       	ldi	r22, 0x01	; 1
    1b14:	80 e0       	ldi	r24, 0x00	; 0
    1b16:	0e 94 92 03 	call	0x724	; 0x724 <LiquidCrystal::setCursor(unsigned char, unsigned char) [clone .constprop.19]>
C:\Users\advisor\Desktop\github\electronics\PRESSFLOWino\firmwarePressFlow/firmwarePressFlow.ino:599
      lcd.print(">Psen: ");
    1b1a:	8a e8       	ldi	r24, 0x8A	; 138
    1b1c:	92 e0       	ldi	r25, 0x02	; 2
    1b1e:	0e 94 21 04 	call	0x842	; 0x842 <Print::print(char const*) [clone .constprop.7]>
C:\Users\advisor\Desktop\github\electronics\PRESSFLOWino\firmwarePressFlow/firmwarePressFlow.ino:601
      // 0=Custom, 1=500Kpa, 2=700Kpa, 3=800Kpa, 4=1Mpa, 5=1.2Mpa, 6=1.5Mpa, 7=2Mpa, 8=3Mpa, 9=4Mpa 
      if (pressSensorType_val==1){
    1b22:	80 91 ce 04 	lds	r24, 0x04CE	; 0x8004ce <pressSensorType_val>
    1b26:	90 91 cf 04 	lds	r25, 0x04CF	; 0x8004cf <pressSensorType_val+0x1>
    1b2a:	81 30       	cpi	r24, 0x01	; 1
    1b2c:	91 05       	cpc	r25, r1
    1b2e:	09 f0       	breq	.+2      	; 0x1b32 <main+0xc42>
    1b30:	40 c1       	rjmp	.+640    	; 0x1db2 <main+0xec2>
C:\Users\advisor\Desktop\github\electronics\PRESSFLOWino\firmwarePressFlow/firmwarePressFlow.ino:602
        lcd.print("500Kpa  ");
    1b32:	82 e9       	ldi	r24, 0x92	; 146
    1b34:	92 e0       	ldi	r25, 0x02	; 2
viewHome():
C:\Users\advisor\Desktop\github\electronics\PRESSFLOWino\firmwarePressFlow/firmwarePressFlow.ino:466
  }
  lcd.setCursor(0, 1);
  lcd.print("Press: ");
  print_val = pressValue;
  lcd.print((print_val/10),1);
  lcd.print(" bar    ");
    1b36:	0e 94 21 04 	call	0x842	; 0x842 <Print::print(char const*) [clone .constprop.7]>
    1b3a:	92 ce       	rjmp	.-732    	; 0x1860 <main+0x970>
viewLevel_1():
C:\Users\advisor\Desktop\github\electronics\PRESSFLOWino\firmwarePressFlow/firmwarePressFlow.ino:472
}

void viewLevel_1 () { 
  switch (option) {
    case 1:
      lcd.clear();
    1b3c:	0e 94 e9 02 	call	0x5d2	; 0x5d2 <LiquidCrystal::clear() [clone .constprop.24]>
C:\Users\advisor\Desktop\github\electronics\PRESSFLOWino\firmwarePressFlow/firmwarePressFlow.ino:474
      // first row
      lcd.print(">Min press:");
    1b40:	86 e9       	ldi	r24, 0x96	; 150
    1b42:	91 e0       	ldi	r25, 0x01	; 1
    1b44:	0e 94 21 04 	call	0x842	; 0x842 <Print::print(char const*) [clone .constprop.7]>
C:\Users\advisor\Desktop\github\electronics\PRESSFLOWino\firmwarePressFlow/firmwarePressFlow.ino:475
      print_val = minPress_val;
    1b48:	60 91 38 01 	lds	r22, 0x0138	; 0x800138 <minPress_val>
    1b4c:	70 91 39 01 	lds	r23, 0x0139	; 0x800139 <minPress_val+0x1>
    1b50:	07 2e       	mov	r0, r23
    1b52:	00 0c       	add	r0, r0
    1b54:	88 0b       	sbc	r24, r24
    1b56:	99 0b       	sbc	r25, r25
    1b58:	0e 94 9d 15 	call	0x2b3a	; 0x2b3a <__floatsisf>
C:\Users\advisor\Desktop\github\electronics\PRESSFLOWino\firmwarePressFlow/firmwarePressFlow.ino:476
      lcd.print((print_val/10),1);
    1b5c:	20 e0       	ldi	r18, 0x00	; 0
    1b5e:	30 e0       	ldi	r19, 0x00	; 0
    1b60:	40 e2       	ldi	r20, 0x20	; 32
    1b62:	51 e4       	ldi	r21, 0x41	; 65
    1b64:	0e 94 f3 14 	call	0x29e6	; 0x29e6 <__divsf3>
    1b68:	41 e0       	ldi	r20, 0x01	; 1
    1b6a:	50 e0       	ldi	r21, 0x00	; 0
    1b6c:	0e 94 23 04 	call	0x846	; 0x846 <Print::print(double, int) [clone .constprop.9]>
C:\Users\advisor\Desktop\github\electronics\PRESSFLOWino\firmwarePressFlow/firmwarePressFlow.ino:478
      // second row
      lcd.setCursor(0, 1);
    1b70:	61 e0       	ldi	r22, 0x01	; 1
    1b72:	80 e0       	ldi	r24, 0x00	; 0
    1b74:	0e 94 92 03 	call	0x724	; 0x724 <LiquidCrystal::setCursor(unsigned char, unsigned char) [clone .constprop.19]>
C:\Users\advisor\Desktop\github\electronics\PRESSFLOWino\firmwarePressFlow/firmwarePressFlow.ino:479
      lcd.print(" Max press:");
    1b78:	82 ea       	ldi	r24, 0xA2	; 162
    1b7a:	91 e0       	ldi	r25, 0x01	; 1
    1b7c:	0e 94 21 04 	call	0x842	; 0x842 <Print::print(char const*) [clone .constprop.7]>
C:\Users\advisor\Desktop\github\electronics\PRESSFLOWino\firmwarePressFlow/firmwarePressFlow.ino:480
      print_val = maxPress_val;
    1b80:	60 91 cc 04 	lds	r22, 0x04CC	; 0x8004cc <maxPress_val>
    1b84:	70 91 cd 04 	lds	r23, 0x04CD	; 0x8004cd <maxPress_val+0x1>
    1b88:	07 2e       	mov	r0, r23
    1b8a:	00 0c       	add	r0, r0
    1b8c:	88 0b       	sbc	r24, r24
    1b8e:	99 0b       	sbc	r25, r25
    1b90:	0e 94 9d 15 	call	0x2b3a	; 0x2b3a <__floatsisf>
C:\Users\advisor\Desktop\github\electronics\PRESSFLOWino\firmwarePressFlow/firmwarePressFlow.ino:481
      lcd.print((print_val/10),1);
    1b94:	20 e0       	ldi	r18, 0x00	; 0
    1b96:	30 e0       	ldi	r19, 0x00	; 0
    1b98:	40 e2       	ldi	r20, 0x20	; 32
    1b9a:	51 e4       	ldi	r21, 0x41	; 65
    1b9c:	0e 94 f3 14 	call	0x29e6	; 0x29e6 <__divsf3>
    1ba0:	41 e0       	ldi	r20, 0x01	; 1
    1ba2:	50 e0       	ldi	r21, 0x00	; 0
    1ba4:	0e 94 23 04 	call	0x846	; 0x846 <Print::print(double, int) [clone .constprop.9]>
viewLevel_2():
C:\Users\advisor\Desktop\github\electronics\PRESSFLOWino\firmwarePressFlow/firmwarePressFlow.ino:773
        lcd.print("3.0 Mpa");
        lcd.setCursor(15,1);
        lcd.write((byte)3);     // up and down arrow
      } else if ( pressSensorType_val == 9 ) { 
        lcd.print("4.0 Mpa");
        lcd.setCursor(15,1);
    1ba8:	61 e0       	ldi	r22, 0x01	; 1
    1baa:	8f e0       	ldi	r24, 0x0F	; 15
    1bac:	0e 94 92 03 	call	0x724	; 0x724 <LiquidCrystal::setCursor(unsigned char, unsigned char) [clone .constprop.19]>
    1bb0:	e0 c1       	rjmp	.+960    	; 0x1f72 <main+0x1082>
viewLevel_1():
C:\Users\advisor\Desktop\github\electronics\PRESSFLOWino\firmwarePressFlow/firmwarePressFlow.ino:486
      lcd.print((print_val/10),1);
      lcd.setCursor(15,1);
      lcd.write((byte)2);     // down arrow
      break;
    case 2:
      lcd.clear();
    1bb2:	0e 94 e9 02 	call	0x5d2	; 0x5d2 <LiquidCrystal::clear() [clone .constprop.24]>
C:\Users\advisor\Desktop\github\electronics\PRESSFLOWino\firmwarePressFlow/firmwarePressFlow.ino:488
      // first row
      lcd.print(" Min press:");
    1bb6:	8e ea       	ldi	r24, 0xAE	; 174
    1bb8:	91 e0       	ldi	r25, 0x01	; 1
    1bba:	0e 94 21 04 	call	0x842	; 0x842 <Print::print(char const*) [clone .constprop.7]>
C:\Users\advisor\Desktop\github\electronics\PRESSFLOWino\firmwarePressFlow/firmwarePressFlow.ino:489
      print_val = minPress_val;
    1bbe:	60 91 38 01 	lds	r22, 0x0138	; 0x800138 <minPress_val>
    1bc2:	70 91 39 01 	lds	r23, 0x0139	; 0x800139 <minPress_val+0x1>
    1bc6:	07 2e       	mov	r0, r23
    1bc8:	00 0c       	add	r0, r0
    1bca:	88 0b       	sbc	r24, r24
    1bcc:	99 0b       	sbc	r25, r25
    1bce:	0e 94 9d 15 	call	0x2b3a	; 0x2b3a <__floatsisf>
C:\Users\advisor\Desktop\github\electronics\PRESSFLOWino\firmwarePressFlow/firmwarePressFlow.ino:490
      lcd.print((print_val/10),1);
    1bd2:	20 e0       	ldi	r18, 0x00	; 0
    1bd4:	30 e0       	ldi	r19, 0x00	; 0
    1bd6:	40 e2       	ldi	r20, 0x20	; 32
    1bd8:	51 e4       	ldi	r21, 0x41	; 65
    1bda:	0e 94 f3 14 	call	0x29e6	; 0x29e6 <__divsf3>
    1bde:	41 e0       	ldi	r20, 0x01	; 1
    1be0:	50 e0       	ldi	r21, 0x00	; 0
    1be2:	0e 94 23 04 	call	0x846	; 0x846 <Print::print(double, int) [clone .constprop.9]>
C:\Users\advisor\Desktop\github\electronics\PRESSFLOWino\firmwarePressFlow/firmwarePressFlow.ino:492
      // second row
      lcd.setCursor(0, 1);
    1be6:	61 e0       	ldi	r22, 0x01	; 1
    1be8:	80 e0       	ldi	r24, 0x00	; 0
    1bea:	0e 94 92 03 	call	0x724	; 0x724 <LiquidCrystal::setCursor(unsigned char, unsigned char) [clone .constprop.19]>
C:\Users\advisor\Desktop\github\electronics\PRESSFLOWino\firmwarePressFlow/firmwarePressFlow.ino:493
      lcd.print(">Max press:");
    1bee:	8a eb       	ldi	r24, 0xBA	; 186
    1bf0:	91 e0       	ldi	r25, 0x01	; 1
    1bf2:	0e 94 21 04 	call	0x842	; 0x842 <Print::print(char const*) [clone .constprop.7]>
C:\Users\advisor\Desktop\github\electronics\PRESSFLOWino\firmwarePressFlow/firmwarePressFlow.ino:494
      print_val = maxPress_val;
    1bf6:	60 91 cc 04 	lds	r22, 0x04CC	; 0x8004cc <maxPress_val>
    1bfa:	70 91 cd 04 	lds	r23, 0x04CD	; 0x8004cd <maxPress_val+0x1>
    1bfe:	07 2e       	mov	r0, r23
    1c00:	00 0c       	add	r0, r0
    1c02:	88 0b       	sbc	r24, r24
    1c04:	99 0b       	sbc	r25, r25
    1c06:	0e 94 9d 15 	call	0x2b3a	; 0x2b3a <__floatsisf>
C:\Users\advisor\Desktop\github\electronics\PRESSFLOWino\firmwarePressFlow/firmwarePressFlow.ino:495
      lcd.print((print_val/10),1);
    1c0a:	20 e0       	ldi	r18, 0x00	; 0
    1c0c:	30 e0       	ldi	r19, 0x00	; 0
    1c0e:	40 e2       	ldi	r20, 0x20	; 32
    1c10:	51 e4       	ldi	r21, 0x41	; 65
    1c12:	0e 94 f3 14 	call	0x29e6	; 0x29e6 <__divsf3>
    1c16:	41 e0       	ldi	r20, 0x01	; 1
    1c18:	50 e0       	ldi	r21, 0x00	; 0
    1c1a:	0e 94 23 04 	call	0x846	; 0x846 <Print::print(double, int) [clone .constprop.9]>
viewLevel_2():
C:\Users\advisor\Desktop\github\electronics\PRESSFLOWino\firmwarePressFlow/firmwarePressFlow.ino:673
      lcd.print("Flux Sensor:");
      // second row
      lcd.setCursor(0, 1);
      if ( fluxSensorType_val == 1 ) { // switch
        lcd.print("Switch");
        lcd.setCursor(15,1);
    1c1e:	61 e0       	ldi	r22, 0x01	; 1
    1c20:	8f e0       	ldi	r24, 0x0F	; 15
    1c22:	0e 94 92 03 	call	0x724	; 0x724 <LiquidCrystal::setCursor(unsigned char, unsigned char) [clone .constprop.19]>
    1c26:	9c c1       	rjmp	.+824    	; 0x1f60 <main+0x1070>
viewLevel_1():
C:\Users\advisor\Desktop\github\electronics\PRESSFLOWino\firmwarePressFlow/firmwarePressFlow.ino:500
      lcd.print((print_val/10),1);
      lcd.setCursor(15,1);
      lcd.write((byte)3);     // up and down arrow
      break;
    case 3:
      lcd.clear();
    1c28:	0e 94 e9 02 	call	0x5d2	; 0x5d2 <LiquidCrystal::clear() [clone .constprop.24]>
C:\Users\advisor\Desktop\github\electronics\PRESSFLOWino\firmwarePressFlow/firmwarePressFlow.ino:502
      // first row
      lcd.print(" Max press:");
    1c2c:	82 ea       	ldi	r24, 0xA2	; 162
    1c2e:	91 e0       	ldi	r25, 0x01	; 1
    1c30:	0e 94 21 04 	call	0x842	; 0x842 <Print::print(char const*) [clone .constprop.7]>
C:\Users\advisor\Desktop\github\electronics\PRESSFLOWino\firmwarePressFlow/firmwarePressFlow.ino:503
      print_val = maxPress_val;
    1c34:	60 91 cc 04 	lds	r22, 0x04CC	; 0x8004cc <maxPress_val>
    1c38:	70 91 cd 04 	lds	r23, 0x04CD	; 0x8004cd <maxPress_val+0x1>
    1c3c:	07 2e       	mov	r0, r23
    1c3e:	00 0c       	add	r0, r0
    1c40:	88 0b       	sbc	r24, r24
    1c42:	99 0b       	sbc	r25, r25
    1c44:	0e 94 9d 15 	call	0x2b3a	; 0x2b3a <__floatsisf>
C:\Users\advisor\Desktop\github\electronics\PRESSFLOWino\firmwarePressFlow/firmwarePressFlow.ino:504
      lcd.print((print_val/10),1);
    1c48:	20 e0       	ldi	r18, 0x00	; 0
    1c4a:	30 e0       	ldi	r19, 0x00	; 0
    1c4c:	40 e2       	ldi	r20, 0x20	; 32
    1c4e:	51 e4       	ldi	r21, 0x41	; 65
    1c50:	0e 94 f3 14 	call	0x29e6	; 0x29e6 <__divsf3>
    1c54:	41 e0       	ldi	r20, 0x01	; 1
    1c56:	50 e0       	ldi	r21, 0x00	; 0
    1c58:	0e 94 23 04 	call	0x846	; 0x846 <Print::print(double, int) [clone .constprop.9]>
C:\Users\advisor\Desktop\github\electronics\PRESSFLOWino\firmwarePressFlow/firmwarePressFlow.ino:506
      // second row
      lcd.setCursor(0, 1);
    1c5c:	61 e0       	ldi	r22, 0x01	; 1
    1c5e:	80 e0       	ldi	r24, 0x00	; 0
    1c60:	0e 94 92 03 	call	0x724	; 0x724 <LiquidCrystal::setCursor(unsigned char, unsigned char) [clone .constprop.19]>
C:\Users\advisor\Desktop\github\electronics\PRESSFLOWino\firmwarePressFlow/firmwarePressFlow.ino:507
      lcd.print(">Fsen: ");
    1c64:	86 ec       	ldi	r24, 0xC6	; 198
    1c66:	91 e0       	ldi	r25, 0x01	; 1
    1c68:	0e 94 21 04 	call	0x842	; 0x842 <Print::print(char const*) [clone .constprop.7]>
C:\Users\advisor\Desktop\github\electronics\PRESSFLOWino\firmwarePressFlow/firmwarePressFlow.ino:508
      if (fluxSensorType_val==1){
    1c6c:	80 91 d0 04 	lds	r24, 0x04D0	; 0x8004d0 <fluxSensorType_val>
    1c70:	90 91 d1 04 	lds	r25, 0x04D1	; 0x8004d1 <fluxSensorType_val+0x1>
    1c74:	81 30       	cpi	r24, 0x01	; 1
    1c76:	91 05       	cpc	r25, r1
    1c78:	29 f4       	brne	.+10     	; 0x1c84 <main+0xd94>
C:\Users\advisor\Desktop\github\electronics\PRESSFLOWino\firmwarePressFlow/firmwarePressFlow.ino:509
        lcd.print("Switch  ");
    1c7a:	8e ec       	ldi	r24, 0xCE	; 206
    1c7c:	91 e0       	ldi	r25, 0x01	; 1
viewLevel_2():
C:\Users\advisor\Desktop\github\electronics\PRESSFLOWino\firmwarePressFlow/firmwarePressFlow.ino:672
      lcd.clear();
      lcd.print("Flux Sensor:");
      // second row
      lcd.setCursor(0, 1);
      if ( fluxSensorType_val == 1 ) { // switch
        lcd.print("Switch");
    1c7e:	0e 94 21 04 	call	0x842	; 0x842 <Print::print(char const*) [clone .constprop.7]>
    1c82:	cd cf       	rjmp	.-102    	; 0x1c1e <main+0xd2e>
viewLevel_1():
C:\Users\advisor\Desktop\github\electronics\PRESSFLOWino\firmwarePressFlow/firmwarePressFlow.ino:512
      lcd.print(">Fsen: ");
      if (fluxSensorType_val==1){
        lcd.print("Switch  ");
        lcd.setCursor(15,1);
        lcd.write((byte)3);     // up & down arrow
      } else if (fluxSensorType_val==2){
    1c84:	82 30       	cpi	r24, 0x02	; 2
    1c86:	91 05       	cpc	r25, r1
    1c88:	19 f4       	brne	.+6      	; 0x1c90 <main+0xda0>
C:\Users\advisor\Desktop\github\electronics\PRESSFLOWino\firmwarePressFlow/firmwarePressFlow.ino:513
        lcd.print("YF-B1   ");
    1c8a:	87 ed       	ldi	r24, 0xD7	; 215
    1c8c:	91 e0       	ldi	r25, 0x01	; 1
    1c8e:	f7 cf       	rjmp	.-18     	; 0x1c7e <main+0xd8e>
C:\Users\advisor\Desktop\github\electronics\PRESSFLOWino\firmwarePressFlow/firmwarePressFlow.ino:516
        lcd.setCursor(15,1);
        lcd.write((byte)3);     // up & down arrow
      } else if (fluxSensorType_val==3){
    1c90:	83 30       	cpi	r24, 0x03	; 3
    1c92:	91 05       	cpc	r25, r1
    1c94:	19 f4       	brne	.+6      	; 0x1c9c <main+0xdac>
C:\Users\advisor\Desktop\github\electronics\PRESSFLOWino\firmwarePressFlow/firmwarePressFlow.ino:517
        lcd.print("YFDN32  ");
    1c96:	80 ee       	ldi	r24, 0xE0	; 224
    1c98:	91 e0       	ldi	r25, 0x01	; 1
    1c9a:	f1 cf       	rjmp	.-30     	; 0x1c7e <main+0xd8e>
C:\Users\advisor\Desktop\github\electronics\PRESSFLOWino\firmwarePressFlow/firmwarePressFlow.ino:520
        lcd.setCursor(15,1);
        lcd.write((byte)3);     // up & down arrow
      } else if (fluxSensorType_val==4){
    1c9c:	84 30       	cpi	r24, 0x04	; 4
    1c9e:	91 05       	cpc	r25, r1
    1ca0:	19 f4       	brne	.+6      	; 0x1ca8 <main+0xdb8>
C:\Users\advisor\Desktop\github\electronics\PRESSFLOWino\firmwarePressFlow/firmwarePressFlow.ino:521
        lcd.print("YFDN40  ");
    1ca2:	89 ee       	ldi	r24, 0xE9	; 233
    1ca4:	91 e0       	ldi	r25, 0x01	; 1
    1ca6:	eb cf       	rjmp	.-42     	; 0x1c7e <main+0xd8e>
C:\Users\advisor\Desktop\github\electronics\PRESSFLOWino\firmwarePressFlow/firmwarePressFlow.ino:524
        lcd.setCursor(15,1);
        lcd.write((byte)3);     // up & down arrow
      } else if (fluxSensorType_val==5){
    1ca8:	85 30       	cpi	r24, 0x05	; 5
    1caa:	91 05       	cpc	r25, r1
    1cac:	19 f4       	brne	.+6      	; 0x1cb4 <main+0xdc4>
C:\Users\advisor\Desktop\github\electronics\PRESSFLOWino\firmwarePressFlow/firmwarePressFlow.ino:525
        lcd.print("YFDN50  ");
    1cae:	82 ef       	ldi	r24, 0xF2	; 242
    1cb0:	91 e0       	ldi	r25, 0x01	; 1
    1cb2:	e5 cf       	rjmp	.-54     	; 0x1c7e <main+0xd8e>
C:\Users\advisor\Desktop\github\electronics\PRESSFLOWino\firmwarePressFlow/firmwarePressFlow.ino:528
        lcd.setCursor(15,1);
        lcd.write((byte)3);     // up & down arrow
      } else if (fluxSensorType_val==6){
    1cb4:	86 30       	cpi	r24, 0x06	; 6
    1cb6:	91 05       	cpc	r25, r1
    1cb8:	19 f4       	brne	.+6      	; 0x1cc0 <main+0xdd0>
C:\Users\advisor\Desktop\github\electronics\PRESSFLOWino\firmwarePressFlow/firmwarePressFlow.ino:529
        lcd.print("FS300A  ");
    1cba:	8b ef       	ldi	r24, 0xFB	; 251
    1cbc:	91 e0       	ldi	r25, 0x01	; 1
    1cbe:	df cf       	rjmp	.-66     	; 0x1c7e <main+0xd8e>
C:\Users\advisor\Desktop\github\electronics\PRESSFLOWino\firmwarePressFlow/firmwarePressFlow.ino:532
        lcd.setCursor(15,1);
        lcd.write((byte)3);     // up & down arrow
      } else if (fluxSensorType_val==7){
    1cc0:	87 30       	cpi	r24, 0x07	; 7
    1cc2:	91 05       	cpc	r25, r1
    1cc4:	19 f4       	brne	.+6      	; 0x1ccc <main+0xddc>
C:\Users\advisor\Desktop\github\electronics\PRESSFLOWino\firmwarePressFlow/firmwarePressFlow.ino:533
        lcd.print("YF-S401 ");
    1cc6:	84 e0       	ldi	r24, 0x04	; 4
    1cc8:	92 e0       	ldi	r25, 0x02	; 2
    1cca:	d9 cf       	rjmp	.-78     	; 0x1c7e <main+0xd8e>
C:\Users\advisor\Desktop\github\electronics\PRESSFLOWino\firmwarePressFlow/firmwarePressFlow.ino:536
        lcd.setCursor(15,1);
        lcd.write((byte)3);     // up & down arrow
      } else if (fluxSensorType_val==8){
    1ccc:	88 30       	cpi	r24, 0x08	; 8
    1cce:	91 05       	cpc	r25, r1
    1cd0:	19 f4       	brne	.+6      	; 0x1cd8 <main+0xde8>
C:\Users\advisor\Desktop\github\electronics\PRESSFLOWino\firmwarePressFlow/firmwarePressFlow.ino:537
        lcd.print("YF-S201 ");
    1cd2:	8d e0       	ldi	r24, 0x0D	; 13
    1cd4:	92 e0       	ldi	r25, 0x02	; 2
    1cd6:	d3 cf       	rjmp	.-90     	; 0x1c7e <main+0xd8e>
C:\Users\advisor\Desktop\github\electronics\PRESSFLOWino\firmwarePressFlow/firmwarePressFlow.ino:540
        lcd.setCursor(15,1);
        lcd.write((byte)3);     // up & down arrow
      } else if (fluxSensorType_val==9){
    1cd8:	09 97       	sbiw	r24, 0x09	; 9
    1cda:	29 f4       	brne	.+10     	; 0x1ce6 <main+0xdf6>
C:\Users\advisor\Desktop\github\electronics\PRESSFLOWino\firmwarePressFlow/firmwarePressFlow.ino:541
        lcd.print("Custom  ");
    1cdc:	86 e1       	ldi	r24, 0x16	; 22
    1cde:	92 e0       	ldi	r25, 0x02	; 2
viewLevel_2():
C:\Users\advisor\Desktop\github\electronics\PRESSFLOWino\firmwarePressFlow/firmwarePressFlow.ino:772
      } else if ( pressSensorType_val == 8 ) { 
        lcd.print("3.0 Mpa");
        lcd.setCursor(15,1);
        lcd.write((byte)3);     // up and down arrow
      } else if ( pressSensorType_val == 9 ) { 
        lcd.print("4.0 Mpa");
    1ce0:	0e 94 21 04 	call	0x842	; 0x842 <Print::print(char const*) [clone .constprop.7]>
    1ce4:	61 cf       	rjmp	.-318    	; 0x1ba8 <main+0xcb8>
viewLevel_1():
C:\Users\advisor\Desktop\github\electronics\PRESSFLOWino\firmwarePressFlow/firmwarePressFlow.ino:545
      } else if (fluxSensorType_val==9){
        lcd.print("Custom  ");
        lcd.setCursor(15,1);
        lcd.write((byte)2);     // down arrow
      } else { // none
        lcd.print("None    ");
    1ce6:	8f e1       	ldi	r24, 0x1F	; 31
    1ce8:	92 e0       	ldi	r25, 0x02	; 2
viewLevel_2():
C:\Users\advisor\Desktop\github\electronics\PRESSFLOWino\firmwarePressFlow/firmwarePressFlow.ino:725
      lcd.clear();
      lcd.print(" Mode:");
      // second row
      lcd.setCursor(0, 1);
      if ( ctrlMode_val == 0 ) { // mode pump
        lcd.print("Pump");
    1cea:	0e 94 21 04 	call	0x842	; 0x842 <Print::print(char const*) [clone .constprop.7]>
C:\Users\advisor\Desktop\github\electronics\PRESSFLOWino\firmwarePressFlow/firmwarePressFlow.ino:778
        lcd.setCursor(15,1);
        lcd.write((byte)2);     // down arrow
      } else { // Custom
        lcd.print("> Custom: ");
        lcd.print(pressFactor,2);
        lcd.setCursor(15,1);
    1cee:	61 e0       	ldi	r22, 0x01	; 1
    1cf0:	8f e0       	ldi	r24, 0x0F	; 15
    1cf2:	0e 94 92 03 	call	0x724	; 0x724 <LiquidCrystal::setCursor(unsigned char, unsigned char) [clone .constprop.19]>
    1cf6:	43 c1       	rjmp	.+646    	; 0x1f7e <main+0x108e>
viewLevel_1():
C:\Users\advisor\Desktop\github\electronics\PRESSFLOWino\firmwarePressFlow/firmwarePressFlow.ino:551
        lcd.setCursor(15,1);
        lcd.write((byte)1);     // up arrow
      }
      break;
    case 4:
      lcd.clear();
    1cf8:	0e 94 e9 02 	call	0x5d2	; 0x5d2 <LiquidCrystal::clear() [clone .constprop.24]>
C:\Users\advisor\Desktop\github\electronics\PRESSFLOWino\firmwarePressFlow/firmwarePressFlow.ino:552
      lcd.print(" Fsen: ");
    1cfc:	88 e2       	ldi	r24, 0x28	; 40
    1cfe:	92 e0       	ldi	r25, 0x02	; 2
    1d00:	0e 94 21 04 	call	0x842	; 0x842 <Print::print(char const*) [clone .constprop.7]>
C:\Users\advisor\Desktop\github\electronics\PRESSFLOWino\firmwarePressFlow/firmwarePressFlow.ino:553
      if (fluxSensorType_val==1){
    1d04:	80 91 d0 04 	lds	r24, 0x04D0	; 0x8004d0 <fluxSensorType_val>
    1d08:	90 91 d1 04 	lds	r25, 0x04D1	; 0x8004d1 <fluxSensorType_val+0x1>
    1d0c:	81 30       	cpi	r24, 0x01	; 1
    1d0e:	91 05       	cpc	r25, r1
    1d10:	89 f4       	brne	.+34     	; 0x1d34 <main+0xe44>
C:\Users\advisor\Desktop\github\electronics\PRESSFLOWino\firmwarePressFlow/firmwarePressFlow.ino:554
        lcd.print("Switch  ");
    1d12:	8e ec       	ldi	r24, 0xCE	; 206
    1d14:	91 e0       	ldi	r25, 0x01	; 1
C:\Users\advisor\Desktop\github\electronics\PRESSFLOWino\firmwarePressFlow/firmwarePressFlow.ino:572
      } else if (fluxSensorType_val==8){
        lcd.print("YF-S201 ");
      } else if (fluxSensorType_val==9){
        lcd.print("Custom  ");
      } else { // none
        lcd.print("None   ");
    1d16:	0e 94 21 04 	call	0x842	; 0x842 <Print::print(char const*) [clone .constprop.7]>
C:\Users\advisor\Desktop\github\electronics\PRESSFLOWino\firmwarePressFlow/firmwarePressFlow.ino:575
      }
      // second row
      lcd.setCursor(0, 1);
    1d1a:	61 e0       	ldi	r22, 0x01	; 1
    1d1c:	80 e0       	ldi	r24, 0x00	; 0
    1d1e:	0e 94 92 03 	call	0x724	; 0x724 <LiquidCrystal::setCursor(unsigned char, unsigned char) [clone .constprop.19]>
C:\Users\advisor\Desktop\github\electronics\PRESSFLOWino\firmwarePressFlow/firmwarePressFlow.ino:576
      if (ctrlMode_val==1){
    1d22:	80 91 ca 04 	lds	r24, 0x04CA	; 0x8004ca <ctrlMode_val>
    1d26:	90 91 cb 04 	lds	r25, 0x04CB	; 0x8004cb <ctrlMode_val+0x1>
    1d2a:	01 97       	sbiw	r24, 0x01	; 1
    1d2c:	a9 f5       	brne	.+106    	; 0x1d98 <main+0xea8>
C:\Users\advisor\Desktop\github\electronics\PRESSFLOWino\firmwarePressFlow/firmwarePressFlow.ino:577
        lcd.print(">Mode compress ");
    1d2e:	8a e4       	ldi	r24, 0x4A	; 74
    1d30:	92 e0       	ldi	r25, 0x02	; 2
    1d32:	a5 cf       	rjmp	.-182    	; 0x1c7e <main+0xd8e>
C:\Users\advisor\Desktop\github\electronics\PRESSFLOWino\firmwarePressFlow/firmwarePressFlow.ino:555
    case 4:
      lcd.clear();
      lcd.print(" Fsen: ");
      if (fluxSensorType_val==1){
        lcd.print("Switch  ");
      } else if (fluxSensorType_val==2){
    1d34:	82 30       	cpi	r24, 0x02	; 2
    1d36:	91 05       	cpc	r25, r1
    1d38:	19 f4       	brne	.+6      	; 0x1d40 <main+0xe50>
C:\Users\advisor\Desktop\github\electronics\PRESSFLOWino\firmwarePressFlow/firmwarePressFlow.ino:556
        lcd.print("YF-B1   ");
    1d3a:	87 ed       	ldi	r24, 0xD7	; 215
    1d3c:	91 e0       	ldi	r25, 0x01	; 1
    1d3e:	eb cf       	rjmp	.-42     	; 0x1d16 <main+0xe26>
C:\Users\advisor\Desktop\github\electronics\PRESSFLOWino\firmwarePressFlow/firmwarePressFlow.ino:557
      } else if (fluxSensorType_val==3){
    1d40:	83 30       	cpi	r24, 0x03	; 3
    1d42:	91 05       	cpc	r25, r1
    1d44:	19 f4       	brne	.+6      	; 0x1d4c <main+0xe5c>
C:\Users\advisor\Desktop\github\electronics\PRESSFLOWino\firmwarePressFlow/firmwarePressFlow.ino:558
        lcd.print("YFDN32  ");
    1d46:	80 ee       	ldi	r24, 0xE0	; 224
    1d48:	91 e0       	ldi	r25, 0x01	; 1
    1d4a:	e5 cf       	rjmp	.-54     	; 0x1d16 <main+0xe26>
C:\Users\advisor\Desktop\github\electronics\PRESSFLOWino\firmwarePressFlow/firmwarePressFlow.ino:559
      } else if (fluxSensorType_val==4){
    1d4c:	84 30       	cpi	r24, 0x04	; 4
    1d4e:	91 05       	cpc	r25, r1
    1d50:	19 f4       	brne	.+6      	; 0x1d58 <main+0xe68>
C:\Users\advisor\Desktop\github\electronics\PRESSFLOWino\firmwarePressFlow/firmwarePressFlow.ino:560
        lcd.print("YFDN40  ");
    1d52:	89 ee       	ldi	r24, 0xE9	; 233
    1d54:	91 e0       	ldi	r25, 0x01	; 1
    1d56:	df cf       	rjmp	.-66     	; 0x1d16 <main+0xe26>
C:\Users\advisor\Desktop\github\electronics\PRESSFLOWino\firmwarePressFlow/firmwarePressFlow.ino:561
      } else if (fluxSensorType_val==5){
    1d58:	85 30       	cpi	r24, 0x05	; 5
    1d5a:	91 05       	cpc	r25, r1
    1d5c:	19 f4       	brne	.+6      	; 0x1d64 <main+0xe74>
C:\Users\advisor\Desktop\github\electronics\PRESSFLOWino\firmwarePressFlow/firmwarePressFlow.ino:562
        lcd.print("YFDN50   ");
    1d5e:	80 e3       	ldi	r24, 0x30	; 48
    1d60:	92 e0       	ldi	r25, 0x02	; 2
    1d62:	d9 cf       	rjmp	.-78     	; 0x1d16 <main+0xe26>
C:\Users\advisor\Desktop\github\electronics\PRESSFLOWino\firmwarePressFlow/firmwarePressFlow.ino:563
      } else if (fluxSensorType_val==6){
    1d64:	86 30       	cpi	r24, 0x06	; 6
    1d66:	91 05       	cpc	r25, r1
    1d68:	19 f4       	brne	.+6      	; 0x1d70 <main+0xe80>
C:\Users\advisor\Desktop\github\electronics\PRESSFLOWino\firmwarePressFlow/firmwarePressFlow.ino:564
        lcd.print("FS300A ");
    1d6a:	8a e3       	ldi	r24, 0x3A	; 58
    1d6c:	92 e0       	ldi	r25, 0x02	; 2
    1d6e:	d3 cf       	rjmp	.-90     	; 0x1d16 <main+0xe26>
C:\Users\advisor\Desktop\github\electronics\PRESSFLOWino\firmwarePressFlow/firmwarePressFlow.ino:565
      } else if (fluxSensorType_val==7){
    1d70:	87 30       	cpi	r24, 0x07	; 7
    1d72:	91 05       	cpc	r25, r1
    1d74:	19 f4       	brne	.+6      	; 0x1d7c <main+0xe8c>
C:\Users\advisor\Desktop\github\electronics\PRESSFLOWino\firmwarePressFlow/firmwarePressFlow.ino:566
        lcd.print("YF-S401 ");
    1d76:	84 e0       	ldi	r24, 0x04	; 4
    1d78:	92 e0       	ldi	r25, 0x02	; 2
    1d7a:	cd cf       	rjmp	.-102    	; 0x1d16 <main+0xe26>
C:\Users\advisor\Desktop\github\electronics\PRESSFLOWino\firmwarePressFlow/firmwarePressFlow.ino:567
      } else if (fluxSensorType_val==8){
    1d7c:	88 30       	cpi	r24, 0x08	; 8
    1d7e:	91 05       	cpc	r25, r1
    1d80:	19 f4       	brne	.+6      	; 0x1d88 <main+0xe98>
C:\Users\advisor\Desktop\github\electronics\PRESSFLOWino\firmwarePressFlow/firmwarePressFlow.ino:568
        lcd.print("YF-S201 ");
    1d82:	8d e0       	ldi	r24, 0x0D	; 13
    1d84:	92 e0       	ldi	r25, 0x02	; 2
    1d86:	c7 cf       	rjmp	.-114    	; 0x1d16 <main+0xe26>
C:\Users\advisor\Desktop\github\electronics\PRESSFLOWino\firmwarePressFlow/firmwarePressFlow.ino:569
      } else if (fluxSensorType_val==9){
    1d88:	09 97       	sbiw	r24, 0x09	; 9
    1d8a:	19 f4       	brne	.+6      	; 0x1d92 <main+0xea2>
C:\Users\advisor\Desktop\github\electronics\PRESSFLOWino\firmwarePressFlow/firmwarePressFlow.ino:570
        lcd.print("Custom  ");
    1d8c:	86 e1       	ldi	r24, 0x16	; 22
    1d8e:	92 e0       	ldi	r25, 0x02	; 2
    1d90:	c2 cf       	rjmp	.-124    	; 0x1d16 <main+0xe26>
C:\Users\advisor\Desktop\github\electronics\PRESSFLOWino\firmwarePressFlow/firmwarePressFlow.ino:572
      } else { // none
        lcd.print("None   ");
    1d92:	82 e4       	ldi	r24, 0x42	; 66
    1d94:	92 e0       	ldi	r25, 0x02	; 2
    1d96:	bf cf       	rjmp	.-130    	; 0x1d16 <main+0xe26>
C:\Users\advisor\Desktop\github\electronics\PRESSFLOWino\firmwarePressFlow/firmwarePressFlow.ino:581
      if (ctrlMode_val==1){
        lcd.print(">Mode compress ");
        lcd.setCursor(15,1);
        lcd.write((byte)3);     // up and down arrow
      } else {
        lcd.print(">Mode pump     ");
    1d98:	8a e5       	ldi	r24, 0x5A	; 90
    1d9a:	92 e0       	ldi	r25, 0x02	; 2
    1d9c:	70 cf       	rjmp	.-288    	; 0x1c7e <main+0xd8e>
C:\Users\advisor\Desktop\github\electronics\PRESSFLOWino\firmwarePressFlow/firmwarePressFlow.ino:593
      if (ctrlMode_val==1){
        lcd.print(" Mode compress ");
        lcd.setCursor(15,1);
        lcd.write((byte)2);     // down arrow
      } else {
        lcd.print(" Mode pump     ");
    1d9e:	8a e7       	ldi	r24, 0x7A	; 122
    1da0:	92 e0       	ldi	r25, 0x02	; 2
    1da2:	0e 94 21 04 	call	0x842	; 0x842 <Print::print(char const*) [clone .constprop.7]>
C:\Users\advisor\Desktop\github\electronics\PRESSFLOWino\firmwarePressFlow/firmwarePressFlow.ino:594
        lcd.setCursor(15,1);
    1da6:	61 e0       	ldi	r22, 0x01	; 1
    1da8:	8f e0       	ldi	r24, 0x0F	; 15
    1daa:	0e 94 92 03 	call	0x724	; 0x724 <LiquidCrystal::setCursor(unsigned char, unsigned char) [clone .constprop.19]>
C:\Users\advisor\Desktop\github\electronics\PRESSFLOWino\firmwarePressFlow/firmwarePressFlow.ino:595
        lcd.write((byte)1);     // up arrow
    1dae:	61 e0       	ldi	r22, 0x01	; 1
    1db0:	ac ce       	rjmp	.-680    	; 0x1b0a <main+0xc1a>
C:\Users\advisor\Desktop\github\electronics\PRESSFLOWino\firmwarePressFlow/firmwarePressFlow.ino:603
      lcd.setCursor(0, 1);
      lcd.print(">Psen: ");
      // 0=Custom, 1=500Kpa, 2=700Kpa, 3=800Kpa, 4=1Mpa, 5=1.2Mpa, 6=1.5Mpa, 7=2Mpa, 8=3Mpa, 9=4Mpa 
      if (pressSensorType_val==1){
        lcd.print("500Kpa  ");
      } else if (pressSensorType_val==2){
    1db2:	82 30       	cpi	r24, 0x02	; 2
    1db4:	91 05       	cpc	r25, r1
    1db6:	19 f4       	brne	.+6      	; 0x1dbe <main+0xece>
C:\Users\advisor\Desktop\github\electronics\PRESSFLOWino\firmwarePressFlow/firmwarePressFlow.ino:604
        lcd.print("700Kpa  ");
    1db8:	8b e9       	ldi	r24, 0x9B	; 155
    1dba:	92 e0       	ldi	r25, 0x02	; 2
    1dbc:	bc ce       	rjmp	.-648    	; 0x1b36 <main+0xc46>
C:\Users\advisor\Desktop\github\electronics\PRESSFLOWino\firmwarePressFlow/firmwarePressFlow.ino:605
      } else if (pressSensorType_val==3){
    1dbe:	83 30       	cpi	r24, 0x03	; 3
    1dc0:	91 05       	cpc	r25, r1
    1dc2:	19 f4       	brne	.+6      	; 0x1dca <main+0xeda>
C:\Users\advisor\Desktop\github\electronics\PRESSFLOWino\firmwarePressFlow/firmwarePressFlow.ino:606
        lcd.print("800Kpa  ");
    1dc4:	84 ea       	ldi	r24, 0xA4	; 164
    1dc6:	92 e0       	ldi	r25, 0x02	; 2
    1dc8:	b6 ce       	rjmp	.-660    	; 0x1b36 <main+0xc46>
C:\Users\advisor\Desktop\github\electronics\PRESSFLOWino\firmwarePressFlow/firmwarePressFlow.ino:607
      } else if (pressSensorType_val==4){
    1dca:	84 30       	cpi	r24, 0x04	; 4
    1dcc:	91 05       	cpc	r25, r1
    1dce:	19 f4       	brne	.+6      	; 0x1dd6 <main+0xee6>
C:\Users\advisor\Desktop\github\electronics\PRESSFLOWino\firmwarePressFlow/firmwarePressFlow.ino:608
        lcd.print("1Mpa    ");
    1dd0:	8d ea       	ldi	r24, 0xAD	; 173
    1dd2:	92 e0       	ldi	r25, 0x02	; 2
    1dd4:	b0 ce       	rjmp	.-672    	; 0x1b36 <main+0xc46>
C:\Users\advisor\Desktop\github\electronics\PRESSFLOWino\firmwarePressFlow/firmwarePressFlow.ino:609
      } else if (pressSensorType_val==5){
    1dd6:	85 30       	cpi	r24, 0x05	; 5
    1dd8:	91 05       	cpc	r25, r1
    1dda:	19 f4       	brne	.+6      	; 0x1de2 <main+0xef2>
C:\Users\advisor\Desktop\github\electronics\PRESSFLOWino\firmwarePressFlow/firmwarePressFlow.ino:610
        lcd.print("1.2Mpa  ");
    1ddc:	86 eb       	ldi	r24, 0xB6	; 182
    1dde:	92 e0       	ldi	r25, 0x02	; 2
    1de0:	aa ce       	rjmp	.-684    	; 0x1b36 <main+0xc46>
C:\Users\advisor\Desktop\github\electronics\PRESSFLOWino\firmwarePressFlow/firmwarePressFlow.ino:611
      } else if (pressSensorType_val==6){
    1de2:	86 30       	cpi	r24, 0x06	; 6
    1de4:	91 05       	cpc	r25, r1
    1de6:	19 f4       	brne	.+6      	; 0x1dee <main+0xefe>
C:\Users\advisor\Desktop\github\electronics\PRESSFLOWino\firmwarePressFlow/firmwarePressFlow.ino:612
        lcd.print("1.5Mpa  ");
    1de8:	8f eb       	ldi	r24, 0xBF	; 191
    1dea:	92 e0       	ldi	r25, 0x02	; 2
    1dec:	a4 ce       	rjmp	.-696    	; 0x1b36 <main+0xc46>
C:\Users\advisor\Desktop\github\electronics\PRESSFLOWino\firmwarePressFlow/firmwarePressFlow.ino:613
      } else if (pressSensorType_val==7){
    1dee:	87 30       	cpi	r24, 0x07	; 7
    1df0:	91 05       	cpc	r25, r1
    1df2:	19 f4       	brne	.+6      	; 0x1dfa <main+0xf0a>
C:\Users\advisor\Desktop\github\electronics\PRESSFLOWino\firmwarePressFlow/firmwarePressFlow.ino:614
        lcd.print("2Mpa    ");
    1df4:	88 ec       	ldi	r24, 0xC8	; 200
    1df6:	92 e0       	ldi	r25, 0x02	; 2
    1df8:	9e ce       	rjmp	.-708    	; 0x1b36 <main+0xc46>
C:\Users\advisor\Desktop\github\electronics\PRESSFLOWino\firmwarePressFlow/firmwarePressFlow.ino:615
      } else if (pressSensorType_val==8){
    1dfa:	88 30       	cpi	r24, 0x08	; 8
    1dfc:	91 05       	cpc	r25, r1
    1dfe:	19 f4       	brne	.+6      	; 0x1e06 <main+0xf16>
C:\Users\advisor\Desktop\github\electronics\PRESSFLOWino\firmwarePressFlow/firmwarePressFlow.ino:616
        lcd.print("3Mpa    ");
    1e00:	81 ed       	ldi	r24, 0xD1	; 209
    1e02:	92 e0       	ldi	r25, 0x02	; 2
    1e04:	98 ce       	rjmp	.-720    	; 0x1b36 <main+0xc46>
C:\Users\advisor\Desktop\github\electronics\PRESSFLOWino\firmwarePressFlow/firmwarePressFlow.ino:617
      } else if (pressSensorType_val==9){
    1e06:	09 97       	sbiw	r24, 0x09	; 9
    1e08:	19 f4       	brne	.+6      	; 0x1e10 <main+0xf20>
C:\Users\advisor\Desktop\github\electronics\PRESSFLOWino\firmwarePressFlow/firmwarePressFlow.ino:618
        lcd.print("4Mpa    ");
    1e0a:	8a ed       	ldi	r24, 0xDA	; 218
    1e0c:	92 e0       	ldi	r25, 0x02	; 2
    1e0e:	93 ce       	rjmp	.-730    	; 0x1b36 <main+0xc46>
C:\Users\advisor\Desktop\github\electronics\PRESSFLOWino\firmwarePressFlow/firmwarePressFlow.ino:620
      } else { // Custom
        lcd.print("Custom  ");
    1e10:	86 e1       	ldi	r24, 0x16	; 22
    1e12:	92 e0       	ldi	r25, 0x02	; 2
    1e14:	90 ce       	rjmp	.-736    	; 0x1b36 <main+0xc46>
onesec():
C:\Users\advisor\Desktop\github\electronics\PRESSFLOWino\firmwarePressFlow/firmwarePressFlow.ino:912
      detachInterrupt(flowsensorInterrupt);
      flowRate = pulseCount*pulseFactor/10;    
    }
    if(menuLevel==1){
      viewLevel_1();
    } else if(menuLevel==2){
    1e16:	82 30       	cpi	r24, 0x02	; 2
    1e18:	09 f0       	breq	.+2      	; 0x1e1c <main+0xf2c>
    1e1a:	70 c1       	rjmp	.+736    	; 0x20fc <main+0x120c>
viewLevel_2():
C:\Users\advisor\Desktop\github\electronics\PRESSFLOWino\firmwarePressFlow/firmwarePressFlow.ino:627
      break;
  }
}

void viewLevel_2 () {
  switch (option) {
    1e1c:	80 91 3a 01 	lds	r24, 0x013A	; 0x80013a <option>
    1e20:	83 30       	cpi	r24, 0x03	; 3
    1e22:	09 f4       	brne	.+2      	; 0x1e26 <main+0xf36>
    1e24:	ae c0       	rjmp	.+348    	; 0x1f82 <main+0x1092>
    1e26:	08 f0       	brcs	.+2      	; 0x1e2a <main+0xf3a>
    1e28:	47 c0       	rjmp	.+142    	; 0x1eb8 <main+0xfc8>
    1e2a:	81 30       	cpi	r24, 0x01	; 1
    1e2c:	09 f4       	brne	.+2      	; 0x1e30 <main+0xf40>
    1e2e:	5f c0       	rjmp	.+190    	; 0x1eee <main+0xffe>
    1e30:	82 30       	cpi	r24, 0x02	; 2
    1e32:	09 f0       	breq	.+2      	; 0x1e36 <main+0xf46>
    1e34:	15 cd       	rjmp	.-1494   	; 0x1860 <main+0x970>
C:\Users\advisor\Desktop\github\electronics\PRESSFLOWino\firmwarePressFlow/firmwarePressFlow.ino:649
      } else if (minPress_val > MINPRESS){ // down arrow
        lcd.write((byte)2);     
      }
      break;
    case 2:                                 // Max press
      lcd.clear();
    1e36:	0e 94 e9 02 	call	0x5d2	; 0x5d2 <LiquidCrystal::clear() [clone .constprop.24]>
C:\Users\advisor\Desktop\github\electronics\PRESSFLOWino\firmwarePressFlow/firmwarePressFlow.ino:650
      lcd.print(" Max press:");
    1e3a:	82 ea       	ldi	r24, 0xA2	; 162
    1e3c:	91 e0       	ldi	r25, 0x01	; 1
    1e3e:	0e 94 21 04 	call	0x842	; 0x842 <Print::print(char const*) [clone .constprop.7]>
C:\Users\advisor\Desktop\github\electronics\PRESSFLOWino\firmwarePressFlow/firmwarePressFlow.ino:652
      // second row
      lcd.setCursor(0, 1);
    1e42:	61 e0       	ldi	r22, 0x01	; 1
    1e44:	80 e0       	ldi	r24, 0x00	; 0
    1e46:	0e 94 92 03 	call	0x724	; 0x724 <LiquidCrystal::setCursor(unsigned char, unsigned char) [clone .constprop.19]>
C:\Users\advisor\Desktop\github\electronics\PRESSFLOWino\firmwarePressFlow/firmwarePressFlow.ino:653
      lcd.print("  ");
    1e4a:	87 e8       	ldi	r24, 0x87	; 135
    1e4c:	92 e0       	ldi	r25, 0x02	; 2
    1e4e:	0e 94 21 04 	call	0x842	; 0x842 <Print::print(char const*) [clone .constprop.7]>
C:\Users\advisor\Desktop\github\electronics\PRESSFLOWino\firmwarePressFlow/firmwarePressFlow.ino:654
      print_val = maxPress_val;
    1e52:	60 91 cc 04 	lds	r22, 0x04CC	; 0x8004cc <maxPress_val>
    1e56:	70 91 cd 04 	lds	r23, 0x04CD	; 0x8004cd <maxPress_val+0x1>
    1e5a:	07 2e       	mov	r0, r23
    1e5c:	00 0c       	add	r0, r0
    1e5e:	88 0b       	sbc	r24, r24
    1e60:	99 0b       	sbc	r25, r25
    1e62:	0e 94 9d 15 	call	0x2b3a	; 0x2b3a <__floatsisf>
C:\Users\advisor\Desktop\github\electronics\PRESSFLOWino\firmwarePressFlow/firmwarePressFlow.ino:655
      lcd.print((print_val/10),1);
    1e66:	20 e0       	ldi	r18, 0x00	; 0
    1e68:	30 e0       	ldi	r19, 0x00	; 0
    1e6a:	40 e2       	ldi	r20, 0x20	; 32
    1e6c:	51 e4       	ldi	r21, 0x41	; 65
    1e6e:	0e 94 f3 14 	call	0x29e6	; 0x29e6 <__divsf3>
    1e72:	41 e0       	ldi	r20, 0x01	; 1
    1e74:	50 e0       	ldi	r21, 0x00	; 0
    1e76:	0e 94 23 04 	call	0x846	; 0x846 <Print::print(double, int) [clone .constprop.9]>
C:\Users\advisor\Desktop\github\electronics\PRESSFLOWino\firmwarePressFlow/firmwarePressFlow.ino:656
      lcd.print("  bar");
    1e7a:	83 ee       	ldi	r24, 0xE3	; 227
    1e7c:	92 e0       	ldi	r25, 0x02	; 2
    1e7e:	0e 94 21 04 	call	0x842	; 0x842 <Print::print(char const*) [clone .constprop.7]>
C:\Users\advisor\Desktop\github\electronics\PRESSFLOWino\firmwarePressFlow/firmwarePressFlow.ino:657
      lcd.setCursor(15,1);
    1e82:	61 e0       	ldi	r22, 0x01	; 1
    1e84:	8f e0       	ldi	r24, 0x0F	; 15
    1e86:	0e 94 92 03 	call	0x724	; 0x724 <LiquidCrystal::setCursor(unsigned char, unsigned char) [clone .constprop.19]>
C:\Users\advisor\Desktop\github\electronics\PRESSFLOWino\firmwarePressFlow/firmwarePressFlow.ino:658
      if ( maxPress_val > ( minPress_val + 1 ) &&  maxPress_val < MAXPRESS ) { // up and down arrows
    1e8a:	80 91 cc 04 	lds	r24, 0x04CC	; 0x8004cc <maxPress_val>
    1e8e:	90 91 cd 04 	lds	r25, 0x04CD	; 0x8004cd <maxPress_val+0x1>
    1e92:	20 91 38 01 	lds	r18, 0x0138	; 0x800138 <minPress_val>
    1e96:	30 91 39 01 	lds	r19, 0x0139	; 0x800139 <minPress_val+0x1>
    1e9a:	2f 5f       	subi	r18, 0xFF	; 255
    1e9c:	3f 4f       	sbci	r19, 0xFF	; 255
    1e9e:	40 91 36 01 	lds	r20, 0x0136	; 0x800136 <MAXPRESS>
    1ea2:	50 91 37 01 	lds	r21, 0x0137	; 0x800137 <MAXPRESS+0x1>
    1ea6:	28 17       	cp	r18, r24
    1ea8:	39 07       	cpc	r19, r25
    1eaa:	0c f0       	brlt	.+2      	; 0x1eae <main+0xfbe>
    1eac:	64 c0       	rjmp	.+200    	; 0x1f76 <main+0x1086>
    1eae:	84 17       	cp	r24, r20
    1eb0:	95 07       	cpc	r25, r21
    1eb2:	0c f0       	brlt	.+2      	; 0x1eb6 <main+0xfc6>
    1eb4:	5e c0       	rjmp	.+188    	; 0x1f72 <main+0x1082>
    1eb6:	54 c0       	rjmp	.+168    	; 0x1f60 <main+0x1070>
C:\Users\advisor\Desktop\github\electronics\PRESSFLOWino\firmwarePressFlow/firmwarePressFlow.ino:627
      break;
  }
}

void viewLevel_2 () {
  switch (option) {
    1eb8:	84 30       	cpi	r24, 0x04	; 4
    1eba:	09 f4       	brne	.+2      	; 0x1ebe <main+0xfce>
    1ebc:	c6 c0       	rjmp	.+396    	; 0x204a <main+0x115a>
    1ebe:	85 30       	cpi	r24, 0x05	; 5
    1ec0:	09 f0       	breq	.+2      	; 0x1ec4 <main+0xfd4>
    1ec2:	ce cc       	rjmp	.-1636   	; 0x1860 <main+0x970>
C:\Users\advisor\Desktop\github\electronics\PRESSFLOWino\firmwarePressFlow/firmwarePressFlow.ino:735
        lcd.setCursor(15,1);
        lcd.write((byte)2);     // down arrow
      }
      break;
    case 5: // Pressure sensor type 0=Custom, 1=500Kpa, 2=700Kpa, 3=800Kpa, 4=1Mpa, 5=1.2Mpa, 6=1.5Mpa, 7=2Mpa, 8=3Mpa, 9=4Mpa
      lcd.clear();
    1ec4:	0e 94 e9 02 	call	0x5d2	; 0x5d2 <LiquidCrystal::clear() [clone .constprop.24]>
C:\Users\advisor\Desktop\github\electronics\PRESSFLOWino\firmwarePressFlow/firmwarePressFlow.ino:736
      lcd.print("Pressure sensor:");
    1ec8:	85 e5       	ldi	r24, 0x55	; 85
    1eca:	93 e0       	ldi	r25, 0x03	; 3
    1ecc:	0e 94 21 04 	call	0x842	; 0x842 <Print::print(char const*) [clone .constprop.7]>
C:\Users\advisor\Desktop\github\electronics\PRESSFLOWino\firmwarePressFlow/firmwarePressFlow.ino:738
      // second row
      lcd.setCursor(0, 1);
    1ed0:	61 e0       	ldi	r22, 0x01	; 1
    1ed2:	80 e0       	ldi	r24, 0x00	; 0
    1ed4:	0e 94 92 03 	call	0x724	; 0x724 <LiquidCrystal::setCursor(unsigned char, unsigned char) [clone .constprop.19]>
C:\Users\advisor\Desktop\github\electronics\PRESSFLOWino\firmwarePressFlow/firmwarePressFlow.ino:739
      if ( pressSensorType_val == 1 ) { 
    1ed8:	80 91 ce 04 	lds	r24, 0x04CE	; 0x8004ce <pressSensorType_val>
    1edc:	90 91 cf 04 	lds	r25, 0x04CF	; 0x8004cf <pressSensorType_val+0x1>
    1ee0:	81 30       	cpi	r24, 0x01	; 1
    1ee2:	91 05       	cpc	r25, r1
    1ee4:	09 f0       	breq	.+2      	; 0x1ee8 <main+0xff8>
    1ee6:	ca c0       	rjmp	.+404    	; 0x207c <main+0x118c>
C:\Users\advisor\Desktop\github\electronics\PRESSFLOWino\firmwarePressFlow/firmwarePressFlow.ino:740
        lcd.print("500 Kpa");
    1ee8:	86 e6       	ldi	r24, 0x66	; 102
    1eea:	93 e0       	ldi	r25, 0x03	; 3
    1eec:	c8 ce       	rjmp	.-624    	; 0x1c7e <main+0xd8e>
C:\Users\advisor\Desktop\github\electronics\PRESSFLOWino\firmwarePressFlow/firmwarePressFlow.ino:631
void viewLevel_2 () {
  switch (option) {
    case 0:
      break;
    case 1:                                 // Min press
      lcd.clear();
    1eee:	0e 94 e9 02 	call	0x5d2	; 0x5d2 <LiquidCrystal::clear() [clone .constprop.24]>
C:\Users\advisor\Desktop\github\electronics\PRESSFLOWino\firmwarePressFlow/firmwarePressFlow.ino:632
      lcd.print(" Min press:");
    1ef2:	8e ea       	ldi	r24, 0xAE	; 174
    1ef4:	91 e0       	ldi	r25, 0x01	; 1
    1ef6:	0e 94 21 04 	call	0x842	; 0x842 <Print::print(char const*) [clone .constprop.7]>
C:\Users\advisor\Desktop\github\electronics\PRESSFLOWino\firmwarePressFlow/firmwarePressFlow.ino:634
      // second row
      lcd.setCursor(0, 1);
    1efa:	61 e0       	ldi	r22, 0x01	; 1
    1efc:	80 e0       	ldi	r24, 0x00	; 0
    1efe:	0e 94 92 03 	call	0x724	; 0x724 <LiquidCrystal::setCursor(unsigned char, unsigned char) [clone .constprop.19]>
C:\Users\advisor\Desktop\github\electronics\PRESSFLOWino\firmwarePressFlow/firmwarePressFlow.ino:635
      lcd.print("  ");
    1f02:	87 e8       	ldi	r24, 0x87	; 135
    1f04:	92 e0       	ldi	r25, 0x02	; 2
    1f06:	0e 94 21 04 	call	0x842	; 0x842 <Print::print(char const*) [clone .constprop.7]>
C:\Users\advisor\Desktop\github\electronics\PRESSFLOWino\firmwarePressFlow/firmwarePressFlow.ino:636
      print_val = minPress_val;
    1f0a:	60 91 38 01 	lds	r22, 0x0138	; 0x800138 <minPress_val>
    1f0e:	70 91 39 01 	lds	r23, 0x0139	; 0x800139 <minPress_val+0x1>
    1f12:	07 2e       	mov	r0, r23
    1f14:	00 0c       	add	r0, r0
    1f16:	88 0b       	sbc	r24, r24
    1f18:	99 0b       	sbc	r25, r25
    1f1a:	0e 94 9d 15 	call	0x2b3a	; 0x2b3a <__floatsisf>
C:\Users\advisor\Desktop\github\electronics\PRESSFLOWino\firmwarePressFlow/firmwarePressFlow.ino:637
      lcd.print((print_val/10),1);
    1f1e:	20 e0       	ldi	r18, 0x00	; 0
    1f20:	30 e0       	ldi	r19, 0x00	; 0
    1f22:	40 e2       	ldi	r20, 0x20	; 32
    1f24:	51 e4       	ldi	r21, 0x41	; 65
    1f26:	0e 94 f3 14 	call	0x29e6	; 0x29e6 <__divsf3>
    1f2a:	41 e0       	ldi	r20, 0x01	; 1
    1f2c:	50 e0       	ldi	r21, 0x00	; 0
    1f2e:	0e 94 23 04 	call	0x846	; 0x846 <Print::print(double, int) [clone .constprop.9]>
C:\Users\advisor\Desktop\github\electronics\PRESSFLOWino\firmwarePressFlow/firmwarePressFlow.ino:638
      lcd.print("  bar");
    1f32:	83 ee       	ldi	r24, 0xE3	; 227
    1f34:	92 e0       	ldi	r25, 0x02	; 2
    1f36:	0e 94 21 04 	call	0x842	; 0x842 <Print::print(char const*) [clone .constprop.7]>
C:\Users\advisor\Desktop\github\electronics\PRESSFLOWino\firmwarePressFlow/firmwarePressFlow.ino:639
      lcd.setCursor(15,1);
    1f3a:	61 e0       	ldi	r22, 0x01	; 1
    1f3c:	8f e0       	ldi	r24, 0x0F	; 15
    1f3e:	0e 94 92 03 	call	0x724	; 0x724 <LiquidCrystal::setCursor(unsigned char, unsigned char) [clone .constprop.19]>
C:\Users\advisor\Desktop\github\electronics\PRESSFLOWino\firmwarePressFlow/firmwarePressFlow.ino:640
      if ( minPress_val < ( maxPress_val - 1 ) &&  minPress_val > MINPRESS ) { // up and down arrows
    1f42:	80 91 38 01 	lds	r24, 0x0138	; 0x800138 <minPress_val>
    1f46:	90 91 39 01 	lds	r25, 0x0139	; 0x800139 <minPress_val+0x1>
    1f4a:	20 91 cc 04 	lds	r18, 0x04CC	; 0x8004cc <maxPress_val>
    1f4e:	30 91 cd 04 	lds	r19, 0x04CD	; 0x8004cd <maxPress_val+0x1>
    1f52:	21 50       	subi	r18, 0x01	; 1
    1f54:	31 09       	sbc	r19, r1
    1f56:	82 17       	cp	r24, r18
    1f58:	93 07       	cpc	r25, r19
    1f5a:	44 f4       	brge	.+16     	; 0x1f6c <main+0x107c>
    1f5c:	06 97       	sbiw	r24, 0x06	; 6
    1f5e:	7c f0       	brlt	.+30     	; 0x1f7e <main+0x108e>
C:\Users\advisor\Desktop\github\electronics\PRESSFLOWino\firmwarePressFlow/firmwarePressFlow.ino:674
      // second row
      lcd.setCursor(0, 1);
      if ( fluxSensorType_val == 1 ) { // switch
        lcd.print("Switch");
        lcd.setCursor(15,1);
        lcd.write((byte)3);     // up and down arrow
    1f60:	63 e0       	ldi	r22, 0x03	; 3
C:\Users\advisor\Desktop\github\electronics\PRESSFLOWino\firmwarePressFlow/firmwarePressFlow.ino:774
        lcd.setCursor(15,1);
        lcd.write((byte)3);     // up and down arrow
      } else if ( pressSensorType_val == 9 ) { 
        lcd.print("4.0 Mpa");
        lcd.setCursor(15,1);
        lcd.write((byte)2);     // down arrow
    1f62:	88 e3       	ldi	r24, 0x38	; 56
    1f64:	95 e0       	ldi	r25, 0x05	; 5
    1f66:	0e 94 a1 03 	call	0x742	; 0x742 <LiquidCrystal::write(unsigned char)>
    1f6a:	7a cc       	rjmp	.-1804   	; 0x1860 <main+0x970>
C:\Users\advisor\Desktop\github\electronics\PRESSFLOWino\firmwarePressFlow/firmwarePressFlow.ino:644
      lcd.setCursor(15,1);
      if ( minPress_val < ( maxPress_val - 1 ) &&  minPress_val > MINPRESS ) { // up and down arrows
        lcd.write((byte)3);     
      } else if (minPress_val < ( maxPress_val - 1 )){ // up arrow
        lcd.write((byte)1);     
      } else if (minPress_val > MINPRESS){ // down arrow
    1f6c:	06 97       	sbiw	r24, 0x06	; 6
    1f6e:	0c f4       	brge	.+2      	; 0x1f72 <main+0x1082>
    1f70:	77 cc       	rjmp	.-1810   	; 0x1860 <main+0x970>
C:\Users\advisor\Desktop\github\electronics\PRESSFLOWino\firmwarePressFlow/firmwarePressFlow.ino:774
        lcd.setCursor(15,1);
        lcd.write((byte)3);     // up and down arrow
      } else if ( pressSensorType_val == 9 ) { 
        lcd.print("4.0 Mpa");
        lcd.setCursor(15,1);
        lcd.write((byte)2);     // down arrow
    1f72:	62 e0       	ldi	r22, 0x02	; 2
    1f74:	f6 cf       	rjmp	.-20     	; 0x1f62 <main+0x1072>
C:\Users\advisor\Desktop\github\electronics\PRESSFLOWino\firmwarePressFlow/firmwarePressFlow.ino:662
      lcd.setCursor(15,1);
      if ( maxPress_val > ( minPress_val + 1 ) &&  maxPress_val < MAXPRESS ) { // up and down arrows
        lcd.write((byte)3);     
      } else if (maxPress_val > ( minPress_val + 1 )){ // down arrow
        lcd.write((byte)2);     
      } else if (maxPress_val < MAXPRESS){ // up arrow
    1f76:	84 17       	cp	r24, r20
    1f78:	95 07       	cpc	r25, r21
    1f7a:	0c f0       	brlt	.+2      	; 0x1f7e <main+0x108e>
    1f7c:	71 cc       	rjmp	.-1822   	; 0x1860 <main+0x970>
C:\Users\advisor\Desktop\github\electronics\PRESSFLOWino\firmwarePressFlow/firmwarePressFlow.ino:779
        lcd.write((byte)2);     // down arrow
      } else { // Custom
        lcd.print("> Custom: ");
        lcd.print(pressFactor,2);
        lcd.setCursor(15,1);
        lcd.write((byte)1);     // up arrow
    1f7e:	61 e0       	ldi	r22, 0x01	; 1
    1f80:	f0 cf       	rjmp	.-32     	; 0x1f62 <main+0x1072>
C:\Users\advisor\Desktop\github\electronics\PRESSFLOWino\firmwarePressFlow/firmwarePressFlow.ino:667
      } else if (maxPress_val < MAXPRESS){ // up arrow
        lcd.write((byte)1);     
      }
      break;
    case 3: // Flux sensor type 0=none, 1=switch, 2=YFG1, 3=YFDN32, 4=YFDN40 , 5=YFDN50 , 6=FS300A, 7=YFS401, 8=YFS201, 9=custom
      lcd.clear();
    1f82:	0e 94 e9 02 	call	0x5d2	; 0x5d2 <LiquidCrystal::clear() [clone .constprop.24]>
C:\Users\advisor\Desktop\github\electronics\PRESSFLOWino\firmwarePressFlow/firmwarePressFlow.ino:668
      lcd.print("Flux Sensor:");
    1f86:	89 ee       	ldi	r24, 0xE9	; 233
    1f88:	92 e0       	ldi	r25, 0x02	; 2
    1f8a:	0e 94 21 04 	call	0x842	; 0x842 <Print::print(char const*) [clone .constprop.7]>
C:\Users\advisor\Desktop\github\electronics\PRESSFLOWino\firmwarePressFlow/firmwarePressFlow.ino:670
      // second row
      lcd.setCursor(0, 1);
    1f8e:	61 e0       	ldi	r22, 0x01	; 1
    1f90:	80 e0       	ldi	r24, 0x00	; 0
    1f92:	0e 94 92 03 	call	0x724	; 0x724 <LiquidCrystal::setCursor(unsigned char, unsigned char) [clone .constprop.19]>
C:\Users\advisor\Desktop\github\electronics\PRESSFLOWino\firmwarePressFlow/firmwarePressFlow.ino:671
      if ( fluxSensorType_val == 1 ) { // switch
    1f96:	80 91 d0 04 	lds	r24, 0x04D0	; 0x8004d0 <fluxSensorType_val>
    1f9a:	90 91 d1 04 	lds	r25, 0x04D1	; 0x8004d1 <fluxSensorType_val+0x1>
    1f9e:	81 30       	cpi	r24, 0x01	; 1
    1fa0:	91 05       	cpc	r25, r1
    1fa2:	19 f4       	brne	.+6      	; 0x1faa <main+0x10ba>
C:\Users\advisor\Desktop\github\electronics\PRESSFLOWino\firmwarePressFlow/firmwarePressFlow.ino:672
        lcd.print("Switch");
    1fa4:	86 ef       	ldi	r24, 0xF6	; 246
    1fa6:	92 e0       	ldi	r25, 0x02	; 2
    1fa8:	6a ce       	rjmp	.-812    	; 0x1c7e <main+0xd8e>
C:\Users\advisor\Desktop\github\electronics\PRESSFLOWino\firmwarePressFlow/firmwarePressFlow.ino:675
        lcd.setCursor(15,1);
        lcd.write((byte)3);     // up and down arrow
      } else if ( fluxSensorType_val == 2 ) { // YFG1
    1faa:	82 30       	cpi	r24, 0x02	; 2
    1fac:	91 05       	cpc	r25, r1
    1fae:	19 f4       	brne	.+6      	; 0x1fb6 <main+0x10c6>
C:\Users\advisor\Desktop\github\electronics\PRESSFLOWino\firmwarePressFlow/firmwarePressFlow.ino:676
        lcd.print("YF-B1");
    1fb0:	8d ef       	ldi	r24, 0xFD	; 253
    1fb2:	92 e0       	ldi	r25, 0x02	; 2
    1fb4:	64 ce       	rjmp	.-824    	; 0x1c7e <main+0xd8e>
C:\Users\advisor\Desktop\github\electronics\PRESSFLOWino\firmwarePressFlow/firmwarePressFlow.ino:679
        lcd.setCursor(15,1);
        lcd.write((byte)3);     // up and down arrow
      } else if ( fluxSensorType_val == 3 ) { // YFDN32
    1fb6:	83 30       	cpi	r24, 0x03	; 3
    1fb8:	91 05       	cpc	r25, r1
    1fba:	19 f4       	brne	.+6      	; 0x1fc2 <main+0x10d2>
C:\Users\advisor\Desktop\github\electronics\PRESSFLOWino\firmwarePressFlow/firmwarePressFlow.ino:680
        lcd.print("YFDN32");
    1fbc:	83 e0       	ldi	r24, 0x03	; 3
    1fbe:	93 e0       	ldi	r25, 0x03	; 3
    1fc0:	5e ce       	rjmp	.-836    	; 0x1c7e <main+0xd8e>
C:\Users\advisor\Desktop\github\electronics\PRESSFLOWino\firmwarePressFlow/firmwarePressFlow.ino:683
        lcd.setCursor(15,1);
        lcd.write((byte)3);     // up and down arrow
      } else if ( fluxSensorType_val == 4 ) { // YFDN40 
    1fc2:	84 30       	cpi	r24, 0x04	; 4
    1fc4:	91 05       	cpc	r25, r1
    1fc6:	19 f4       	brne	.+6      	; 0x1fce <main+0x10de>
C:\Users\advisor\Desktop\github\electronics\PRESSFLOWino\firmwarePressFlow/firmwarePressFlow.ino:684
        lcd.print("YFDN40");
    1fc8:	8a e0       	ldi	r24, 0x0A	; 10
    1fca:	93 e0       	ldi	r25, 0x03	; 3
    1fcc:	58 ce       	rjmp	.-848    	; 0x1c7e <main+0xd8e>
C:\Users\advisor\Desktop\github\electronics\PRESSFLOWino\firmwarePressFlow/firmwarePressFlow.ino:687
        lcd.setCursor(15,1);
        lcd.write((byte)3);     // up and down arrow
      } else if ( fluxSensorType_val == 5 ) { // YFDN50  
    1fce:	85 30       	cpi	r24, 0x05	; 5
    1fd0:	91 05       	cpc	r25, r1
    1fd2:	19 f4       	brne	.+6      	; 0x1fda <main+0x10ea>
C:\Users\advisor\Desktop\github\electronics\PRESSFLOWino\firmwarePressFlow/firmwarePressFlow.ino:688
        lcd.print("YFDN50");
    1fd4:	81 e1       	ldi	r24, 0x11	; 17
    1fd6:	93 e0       	ldi	r25, 0x03	; 3
    1fd8:	52 ce       	rjmp	.-860    	; 0x1c7e <main+0xd8e>
C:\Users\advisor\Desktop\github\electronics\PRESSFLOWino\firmwarePressFlow/firmwarePressFlow.ino:691
        lcd.setCursor(15,1);
        lcd.write((byte)3);     // up and down arrow
      } else if ( fluxSensorType_val == 6 ) { // FS300A
    1fda:	86 30       	cpi	r24, 0x06	; 6
    1fdc:	91 05       	cpc	r25, r1
    1fde:	19 f4       	brne	.+6      	; 0x1fe6 <main+0x10f6>
C:\Users\advisor\Desktop\github\electronics\PRESSFLOWino\firmwarePressFlow/firmwarePressFlow.ino:692
        lcd.print("FS300A");
    1fe0:	88 e1       	ldi	r24, 0x18	; 24
    1fe2:	93 e0       	ldi	r25, 0x03	; 3
    1fe4:	4c ce       	rjmp	.-872    	; 0x1c7e <main+0xd8e>
C:\Users\advisor\Desktop\github\electronics\PRESSFLOWino\firmwarePressFlow/firmwarePressFlow.ino:695
        lcd.setCursor(15,1);
        lcd.write((byte)3);     // up and down arrow
      } else if ( fluxSensorType_val == 7 ) { // YFS401
    1fe6:	87 30       	cpi	r24, 0x07	; 7
    1fe8:	91 05       	cpc	r25, r1
    1fea:	19 f4       	brne	.+6      	; 0x1ff2 <main+0x1102>
C:\Users\advisor\Desktop\github\electronics\PRESSFLOWino\firmwarePressFlow/firmwarePressFlow.ino:696
        lcd.print("YF-S401");
    1fec:	8f e1       	ldi	r24, 0x1F	; 31
    1fee:	93 e0       	ldi	r25, 0x03	; 3
    1ff0:	46 ce       	rjmp	.-884    	; 0x1c7e <main+0xd8e>
C:\Users\advisor\Desktop\github\electronics\PRESSFLOWino\firmwarePressFlow/firmwarePressFlow.ino:699
        lcd.setCursor(15,1);
        lcd.write((byte)3);     // up and down arrow
      } else if ( fluxSensorType_val == 8 ) { // YFS201
    1ff2:	88 30       	cpi	r24, 0x08	; 8
    1ff4:	91 05       	cpc	r25, r1
    1ff6:	19 f4       	brne	.+6      	; 0x1ffe <main+0x110e>
C:\Users\advisor\Desktop\github\electronics\PRESSFLOWino\firmwarePressFlow/firmwarePressFlow.ino:700
        lcd.print("YF-S201");
    1ff8:	87 e2       	ldi	r24, 0x27	; 39
    1ffa:	93 e0       	ldi	r25, 0x03	; 3
    1ffc:	40 ce       	rjmp	.-896    	; 0x1c7e <main+0xd8e>
C:\Users\advisor\Desktop\github\electronics\PRESSFLOWino\firmwarePressFlow/firmwarePressFlow.ino:703
        lcd.setCursor(15,1);
        lcd.write((byte)3);     // up and down arrow
      } else if ( fluxSensorType_val == 9 ) { // custom
    1ffe:	09 97       	sbiw	r24, 0x09	; 9
    2000:	09 f5       	brne	.+66     	; 0x2044 <main+0x1154>
C:\Users\advisor\Desktop\github\electronics\PRESSFLOWino\firmwarePressFlow/firmwarePressFlow.ino:704
        lcd.print("> Custom ");
    2002:	8f e2       	ldi	r24, 0x2F	; 47
    2004:	93 e0       	ldi	r25, 0x03	; 3
    2006:	0e 94 21 04 	call	0x842	; 0x842 <Print::print(char const*) [clone .constprop.7]>
C:\Users\advisor\Desktop\github\electronics\PRESSFLOWino\firmwarePressFlow/firmwarePressFlow.ino:705
        if (pulseFactor < 10){
    200a:	c0 90 32 01 	lds	r12, 0x0132	; 0x800132 <pulseFactor>
    200e:	d0 90 33 01 	lds	r13, 0x0133	; 0x800133 <pulseFactor+0x1>
    2012:	e0 90 34 01 	lds	r14, 0x0134	; 0x800134 <pulseFactor+0x2>
    2016:	f0 90 35 01 	lds	r15, 0x0135	; 0x800135 <pulseFactor+0x3>
    201a:	20 e0       	ldi	r18, 0x00	; 0
    201c:	30 e0       	ldi	r19, 0x00	; 0
    201e:	40 e2       	ldi	r20, 0x20	; 32
    2020:	51 e4       	ldi	r21, 0x41	; 65
    2022:	c7 01       	movw	r24, r14
    2024:	b6 01       	movw	r22, r12
    2026:	0e 94 ee 14 	call	0x29dc	; 0x29dc <__cmpsf2>
C:\Users\advisor\Desktop\github\electronics\PRESSFLOWino\firmwarePressFlow/firmwarePressFlow.ino:706
          lcd.print(pulseFactor,2);
    202a:	42 e0       	ldi	r20, 0x02	; 2
    202c:	50 e0       	ldi	r21, 0x00	; 0
C:\Users\advisor\Desktop\github\electronics\PRESSFLOWino\firmwarePressFlow/firmwarePressFlow.ino:705
        lcd.print("YF-S201");
        lcd.setCursor(15,1);
        lcd.write((byte)3);     // up and down arrow
      } else if ( fluxSensorType_val == 9 ) { // custom
        lcd.print("> Custom ");
        if (pulseFactor < 10){
    202e:	87 fd       	sbrc	r24, 7
    2030:	02 c0       	rjmp	.+4      	; 0x2036 <main+0x1146>
C:\Users\advisor\Desktop\github\electronics\PRESSFLOWino\firmwarePressFlow/firmwarePressFlow.ino:708
          lcd.print(pulseFactor,2);
        } else {
          lcd.print(pulseFactor,1);
    2032:	41 e0       	ldi	r20, 0x01	; 1
    2034:	50 e0       	ldi	r21, 0x00	; 0
    2036:	c7 01       	movw	r24, r14
    2038:	b6 01       	movw	r22, r12
    203a:	0e 94 23 04 	call	0x846	; 0x846 <Print::print(double, int) [clone .constprop.9]>
C:\Users\advisor\Desktop\github\electronics\PRESSFLOWino\firmwarePressFlow/firmwarePressFlow.ino:710
        }
        lcd.print("");
    203e:	89 e8       	ldi	r24, 0x89	; 137
    2040:	92 e0       	ldi	r25, 0x02	; 2
    2042:	1d ce       	rjmp	.-966    	; 0x1c7e <main+0xd8e>
C:\Users\advisor\Desktop\github\electronics\PRESSFLOWino\firmwarePressFlow/firmwarePressFlow.ino:714
        lcd.setCursor(15,1);
        lcd.write((byte)3);     // down arrow
      } else { // none
        lcd.print("None");
    2044:	89 e3       	ldi	r24, 0x39	; 57
    2046:	93 e0       	ldi	r25, 0x03	; 3
    2048:	50 ce       	rjmp	.-864    	; 0x1cea <main+0xdfa>
C:\Users\advisor\Desktop\github\electronics\PRESSFLOWino\firmwarePressFlow/firmwarePressFlow.ino:720
        lcd.setCursor(15,1);
        lcd.write((byte)1);     // up arrow
      }
      break;
    case 4:                               // Mode
      lcd.clear();
    204a:	0e 94 e9 02 	call	0x5d2	; 0x5d2 <LiquidCrystal::clear() [clone .constprop.24]>
C:\Users\advisor\Desktop\github\electronics\PRESSFLOWino\firmwarePressFlow/firmwarePressFlow.ino:721
      lcd.print(" Mode:");
    204e:	8e e3       	ldi	r24, 0x3E	; 62
    2050:	93 e0       	ldi	r25, 0x03	; 3
    2052:	0e 94 21 04 	call	0x842	; 0x842 <Print::print(char const*) [clone .constprop.7]>
C:\Users\advisor\Desktop\github\electronics\PRESSFLOWino\firmwarePressFlow/firmwarePressFlow.ino:723
      // second row
      lcd.setCursor(0, 1);
    2056:	61 e0       	ldi	r22, 0x01	; 1
    2058:	80 e0       	ldi	r24, 0x00	; 0
    205a:	0e 94 92 03 	call	0x724	; 0x724 <LiquidCrystal::setCursor(unsigned char, unsigned char) [clone .constprop.19]>
C:\Users\advisor\Desktop\github\electronics\PRESSFLOWino\firmwarePressFlow/firmwarePressFlow.ino:724
      if ( ctrlMode_val == 0 ) { // mode pump
    205e:	80 91 ca 04 	lds	r24, 0x04CA	; 0x8004ca <ctrlMode_val>
    2062:	90 91 cb 04 	lds	r25, 0x04CB	; 0x8004cb <ctrlMode_val+0x1>
    2066:	00 97       	sbiw	r24, 0x00	; 0
    2068:	19 f4       	brne	.+6      	; 0x2070 <main+0x1180>
C:\Users\advisor\Desktop\github\electronics\PRESSFLOWino\firmwarePressFlow/firmwarePressFlow.ino:725
        lcd.print("Pump");
    206a:	85 e4       	ldi	r24, 0x45	; 69
    206c:	93 e0       	ldi	r25, 0x03	; 3
    206e:	3d ce       	rjmp	.-902    	; 0x1cea <main+0xdfa>
C:\Users\advisor\Desktop\github\electronics\PRESSFLOWino\firmwarePressFlow/firmwarePressFlow.ino:728
        lcd.setCursor(15,1);
        lcd.write((byte)1);     // up arrow
      } else if (ctrlMode_val == 1){ // mode compressor
    2070:	01 97       	sbiw	r24, 0x01	; 1
    2072:	09 f0       	breq	.+2      	; 0x2076 <main+0x1186>
    2074:	f5 cb       	rjmp	.-2070   	; 0x1860 <main+0x970>
C:\Users\advisor\Desktop\github\electronics\PRESSFLOWino\firmwarePressFlow/firmwarePressFlow.ino:729
        lcd.print("Compressor");
    2076:	8a e4       	ldi	r24, 0x4A	; 74
    2078:	93 e0       	ldi	r25, 0x03	; 3
    207a:	32 ce       	rjmp	.-924    	; 0x1ce0 <main+0xdf0>
C:\Users\advisor\Desktop\github\electronics\PRESSFLOWino\firmwarePressFlow/firmwarePressFlow.ino:743
      lcd.setCursor(0, 1);
      if ( pressSensorType_val == 1 ) { 
        lcd.print("500 Kpa");
        lcd.setCursor(15,1);
        lcd.write((byte)3);     // up and down arrow
      } else if ( pressSensorType_val == 2 ) { 
    207c:	82 30       	cpi	r24, 0x02	; 2
    207e:	91 05       	cpc	r25, r1
    2080:	19 f4       	brne	.+6      	; 0x2088 <main+0x1198>
C:\Users\advisor\Desktop\github\electronics\PRESSFLOWino\firmwarePressFlow/firmwarePressFlow.ino:744
        lcd.print("700 Kpa");
    2082:	8e e6       	ldi	r24, 0x6E	; 110
    2084:	93 e0       	ldi	r25, 0x03	; 3
    2086:	fb cd       	rjmp	.-1034   	; 0x1c7e <main+0xd8e>
C:\Users\advisor\Desktop\github\electronics\PRESSFLOWino\firmwarePressFlow/firmwarePressFlow.ino:747
        lcd.setCursor(15,1);
        lcd.write((byte)3);     // up and down arrow
      } else if ( pressSensorType_val == 3 ) { 
    2088:	83 30       	cpi	r24, 0x03	; 3
    208a:	91 05       	cpc	r25, r1
    208c:	19 f4       	brne	.+6      	; 0x2094 <main+0x11a4>
C:\Users\advisor\Desktop\github\electronics\PRESSFLOWino\firmwarePressFlow/firmwarePressFlow.ino:748
        lcd.print("800 Kpa");
    208e:	86 e7       	ldi	r24, 0x76	; 118
    2090:	93 e0       	ldi	r25, 0x03	; 3
    2092:	f5 cd       	rjmp	.-1046   	; 0x1c7e <main+0xd8e>
C:\Users\advisor\Desktop\github\electronics\PRESSFLOWino\firmwarePressFlow/firmwarePressFlow.ino:751
        lcd.setCursor(15,1);
        lcd.write((byte)3);     // up and down arrow
      } else if ( pressSensorType_val == 4 ) { 
    2094:	84 30       	cpi	r24, 0x04	; 4
    2096:	91 05       	cpc	r25, r1
    2098:	19 f4       	brne	.+6      	; 0x20a0 <main+0x11b0>
C:\Users\advisor\Desktop\github\electronics\PRESSFLOWino\firmwarePressFlow/firmwarePressFlow.ino:752
        lcd.print("1.0 Mpa");
    209a:	8e e7       	ldi	r24, 0x7E	; 126
    209c:	93 e0       	ldi	r25, 0x03	; 3
    209e:	ef cd       	rjmp	.-1058   	; 0x1c7e <main+0xd8e>
C:\Users\advisor\Desktop\github\electronics\PRESSFLOWino\firmwarePressFlow/firmwarePressFlow.ino:755
        lcd.setCursor(15,1);
        lcd.write((byte)3);     // up and down arrow
      } else if ( pressSensorType_val == 5 ) { 
    20a0:	85 30       	cpi	r24, 0x05	; 5
    20a2:	91 05       	cpc	r25, r1
    20a4:	19 f4       	brne	.+6      	; 0x20ac <main+0x11bc>
C:\Users\advisor\Desktop\github\electronics\PRESSFLOWino\firmwarePressFlow/firmwarePressFlow.ino:756
        lcd.print("1.2 Mpa");
    20a6:	86 e8       	ldi	r24, 0x86	; 134
    20a8:	93 e0       	ldi	r25, 0x03	; 3
    20aa:	e9 cd       	rjmp	.-1070   	; 0x1c7e <main+0xd8e>
C:\Users\advisor\Desktop\github\electronics\PRESSFLOWino\firmwarePressFlow/firmwarePressFlow.ino:759
        lcd.setCursor(15,1);
        lcd.write((byte)3);     // up and down arrow
      } else if ( pressSensorType_val == 6 ) { 
    20ac:	86 30       	cpi	r24, 0x06	; 6
    20ae:	91 05       	cpc	r25, r1
    20b0:	19 f4       	brne	.+6      	; 0x20b8 <main+0x11c8>
C:\Users\advisor\Desktop\github\electronics\PRESSFLOWino\firmwarePressFlow/firmwarePressFlow.ino:760
        lcd.print("1.5 Mpa");
    20b2:	8e e8       	ldi	r24, 0x8E	; 142
    20b4:	93 e0       	ldi	r25, 0x03	; 3
    20b6:	e3 cd       	rjmp	.-1082   	; 0x1c7e <main+0xd8e>
C:\Users\advisor\Desktop\github\electronics\PRESSFLOWino\firmwarePressFlow/firmwarePressFlow.ino:763
        lcd.setCursor(15,1);
        lcd.write((byte)3);     // up and down arrow
      } else if ( pressSensorType_val == 7 ) { 
    20b8:	87 30       	cpi	r24, 0x07	; 7
    20ba:	91 05       	cpc	r25, r1
    20bc:	19 f4       	brne	.+6      	; 0x20c4 <main+0x11d4>
C:\Users\advisor\Desktop\github\electronics\PRESSFLOWino\firmwarePressFlow/firmwarePressFlow.ino:764
        lcd.print("2.0 Mpa");
    20be:	86 e9       	ldi	r24, 0x96	; 150
    20c0:	93 e0       	ldi	r25, 0x03	; 3
    20c2:	dd cd       	rjmp	.-1094   	; 0x1c7e <main+0xd8e>
C:\Users\advisor\Desktop\github\electronics\PRESSFLOWino\firmwarePressFlow/firmwarePressFlow.ino:767
        lcd.setCursor(15,1);
        lcd.write((byte)3);     // up and down arrow
      } else if ( pressSensorType_val == 8 ) { 
    20c4:	88 30       	cpi	r24, 0x08	; 8
    20c6:	91 05       	cpc	r25, r1
    20c8:	19 f4       	brne	.+6      	; 0x20d0 <main+0x11e0>
C:\Users\advisor\Desktop\github\electronics\PRESSFLOWino\firmwarePressFlow/firmwarePressFlow.ino:768
        lcd.print("3.0 Mpa");
    20ca:	8e e9       	ldi	r24, 0x9E	; 158
    20cc:	93 e0       	ldi	r25, 0x03	; 3
    20ce:	d7 cd       	rjmp	.-1106   	; 0x1c7e <main+0xd8e>
C:\Users\advisor\Desktop\github\electronics\PRESSFLOWino\firmwarePressFlow/firmwarePressFlow.ino:771
        lcd.setCursor(15,1);
        lcd.write((byte)3);     // up and down arrow
      } else if ( pressSensorType_val == 9 ) { 
    20d0:	09 97       	sbiw	r24, 0x09	; 9
    20d2:	19 f4       	brne	.+6      	; 0x20da <main+0x11ea>
C:\Users\advisor\Desktop\github\electronics\PRESSFLOWino\firmwarePressFlow/firmwarePressFlow.ino:772
        lcd.print("4.0 Mpa");
    20d4:	86 ea       	ldi	r24, 0xA6	; 166
    20d6:	93 e0       	ldi	r25, 0x03	; 3
    20d8:	03 ce       	rjmp	.-1018   	; 0x1ce0 <main+0xdf0>
C:\Users\advisor\Desktop\github\electronics\PRESSFLOWino\firmwarePressFlow/firmwarePressFlow.ino:776
        lcd.setCursor(15,1);
        lcd.write((byte)2);     // down arrow
      } else { // Custom
        lcd.print("> Custom: ");
    20da:	8e ea       	ldi	r24, 0xAE	; 174
    20dc:	93 e0       	ldi	r25, 0x03	; 3
    20de:	0e 94 21 04 	call	0x842	; 0x842 <Print::print(char const*) [clone .constprop.7]>
C:\Users\advisor\Desktop\github\electronics\PRESSFLOWino\firmwarePressFlow/firmwarePressFlow.ino:777
        lcd.print(pressFactor,2);
    20e2:	60 91 2e 01 	lds	r22, 0x012E	; 0x80012e <pressFactor>
    20e6:	70 91 2f 01 	lds	r23, 0x012F	; 0x80012f <pressFactor+0x1>
    20ea:	80 91 30 01 	lds	r24, 0x0130	; 0x800130 <pressFactor+0x2>
    20ee:	90 91 31 01 	lds	r25, 0x0131	; 0x800131 <pressFactor+0x3>
    20f2:	42 e0       	ldi	r20, 0x02	; 2
    20f4:	50 e0       	ldi	r21, 0x00	; 0
    20f6:	0e 94 23 04 	call	0x846	; 0x846 <Print::print(double, int) [clone .constprop.9]>
    20fa:	f9 cd       	rjmp	.-1038   	; 0x1cee <main+0xdfe>
onesec():
C:\Users\advisor\Desktop\github\electronics\PRESSFLOWino\firmwarePressFlow/firmwarePressFlow.ino:914
    }
    if(menuLevel==1){
      viewLevel_1();
    } else if(menuLevel==2){
      viewLevel_2();
    } else if(menuLevel==3){
    20fc:	83 30       	cpi	r24, 0x03	; 3
    20fe:	09 f0       	breq	.+2      	; 0x2102 <main+0x1212>
    2100:	81 c0       	rjmp	.+258    	; 0x2204 <main+0x1314>
viewLevel_3():
C:\Users\advisor\Desktop\github\electronics\PRESSFLOWino\firmwarePressFlow/firmwarePressFlow.ino:786
      break;
  }
}

void viewLevel_3 () {
  switch (option) {
    2102:	80 91 3a 01 	lds	r24, 0x013A	; 0x80013a <option>
    2106:	83 30       	cpi	r24, 0x03	; 3
    2108:	51 f1       	breq	.+84     	; 0x215e <main+0x126e>
    210a:	85 30       	cpi	r24, 0x05	; 5
    210c:	09 f0       	breq	.+2      	; 0x2110 <main+0x1220>
    210e:	a8 cb       	rjmp	.-2224   	; 0x1860 <main+0x970>
C:\Users\advisor\Desktop\github\electronics\PRESSFLOWino\firmwarePressFlow/firmwarePressFlow.ino:810
      } else { // down arrow
        lcd.write((byte)2);     
      }
      break;
    case 5:                                 // Pressure sensor type custom
      lcd.clear();
    2110:	0e 94 e9 02 	call	0x5d2	; 0x5d2 <LiquidCrystal::clear() [clone .constprop.24]>
C:\Users\advisor\Desktop\github\electronics\PRESSFLOWino\firmwarePressFlow/firmwarePressFlow.ino:811
      lcd.print("Pressure factor");
    2114:	88 ed       	ldi	r24, 0xD8	; 216
    2116:	93 e0       	ldi	r25, 0x03	; 3
    2118:	0e 94 21 04 	call	0x842	; 0x842 <Print::print(char const*) [clone .constprop.7]>
C:\Users\advisor\Desktop\github\electronics\PRESSFLOWino\firmwarePressFlow/firmwarePressFlow.ino:813
      // second row
      lcd.setCursor(0, 1);
    211c:	61 e0       	ldi	r22, 0x01	; 1
    211e:	80 e0       	ldi	r24, 0x00	; 0
    2120:	0e 94 92 03 	call	0x724	; 0x724 <LiquidCrystal::setCursor(unsigned char, unsigned char) [clone .constprop.19]>
C:\Users\advisor\Desktop\github\electronics\PRESSFLOWino\firmwarePressFlow/firmwarePressFlow.ino:814
      lcd.print(pressFactor,2);
    2124:	60 91 2e 01 	lds	r22, 0x012E	; 0x80012e <pressFactor>
    2128:	70 91 2f 01 	lds	r23, 0x012F	; 0x80012f <pressFactor+0x1>
    212c:	80 91 30 01 	lds	r24, 0x0130	; 0x800130 <pressFactor+0x2>
    2130:	90 91 31 01 	lds	r25, 0x0131	; 0x800131 <pressFactor+0x3>
    2134:	42 e0       	ldi	r20, 0x02	; 2
    2136:	50 e0       	ldi	r21, 0x00	; 0
    2138:	0e 94 23 04 	call	0x846	; 0x846 <Print::print(double, int) [clone .constprop.9]>
C:\Users\advisor\Desktop\github\electronics\PRESSFLOWino\firmwarePressFlow/firmwarePressFlow.ino:815
      lcd.print(" Bar/Volts");
    213c:	88 ee       	ldi	r24, 0xE8	; 232
    213e:	93 e0       	ldi	r25, 0x03	; 3
    2140:	0e 94 21 04 	call	0x842	; 0x842 <Print::print(char const*) [clone .constprop.7]>
C:\Users\advisor\Desktop\github\electronics\PRESSFLOWino\firmwarePressFlow/firmwarePressFlow.ino:816
      lcd.setCursor(15,1);
    2144:	61 e0       	ldi	r22, 0x01	; 1
    2146:	8f e0       	ldi	r24, 0x0F	; 15
    2148:	0e 94 92 03 	call	0x724	; 0x724 <LiquidCrystal::setCursor(unsigned char, unsigned char) [clone .constprop.19]>
C:\Users\advisor\Desktop\github\electronics\PRESSFLOWino\firmwarePressFlow/firmwarePressFlow.ino:817
      if ( pressFactor > 0.00 && pressFactor < 10.0) { // up and down arrows
    214c:	c0 90 2e 01 	lds	r12, 0x012E	; 0x80012e <pressFactor>
    2150:	d0 90 2f 01 	lds	r13, 0x012F	; 0x80012f <pressFactor+0x1>
    2154:	e0 90 30 01 	lds	r14, 0x0130	; 0x800130 <pressFactor+0x2>
    2158:	f0 90 31 01 	lds	r15, 0x0131	; 0x800131 <pressFactor+0x3>
    215c:	34 c0       	rjmp	.+104    	; 0x21c6 <main+0x12d6>
C:\Users\advisor\Desktop\github\electronics\PRESSFLOWino\firmwarePressFlow/firmwarePressFlow.ino:790
void viewLevel_3 () {
  switch (option) {
    case 0:
      break;
    case 3:                                 // Flux sensor type custom
      lcd.clear();
    215e:	0e 94 e9 02 	call	0x5d2	; 0x5d2 <LiquidCrystal::clear() [clone .constprop.24]>
C:\Users\advisor\Desktop\github\electronics\PRESSFLOWino\firmwarePressFlow/firmwarePressFlow.ino:791
      lcd.print("Set pulse rate ");
    2162:	89 eb       	ldi	r24, 0xB9	; 185
    2164:	93 e0       	ldi	r25, 0x03	; 3
    2166:	0e 94 21 04 	call	0x842	; 0x842 <Print::print(char const*) [clone .constprop.7]>
C:\Users\advisor\Desktop\github\electronics\PRESSFLOWino\firmwarePressFlow/firmwarePressFlow.ino:793
      // second row
      lcd.setCursor(0, 1);
    216a:	61 e0       	ldi	r22, 0x01	; 1
    216c:	80 e0       	ldi	r24, 0x00	; 0
    216e:	0e 94 92 03 	call	0x724	; 0x724 <LiquidCrystal::setCursor(unsigned char, unsigned char) [clone .constprop.19]>
C:\Users\advisor\Desktop\github\electronics\PRESSFLOWino\firmwarePressFlow/firmwarePressFlow.ino:794
      if (pulseFactor < 10){
    2172:	c0 90 32 01 	lds	r12, 0x0132	; 0x800132 <pulseFactor>
    2176:	d0 90 33 01 	lds	r13, 0x0133	; 0x800133 <pulseFactor+0x1>
    217a:	e0 90 34 01 	lds	r14, 0x0134	; 0x800134 <pulseFactor+0x2>
    217e:	f0 90 35 01 	lds	r15, 0x0135	; 0x800135 <pulseFactor+0x3>
    2182:	20 e0       	ldi	r18, 0x00	; 0
    2184:	30 e0       	ldi	r19, 0x00	; 0
    2186:	40 e2       	ldi	r20, 0x20	; 32
    2188:	51 e4       	ldi	r21, 0x41	; 65
    218a:	c7 01       	movw	r24, r14
    218c:	b6 01       	movw	r22, r12
    218e:	0e 94 ee 14 	call	0x29dc	; 0x29dc <__cmpsf2>
C:\Users\advisor\Desktop\github\electronics\PRESSFLOWino\firmwarePressFlow/firmwarePressFlow.ino:795
        lcd.print(pulseFactor,2);
    2192:	42 e0       	ldi	r20, 0x02	; 2
    2194:	50 e0       	ldi	r21, 0x00	; 0
C:\Users\advisor\Desktop\github\electronics\PRESSFLOWino\firmwarePressFlow/firmwarePressFlow.ino:794
    case 3:                                 // Flux sensor type custom
      lcd.clear();
      lcd.print("Set pulse rate ");
      // second row
      lcd.setCursor(0, 1);
      if (pulseFactor < 10){
    2196:	87 fd       	sbrc	r24, 7
    2198:	02 c0       	rjmp	.+4      	; 0x219e <main+0x12ae>
C:\Users\advisor\Desktop\github\electronics\PRESSFLOWino\firmwarePressFlow/firmwarePressFlow.ino:797
        lcd.print(pulseFactor,2);
      } else {
        lcd.print(pulseFactor,1);
    219a:	41 e0       	ldi	r20, 0x01	; 1
    219c:	50 e0       	ldi	r21, 0x00	; 0
    219e:	c7 01       	movw	r24, r14
    21a0:	b6 01       	movw	r22, r12
    21a2:	0e 94 23 04 	call	0x846	; 0x846 <Print::print(double, int) [clone .constprop.9]>
C:\Users\advisor\Desktop\github\electronics\PRESSFLOWino\firmwarePressFlow/firmwarePressFlow.ino:799
      }
      lcd.print(" K (vol/pulse)");
    21a6:	89 ec       	ldi	r24, 0xC9	; 201
    21a8:	93 e0       	ldi	r25, 0x03	; 3
    21aa:	0e 94 21 04 	call	0x842	; 0x842 <Print::print(char const*) [clone .constprop.7]>
C:\Users\advisor\Desktop\github\electronics\PRESSFLOWino\firmwarePressFlow/firmwarePressFlow.ino:800
      lcd.setCursor(15,1);
    21ae:	61 e0       	ldi	r22, 0x01	; 1
    21b0:	8f e0       	ldi	r24, 0x0F	; 15
    21b2:	0e 94 92 03 	call	0x724	; 0x724 <LiquidCrystal::setCursor(unsigned char, unsigned char) [clone .constprop.19]>
C:\Users\advisor\Desktop\github\electronics\PRESSFLOWino\firmwarePressFlow/firmwarePressFlow.ino:801
      if ( pulseFactor > 0.00 && pulseFactor < 10.0) { // up and down arrows
    21b6:	c0 90 32 01 	lds	r12, 0x0132	; 0x800132 <pulseFactor>
    21ba:	d0 90 33 01 	lds	r13, 0x0133	; 0x800133 <pulseFactor+0x1>
    21be:	e0 90 34 01 	lds	r14, 0x0134	; 0x800134 <pulseFactor+0x2>
    21c2:	f0 90 35 01 	lds	r15, 0x0135	; 0x800135 <pulseFactor+0x3>
C:\Users\advisor\Desktop\github\electronics\PRESSFLOWino\firmwarePressFlow/firmwarePressFlow.ino:817
      // second row
      lcd.setCursor(0, 1);
      lcd.print(pressFactor,2);
      lcd.print(" Bar/Volts");
      lcd.setCursor(15,1);
      if ( pressFactor > 0.00 && pressFactor < 10.0) { // up and down arrows
    21c6:	20 e0       	ldi	r18, 0x00	; 0
    21c8:	30 e0       	ldi	r19, 0x00	; 0
    21ca:	a9 01       	movw	r20, r18
    21cc:	c7 01       	movw	r24, r14
    21ce:	b6 01       	movw	r22, r12
    21d0:	0e 94 4d 16 	call	0x2c9a	; 0x2c9a <__gesf2>
    21d4:	18 16       	cp	r1, r24
    21d6:	5c f4       	brge	.+22     	; 0x21ee <main+0x12fe>
    21d8:	20 e0       	ldi	r18, 0x00	; 0
    21da:	30 e0       	ldi	r19, 0x00	; 0
    21dc:	40 e2       	ldi	r20, 0x20	; 32
    21de:	51 e4       	ldi	r21, 0x41	; 65
    21e0:	c7 01       	movw	r24, r14
    21e2:	b6 01       	movw	r22, r12
    21e4:	0e 94 ee 14 	call	0x29dc	; 0x29dc <__cmpsf2>
    21e8:	87 ff       	sbrs	r24, 7
    21ea:	c3 ce       	rjmp	.-634    	; 0x1f72 <main+0x1082>
    21ec:	b9 ce       	rjmp	.-654    	; 0x1f60 <main+0x1070>
C:\Users\advisor\Desktop\github\electronics\PRESSFLOWino\firmwarePressFlow/firmwarePressFlow.ino:819
        lcd.write((byte)3);     
      } else if (pressFactor == 0.00 ){ // up arrow
    21ee:	20 e0       	ldi	r18, 0x00	; 0
    21f0:	30 e0       	ldi	r19, 0x00	; 0
    21f2:	a9 01       	movw	r20, r18
    21f4:	c7 01       	movw	r24, r14
    21f6:	b6 01       	movw	r22, r12
    21f8:	0e 94 ee 14 	call	0x29dc	; 0x29dc <__cmpsf2>
    21fc:	88 23       	and	r24, r24
    21fe:	09 f4       	brne	.+2      	; 0x2202 <main+0x1312>
    2200:	be ce       	rjmp	.-644    	; 0x1f7e <main+0x108e>
    2202:	b7 ce       	rjmp	.-658    	; 0x1f72 <main+0x1082>
viewHome():
C:\Users\advisor\Desktop\github\electronics\PRESSFLOWino\firmwarePressFlow/firmwarePressFlow.ino:432
      break;
  }
}

void viewHome() {
  lcd.clear();
    2204:	0e 94 e9 02 	call	0x5d2	; 0x5d2 <LiquidCrystal::clear() [clone .constprop.24]>
C:\Users\advisor\Desktop\github\electronics\PRESSFLOWino\firmwarePressFlow/firmwarePressFlow.ino:433
  lcd.setCursor(0, 0);
    2208:	60 e0       	ldi	r22, 0x00	; 0
    220a:	80 e0       	ldi	r24, 0x00	; 0
    220c:	0e 94 92 03 	call	0x724	; 0x724 <LiquidCrystal::setCursor(unsigned char, unsigned char) [clone .constprop.19]>
C:\Users\advisor\Desktop\github\electronics\PRESSFLOWino\firmwarePressFlow/firmwarePressFlow.ino:434
  if (fluxSensorType_val >= 1 ) {  // switch or hall effect flux sensor
    2210:	80 91 d0 04 	lds	r24, 0x04D0	; 0x8004d0 <fluxSensorType_val>
    2214:	90 91 d1 04 	lds	r25, 0x04D1	; 0x8004d1 <fluxSensorType_val+0x1>
    2218:	18 16       	cp	r1, r24
    221a:	19 06       	cpc	r1, r25
    221c:	0c f0       	brlt	.+2      	; 0x2220 <main+0x1330>
    221e:	58 c0       	rjmp	.+176    	; 0x22d0 <main+0x13e0>
C:\Users\advisor\Desktop\github\electronics\PRESSFLOWino\firmwarePressFlow/firmwarePressFlow.ino:435
    if (fluxSensorType_val == 1 ) {  // switch ON-OFF
    2220:	01 97       	sbiw	r24, 0x01	; 1
    2222:	09 f0       	breq	.+2      	; 0x2226 <main+0x1336>
    2224:	40 c0       	rjmp	.+128    	; 0x22a6 <main+0x13b6>
C:\Users\advisor\Desktop\github\electronics\PRESSFLOWino\firmwarePressFlow/firmwarePressFlow.ino:436
      if (pulseCount==0){
    2226:	80 91 85 04 	lds	r24, 0x0485	; 0x800485 <pulseCount>
    222a:	81 11       	cpse	r24, r1
    222c:	39 c0       	rjmp	.+114    	; 0x22a0 <main+0x13b0>
C:\Users\advisor\Desktop\github\electronics\PRESSFLOWino\firmwarePressFlow/firmwarePressFlow.ino:437
        if (motor_status) { 
    222e:	80 91 5c 04 	lds	r24, 0x045C	; 0x80045c <motor_status>
    2232:	88 23       	and	r24, r24
    2234:	91 f1       	breq	.+100    	; 0x229a <main+0x13aa>
C:\Users\advisor\Desktop\github\electronics\PRESSFLOWino\firmwarePressFlow/firmwarePressFlow.ino:438
          lcd.print("Flow: YES  ");
    2236:	83 ef       	ldi	r24, 0xF3	; 243
    2238:	93 e0       	ldi	r25, 0x03	; 3
C:\Users\advisor\Desktop\github\electronics\PRESSFLOWino\firmwarePressFlow/firmwarePressFlow.ino:443
        } else {
          lcd.print("Refill oil!");
        }
      } else {
        lcd.print("Flow: NO   ");
    223a:	0e 94 21 04 	call	0x842	; 0x842 <Print::print(char const*) [clone .constprop.7]>
C:\Users\advisor\Desktop\github\electronics\PRESSFLOWino\firmwarePressFlow/firmwarePressFlow.ino:445
      }
      if (operating_time > 0){
    223e:	80 91 5a 04 	lds	r24, 0x045A	; 0x80045a <operating_time>
    2242:	90 91 5b 04 	lds	r25, 0x045B	; 0x80045b <operating_time+0x1>
    2246:	89 2b       	or	r24, r25
    2248:	49 f0       	breq	.+18     	; 0x225c <main+0x136c>
C:\Users\advisor\Desktop\github\electronics\PRESSFLOWino\firmwarePressFlow/firmwarePressFlow.ino:446
        lcd.print(operating_time);
    224a:	60 91 5a 04 	lds	r22, 0x045A	; 0x80045a <operating_time>
    224e:	70 91 5b 04 	lds	r23, 0x045B	; 0x80045b <operating_time+0x1>
print():
C:\Users\advisor\AppData\Local\Arduino15\packages\MiniCore\hardware\avr\3.1.1\cores\MCUdude_corefiles/Print.cpp:84
  return print((long) n, base);
}

size_t Print::print(unsigned int n, int base)
{
  return print((unsigned long) n, base);
    2252:	90 e0       	ldi	r25, 0x00	; 0
    2254:	80 e0       	ldi	r24, 0x00	; 0
C:\Users\advisor\AppData\Local\Arduino15\packages\MiniCore\hardware\avr\3.1.1\cores\MCUdude_corefiles/Print.cpp:106
}

size_t Print::print(unsigned long n, int base)
{
  if (base == 0) return write(n);
  else return printNumber(n, base);
    2256:	4a e0       	ldi	r20, 0x0A	; 10
    2258:	0e 94 dd 03 	call	0x7ba	; 0x7ba <Print::printNumber(unsigned long, unsigned char) [clone .constprop.15]>
viewHome():
C:\Users\advisor\Desktop\github\electronics\PRESSFLOWino\firmwarePressFlow/firmwarePressFlow.ino:462
      lcd.print("s   ");
    } else {
      lcd.print("  PRESSFLOWino ");
    }
  }
  lcd.setCursor(0, 1);
    225c:	61 e0       	ldi	r22, 0x01	; 1
    225e:	80 e0       	ldi	r24, 0x00	; 0
    2260:	0e 94 92 03 	call	0x724	; 0x724 <LiquidCrystal::setCursor(unsigned char, unsigned char) [clone .constprop.19]>
C:\Users\advisor\Desktop\github\electronics\PRESSFLOWino\firmwarePressFlow/firmwarePressFlow.ino:463
  lcd.print("Press: ");
    2264:	84 e4       	ldi	r24, 0x44	; 68
    2266:	94 e0       	ldi	r25, 0x04	; 4
    2268:	0e 94 21 04 	call	0x842	; 0x842 <Print::print(char const*) [clone .constprop.7]>
C:\Users\advisor\Desktop\github\electronics\PRESSFLOWino\firmwarePressFlow/firmwarePressFlow.ino:464
  print_val = pressValue;
    226c:	60 91 86 04 	lds	r22, 0x0486	; 0x800486 <pressValue>
    2270:	70 91 87 04 	lds	r23, 0x0487	; 0x800487 <pressValue+0x1>
    2274:	07 2e       	mov	r0, r23
    2276:	00 0c       	add	r0, r0
    2278:	88 0b       	sbc	r24, r24
    227a:	99 0b       	sbc	r25, r25
    227c:	0e 94 9d 15 	call	0x2b3a	; 0x2b3a <__floatsisf>
C:\Users\advisor\Desktop\github\electronics\PRESSFLOWino\firmwarePressFlow/firmwarePressFlow.ino:465
  lcd.print((print_val/10),1);
    2280:	20 e0       	ldi	r18, 0x00	; 0
    2282:	30 e0       	ldi	r19, 0x00	; 0
    2284:	40 e2       	ldi	r20, 0x20	; 32
    2286:	51 e4       	ldi	r21, 0x41	; 65
    2288:	0e 94 f3 14 	call	0x29e6	; 0x29e6 <__divsf3>
    228c:	41 e0       	ldi	r20, 0x01	; 1
    228e:	50 e0       	ldi	r21, 0x00	; 0
    2290:	0e 94 23 04 	call	0x846	; 0x846 <Print::print(double, int) [clone .constprop.9]>
C:\Users\advisor\Desktop\github\electronics\PRESSFLOWino\firmwarePressFlow/firmwarePressFlow.ino:466
  lcd.print(" bar    ");
    2294:	8c e4       	ldi	r24, 0x4C	; 76
    2296:	94 e0       	ldi	r25, 0x04	; 4
    2298:	4e cc       	rjmp	.-1892   	; 0x1b36 <main+0xc46>
C:\Users\advisor\Desktop\github\electronics\PRESSFLOWino\firmwarePressFlow/firmwarePressFlow.ino:440
    if (fluxSensorType_val == 1 ) {  // switch ON-OFF
      if (pulseCount==0){
        if (motor_status) { 
          lcd.print("Flow: YES  ");
        } else {
          lcd.print("Refill oil!");
    229a:	8f ef       	ldi	r24, 0xFF	; 255
    229c:	93 e0       	ldi	r25, 0x03	; 3
    229e:	cd cf       	rjmp	.-102    	; 0x223a <main+0x134a>
C:\Users\advisor\Desktop\github\electronics\PRESSFLOWino\firmwarePressFlow/firmwarePressFlow.ino:443
        }
      } else {
        lcd.print("Flow: NO   ");
    22a0:	8b e0       	ldi	r24, 0x0B	; 11
    22a2:	94 e0       	ldi	r25, 0x04	; 4
    22a4:	ca cf       	rjmp	.-108    	; 0x223a <main+0x134a>
C:\Users\advisor\Desktop\github\electronics\PRESSFLOWino\firmwarePressFlow/firmwarePressFlow.ino:449
      }
      if (operating_time > 0){
        lcd.print(operating_time);
      }
    } else { // hall effect sensor
      lcd.print("Flow: ");
    22a6:	87 e1       	ldi	r24, 0x17	; 23
    22a8:	94 e0       	ldi	r25, 0x04	; 4
    22aa:	0e 94 21 04 	call	0x842	; 0x842 <Print::print(char const*) [clone .constprop.7]>
C:\Users\advisor\Desktop\github\electronics\PRESSFLOWino\firmwarePressFlow/firmwarePressFlow.ino:450
      lcd.print(flowRate,1);
    22ae:	60 91 5d 04 	lds	r22, 0x045D	; 0x80045d <flowRate>
    22b2:	70 91 5e 04 	lds	r23, 0x045E	; 0x80045e <flowRate+0x1>
    22b6:	80 91 5f 04 	lds	r24, 0x045F	; 0x80045f <flowRate+0x2>
    22ba:	90 91 60 04 	lds	r25, 0x0460	; 0x800460 <flowRate+0x3>
    22be:	41 e0       	ldi	r20, 0x01	; 1
    22c0:	50 e0       	ldi	r21, 0x00	; 0
    22c2:	0e 94 23 04 	call	0x846	; 0x846 <Print::print(double, int) [clone .constprop.9]>
C:\Users\advisor\Desktop\github\electronics\PRESSFLOWino\firmwarePressFlow/firmwarePressFlow.ino:451
      lcd.print(" L/m    ");
    22c6:	8e e1       	ldi	r24, 0x1E	; 30
    22c8:	94 e0       	ldi	r25, 0x04	; 4
C:\Users\advisor\Desktop\github\electronics\PRESSFLOWino\firmwarePressFlow/firmwarePressFlow.ino:459
    if (operating_time > 0){
      lcd.print("ON for ");
      lcd.print(operating_time);
      lcd.print("s   ");
    } else {
      lcd.print("  PRESSFLOWino ");
    22ca:	0e 94 21 04 	call	0x842	; 0x842 <Print::print(char const*) [clone .constprop.7]>
    22ce:	c6 cf       	rjmp	.-116    	; 0x225c <main+0x136c>
C:\Users\advisor\Desktop\github\electronics\PRESSFLOWino\firmwarePressFlow/firmwarePressFlow.ino:454
      lcd.print("Flow: ");
      lcd.print(flowRate,1);
      lcd.print(" L/m    ");
    }
  } else { // no flow sensor
    if (operating_time > 0){
    22d0:	80 91 5a 04 	lds	r24, 0x045A	; 0x80045a <operating_time>
    22d4:	90 91 5b 04 	lds	r25, 0x045B	; 0x80045b <operating_time+0x1>
    22d8:	89 2b       	or	r24, r25
    22da:	81 f0       	breq	.+32     	; 0x22fc <main+0x140c>
C:\Users\advisor\Desktop\github\electronics\PRESSFLOWino\firmwarePressFlow/firmwarePressFlow.ino:455
      lcd.print("ON for ");
    22dc:	87 e2       	ldi	r24, 0x27	; 39
    22de:	94 e0       	ldi	r25, 0x04	; 4
    22e0:	0e 94 21 04 	call	0x842	; 0x842 <Print::print(char const*) [clone .constprop.7]>
C:\Users\advisor\Desktop\github\electronics\PRESSFLOWino\firmwarePressFlow/firmwarePressFlow.ino:456
      lcd.print(operating_time);
    22e4:	60 91 5a 04 	lds	r22, 0x045A	; 0x80045a <operating_time>
    22e8:	70 91 5b 04 	lds	r23, 0x045B	; 0x80045b <operating_time+0x1>
print():
C:\Users\advisor\AppData\Local\Arduino15\packages\MiniCore\hardware\avr\3.1.1\cores\MCUdude_corefiles/Print.cpp:84
  return print((long) n, base);
}

size_t Print::print(unsigned int n, int base)
{
  return print((unsigned long) n, base);
    22ec:	90 e0       	ldi	r25, 0x00	; 0
    22ee:	80 e0       	ldi	r24, 0x00	; 0
C:\Users\advisor\AppData\Local\Arduino15\packages\MiniCore\hardware\avr\3.1.1\cores\MCUdude_corefiles/Print.cpp:106
}

size_t Print::print(unsigned long n, int base)
{
  if (base == 0) return write(n);
  else return printNumber(n, base);
    22f0:	4a e0       	ldi	r20, 0x0A	; 10
    22f2:	0e 94 dd 03 	call	0x7ba	; 0x7ba <Print::printNumber(unsigned long, unsigned char) [clone .constprop.15]>
viewHome():
C:\Users\advisor\Desktop\github\electronics\PRESSFLOWino\firmwarePressFlow/firmwarePressFlow.ino:457
      lcd.print("s   ");
    22f6:	8f e2       	ldi	r24, 0x2F	; 47
    22f8:	94 e0       	ldi	r25, 0x04	; 4
    22fa:	e7 cf       	rjmp	.-50     	; 0x22ca <main+0x13da>
C:\Users\advisor\Desktop\github\electronics\PRESSFLOWino\firmwarePressFlow/firmwarePressFlow.ino:459
    } else {
      lcd.print("  PRESSFLOWino ");
    22fc:	84 e3       	ldi	r24, 0x34	; 52
    22fe:	94 e0       	ldi	r25, 0x04	; 4
    2300:	e4 cf       	rjmp	.-56     	; 0x22ca <main+0x13da>
onesec():
C:\Users\advisor\Desktop\github\electronics\PRESSFLOWino\firmwarePressFlow/firmwarePressFlow.ino:934
    if (motor_status == true){
      operating_time++;
      lightStatus = true;
      digitalWrite(MOTOR, HIGH );
    } else {
      operating_time = 0;
    2302:	10 92 5b 04 	sts	0x045B, r1	; 0x80045b <operating_time+0x1>
    2306:	10 92 5a 04 	sts	0x045A, r1	; 0x80045a <operating_time>
C:\Users\advisor\Desktop\github\electronics\PRESSFLOWino\firmwarePressFlow/firmwarePressFlow.ino:935
      digitalWrite(MOTOR, LOW );
    230a:	60 e0       	ldi	r22, 0x00	; 0
    230c:	85 e0       	ldi	r24, 0x05	; 5
    230e:	0e 94 34 01 	call	0x268	; 0x268 <digitalWrite>
C:\Users\advisor\Desktop\github\electronics\PRESSFLOWino\firmwarePressFlow/firmwarePressFlow.ino:936
      digitalWrite(EVALVE, LOW );
    2312:	60 e0       	ldi	r22, 0x00	; 0
    2314:	84 e0       	ldi	r24, 0x04	; 4
    2316:	d4 ca       	rjmp	.-2648   	; 0x18c0 <main+0x9d0>
processButton():
C:\Users\advisor\Desktop\github\electronics\PRESSFLOWino\firmwarePressFlow/firmwarePressFlow.ino:342
          if ((option == 3 && fluxSensorType_val == 9) || (option == 5 && pressSensorType_val == 0)) { // goto menù level 3 only for sensors type customizeble (9)
            menuLevel = 3;        // go to menu third level
          } 
          break;
        case 'U':               // Up
          if (option == 1 && minPress_val < ( maxPress_val - 1 )) { // minPress
    2318:	80 91 3a 01 	lds	r24, 0x013A	; 0x80013a <option>
    231c:	81 30       	cpi	r24, 0x01	; 1
    231e:	c1 f4       	brne	.+48     	; 0x2350 <main+0x1460>
    2320:	60 91 38 01 	lds	r22, 0x0138	; 0x800138 <minPress_val>
    2324:	70 91 39 01 	lds	r23, 0x0139	; 0x800139 <minPress_val+0x1>
    2328:	80 91 cc 04 	lds	r24, 0x04CC	; 0x8004cc <maxPress_val>
    232c:	90 91 cd 04 	lds	r25, 0x04CD	; 0x8004cd <maxPress_val+0x1>
    2330:	01 97       	sbiw	r24, 0x01	; 1
    2332:	68 17       	cp	r22, r24
    2334:	79 07       	cpc	r23, r25
    2336:	0c f0       	brlt	.+2      	; 0x233a <main+0x144a>
    2338:	1f cb       	rjmp	.-2498   	; 0x1978 <main+0xa88>
C:\Users\advisor\Desktop\github\electronics\PRESSFLOWino\firmwarePressFlow/firmwarePressFlow.ino:343
            minPress_val = minPress_val + 1;
    233a:	6f 5f       	subi	r22, 0xFF	; 255
    233c:	7f 4f       	sbci	r23, 0xFF	; 255
C:\Users\advisor\Desktop\github\electronics\PRESSFLOWino\firmwarePressFlow/firmwarePressFlow.ino:362
            EEPROM.write(5, pressSensorType_val);
          }
          break;
        case 'D':               // Down
          if (option == 1 && minPress_val > ( MINPRESS + 1 ) ) { // minPress
            minPress_val = minPress_val - 1;
    233e:	70 93 39 01 	sts	0x0139, r23	; 0x800139 <minPress_val+0x1>
    2342:	60 93 38 01 	sts	0x0138, r22	; 0x800138 <minPress_val>
C:\Users\advisor\Desktop\github\electronics\PRESSFLOWino\firmwarePressFlow/firmwarePressFlow.ino:363
            EEPROM.write(0, minPress_val);
    2346:	90 e0       	ldi	r25, 0x00	; 0
    2348:	80 e0       	ldi	r24, 0x00	; 0
C:\Users\advisor\Desktop\github\electronics\PRESSFLOWino\firmwarePressFlow/firmwarePressFlow.ino:369
          } else if (option == 2 && maxPress_val > ( minPress_val + 1 )){ // maxPress
            maxPress_val = maxPress_val - 1;
            EEPROM.write(1, maxPress_val);
          } else if (option == 3 && fluxSensorType_val >= 1){ // fluxSensorType_val
            fluxSensorType_val--;
            EEPROM.write(3, fluxSensorType_val);
    234a:	0e 94 86 06 	call	0xd0c	; 0xd0c <EEPROMClass::write(int, unsigned char) [clone .isra.1]>
    234e:	14 cb       	rjmp	.-2520   	; 0x1978 <main+0xa88>
C:\Users\advisor\Desktop\github\electronics\PRESSFLOWino\firmwarePressFlow/firmwarePressFlow.ino:345
          break;
        case 'U':               // Up
          if (option == 1 && minPress_val < ( maxPress_val - 1 )) { // minPress
            minPress_val = minPress_val + 1;
            EEPROM.write(0, minPress_val);
          } else if (option == 2 && maxPress_val < ( MAXPRESS - 1 )){ // maxPress
    2350:	82 30       	cpi	r24, 0x02	; 2
    2352:	b1 f4       	brne	.+44     	; 0x2380 <main+0x1490>
    2354:	60 91 cc 04 	lds	r22, 0x04CC	; 0x8004cc <maxPress_val>
    2358:	70 91 cd 04 	lds	r23, 0x04CD	; 0x8004cd <maxPress_val+0x1>
    235c:	80 91 36 01 	lds	r24, 0x0136	; 0x800136 <MAXPRESS>
    2360:	90 91 37 01 	lds	r25, 0x0137	; 0x800137 <MAXPRESS+0x1>
    2364:	01 97       	sbiw	r24, 0x01	; 1
    2366:	68 17       	cp	r22, r24
    2368:	79 07       	cpc	r23, r25
    236a:	0c f0       	brlt	.+2      	; 0x236e <main+0x147e>
    236c:	05 cb       	rjmp	.-2550   	; 0x1978 <main+0xa88>
C:\Users\advisor\Desktop\github\electronics\PRESSFLOWino\firmwarePressFlow/firmwarePressFlow.ino:346
            maxPress_val = maxPress_val + 1;
    236e:	6f 5f       	subi	r22, 0xFF	; 255
    2370:	7f 4f       	sbci	r23, 0xFF	; 255
C:\Users\advisor\Desktop\github\electronics\PRESSFLOWino\firmwarePressFlow/firmwarePressFlow.ino:365
        case 'D':               // Down
          if (option == 1 && minPress_val > ( MINPRESS + 1 ) ) { // minPress
            minPress_val = minPress_val - 1;
            EEPROM.write(0, minPress_val);
          } else if (option == 2 && maxPress_val > ( minPress_val + 1 )){ // maxPress
            maxPress_val = maxPress_val - 1;
    2372:	70 93 cd 04 	sts	0x04CD, r23	; 0x8004cd <maxPress_val+0x1>
    2376:	60 93 cc 04 	sts	0x04CC, r22	; 0x8004cc <maxPress_val>
C:\Users\advisor\Desktop\github\electronics\PRESSFLOWino\firmwarePressFlow/firmwarePressFlow.ino:366
            EEPROM.write(1, maxPress_val);
    237a:	81 e0       	ldi	r24, 0x01	; 1
    237c:	90 e0       	ldi	r25, 0x00	; 0
    237e:	e5 cf       	rjmp	.-54     	; 0x234a <main+0x145a>
C:\Users\advisor\Desktop\github\electronics\PRESSFLOWino\firmwarePressFlow/firmwarePressFlow.ino:348
            minPress_val = minPress_val + 1;
            EEPROM.write(0, minPress_val);
          } else if (option == 2 && maxPress_val < ( MAXPRESS - 1 )){ // maxPress
            maxPress_val = maxPress_val + 1;
            EEPROM.write(1, maxPress_val);
          } else if (option == 3 && fluxSensorType_val < 9 ){ // fluxSensorType_val
    2380:	83 30       	cpi	r24, 0x03	; 3
    2382:	89 f4       	brne	.+34     	; 0x23a6 <main+0x14b6>
    2384:	60 91 d0 04 	lds	r22, 0x04D0	; 0x8004d0 <fluxSensorType_val>
    2388:	70 91 d1 04 	lds	r23, 0x04D1	; 0x8004d1 <fluxSensorType_val+0x1>
    238c:	69 30       	cpi	r22, 0x09	; 9
    238e:	71 05       	cpc	r23, r1
    2390:	0c f0       	brlt	.+2      	; 0x2394 <main+0x14a4>
    2392:	f2 ca       	rjmp	.-2588   	; 0x1978 <main+0xa88>
C:\Users\advisor\Desktop\github\electronics\PRESSFLOWino\firmwarePressFlow/firmwarePressFlow.ino:349
            fluxSensorType_val++;
    2394:	6f 5f       	subi	r22, 0xFF	; 255
    2396:	7f 4f       	sbci	r23, 0xFF	; 255
C:\Users\advisor\Desktop\github\electronics\PRESSFLOWino\firmwarePressFlow/firmwarePressFlow.ino:368
            EEPROM.write(0, minPress_val);
          } else if (option == 2 && maxPress_val > ( minPress_val + 1 )){ // maxPress
            maxPress_val = maxPress_val - 1;
            EEPROM.write(1, maxPress_val);
          } else if (option == 3 && fluxSensorType_val >= 1){ // fluxSensorType_val
            fluxSensorType_val--;
    2398:	70 93 d1 04 	sts	0x04D1, r23	; 0x8004d1 <fluxSensorType_val+0x1>
    239c:	60 93 d0 04 	sts	0x04D0, r22	; 0x8004d0 <fluxSensorType_val>
C:\Users\advisor\Desktop\github\electronics\PRESSFLOWino\firmwarePressFlow/firmwarePressFlow.ino:369
            EEPROM.write(3, fluxSensorType_val);
    23a0:	83 e0       	ldi	r24, 0x03	; 3
    23a2:	90 e0       	ldi	r25, 0x00	; 0
    23a4:	d2 cf       	rjmp	.-92     	; 0x234a <main+0x145a>
C:\Users\advisor\Desktop\github\electronics\PRESSFLOWino\firmwarePressFlow/firmwarePressFlow.ino:351
            maxPress_val = maxPress_val + 1;
            EEPROM.write(1, maxPress_val);
          } else if (option == 3 && fluxSensorType_val < 9 ){ // fluxSensorType_val
            fluxSensorType_val++;
            EEPROM.write(3, fluxSensorType_val);
          } else if (option == 4 && ctrlMode_val < 1) { // mode (pump=0, compressor=1)
    23a6:	84 30       	cpi	r24, 0x04	; 4
    23a8:	89 f4       	brne	.+34     	; 0x23cc <main+0x14dc>
    23aa:	60 91 ca 04 	lds	r22, 0x04CA	; 0x8004ca <ctrlMode_val>
    23ae:	70 91 cb 04 	lds	r23, 0x04CB	; 0x8004cb <ctrlMode_val+0x1>
    23b2:	16 16       	cp	r1, r22
    23b4:	17 06       	cpc	r1, r23
    23b6:	0c f4       	brge	.+2      	; 0x23ba <main+0x14ca>
    23b8:	df ca       	rjmp	.-2626   	; 0x1978 <main+0xa88>
C:\Users\advisor\Desktop\github\electronics\PRESSFLOWino\firmwarePressFlow/firmwarePressFlow.ino:352
            ctrlMode_val++;
    23ba:	6f 5f       	subi	r22, 0xFF	; 255
    23bc:	7f 4f       	sbci	r23, 0xFF	; 255
    23be:	70 93 cb 04 	sts	0x04CB, r23	; 0x8004cb <ctrlMode_val+0x1>
    23c2:	60 93 ca 04 	sts	0x04CA, r22	; 0x8004ca <ctrlMode_val>
C:\Users\advisor\Desktop\github\electronics\PRESSFLOWino\firmwarePressFlow/firmwarePressFlow.ino:372
          } else if (option == 3 && fluxSensorType_val >= 1){ // fluxSensorType_val
            fluxSensorType_val--;
            EEPROM.write(3, fluxSensorType_val);
          } else if (option == 4 && ctrlMode_val >= 1) { // mode (pump=0, compressor=1)
            ctrlMode_val=0;
            EEPROM.write(2, ctrlMode_val);
    23c6:	82 e0       	ldi	r24, 0x02	; 2
    23c8:	90 e0       	ldi	r25, 0x00	; 0
    23ca:	bf cf       	rjmp	.-130    	; 0x234a <main+0x145a>
C:\Users\advisor\Desktop\github\electronics\PRESSFLOWino\firmwarePressFlow/firmwarePressFlow.ino:354
            fluxSensorType_val++;
            EEPROM.write(3, fluxSensorType_val);
          } else if (option == 4 && ctrlMode_val < 1) { // mode (pump=0, compressor=1)
            ctrlMode_val++;
            EEPROM.write(2, ctrlMode_val);
          } else if (option == 5 && pressSensorType_val < 9) { // pressSensorType_val
    23cc:	85 30       	cpi	r24, 0x05	; 5
    23ce:	09 f0       	breq	.+2      	; 0x23d2 <main+0x14e2>
    23d0:	d3 ca       	rjmp	.-2650   	; 0x1978 <main+0xa88>
    23d2:	60 91 ce 04 	lds	r22, 0x04CE	; 0x8004ce <pressSensorType_val>
    23d6:	70 91 cf 04 	lds	r23, 0x04CF	; 0x8004cf <pressSensorType_val+0x1>
    23da:	69 30       	cpi	r22, 0x09	; 9
    23dc:	71 05       	cpc	r23, r1
    23de:	0c f0       	brlt	.+2      	; 0x23e2 <main+0x14f2>
    23e0:	cb ca       	rjmp	.-2666   	; 0x1978 <main+0xa88>
C:\Users\advisor\Desktop\github\electronics\PRESSFLOWino\firmwarePressFlow/firmwarePressFlow.ino:355
            pressSensorType_val++;
    23e2:	6f 5f       	subi	r22, 0xFF	; 255
    23e4:	7f 4f       	sbci	r23, 0xFF	; 255
C:\Users\advisor\Desktop\github\electronics\PRESSFLOWino\firmwarePressFlow/firmwarePressFlow.ino:374
            EEPROM.write(3, fluxSensorType_val);
          } else if (option == 4 && ctrlMode_val >= 1) { // mode (pump=0, compressor=1)
            ctrlMode_val=0;
            EEPROM.write(2, ctrlMode_val);
          } else if (option == 5 && pressSensorType_val >= 1) { // pressSensorType_val
            pressSensorType_val--;
    23e6:	70 93 cf 04 	sts	0x04CF, r23	; 0x8004cf <pressSensorType_val+0x1>
    23ea:	60 93 ce 04 	sts	0x04CE, r22	; 0x8004ce <pressSensorType_val>
C:\Users\advisor\Desktop\github\electronics\PRESSFLOWino\firmwarePressFlow/firmwarePressFlow.ino:375
            MAXPRESS = maxPressData[pressSensorType_val];
    23ee:	fb 01       	movw	r30, r22
    23f0:	ee 0f       	add	r30, r30
    23f2:	ff 1f       	adc	r31, r31
    23f4:	ea 54       	subi	r30, 0x4A	; 74
    23f6:	fb 4f       	sbci	r31, 0xFB	; 251
    23f8:	80 81       	ld	r24, Z
    23fa:	91 81       	ldd	r25, Z+1	; 0x01
    23fc:	90 93 37 01 	sts	0x0137, r25	; 0x800137 <MAXPRESS+0x1>
    2400:	80 93 36 01 	sts	0x0136, r24	; 0x800136 <MAXPRESS>
C:\Users\advisor\Desktop\github\electronics\PRESSFLOWino\firmwarePressFlow/firmwarePressFlow.ino:376
            EEPROM.write(5, pressSensorType_val);
    2404:	85 e0       	ldi	r24, 0x05	; 5
    2406:	90 e0       	ldi	r25, 0x00	; 0
    2408:	a0 cf       	rjmp	.-192    	; 0x234a <main+0x145a>
C:\Users\advisor\Desktop\github\electronics\PRESSFLOWino\firmwarePressFlow/firmwarePressFlow.ino:391
     // end menuLevel 2 
     
     case 3:                     // menuLevel 3
      switch ( buttonPressed ) {
        case 'U':               // Up
          if (option == 3 && fluxSensorType_val == 9 && pulseFactor < 100){ // Flux sensor type custom
    240a:	80 91 3a 01 	lds	r24, 0x013A	; 0x80013a <option>
    240e:	83 30       	cpi	r24, 0x03	; 3
    2410:	e1 f5       	brne	.+120    	; 0x248a <main+0x159a>
    2412:	80 91 d0 04 	lds	r24, 0x04D0	; 0x8004d0 <fluxSensorType_val>
    2416:	90 91 d1 04 	lds	r25, 0x04D1	; 0x8004d1 <fluxSensorType_val+0x1>
    241a:	09 97       	sbiw	r24, 0x09	; 9
    241c:	b1 f5       	brne	.+108    	; 0x248a <main+0x159a>
    241e:	c0 90 32 01 	lds	r12, 0x0132	; 0x800132 <pulseFactor>
    2422:	d0 90 33 01 	lds	r13, 0x0133	; 0x800133 <pulseFactor+0x1>
    2426:	e0 90 34 01 	lds	r14, 0x0134	; 0x800134 <pulseFactor+0x2>
    242a:	f0 90 35 01 	lds	r15, 0x0135	; 0x800135 <pulseFactor+0x3>
    242e:	20 e0       	ldi	r18, 0x00	; 0
    2430:	30 e0       	ldi	r19, 0x00	; 0
    2432:	48 ec       	ldi	r20, 0xC8	; 200
    2434:	52 e4       	ldi	r21, 0x42	; 66
    2436:	c7 01       	movw	r24, r14
    2438:	b6 01       	movw	r22, r12
    243a:	0e 94 ee 14 	call	0x29dc	; 0x29dc <__cmpsf2>
    243e:	87 ff       	sbrs	r24, 7
    2440:	24 c0       	rjmp	.+72     	; 0x248a <main+0x159a>
C:\Users\advisor\Desktop\github\electronics\PRESSFLOWino\firmwarePressFlow/firmwarePressFlow.ino:392
            if (pulseFactor < 10 ){ 
    2442:	20 e0       	ldi	r18, 0x00	; 0
    2444:	30 e0       	ldi	r19, 0x00	; 0
    2446:	40 e2       	ldi	r20, 0x20	; 32
    2448:	51 e4       	ldi	r21, 0x41	; 65
    244a:	c7 01       	movw	r24, r14
    244c:	b6 01       	movw	r22, r12
    244e:	0e 94 ee 14 	call	0x29dc	; 0x29dc <__cmpsf2>
C:\Users\advisor\Desktop\github\electronics\PRESSFLOWino\firmwarePressFlow/firmwarePressFlow.ino:393
              pulseFactor += 0.01;
    2452:	2a e0       	ldi	r18, 0x0A	; 10
    2454:	37 ed       	ldi	r19, 0xD7	; 215
    2456:	43 e2       	ldi	r20, 0x23	; 35
    2458:	5c e3       	ldi	r21, 0x3C	; 60
C:\Users\advisor\Desktop\github\electronics\PRESSFLOWino\firmwarePressFlow/firmwarePressFlow.ino:392
     
     case 3:                     // menuLevel 3
      switch ( buttonPressed ) {
        case 'U':               // Up
          if (option == 3 && fluxSensorType_val == 9 && pulseFactor < 100){ // Flux sensor type custom
            if (pulseFactor < 10 ){ 
    245a:	87 fd       	sbrc	r24, 7
    245c:	04 c0       	rjmp	.+8      	; 0x2466 <main+0x1576>
C:\Users\advisor\Desktop\github\electronics\PRESSFLOWino\firmwarePressFlow/firmwarePressFlow.ino:395
              pulseFactor += 0.01;
            } else {
              pulseFactor += 0.1;
    245e:	2d ec       	ldi	r18, 0xCD	; 205
    2460:	3c ec       	ldi	r19, 0xCC	; 204
    2462:	4c ec       	ldi	r20, 0xCC	; 204
    2464:	5d e3       	ldi	r21, 0x3D	; 61
    2466:	c7 01       	movw	r24, r14
    2468:	b6 01       	movw	r22, r12
    246a:	0e 94 82 14 	call	0x2904	; 0x2904 <__addsf3>
    246e:	60 93 32 01 	sts	0x0132, r22	; 0x800132 <pulseFactor>
    2472:	70 93 33 01 	sts	0x0133, r23	; 0x800133 <pulseFactor+0x1>
    2476:	80 93 34 01 	sts	0x0134, r24	; 0x800134 <pulseFactor+0x2>
    247a:	90 93 35 01 	sts	0x0135, r25	; 0x800135 <pulseFactor+0x3>
C:\Users\advisor\Desktop\github\electronics\PRESSFLOWino\firmwarePressFlow/firmwarePressFlow.ino:397
            }
            EEPROM.put(4, pulseFactor);
    247e:	62 e3       	ldi	r22, 0x32	; 50
    2480:	71 e0       	ldi	r23, 0x01	; 1
    2482:	84 e0       	ldi	r24, 0x04	; 4
    2484:	90 e0       	ldi	r25, 0x00	; 0
    2486:	0e 94 88 06 	call	0xd10	; 0xd10 <float const& EEPROMClass::put<float>(int, float const&) [clone .isra.4]>
C:\Users\advisor\Desktop\github\electronics\PRESSFLOWino\firmwarePressFlow/firmwarePressFlow.ino:399
          }
          if (option == 5 && pressSensorType_val == 0 && pressFactor < 10 ){ // Press sensor type custom
    248a:	80 91 3a 01 	lds	r24, 0x013A	; 0x80013a <option>
    248e:	85 30       	cpi	r24, 0x05	; 5
    2490:	09 f0       	breq	.+2      	; 0x2494 <main+0x15a4>
    2492:	72 ca       	rjmp	.-2844   	; 0x1978 <main+0xa88>
    2494:	80 91 ce 04 	lds	r24, 0x04CE	; 0x8004ce <pressSensorType_val>
    2498:	90 91 cf 04 	lds	r25, 0x04CF	; 0x8004cf <pressSensorType_val+0x1>
    249c:	89 2b       	or	r24, r25
    249e:	09 f0       	breq	.+2      	; 0x24a2 <main+0x15b2>
    24a0:	6b ca       	rjmp	.-2858   	; 0x1978 <main+0xa88>
    24a2:	c0 90 2e 01 	lds	r12, 0x012E	; 0x80012e <pressFactor>
    24a6:	d0 90 2f 01 	lds	r13, 0x012F	; 0x80012f <pressFactor+0x1>
    24aa:	e0 90 30 01 	lds	r14, 0x0130	; 0x800130 <pressFactor+0x2>
    24ae:	f0 90 31 01 	lds	r15, 0x0131	; 0x800131 <pressFactor+0x3>
    24b2:	20 e0       	ldi	r18, 0x00	; 0
    24b4:	30 e0       	ldi	r19, 0x00	; 0
    24b6:	40 e2       	ldi	r20, 0x20	; 32
    24b8:	51 e4       	ldi	r21, 0x41	; 65
    24ba:	c7 01       	movw	r24, r14
    24bc:	b6 01       	movw	r22, r12
    24be:	0e 94 ee 14 	call	0x29dc	; 0x29dc <__cmpsf2>
    24c2:	87 ff       	sbrs	r24, 7
    24c4:	59 ca       	rjmp	.-2894   	; 0x1978 <main+0xa88>
C:\Users\advisor\Desktop\github\electronics\PRESSFLOWino\firmwarePressFlow/firmwarePressFlow.ino:400
            pressFactor += 0.01;
    24c6:	2a e0       	ldi	r18, 0x0A	; 10
    24c8:	37 ed       	ldi	r19, 0xD7	; 215
    24ca:	43 e2       	ldi	r20, 0x23	; 35
    24cc:	5c e3       	ldi	r21, 0x3C	; 60
    24ce:	c7 01       	movw	r24, r14
    24d0:	b6 01       	movw	r22, r12
    24d2:	0e 94 82 14 	call	0x2904	; 0x2904 <__addsf3>
C:\Users\advisor\Desktop\github\electronics\PRESSFLOWino\firmwarePressFlow/firmwarePressFlow.ino:414
              pulseFactor -= 0.1;
            }
            EEPROM.put(4, pulseFactor);
          }        
          if (option == 5 && pressSensorType_val == 0 && pressFactor > 0.01){ // Press sensor type custom
            pressFactor -= 0.01;
    24d6:	60 93 2e 01 	sts	0x012E, r22	; 0x80012e <pressFactor>
    24da:	70 93 2f 01 	sts	0x012F, r23	; 0x80012f <pressFactor+0x1>
    24de:	80 93 30 01 	sts	0x0130, r24	; 0x800130 <pressFactor+0x2>
    24e2:	90 93 31 01 	sts	0x0131, r25	; 0x800131 <pressFactor+0x3>
C:\Users\advisor\Desktop\github\electronics\PRESSFLOWino\firmwarePressFlow/firmwarePressFlow.ino:415
            EEPROM.put(6, pressFactor);
    24e6:	6e e2       	ldi	r22, 0x2E	; 46
    24e8:	71 e0       	ldi	r23, 0x01	; 1
    24ea:	86 e0       	ldi	r24, 0x06	; 6
    24ec:	90 e0       	ldi	r25, 0x00	; 0
    24ee:	0e 94 88 06 	call	0xd10	; 0xd10 <float const& EEPROMClass::put<float>(int, float const&) [clone .isra.4]>
    24f2:	42 ca       	rjmp	.-2940   	; 0x1978 <main+0xa88>
loop():
C:\Users\advisor\Desktop\github\electronics\PRESSFLOWino\firmwarePressFlow/firmwarePressFlow.ino:1028
  btnStateENT = touchbtnENT.booltouch();
  if ( btnStateUP == HIGH && prevBtnUP == LOW ) {
    buttonPressed = 'U';
    lightStatus = true;
    processButton(buttonPressed);  
  } else if (btnStateDWN == HIGH && prevBtnDWN == LOW ){
    24f4:	ee 20       	and	r14, r14
    24f6:	09 f4       	brne	.+2      	; 0x24fa <main+0x160a>
    24f8:	cc c0       	rjmp	.+408    	; 0x2692 <main+0x17a2>
    24fa:	90 91 d5 04 	lds	r25, 0x04D5	; 0x8004d5 <prevBtnDWN>
    24fe:	91 11       	cpse	r25, r1
    2500:	c8 c0       	rjmp	.+400    	; 0x2692 <main+0x17a2>
C:\Users\advisor\Desktop\github\electronics\PRESSFLOWino\firmwarePressFlow/firmwarePressFlow.ino:1030
    buttonPressed = 'D';
    lightStatus = true;
    2502:	81 e0       	ldi	r24, 0x01	; 1
    2504:	80 93 3b 01 	sts	0x013B, r24	; 0x80013b <lightStatus>
processButton():
C:\Users\advisor\Desktop\github\electronics\PRESSFLOWino\firmwarePressFlow/firmwarePressFlow.ino:290
  // Increment the pulse counter
  pulseCount++;
}

void processButton(char buttonPressed) {
  switch(menuLevel) {
    2508:	80 91 d2 04 	lds	r24, 0x04D2	; 0x8004d2 <menuLevel>
    250c:	82 30       	cpi	r24, 0x02	; 2
    250e:	69 f0       	breq	.+26     	; 0x252a <main+0x163a>
    2510:	83 30       	cpi	r24, 0x03	; 3
    2512:	09 f4       	brne	.+2      	; 0x2516 <main+0x1626>
    2514:	56 c0       	rjmp	.+172    	; 0x25c2 <main+0x16d2>
    2516:	81 30       	cpi	r24, 0x01	; 1
    2518:	09 f0       	breq	.+2      	; 0x251c <main+0x162c>
    251a:	2e ca       	rjmp	.-2980   	; 0x1978 <main+0xa88>
C:\Users\advisor\Desktop\github\electronics\PRESSFLOWino\firmwarePressFlow/firmwarePressFlow.ino:321
          if ( option > 1 ) {
            option--;
          }
          break;
        case 'D':               // Down (view inverse)
          if ( option < 5 ) {
    251c:	80 91 3a 01 	lds	r24, 0x013A	; 0x80013a <option>
    2520:	85 30       	cpi	r24, 0x05	; 5
    2522:	08 f0       	brcs	.+2      	; 0x2526 <main+0x1636>
    2524:	29 ca       	rjmp	.-2990   	; 0x1978 <main+0xa88>
C:\Users\advisor\Desktop\github\electronics\PRESSFLOWino\firmwarePressFlow/firmwarePressFlow.ino:322
            option++;
    2526:	8f 5f       	subi	r24, 0xFF	; 255
    2528:	25 ca       	rjmp	.-2998   	; 0x1974 <main+0xa84>
C:\Users\advisor\Desktop\github\electronics\PRESSFLOWino\firmwarePressFlow/firmwarePressFlow.ino:361
            MAXPRESS = maxPressData[pressSensorType_val];
            EEPROM.write(5, pressSensorType_val);
          }
          break;
        case 'D':               // Down
          if (option == 1 && minPress_val > ( MINPRESS + 1 ) ) { // minPress
    252a:	80 91 3a 01 	lds	r24, 0x013A	; 0x80013a <option>
    252e:	81 30       	cpi	r24, 0x01	; 1
    2530:	59 f4       	brne	.+22     	; 0x2548 <main+0x1658>
    2532:	60 91 38 01 	lds	r22, 0x0138	; 0x800138 <minPress_val>
    2536:	70 91 39 01 	lds	r23, 0x0139	; 0x800139 <minPress_val+0x1>
    253a:	67 30       	cpi	r22, 0x07	; 7
    253c:	71 05       	cpc	r23, r1
    253e:	0c f4       	brge	.+2      	; 0x2542 <main+0x1652>
    2540:	1b ca       	rjmp	.-3018   	; 0x1978 <main+0xa88>
C:\Users\advisor\Desktop\github\electronics\PRESSFLOWino\firmwarePressFlow/firmwarePressFlow.ino:362
            minPress_val = minPress_val - 1;
    2542:	61 50       	subi	r22, 0x01	; 1
    2544:	71 09       	sbc	r23, r1
    2546:	fb ce       	rjmp	.-522    	; 0x233e <main+0x144e>
C:\Users\advisor\Desktop\github\electronics\PRESSFLOWino\firmwarePressFlow/firmwarePressFlow.ino:364
            EEPROM.write(0, minPress_val);
          } else if (option == 2 && maxPress_val > ( minPress_val + 1 )){ // maxPress
    2548:	82 30       	cpi	r24, 0x02	; 2
    254a:	81 f4       	brne	.+32     	; 0x256c <main+0x167c>
    254c:	60 91 cc 04 	lds	r22, 0x04CC	; 0x8004cc <maxPress_val>
    2550:	70 91 cd 04 	lds	r23, 0x04CD	; 0x8004cd <maxPress_val+0x1>
    2554:	80 91 38 01 	lds	r24, 0x0138	; 0x800138 <minPress_val>
    2558:	90 91 39 01 	lds	r25, 0x0139	; 0x800139 <minPress_val+0x1>
    255c:	01 96       	adiw	r24, 0x01	; 1
    255e:	86 17       	cp	r24, r22
    2560:	97 07       	cpc	r25, r23
    2562:	0c f0       	brlt	.+2      	; 0x2566 <main+0x1676>
    2564:	09 ca       	rjmp	.-3054   	; 0x1978 <main+0xa88>
C:\Users\advisor\Desktop\github\electronics\PRESSFLOWino\firmwarePressFlow/firmwarePressFlow.ino:365
            maxPress_val = maxPress_val - 1;
    2566:	61 50       	subi	r22, 0x01	; 1
    2568:	71 09       	sbc	r23, r1
    256a:	03 cf       	rjmp	.-506    	; 0x2372 <main+0x1482>
C:\Users\advisor\Desktop\github\electronics\PRESSFLOWino\firmwarePressFlow/firmwarePressFlow.ino:367
            EEPROM.write(1, maxPress_val);
          } else if (option == 3 && fluxSensorType_val >= 1){ // fluxSensorType_val
    256c:	83 30       	cpi	r24, 0x03	; 3
    256e:	59 f4       	brne	.+22     	; 0x2586 <main+0x1696>
    2570:	60 91 d0 04 	lds	r22, 0x04D0	; 0x8004d0 <fluxSensorType_val>
    2574:	70 91 d1 04 	lds	r23, 0x04D1	; 0x8004d1 <fluxSensorType_val+0x1>
    2578:	16 16       	cp	r1, r22
    257a:	17 06       	cpc	r1, r23
    257c:	0c f0       	brlt	.+2      	; 0x2580 <main+0x1690>
    257e:	fc c9       	rjmp	.-3080   	; 0x1978 <main+0xa88>
C:\Users\advisor\Desktop\github\electronics\PRESSFLOWino\firmwarePressFlow/firmwarePressFlow.ino:368
            fluxSensorType_val--;
    2580:	61 50       	subi	r22, 0x01	; 1
    2582:	71 09       	sbc	r23, r1
    2584:	09 cf       	rjmp	.-494    	; 0x2398 <main+0x14a8>
C:\Users\advisor\Desktop\github\electronics\PRESSFLOWino\firmwarePressFlow/firmwarePressFlow.ino:370
            EEPROM.write(3, fluxSensorType_val);
          } else if (option == 4 && ctrlMode_val >= 1) { // mode (pump=0, compressor=1)
    2586:	84 30       	cpi	r24, 0x04	; 4
    2588:	71 f4       	brne	.+28     	; 0x25a6 <main+0x16b6>
    258a:	80 91 ca 04 	lds	r24, 0x04CA	; 0x8004ca <ctrlMode_val>
    258e:	90 91 cb 04 	lds	r25, 0x04CB	; 0x8004cb <ctrlMode_val+0x1>
    2592:	18 16       	cp	r1, r24
    2594:	19 06       	cpc	r1, r25
    2596:	0c f0       	brlt	.+2      	; 0x259a <main+0x16aa>
    2598:	ef c9       	rjmp	.-3106   	; 0x1978 <main+0xa88>
C:\Users\advisor\Desktop\github\electronics\PRESSFLOWino\firmwarePressFlow/firmwarePressFlow.ino:371
            ctrlMode_val=0;
    259a:	10 92 cb 04 	sts	0x04CB, r1	; 0x8004cb <ctrlMode_val+0x1>
    259e:	10 92 ca 04 	sts	0x04CA, r1	; 0x8004ca <ctrlMode_val>
C:\Users\advisor\Desktop\github\electronics\PRESSFLOWino\firmwarePressFlow/firmwarePressFlow.ino:372
            EEPROM.write(2, ctrlMode_val);
    25a2:	60 e0       	ldi	r22, 0x00	; 0
    25a4:	10 cf       	rjmp	.-480    	; 0x23c6 <main+0x14d6>
C:\Users\advisor\Desktop\github\electronics\PRESSFLOWino\firmwarePressFlow/firmwarePressFlow.ino:373
          } else if (option == 5 && pressSensorType_val >= 1) { // pressSensorType_val
    25a6:	85 30       	cpi	r24, 0x05	; 5
    25a8:	09 f0       	breq	.+2      	; 0x25ac <main+0x16bc>
    25aa:	e6 c9       	rjmp	.-3124   	; 0x1978 <main+0xa88>
    25ac:	60 91 ce 04 	lds	r22, 0x04CE	; 0x8004ce <pressSensorType_val>
    25b0:	70 91 cf 04 	lds	r23, 0x04CF	; 0x8004cf <pressSensorType_val+0x1>
    25b4:	16 16       	cp	r1, r22
    25b6:	17 06       	cpc	r1, r23
    25b8:	0c f0       	brlt	.+2      	; 0x25bc <main+0x16cc>
    25ba:	de c9       	rjmp	.-3140   	; 0x1978 <main+0xa88>
C:\Users\advisor\Desktop\github\electronics\PRESSFLOWino\firmwarePressFlow/firmwarePressFlow.ino:374
            pressSensorType_val--;
    25bc:	61 50       	subi	r22, 0x01	; 1
    25be:	71 09       	sbc	r23, r1
    25c0:	12 cf       	rjmp	.-476    	; 0x23e6 <main+0x14f6>
C:\Users\advisor\Desktop\github\electronics\PRESSFLOWino\firmwarePressFlow/firmwarePressFlow.ino:405
            pressFactor += 0.01;
            EEPROM.put(6, pressFactor);
          }        
          break;
        case 'D':               // Down
          if (option == 3 && fluxSensorType_val == 9 && pulseFactor > 0.01){ // Flux Sensor type custom
    25c2:	80 91 3a 01 	lds	r24, 0x013A	; 0x80013a <option>
    25c6:	83 30       	cpi	r24, 0x03	; 3
    25c8:	e1 f5       	brne	.+120    	; 0x2642 <main+0x1752>
    25ca:	80 91 d0 04 	lds	r24, 0x04D0	; 0x8004d0 <fluxSensorType_val>
    25ce:	90 91 d1 04 	lds	r25, 0x04D1	; 0x8004d1 <fluxSensorType_val+0x1>
    25d2:	09 97       	sbiw	r24, 0x09	; 9
    25d4:	b1 f5       	brne	.+108    	; 0x2642 <main+0x1752>
    25d6:	c0 90 32 01 	lds	r12, 0x0132	; 0x800132 <pulseFactor>
    25da:	d0 90 33 01 	lds	r13, 0x0133	; 0x800133 <pulseFactor+0x1>
    25de:	e0 90 34 01 	lds	r14, 0x0134	; 0x800134 <pulseFactor+0x2>
    25e2:	f0 90 35 01 	lds	r15, 0x0135	; 0x800135 <pulseFactor+0x3>
    25e6:	2a e0       	ldi	r18, 0x0A	; 10
    25e8:	37 ed       	ldi	r19, 0xD7	; 215
    25ea:	43 e2       	ldi	r20, 0x23	; 35
    25ec:	5c e3       	ldi	r21, 0x3C	; 60
    25ee:	c7 01       	movw	r24, r14
    25f0:	b6 01       	movw	r22, r12
    25f2:	0e 94 4d 16 	call	0x2c9a	; 0x2c9a <__gesf2>
    25f6:	18 16       	cp	r1, r24
    25f8:	24 f5       	brge	.+72     	; 0x2642 <main+0x1752>
C:\Users\advisor\Desktop\github\electronics\PRESSFLOWino\firmwarePressFlow/firmwarePressFlow.ino:406
            if (pulseFactor < 10){
    25fa:	20 e0       	ldi	r18, 0x00	; 0
    25fc:	30 e0       	ldi	r19, 0x00	; 0
    25fe:	40 e2       	ldi	r20, 0x20	; 32
    2600:	51 e4       	ldi	r21, 0x41	; 65
    2602:	c7 01       	movw	r24, r14
    2604:	b6 01       	movw	r22, r12
    2606:	0e 94 ee 14 	call	0x29dc	; 0x29dc <__cmpsf2>
C:\Users\advisor\Desktop\github\electronics\PRESSFLOWino\firmwarePressFlow/firmwarePressFlow.ino:407
              pulseFactor -= 0.01;
    260a:	2a e0       	ldi	r18, 0x0A	; 10
    260c:	37 ed       	ldi	r19, 0xD7	; 215
    260e:	43 e2       	ldi	r20, 0x23	; 35
    2610:	5c e3       	ldi	r21, 0x3C	; 60
C:\Users\advisor\Desktop\github\electronics\PRESSFLOWino\firmwarePressFlow/firmwarePressFlow.ino:406
            EEPROM.put(6, pressFactor);
          }        
          break;
        case 'D':               // Down
          if (option == 3 && fluxSensorType_val == 9 && pulseFactor > 0.01){ // Flux Sensor type custom
            if (pulseFactor < 10){
    2612:	87 fd       	sbrc	r24, 7
    2614:	04 c0       	rjmp	.+8      	; 0x261e <main+0x172e>
C:\Users\advisor\Desktop\github\electronics\PRESSFLOWino\firmwarePressFlow/firmwarePressFlow.ino:409
              pulseFactor -= 0.01;
            } else {
              pulseFactor -= 0.1;
    2616:	2d ec       	ldi	r18, 0xCD	; 205
    2618:	3c ec       	ldi	r19, 0xCC	; 204
    261a:	4c ec       	ldi	r20, 0xCC	; 204
    261c:	5d e3       	ldi	r21, 0x3D	; 61
    261e:	c7 01       	movw	r24, r14
    2620:	b6 01       	movw	r22, r12
    2622:	0e 94 81 14 	call	0x2902	; 0x2902 <__subsf3>
    2626:	60 93 32 01 	sts	0x0132, r22	; 0x800132 <pulseFactor>
    262a:	70 93 33 01 	sts	0x0133, r23	; 0x800133 <pulseFactor+0x1>
    262e:	80 93 34 01 	sts	0x0134, r24	; 0x800134 <pulseFactor+0x2>
    2632:	90 93 35 01 	sts	0x0135, r25	; 0x800135 <pulseFactor+0x3>
C:\Users\advisor\Desktop\github\electronics\PRESSFLOWino\firmwarePressFlow/firmwarePressFlow.ino:411
            }
            EEPROM.put(4, pulseFactor);
    2636:	62 e3       	ldi	r22, 0x32	; 50
    2638:	71 e0       	ldi	r23, 0x01	; 1
    263a:	84 e0       	ldi	r24, 0x04	; 4
    263c:	90 e0       	ldi	r25, 0x00	; 0
    263e:	0e 94 88 06 	call	0xd10	; 0xd10 <float const& EEPROMClass::put<float>(int, float const&) [clone .isra.4]>
C:\Users\advisor\Desktop\github\electronics\PRESSFLOWino\firmwarePressFlow/firmwarePressFlow.ino:413
          }        
          if (option == 5 && pressSensorType_val == 0 && pressFactor > 0.01){ // Press sensor type custom
    2642:	80 91 3a 01 	lds	r24, 0x013A	; 0x80013a <option>
    2646:	85 30       	cpi	r24, 0x05	; 5
    2648:	09 f0       	breq	.+2      	; 0x264c <main+0x175c>
    264a:	96 c9       	rjmp	.-3284   	; 0x1978 <main+0xa88>
    264c:	80 91 ce 04 	lds	r24, 0x04CE	; 0x8004ce <pressSensorType_val>
    2650:	90 91 cf 04 	lds	r25, 0x04CF	; 0x8004cf <pressSensorType_val+0x1>
    2654:	89 2b       	or	r24, r25
    2656:	09 f0       	breq	.+2      	; 0x265a <main+0x176a>
    2658:	8f c9       	rjmp	.-3298   	; 0x1978 <main+0xa88>
    265a:	c0 90 2e 01 	lds	r12, 0x012E	; 0x80012e <pressFactor>
    265e:	d0 90 2f 01 	lds	r13, 0x012F	; 0x80012f <pressFactor+0x1>
    2662:	e0 90 30 01 	lds	r14, 0x0130	; 0x800130 <pressFactor+0x2>
    2666:	f0 90 31 01 	lds	r15, 0x0131	; 0x800131 <pressFactor+0x3>
    266a:	2a e0       	ldi	r18, 0x0A	; 10
    266c:	37 ed       	ldi	r19, 0xD7	; 215
    266e:	43 e2       	ldi	r20, 0x23	; 35
    2670:	5c e3       	ldi	r21, 0x3C	; 60
    2672:	c7 01       	movw	r24, r14
    2674:	b6 01       	movw	r22, r12
    2676:	0e 94 4d 16 	call	0x2c9a	; 0x2c9a <__gesf2>
    267a:	18 16       	cp	r1, r24
    267c:	0c f0       	brlt	.+2      	; 0x2680 <main+0x1790>
    267e:	7c c9       	rjmp	.-3336   	; 0x1978 <main+0xa88>
C:\Users\advisor\Desktop\github\electronics\PRESSFLOWino\firmwarePressFlow/firmwarePressFlow.ino:414
            pressFactor -= 0.01;
    2680:	2a e0       	ldi	r18, 0x0A	; 10
    2682:	37 ed       	ldi	r19, 0xD7	; 215
    2684:	43 e2       	ldi	r20, 0x23	; 35
    2686:	5c e3       	ldi	r21, 0x3C	; 60
    2688:	c7 01       	movw	r24, r14
    268a:	b6 01       	movw	r22, r12
    268c:	0e 94 81 14 	call	0x2902	; 0x2902 <__subsf3>
    2690:	22 cf       	rjmp	.-444    	; 0x24d6 <main+0x15e6>
loop():
C:\Users\advisor\Desktop\github\electronics\PRESSFLOWino\firmwarePressFlow/firmwarePressFlow.ino:1032
    processButton(buttonPressed);  
  } else if (btnStateDWN == HIGH && prevBtnDWN == LOW ){
    buttonPressed = 'D';
    lightStatus = true;
    processButton(buttonPressed);  
  } else if (btnStateBCK == HIGH && prevBtnBCK == LOW ){
    2692:	ff 20       	and	r15, r15
    2694:	c9 f0       	breq	.+50     	; 0x26c8 <main+0x17d8>
    2696:	90 91 d4 04 	lds	r25, 0x04D4	; 0x8004d4 <prevBtnBCK>
    269a:	91 11       	cpse	r25, r1
    269c:	15 c0       	rjmp	.+42     	; 0x26c8 <main+0x17d8>
C:\Users\advisor\Desktop\github\electronics\PRESSFLOWino\firmwarePressFlow/firmwarePressFlow.ino:1034
    buttonPressed = 'B';
    lightStatus = true;
    269e:	91 e0       	ldi	r25, 0x01	; 1
    26a0:	90 93 3b 01 	sts	0x013B, r25	; 0x80013b <lightStatus>
processButton():
C:\Users\advisor\Desktop\github\electronics\PRESSFLOWino\firmwarePressFlow/firmwarePressFlow.ino:290
  // Increment the pulse counter
  pulseCount++;
}

void processButton(char buttonPressed) {
  switch(menuLevel) {
    26a4:	80 91 d2 04 	lds	r24, 0x04D2	; 0x8004d2 <menuLevel>
    26a8:	82 30       	cpi	r24, 0x02	; 2
    26aa:	59 f0       	breq	.+22     	; 0x26c2 <main+0x17d2>
    26ac:	38 f0       	brcs	.+14     	; 0x26bc <main+0x17cc>
    26ae:	83 30       	cpi	r24, 0x03	; 3
    26b0:	09 f0       	breq	.+2      	; 0x26b4 <main+0x17c4>
    26b2:	62 c9       	rjmp	.-3388   	; 0x1978 <main+0xa88>
C:\Users\advisor\Desktop\github\electronics\PRESSFLOWino\firmwarePressFlow/firmwarePressFlow.ino:419
            pressFactor -= 0.01;
            EEPROM.put(6, pressFactor);
          }        
          break;
        case 'B':               // Back
          menuLevel = 2;        // go back to level 2
    26b4:	82 e0       	ldi	r24, 0x02	; 2
C:\Users\advisor\Desktop\github\electronics\PRESSFLOWino\firmwarePressFlow/firmwarePressFlow.ino:338
     
     case 2:                     // menuLevel 2
      switch ( buttonPressed ) {
        case 'E':               // Enter
          if ((option == 3 && fluxSensorType_val == 9) || (option == 5 && pressSensorType_val == 0)) { // goto menù level 3 only for sensors type customizeble (9)
            menuLevel = 3;        // go to menu third level
    26b6:	80 93 d2 04 	sts	0x04D2, r24	; 0x8004d2 <menuLevel>
    26ba:	5e c9       	rjmp	.-3396   	; 0x1978 <main+0xa88>
C:\Users\advisor\Desktop\github\electronics\PRESSFLOWino\firmwarePressFlow/firmwarePressFlow.ino:302
        case 'U': // Up
          break;
        case 'D': // Down
          break;
        case 'B': // Back
          menuLevel = 0;        // go to home screen
    26bc:	10 92 d2 04 	sts	0x04D2, r1	; 0x8004d2 <menuLevel>
    26c0:	5b c9       	rjmp	.-3402   	; 0x1978 <main+0xa88>
C:\Users\advisor\Desktop\github\electronics\PRESSFLOWino\firmwarePressFlow/firmwarePressFlow.ino:380
            MAXPRESS = maxPressData[pressSensorType_val];
            EEPROM.write(5, pressSensorType_val);
          }
          break;
        case 'B':               // Back
          menuLevel = 1;        // go back to level 1
    26c2:	90 93 d2 04 	sts	0x04D2, r25	; 0x8004d2 <menuLevel>
    26c6:	58 c9       	rjmp	.-3408   	; 0x1978 <main+0xa88>
loop():
C:\Users\advisor\Desktop\github\electronics\PRESSFLOWino\firmwarePressFlow/firmwarePressFlow.ino:1036
    processButton(buttonPressed);  
  } else if (btnStateBCK == HIGH && prevBtnBCK == LOW ){
    buttonPressed = 'B';
    lightStatus = true;
    processButton(buttonPressed);  
  } else if (btnStateENT == HIGH && prevBtnENT == LOW ) {
    26c8:	88 23       	and	r24, r24
    26ca:	09 f4       	brne	.+2      	; 0x26ce <main+0x17de>
    26cc:	55 c9       	rjmp	.-3414   	; 0x1978 <main+0xa88>
    26ce:	80 91 d3 04 	lds	r24, 0x04D3	; 0x8004d3 <prevBtnENT>
    26d2:	81 11       	cpse	r24, r1
    26d4:	51 c9       	rjmp	.-3422   	; 0x1978 <main+0xa88>
C:\Users\advisor\Desktop\github\electronics\PRESSFLOWino\firmwarePressFlow/firmwarePressFlow.ino:1038
    buttonPressed = 'E';
    lightStatus = true;
    26d6:	81 e0       	ldi	r24, 0x01	; 1
    26d8:	80 93 3b 01 	sts	0x013B, r24	; 0x80013b <lightStatus>
processButton():
C:\Users\advisor\Desktop\github\electronics\PRESSFLOWino\firmwarePressFlow/firmwarePressFlow.ino:290
  // Increment the pulse counter
  pulseCount++;
}

void processButton(char buttonPressed) {
  switch(menuLevel) {
    26dc:	90 91 d2 04 	lds	r25, 0x04D2	; 0x8004d2 <menuLevel>
    26e0:	91 30       	cpi	r25, 0x01	; 1
    26e2:	41 f3       	breq	.-48     	; 0x26b4 <main+0x17c4>
    26e4:	80 f0       	brcs	.+32     	; 0x2706 <main+0x1816>
    26e6:	92 30       	cpi	r25, 0x02	; 2
    26e8:	09 f0       	breq	.+2      	; 0x26ec <main+0x17fc>
    26ea:	46 c9       	rjmp	.-3444   	; 0x1978 <main+0xa88>
C:\Users\advisor\Desktop\github\electronics\PRESSFLOWino\firmwarePressFlow/firmwarePressFlow.ino:337
     // end menuLevel 1
     
     case 2:                     // menuLevel 2
      switch ( buttonPressed ) {
        case 'E':               // Enter
          if ((option == 3 && fluxSensorType_val == 9) || (option == 5 && pressSensorType_val == 0)) { // goto menù level 3 only for sensors type customizeble (9)
    26ec:	80 91 3a 01 	lds	r24, 0x013A	; 0x80013a <option>
    26f0:	83 30       	cpi	r24, 0x03	; 3
    26f2:	61 f4       	brne	.+24     	; 0x270c <main+0x181c>
    26f4:	80 91 d0 04 	lds	r24, 0x04D0	; 0x8004d0 <fluxSensorType_val>
    26f8:	90 91 d1 04 	lds	r25, 0x04D1	; 0x8004d1 <fluxSensorType_val+0x1>
    26fc:	09 97       	sbiw	r24, 0x09	; 9
    26fe:	09 f0       	breq	.+2      	; 0x2702 <main+0x1812>
    2700:	3b c9       	rjmp	.-3466   	; 0x1978 <main+0xa88>
C:\Users\advisor\Desktop\github\electronics\PRESSFLOWino\firmwarePressFlow/firmwarePressFlow.ino:338
            menuLevel = 3;        // go to menu third level
    2702:	83 e0       	ldi	r24, 0x03	; 3
    2704:	d8 cf       	rjmp	.-80     	; 0x26b6 <main+0x17c6>
C:\Users\advisor\Desktop\github\electronics\PRESSFLOWino\firmwarePressFlow/firmwarePressFlow.ino:294
void processButton(char buttonPressed) {
  switch(menuLevel) {
    case 0:                     // menuLevel 0, home screen
      switch ( buttonPressed ) {
        case 'E':               // Enter
          option = 1;
    2706:	80 93 3a 01 	sts	0x013A, r24	; 0x80013a <option>
    270a:	d5 cf       	rjmp	.-86     	; 0x26b6 <main+0x17c6>
C:\Users\advisor\Desktop\github\electronics\PRESSFLOWino\firmwarePressFlow/firmwarePressFlow.ino:337
     // end menuLevel 1
     
     case 2:                     // menuLevel 2
      switch ( buttonPressed ) {
        case 'E':               // Enter
          if ((option == 3 && fluxSensorType_val == 9) || (option == 5 && pressSensorType_val == 0)) { // goto menù level 3 only for sensors type customizeble (9)
    270c:	85 30       	cpi	r24, 0x05	; 5
    270e:	09 f0       	breq	.+2      	; 0x2712 <main+0x1822>
    2710:	33 c9       	rjmp	.-3482   	; 0x1978 <main+0xa88>
    2712:	80 91 ce 04 	lds	r24, 0x04CE	; 0x8004ce <pressSensorType_val>
    2716:	90 91 cf 04 	lds	r25, 0x04CF	; 0x8004cf <pressSensorType_val+0x1>
    271a:	89 2b       	or	r24, r25
    271c:	09 f0       	breq	.+2      	; 0x2720 <main+0x1830>
    271e:	2c c9       	rjmp	.-3496   	; 0x1978 <main+0xa88>
    2720:	f0 cf       	rjmp	.-32     	; 0x2702 <main+0x1812>

00002722 <_GLOBAL__sub_I_touchbtnUP>:
__static_initialization_and_destruction_0():
C:\Users\advisor\Desktop\github\electronics\PRESSFLOWino\firmwarePressFlow/firmwarePressFlow.ino:83
byte menuLevel = 0;     // Level 0: display actual values: pressure, flux, pump status
                        // Level 1: display main menu
byte option = 1;

int minPress_val = MINPRESS;
int maxPress_val = MAXPRESS;
    2722:	80 91 36 01 	lds	r24, 0x0136	; 0x800136 <MAXPRESS>
    2726:	90 91 37 01 	lds	r25, 0x0137	; 0x800137 <MAXPRESS+0x1>
    272a:	90 93 cd 04 	sts	0x04CD, r25	; 0x8004cd <maxPress_val+0x1>
    272e:	80 93 cc 04 	sts	0x04CC, r24	; 0x8004cc <maxPress_val>
C:\Users\advisor\Desktop\github\electronics\PRESSFLOWino\firmwarePressFlow/firmwarePressFlow.ino:95
float pf5 = 1.65;  // 5: 1.2Mpa
float pf6 = 2.06;  // 6: 1.5Mpa
float pf7 = 2.75;  // 7: 2Mpa
float pf8 = 4.13;  // 8: 3Mpa
float pf9 = 5.50;  // 9: 4Mpa
float pressFactorData[10] = {pf0,pf1,pf2,pf3,pf4,pf5,pf6,pf7,pf8,pf9};
    2732:	e8 e8       	ldi	r30, 0x88	; 136
    2734:	f4 e0       	ldi	r31, 0x04	; 4
    2736:	8d ec       	ldi	r24, 0xCD	; 205
    2738:	9c ec       	ldi	r25, 0xCC	; 204
    273a:	ac e8       	ldi	r26, 0x8C	; 140
    273c:	bf e3       	ldi	r27, 0x3F	; 63
    273e:	80 83       	st	Z, r24
    2740:	91 83       	std	Z+1, r25	; 0x01
    2742:	a2 83       	std	Z+2, r26	; 0x02
    2744:	b3 83       	std	Z+3, r27	; 0x03
    2746:	47 ed       	ldi	r20, 0xD7	; 215
    2748:	53 ea       	ldi	r21, 0xA3	; 163
    274a:	60 e3       	ldi	r22, 0x30	; 48
    274c:	7f e3       	ldi	r23, 0x3F	; 63
    274e:	44 83       	std	Z+4, r20	; 0x04
    2750:	55 83       	std	Z+5, r21	; 0x05
    2752:	66 83       	std	Z+6, r22	; 0x06
    2754:	77 83       	std	Z+7, r23	; 0x07
    2756:	4f e8       	ldi	r20, 0x8F	; 143
    2758:	52 ec       	ldi	r21, 0xC2	; 194
    275a:	65 e7       	ldi	r22, 0x75	; 117
    275c:	7f e3       	ldi	r23, 0x3F	; 63
    275e:	40 87       	std	Z+8, r20	; 0x08
    2760:	51 87       	std	Z+9, r21	; 0x09
    2762:	62 87       	std	Z+10, r22	; 0x0a
    2764:	73 87       	std	Z+11, r23	; 0x0b
    2766:	84 87       	std	Z+12, r24	; 0x0c
    2768:	95 87       	std	Z+13, r25	; 0x0d
    276a:	a6 87       	std	Z+14, r26	; 0x0e
    276c:	b7 87       	std	Z+15, r27	; 0x0f
    276e:	89 e2       	ldi	r24, 0x29	; 41
    2770:	9c e5       	ldi	r25, 0x5C	; 92
    2772:	af ea       	ldi	r26, 0xAF	; 175
    2774:	bf e3       	ldi	r27, 0x3F	; 63
    2776:	80 8b       	std	Z+16, r24	; 0x10
    2778:	91 8b       	std	Z+17, r25	; 0x11
    277a:	a2 8b       	std	Z+18, r26	; 0x12
    277c:	b3 8b       	std	Z+19, r27	; 0x13
    277e:	83 e3       	ldi	r24, 0x33	; 51
    2780:	93 e3       	ldi	r25, 0x33	; 51
    2782:	a3 ed       	ldi	r26, 0xD3	; 211
    2784:	bf e3       	ldi	r27, 0x3F	; 63
    2786:	84 8b       	std	Z+20, r24	; 0x14
    2788:	95 8b       	std	Z+21, r25	; 0x15
    278a:	a6 8b       	std	Z+22, r26	; 0x16
    278c:	b7 8b       	std	Z+23, r27	; 0x17
    278e:	8a e0       	ldi	r24, 0x0A	; 10
    2790:	97 ed       	ldi	r25, 0xD7	; 215
    2792:	a3 e0       	ldi	r26, 0x03	; 3
    2794:	b0 e4       	ldi	r27, 0x40	; 64
    2796:	80 8f       	std	Z+24, r24	; 0x18
    2798:	91 8f       	std	Z+25, r25	; 0x19
    279a:	a2 8f       	std	Z+26, r26	; 0x1a
    279c:	b3 8f       	std	Z+27, r27	; 0x1b
    279e:	80 e0       	ldi	r24, 0x00	; 0
    27a0:	90 e0       	ldi	r25, 0x00	; 0
    27a2:	a0 e3       	ldi	r26, 0x30	; 48
    27a4:	b0 e4       	ldi	r27, 0x40	; 64
    27a6:	84 8f       	std	Z+28, r24	; 0x1c
    27a8:	95 8f       	std	Z+29, r25	; 0x1d
    27aa:	a6 8f       	std	Z+30, r26	; 0x1e
    27ac:	b7 8f       	std	Z+31, r27	; 0x1f
    27ae:	86 ef       	ldi	r24, 0xF6	; 246
    27b0:	98 e2       	ldi	r25, 0x28	; 40
    27b2:	a4 e8       	ldi	r26, 0x84	; 132
    27b4:	b0 e4       	ldi	r27, 0x40	; 64
    27b6:	80 a3       	std	Z+32, r24	; 0x20
    27b8:	91 a3       	std	Z+33, r25	; 0x21
    27ba:	a2 a3       	std	Z+34, r26	; 0x22
    27bc:	b3 a3       	std	Z+35, r27	; 0x23
    27be:	80 e0       	ldi	r24, 0x00	; 0
    27c0:	90 e0       	ldi	r25, 0x00	; 0
    27c2:	a0 eb       	ldi	r26, 0xB0	; 176
    27c4:	b0 e4       	ldi	r27, 0x40	; 64
    27c6:	84 a3       	std	Z+36, r24	; 0x24
    27c8:	95 a3       	std	Z+37, r25	; 0x25
    27ca:	a6 a3       	std	Z+38, r26	; 0x26
    27cc:	b7 a3       	std	Z+39, r27	; 0x27
C:\Users\advisor\Desktop\github\electronics\PRESSFLOWino\firmwarePressFlow/firmwarePressFlow.ino:107
int mp5 = 120;  // 5: 1.2Mpa
int mp6 = 150;  // 6: 1.5Mpa
int mp7 = 200;  // 7: 2Mpa
int mp8 = 300;  // 8: 3Mpa
int mp9 = 400;  // 9: 4Mpa
int maxPressData[10] = {mp0,mp1,mp2,mp3,mp4,mp5,mp6,mp7,mp8,mp9};
    27ce:	e6 eb       	ldi	r30, 0xB6	; 182
    27d0:	f4 e0       	ldi	r31, 0x04	; 4
    27d2:	80 e5       	ldi	r24, 0x50	; 80
    27d4:	90 e0       	ldi	r25, 0x00	; 0
    27d6:	91 83       	std	Z+1, r25	; 0x01
    27d8:	80 83       	st	Z, r24
    27da:	22 e3       	ldi	r18, 0x32	; 50
    27dc:	30 e0       	ldi	r19, 0x00	; 0
    27de:	33 83       	std	Z+3, r19	; 0x03
    27e0:	22 83       	std	Z+2, r18	; 0x02
    27e2:	26 e4       	ldi	r18, 0x46	; 70
    27e4:	30 e0       	ldi	r19, 0x00	; 0
    27e6:	35 83       	std	Z+5, r19	; 0x05
    27e8:	24 83       	std	Z+4, r18	; 0x04
    27ea:	97 83       	std	Z+7, r25	; 0x07
    27ec:	86 83       	std	Z+6, r24	; 0x06
    27ee:	84 e6       	ldi	r24, 0x64	; 100
    27f0:	90 e0       	ldi	r25, 0x00	; 0
    27f2:	91 87       	std	Z+9, r25	; 0x09
    27f4:	80 87       	std	Z+8, r24	; 0x08
    27f6:	88 e7       	ldi	r24, 0x78	; 120
    27f8:	90 e0       	ldi	r25, 0x00	; 0
    27fa:	93 87       	std	Z+11, r25	; 0x0b
    27fc:	82 87       	std	Z+10, r24	; 0x0a
    27fe:	86 e9       	ldi	r24, 0x96	; 150
    2800:	90 e0       	ldi	r25, 0x00	; 0
    2802:	95 87       	std	Z+13, r25	; 0x0d
    2804:	84 87       	std	Z+12, r24	; 0x0c
    2806:	88 ec       	ldi	r24, 0xC8	; 200
    2808:	90 e0       	ldi	r25, 0x00	; 0
    280a:	97 87       	std	Z+15, r25	; 0x0f
    280c:	86 87       	std	Z+14, r24	; 0x0e
    280e:	8c e2       	ldi	r24, 0x2C	; 44
    2810:	91 e0       	ldi	r25, 0x01	; 1
    2812:	91 8b       	std	Z+17, r25	; 0x11
    2814:	80 8b       	std	Z+16, r24	; 0x10
    2816:	80 e9       	ldi	r24, 0x90	; 144
    2818:	91 e0       	ldi	r25, 0x01	; 1
    281a:	93 8b       	std	Z+19, r25	; 0x13
    281c:	82 8b       	std	Z+18, r24	; 0x12
C:\Users\advisor\Desktop\github\electronics\PRESSFLOWino\firmwarePressFlow/firmwarePressFlow.ino:119
float ff4 = 23.33;  // 4: YFDN40
float ff5 = 52.50;  // 5: YFDN50  
float ff6 = 1.75;  // 6: FS300A
float ff7 = 0.11;  // 7: YFS401
float ff8 = 1.40;  // 8: YFS201
float flowFactorData[9] = {ff0,ff1,ff2,ff3,ff4,ff5,ff6,ff7,ff8};
    281e:	e1 e6       	ldi	r30, 0x61	; 97
    2820:	f4 e0       	ldi	r31, 0x04	; 4
    2822:	10 82       	st	Z, r1
    2824:	11 82       	std	Z+1, r1	; 0x01
    2826:	12 82       	std	Z+2, r1	; 0x02
    2828:	13 82       	std	Z+3, r1	; 0x03
    282a:	14 82       	std	Z+4, r1	; 0x04
    282c:	15 82       	std	Z+5, r1	; 0x05
    282e:	16 82       	std	Z+6, r1	; 0x06
    2830:	17 82       	std	Z+7, r1	; 0x07
    2832:	8f e1       	ldi	r24, 0x1F	; 31
    2834:	95 e8       	ldi	r25, 0x85	; 133
    2836:	ab e1       	ldi	r26, 0x1B	; 27
    2838:	b1 e4       	ldi	r27, 0x41	; 65
    283a:	80 87       	std	Z+8, r24	; 0x08
    283c:	91 87       	std	Z+9, r25	; 0x09
    283e:	a2 87       	std	Z+10, r26	; 0x0a
    2840:	b3 87       	std	Z+11, r27	; 0x0b
    2842:	87 ed       	ldi	r24, 0xD7	; 215
    2844:	93 ea       	ldi	r25, 0xA3	; 163
    2846:	aa eb       	ldi	r26, 0xBA	; 186
    2848:	b1 e4       	ldi	r27, 0x41	; 65
    284a:	84 87       	std	Z+12, r24	; 0x0c
    284c:	95 87       	std	Z+13, r25	; 0x0d
    284e:	a6 87       	std	Z+14, r26	; 0x0e
    2850:	b7 87       	std	Z+15, r27	; 0x0f
    2852:	80 8b       	std	Z+16, r24	; 0x10
    2854:	91 8b       	std	Z+17, r25	; 0x11
    2856:	a2 8b       	std	Z+18, r26	; 0x12
    2858:	b3 8b       	std	Z+19, r27	; 0x13
    285a:	80 e0       	ldi	r24, 0x00	; 0
    285c:	90 e0       	ldi	r25, 0x00	; 0
    285e:	a2 e5       	ldi	r26, 0x52	; 82
    2860:	b2 e4       	ldi	r27, 0x42	; 66
    2862:	84 8b       	std	Z+20, r24	; 0x14
    2864:	95 8b       	std	Z+21, r25	; 0x15
    2866:	a6 8b       	std	Z+22, r26	; 0x16
    2868:	b7 8b       	std	Z+23, r27	; 0x17
    286a:	80 e0       	ldi	r24, 0x00	; 0
    286c:	90 e0       	ldi	r25, 0x00	; 0
    286e:	a0 ee       	ldi	r26, 0xE0	; 224
    2870:	bf e3       	ldi	r27, 0x3F	; 63
    2872:	80 8f       	std	Z+24, r24	; 0x18
    2874:	91 8f       	std	Z+25, r25	; 0x19
    2876:	a2 8f       	std	Z+26, r26	; 0x1a
    2878:	b3 8f       	std	Z+27, r27	; 0x1b
    287a:	8e ea       	ldi	r24, 0xAE	; 174
    287c:	97 e4       	ldi	r25, 0x47	; 71
    287e:	a1 ee       	ldi	r26, 0xE1	; 225
    2880:	bd e3       	ldi	r27, 0x3D	; 61
    2882:	84 8f       	std	Z+28, r24	; 0x1c
    2884:	95 8f       	std	Z+29, r25	; 0x1d
    2886:	a6 8f       	std	Z+30, r26	; 0x1e
    2888:	b7 8f       	std	Z+31, r27	; 0x1f
    288a:	83 e3       	ldi	r24, 0x33	; 51
    288c:	93 e3       	ldi	r25, 0x33	; 51
    288e:	a3 eb       	ldi	r26, 0xB3	; 179
    2890:	bf e3       	ldi	r27, 0x3F	; 63
    2892:	80 a3       	std	Z+32, r24	; 0x20
    2894:	91 a3       	std	Z+33, r25	; 0x21
    2896:	a2 a3       	std	Z+34, r26	; 0x22
    2898:	b3 a3       	std	Z+35, r27	; 0x23
_ZN5PrintC2Ev():
C:\Users\advisor\AppData\Local\Arduino15\packages\MiniCore\hardware\avr\3.1.1\cores\MCUdude_corefiles/Print.h:46
    size_t printNumber(unsigned long, uint8_t);
    size_t printFloat(double, uint8_t);
  protected:
    void setWriteError(int err = 1) { write_error = err; }
  public:
    Print() : write_error(0) {}
    289a:	e8 e3       	ldi	r30, 0x38	; 56
    289c:	f5 e0       	ldi	r31, 0x05	; 5
    289e:	13 82       	std	Z+3, r1	; 0x03
    28a0:	12 82       	std	Z+2, r1	; 0x02
__base_ctor ():
C:\Users\advisor\AppData\Local\Arduino15\libraries\LiquidCrystal\src/LiquidCrystal.cpp:48
{
  init(1, rs, rw, enable, d0, d1, d2, d3, 0, 0, 0, 0);
}

LiquidCrystal::LiquidCrystal(uint8_t rs,  uint8_t enable,
			     uint8_t d0, uint8_t d1, uint8_t d2, uint8_t d3)
    28a2:	84 e4       	ldi	r24, 0x44	; 68
    28a4:	91 e0       	ldi	r25, 0x01	; 1
    28a6:	91 83       	std	Z+1, r25	; 0x01
    28a8:	80 83       	st	Z, r24
init():
C:\Users\advisor\AppData\Local\Arduino15\libraries\LiquidCrystal\src/LiquidCrystal.cpp:57

void LiquidCrystal::init(uint8_t fourbitmode, uint8_t rs, uint8_t rw, uint8_t enable,
			 uint8_t d0, uint8_t d1, uint8_t d2, uint8_t d3,
			 uint8_t d4, uint8_t d5, uint8_t d6, uint8_t d7)
{
  _rs_pin = rs;
    28aa:	8c e0       	ldi	r24, 0x0C	; 12
    28ac:	84 83       	std	Z+4, r24	; 0x04
C:\Users\advisor\AppData\Local\Arduino15\libraries\LiquidCrystal\src/LiquidCrystal.cpp:58
  _rw_pin = rw;
    28ae:	8f ef       	ldi	r24, 0xFF	; 255
    28b0:	85 83       	std	Z+5, r24	; 0x05
C:\Users\advisor\AppData\Local\Arduino15\libraries\LiquidCrystal\src/LiquidCrystal.cpp:59
  _enable_pin = enable;
    28b2:	8b e0       	ldi	r24, 0x0B	; 11
    28b4:	86 83       	std	Z+6, r24	; 0x06
C:\Users\advisor\AppData\Local\Arduino15\libraries\LiquidCrystal\src/LiquidCrystal.cpp:61
  
  _data_pins[0] = d0;
    28b6:	8a e0       	ldi	r24, 0x0A	; 10
    28b8:	87 83       	std	Z+7, r24	; 0x07
C:\Users\advisor\AppData\Local\Arduino15\libraries\LiquidCrystal\src/LiquidCrystal.cpp:62
  _data_pins[1] = d1;
    28ba:	89 e0       	ldi	r24, 0x09	; 9
    28bc:	80 87       	std	Z+8, r24	; 0x08
C:\Users\advisor\AppData\Local\Arduino15\libraries\LiquidCrystal\src/LiquidCrystal.cpp:63
  _data_pins[2] = d2;
    28be:	88 e0       	ldi	r24, 0x08	; 8
    28c0:	81 87       	std	Z+9, r24	; 0x09
C:\Users\advisor\AppData\Local\Arduino15\libraries\LiquidCrystal\src/LiquidCrystal.cpp:64
  _data_pins[3] = d3; 
    28c2:	87 e0       	ldi	r24, 0x07	; 7
    28c4:	82 87       	std	Z+10, r24	; 0x0a
C:\Users\advisor\AppData\Local\Arduino15\libraries\LiquidCrystal\src/LiquidCrystal.cpp:65
  _data_pins[4] = d4;
    28c6:	13 86       	std	Z+11, r1	; 0x0b
C:\Users\advisor\AppData\Local\Arduino15\libraries\LiquidCrystal\src/LiquidCrystal.cpp:66
  _data_pins[5] = d5;
    28c8:	14 86       	std	Z+12, r1	; 0x0c
C:\Users\advisor\AppData\Local\Arduino15\libraries\LiquidCrystal\src/LiquidCrystal.cpp:67
  _data_pins[6] = d6;
    28ca:	15 86       	std	Z+13, r1	; 0x0d
C:\Users\advisor\AppData\Local\Arduino15\libraries\LiquidCrystal\src/LiquidCrystal.cpp:68
  _data_pins[7] = d7; 
    28cc:	16 86       	std	Z+14, r1	; 0x0e
C:\Users\advisor\AppData\Local\Arduino15\libraries\LiquidCrystal\src/LiquidCrystal.cpp:71

  if (fourbitmode)
    _displayfunction = LCD_4BITMODE | LCD_1LINE | LCD_5x8DOTS;
    28ce:	17 86       	std	Z+15, r1	; 0x0f
C:\Users\advisor\AppData\Local\Arduino15\libraries\LiquidCrystal\src/LiquidCrystal.cpp:75
  else 
    _displayfunction = LCD_8BITMODE | LCD_1LINE | LCD_5x8DOTS;
  
  begin(16, 1);  
    28d0:	81 e0       	ldi	r24, 0x01	; 1
    28d2:	0c 94 f0 02 	jmp	0x5e0	; 0x5e0 <LiquidCrystal::begin(unsigned char, unsigned char, unsigned char) [clone .constprop.22]>

000028d6 <eeprom_read_byte>:
eeprom_read_byte():
    28d6:	f9 99       	sbic	0x1f, 1	; 31
    28d8:	fe cf       	rjmp	.-4      	; 0x28d6 <eeprom_read_byte>
    28da:	92 bd       	out	0x22, r25	; 34
    28dc:	81 bd       	out	0x21, r24	; 33
    28de:	f8 9a       	sbi	0x1f, 0	; 31
    28e0:	99 27       	eor	r25, r25
    28e2:	80 b5       	in	r24, 0x20	; 32
    28e4:	08 95       	ret

000028e6 <eeprom_write_byte>:
eeprom_write_byte():
    28e6:	26 2f       	mov	r18, r22

000028e8 <eeprom_write_r18>:
    28e8:	f9 99       	sbic	0x1f, 1	; 31
    28ea:	fe cf       	rjmp	.-4      	; 0x28e8 <eeprom_write_r18>
    28ec:	1f ba       	out	0x1f, r1	; 31
    28ee:	92 bd       	out	0x22, r25	; 34
    28f0:	81 bd       	out	0x21, r24	; 33
    28f2:	20 bd       	out	0x20, r18	; 32
    28f4:	0f b6       	in	r0, 0x3f	; 63
    28f6:	f8 94       	cli
    28f8:	fa 9a       	sbi	0x1f, 2	; 31
    28fa:	f9 9a       	sbi	0x1f, 1	; 31
    28fc:	0f be       	out	0x3f, r0	; 63
    28fe:	01 96       	adiw	r24, 0x01	; 1
    2900:	08 95       	ret

00002902 <__subsf3>:
__subsf3():
    2902:	50 58       	subi	r21, 0x80	; 128

00002904 <__addsf3>:
    2904:	bb 27       	eor	r27, r27
    2906:	aa 27       	eor	r26, r26
    2908:	0e 94 99 14 	call	0x2932	; 0x2932 <__addsf3x>
    290c:	0c 94 13 16 	jmp	0x2c26	; 0x2c26 <__fp_round>
__addsf3():
    2910:	0e 94 05 16 	call	0x2c0a	; 0x2c0a <__fp_pscA>
    2914:	38 f0       	brcs	.+14     	; 0x2924 <__addsf3+0x20>
    2916:	0e 94 0c 16 	call	0x2c18	; 0x2c18 <__fp_pscB>
    291a:	20 f0       	brcs	.+8      	; 0x2924 <__addsf3+0x20>
    291c:	39 f4       	brne	.+14     	; 0x292c <__addsf3+0x28>
    291e:	9f 3f       	cpi	r25, 0xFF	; 255
    2920:	19 f4       	brne	.+6      	; 0x2928 <__addsf3+0x24>
    2922:	26 f4       	brtc	.+8      	; 0x292c <__addsf3+0x28>
    2924:	0c 94 02 16 	jmp	0x2c04	; 0x2c04 <__fp_nan>
    2928:	0e f4       	brtc	.+2      	; 0x292c <__addsf3+0x28>
    292a:	e0 95       	com	r30
    292c:	e7 fb       	bst	r30, 7
    292e:	0c 94 fc 15 	jmp	0x2bf8	; 0x2bf8 <__fp_inf>

00002932 <__addsf3x>:
__addsf3x():
    2932:	e9 2f       	mov	r30, r25
    2934:	0e 94 24 16 	call	0x2c48	; 0x2c48 <__fp_split3>
    2938:	58 f3       	brcs	.-42     	; 0x2910 <__addsf3+0xc>
    293a:	ba 17       	cp	r27, r26
    293c:	62 07       	cpc	r22, r18
    293e:	73 07       	cpc	r23, r19
    2940:	84 07       	cpc	r24, r20
    2942:	95 07       	cpc	r25, r21
    2944:	20 f0       	brcs	.+8      	; 0x294e <__addsf3x+0x1c>
    2946:	79 f4       	brne	.+30     	; 0x2966 <__addsf3x+0x34>
    2948:	a6 f5       	brtc	.+104    	; 0x29b2 <__addsf3x+0x80>
    294a:	0c 94 46 16 	jmp	0x2c8c	; 0x2c8c <__fp_zero>
    294e:	0e f4       	brtc	.+2      	; 0x2952 <__addsf3x+0x20>
    2950:	e0 95       	com	r30
    2952:	0b 2e       	mov	r0, r27
    2954:	ba 2f       	mov	r27, r26
    2956:	a0 2d       	mov	r26, r0
    2958:	0b 01       	movw	r0, r22
    295a:	b9 01       	movw	r22, r18
    295c:	90 01       	movw	r18, r0
    295e:	0c 01       	movw	r0, r24
    2960:	ca 01       	movw	r24, r20
    2962:	a0 01       	movw	r20, r0
    2964:	11 24       	eor	r1, r1
    2966:	ff 27       	eor	r31, r31
    2968:	59 1b       	sub	r21, r25
    296a:	99 f0       	breq	.+38     	; 0x2992 <__addsf3x+0x60>
    296c:	59 3f       	cpi	r21, 0xF9	; 249
    296e:	50 f4       	brcc	.+20     	; 0x2984 <__addsf3x+0x52>
    2970:	50 3e       	cpi	r21, 0xE0	; 224
    2972:	68 f1       	brcs	.+90     	; 0x29ce <__addsf3x+0x9c>
    2974:	1a 16       	cp	r1, r26
    2976:	f0 40       	sbci	r31, 0x00	; 0
    2978:	a2 2f       	mov	r26, r18
    297a:	23 2f       	mov	r18, r19
    297c:	34 2f       	mov	r19, r20
    297e:	44 27       	eor	r20, r20
    2980:	58 5f       	subi	r21, 0xF8	; 248
    2982:	f3 cf       	rjmp	.-26     	; 0x296a <__addsf3x+0x38>
    2984:	46 95       	lsr	r20
    2986:	37 95       	ror	r19
    2988:	27 95       	ror	r18
    298a:	a7 95       	ror	r26
    298c:	f0 40       	sbci	r31, 0x00	; 0
    298e:	53 95       	inc	r21
    2990:	c9 f7       	brne	.-14     	; 0x2984 <__addsf3x+0x52>
    2992:	7e f4       	brtc	.+30     	; 0x29b2 <__addsf3x+0x80>
    2994:	1f 16       	cp	r1, r31
    2996:	ba 0b       	sbc	r27, r26
    2998:	62 0b       	sbc	r22, r18
    299a:	73 0b       	sbc	r23, r19
    299c:	84 0b       	sbc	r24, r20
    299e:	ba f0       	brmi	.+46     	; 0x29ce <__addsf3x+0x9c>
    29a0:	91 50       	subi	r25, 0x01	; 1
    29a2:	a1 f0       	breq	.+40     	; 0x29cc <__addsf3x+0x9a>
    29a4:	ff 0f       	add	r31, r31
    29a6:	bb 1f       	adc	r27, r27
    29a8:	66 1f       	adc	r22, r22
    29aa:	77 1f       	adc	r23, r23
    29ac:	88 1f       	adc	r24, r24
    29ae:	c2 f7       	brpl	.-16     	; 0x29a0 <__addsf3x+0x6e>
    29b0:	0e c0       	rjmp	.+28     	; 0x29ce <__addsf3x+0x9c>
    29b2:	ba 0f       	add	r27, r26
    29b4:	62 1f       	adc	r22, r18
    29b6:	73 1f       	adc	r23, r19
    29b8:	84 1f       	adc	r24, r20
    29ba:	48 f4       	brcc	.+18     	; 0x29ce <__addsf3x+0x9c>
    29bc:	87 95       	ror	r24
    29be:	77 95       	ror	r23
    29c0:	67 95       	ror	r22
    29c2:	b7 95       	ror	r27
    29c4:	f7 95       	ror	r31
    29c6:	9e 3f       	cpi	r25, 0xFE	; 254
    29c8:	08 f0       	brcs	.+2      	; 0x29cc <__addsf3x+0x9a>
    29ca:	b0 cf       	rjmp	.-160    	; 0x292c <__addsf3+0x28>
    29cc:	93 95       	inc	r25
    29ce:	88 0f       	add	r24, r24
    29d0:	08 f0       	brcs	.+2      	; 0x29d4 <__addsf3x+0xa2>
    29d2:	99 27       	eor	r25, r25
    29d4:	ee 0f       	add	r30, r30
    29d6:	97 95       	ror	r25
    29d8:	87 95       	ror	r24
    29da:	08 95       	ret

000029dc <__cmpsf2>:
    29dc:	0e 94 d8 15 	call	0x2bb0	; 0x2bb0 <__fp_cmp>
    29e0:	08 f4       	brcc	.+2      	; 0x29e4 <__cmpsf2+0x8>
    29e2:	81 e0       	ldi	r24, 0x01	; 1
    29e4:	08 95       	ret

000029e6 <__divsf3>:
    29e6:	0e 94 07 15 	call	0x2a0e	; 0x2a0e <__divsf3x>
    29ea:	0c 94 13 16 	jmp	0x2c26	; 0x2c26 <__fp_round>
    29ee:	0e 94 0c 16 	call	0x2c18	; 0x2c18 <__fp_pscB>
    29f2:	58 f0       	brcs	.+22     	; 0x2a0a <__divsf3+0x24>
    29f4:	0e 94 05 16 	call	0x2c0a	; 0x2c0a <__fp_pscA>
    29f8:	40 f0       	brcs	.+16     	; 0x2a0a <__divsf3+0x24>
    29fa:	29 f4       	brne	.+10     	; 0x2a06 <__divsf3+0x20>
    29fc:	5f 3f       	cpi	r21, 0xFF	; 255
__divsf3():
    29fe:	29 f0       	breq	.+10     	; 0x2a0a <__divsf3+0x24>
    2a00:	0c 94 fc 15 	jmp	0x2bf8	; 0x2bf8 <__fp_inf>
    2a04:	51 11       	cpse	r21, r1
    2a06:	0c 94 47 16 	jmp	0x2c8e	; 0x2c8e <__fp_szero>
    2a0a:	0c 94 02 16 	jmp	0x2c04	; 0x2c04 <__fp_nan>

00002a0e <__divsf3x>:
__divsf3x():
    2a0e:	0e 94 24 16 	call	0x2c48	; 0x2c48 <__fp_split3>
    2a12:	68 f3       	brcs	.-38     	; 0x29ee <__divsf3+0x8>

00002a14 <__divsf3_pse>:
    2a14:	99 23       	and	r25, r25
    2a16:	b1 f3       	breq	.-20     	; 0x2a04 <__divsf3+0x1e>
    2a18:	55 23       	and	r21, r21
    2a1a:	91 f3       	breq	.-28     	; 0x2a00 <__divsf3+0x1a>
    2a1c:	95 1b       	sub	r25, r21
    2a1e:	55 0b       	sbc	r21, r21
    2a20:	bb 27       	eor	r27, r27
    2a22:	aa 27       	eor	r26, r26
    2a24:	62 17       	cp	r22, r18
    2a26:	73 07       	cpc	r23, r19
    2a28:	84 07       	cpc	r24, r20
    2a2a:	38 f0       	brcs	.+14     	; 0x2a3a <__divsf3_pse+0x26>
    2a2c:	9f 5f       	subi	r25, 0xFF	; 255
    2a2e:	5f 4f       	sbci	r21, 0xFF	; 255
    2a30:	22 0f       	add	r18, r18
    2a32:	33 1f       	adc	r19, r19
    2a34:	44 1f       	adc	r20, r20
    2a36:	aa 1f       	adc	r26, r26
    2a38:	a9 f3       	breq	.-22     	; 0x2a24 <__divsf3_pse+0x10>
    2a3a:	35 d0       	rcall	.+106    	; 0x2aa6 <__divsf3_pse+0x92>
    2a3c:	0e 2e       	mov	r0, r30
    2a3e:	3a f0       	brmi	.+14     	; 0x2a4e <__divsf3_pse+0x3a>
    2a40:	e0 e8       	ldi	r30, 0x80	; 128
    2a42:	32 d0       	rcall	.+100    	; 0x2aa8 <__divsf3_pse+0x94>
    2a44:	91 50       	subi	r25, 0x01	; 1
    2a46:	50 40       	sbci	r21, 0x00	; 0
    2a48:	e6 95       	lsr	r30
    2a4a:	00 1c       	adc	r0, r0
    2a4c:	ca f7       	brpl	.-14     	; 0x2a40 <__divsf3_pse+0x2c>
    2a4e:	2b d0       	rcall	.+86     	; 0x2aa6 <__divsf3_pse+0x92>
    2a50:	fe 2f       	mov	r31, r30
    2a52:	29 d0       	rcall	.+82     	; 0x2aa6 <__divsf3_pse+0x92>
    2a54:	66 0f       	add	r22, r22
    2a56:	77 1f       	adc	r23, r23
    2a58:	88 1f       	adc	r24, r24
    2a5a:	bb 1f       	adc	r27, r27
    2a5c:	26 17       	cp	r18, r22
    2a5e:	37 07       	cpc	r19, r23
    2a60:	48 07       	cpc	r20, r24
    2a62:	ab 07       	cpc	r26, r27
    2a64:	b0 e8       	ldi	r27, 0x80	; 128
    2a66:	09 f0       	breq	.+2      	; 0x2a6a <__divsf3_pse+0x56>
    2a68:	bb 0b       	sbc	r27, r27
    2a6a:	80 2d       	mov	r24, r0
    2a6c:	bf 01       	movw	r22, r30
    2a6e:	ff 27       	eor	r31, r31
    2a70:	93 58       	subi	r25, 0x83	; 131
    2a72:	5f 4f       	sbci	r21, 0xFF	; 255
    2a74:	3a f0       	brmi	.+14     	; 0x2a84 <__divsf3_pse+0x70>
    2a76:	9e 3f       	cpi	r25, 0xFE	; 254
    2a78:	51 05       	cpc	r21, r1
    2a7a:	78 f0       	brcs	.+30     	; 0x2a9a <__divsf3_pse+0x86>
    2a7c:	0c 94 fc 15 	jmp	0x2bf8	; 0x2bf8 <__fp_inf>
    2a80:	0c 94 47 16 	jmp	0x2c8e	; 0x2c8e <__fp_szero>
    2a84:	5f 3f       	cpi	r21, 0xFF	; 255
    2a86:	e4 f3       	brlt	.-8      	; 0x2a80 <__divsf3_pse+0x6c>
    2a88:	98 3e       	cpi	r25, 0xE8	; 232
    2a8a:	d4 f3       	brlt	.-12     	; 0x2a80 <__divsf3_pse+0x6c>
    2a8c:	86 95       	lsr	r24
    2a8e:	77 95       	ror	r23
    2a90:	67 95       	ror	r22
    2a92:	b7 95       	ror	r27
    2a94:	f7 95       	ror	r31
    2a96:	9f 5f       	subi	r25, 0xFF	; 255
    2a98:	c9 f7       	brne	.-14     	; 0x2a8c <__divsf3_pse+0x78>
    2a9a:	88 0f       	add	r24, r24
    2a9c:	91 1d       	adc	r25, r1
    2a9e:	96 95       	lsr	r25
    2aa0:	87 95       	ror	r24
    2aa2:	97 f9       	bld	r25, 7
    2aa4:	08 95       	ret
    2aa6:	e1 e0       	ldi	r30, 0x01	; 1
    2aa8:	66 0f       	add	r22, r22
    2aaa:	77 1f       	adc	r23, r23
    2aac:	88 1f       	adc	r24, r24
    2aae:	bb 1f       	adc	r27, r27
    2ab0:	62 17       	cp	r22, r18
    2ab2:	73 07       	cpc	r23, r19
    2ab4:	84 07       	cpc	r24, r20
    2ab6:	ba 07       	cpc	r27, r26
    2ab8:	20 f0       	brcs	.+8      	; 0x2ac2 <__divsf3_pse+0xae>
    2aba:	62 1b       	sub	r22, r18
    2abc:	73 0b       	sbc	r23, r19
    2abe:	84 0b       	sbc	r24, r20
    2ac0:	ba 0b       	sbc	r27, r26
    2ac2:	ee 1f       	adc	r30, r30
    2ac4:	88 f7       	brcc	.-30     	; 0x2aa8 <__divsf3_pse+0x94>
    2ac6:	e0 95       	com	r30
    2ac8:	08 95       	ret

00002aca <__fixsfsi>:
    2aca:	0e 94 6c 15 	call	0x2ad8	; 0x2ad8 <__fixunssfsi>
    2ace:	68 94       	set
    2ad0:	b1 11       	cpse	r27, r1
    2ad2:	0c 94 47 16 	jmp	0x2c8e	; 0x2c8e <__fp_szero>
    2ad6:	08 95       	ret

00002ad8 <__fixunssfsi>:
    2ad8:	0e 94 2c 16 	call	0x2c58	; 0x2c58 <__fp_splitA>
    2adc:	88 f0       	brcs	.+34     	; 0x2b00 <__fixunssfsi+0x28>
    2ade:	9f 57       	subi	r25, 0x7F	; 127
    2ae0:	98 f0       	brcs	.+38     	; 0x2b08 <__fixunssfsi+0x30>
    2ae2:	b9 2f       	mov	r27, r25
    2ae4:	99 27       	eor	r25, r25
    2ae6:	b7 51       	subi	r27, 0x17	; 23
    2ae8:	b0 f0       	brcs	.+44     	; 0x2b16 <__fixunssfsi+0x3e>
__fixunssfsi():
    2aea:	e1 f0       	breq	.+56     	; 0x2b24 <__fixunssfsi+0x4c>
    2aec:	66 0f       	add	r22, r22
    2aee:	77 1f       	adc	r23, r23
    2af0:	88 1f       	adc	r24, r24
    2af2:	99 1f       	adc	r25, r25
    2af4:	1a f0       	brmi	.+6      	; 0x2afc <__fixunssfsi+0x24>
    2af6:	ba 95       	dec	r27
    2af8:	c9 f7       	brne	.-14     	; 0x2aec <__fixunssfsi+0x14>
    2afa:	14 c0       	rjmp	.+40     	; 0x2b24 <__fixunssfsi+0x4c>
    2afc:	b1 30       	cpi	r27, 0x01	; 1
    2afe:	91 f0       	breq	.+36     	; 0x2b24 <__fixunssfsi+0x4c>
    2b00:	0e 94 46 16 	call	0x2c8c	; 0x2c8c <__fp_zero>
    2b04:	b1 e0       	ldi	r27, 0x01	; 1
    2b06:	08 95       	ret
    2b08:	0c 94 46 16 	jmp	0x2c8c	; 0x2c8c <__fp_zero>
    2b0c:	67 2f       	mov	r22, r23
    2b0e:	78 2f       	mov	r23, r24
    2b10:	88 27       	eor	r24, r24
    2b12:	b8 5f       	subi	r27, 0xF8	; 248
    2b14:	39 f0       	breq	.+14     	; 0x2b24 <__fixunssfsi+0x4c>
    2b16:	b9 3f       	cpi	r27, 0xF9	; 249
    2b18:	cc f3       	brlt	.-14     	; 0x2b0c <__fixunssfsi+0x34>
    2b1a:	86 95       	lsr	r24
    2b1c:	77 95       	ror	r23
    2b1e:	67 95       	ror	r22
    2b20:	b3 95       	inc	r27
    2b22:	d9 f7       	brne	.-10     	; 0x2b1a <__fixunssfsi+0x42>
    2b24:	3e f4       	brtc	.+14     	; 0x2b34 <__fixunssfsi+0x5c>
    2b26:	90 95       	com	r25
    2b28:	80 95       	com	r24
    2b2a:	70 95       	com	r23
    2b2c:	61 95       	neg	r22
    2b2e:	7f 4f       	sbci	r23, 0xFF	; 255
    2b30:	8f 4f       	sbci	r24, 0xFF	; 255
    2b32:	9f 4f       	sbci	r25, 0xFF	; 255
    2b34:	08 95       	ret

00002b36 <__floatunsisf>:
__floatunsisf():
    2b36:	e8 94       	clt
    2b38:	09 c0       	rjmp	.+18     	; 0x2b4c <__floatsisf+0x12>

00002b3a <__floatsisf>:
    2b3a:	97 fb       	bst	r25, 7
    2b3c:	3e f4       	brtc	.+14     	; 0x2b4c <__floatsisf+0x12>
    2b3e:	90 95       	com	r25
    2b40:	80 95       	com	r24
    2b42:	70 95       	com	r23
    2b44:	61 95       	neg	r22
    2b46:	7f 4f       	sbci	r23, 0xFF	; 255
    2b48:	8f 4f       	sbci	r24, 0xFF	; 255
    2b4a:	9f 4f       	sbci	r25, 0xFF	; 255
    2b4c:	99 23       	and	r25, r25
    2b4e:	a9 f0       	breq	.+42     	; 0x2b7a <__floatsisf+0x40>
    2b50:	f9 2f       	mov	r31, r25
    2b52:	96 e9       	ldi	r25, 0x96	; 150
    2b54:	bb 27       	eor	r27, r27
    2b56:	93 95       	inc	r25
    2b58:	f6 95       	lsr	r31
    2b5a:	87 95       	ror	r24
    2b5c:	77 95       	ror	r23
    2b5e:	67 95       	ror	r22
    2b60:	b7 95       	ror	r27
    2b62:	f1 11       	cpse	r31, r1
    2b64:	f8 cf       	rjmp	.-16     	; 0x2b56 <__floatsisf+0x1c>
    2b66:	fa f4       	brpl	.+62     	; 0x2ba6 <__floatsisf+0x6c>
    2b68:	bb 0f       	add	r27, r27
    2b6a:	11 f4       	brne	.+4      	; 0x2b70 <__floatsisf+0x36>
    2b6c:	60 ff       	sbrs	r22, 0
    2b6e:	1b c0       	rjmp	.+54     	; 0x2ba6 <__floatsisf+0x6c>
    2b70:	6f 5f       	subi	r22, 0xFF	; 255
    2b72:	7f 4f       	sbci	r23, 0xFF	; 255
    2b74:	8f 4f       	sbci	r24, 0xFF	; 255
    2b76:	9f 4f       	sbci	r25, 0xFF	; 255
    2b78:	16 c0       	rjmp	.+44     	; 0x2ba6 <__floatsisf+0x6c>
    2b7a:	88 23       	and	r24, r24
    2b7c:	11 f0       	breq	.+4      	; 0x2b82 <__floatsisf+0x48>
    2b7e:	96 e9       	ldi	r25, 0x96	; 150
    2b80:	11 c0       	rjmp	.+34     	; 0x2ba4 <__floatsisf+0x6a>
    2b82:	77 23       	and	r23, r23
    2b84:	21 f0       	breq	.+8      	; 0x2b8e <__floatsisf+0x54>
    2b86:	9e e8       	ldi	r25, 0x8E	; 142
    2b88:	87 2f       	mov	r24, r23
    2b8a:	76 2f       	mov	r23, r22
    2b8c:	05 c0       	rjmp	.+10     	; 0x2b98 <__floatsisf+0x5e>
    2b8e:	66 23       	and	r22, r22
    2b90:	71 f0       	breq	.+28     	; 0x2bae <__floatsisf+0x74>
    2b92:	96 e8       	ldi	r25, 0x86	; 134
    2b94:	86 2f       	mov	r24, r22
    2b96:	70 e0       	ldi	r23, 0x00	; 0
    2b98:	60 e0       	ldi	r22, 0x00	; 0
    2b9a:	2a f0       	brmi	.+10     	; 0x2ba6 <__floatsisf+0x6c>
    2b9c:	9a 95       	dec	r25
    2b9e:	66 0f       	add	r22, r22
    2ba0:	77 1f       	adc	r23, r23
    2ba2:	88 1f       	adc	r24, r24
    2ba4:	da f7       	brpl	.-10     	; 0x2b9c <__floatsisf+0x62>
    2ba6:	88 0f       	add	r24, r24
    2ba8:	96 95       	lsr	r25
    2baa:	87 95       	ror	r24
    2bac:	97 f9       	bld	r25, 7
    2bae:	08 95       	ret

00002bb0 <__fp_cmp>:
__fp_cmp():
    2bb0:	99 0f       	add	r25, r25
    2bb2:	00 08       	sbc	r0, r0
    2bb4:	55 0f       	add	r21, r21
    2bb6:	aa 0b       	sbc	r26, r26
    2bb8:	e0 e8       	ldi	r30, 0x80	; 128
    2bba:	fe ef       	ldi	r31, 0xFE	; 254
    2bbc:	16 16       	cp	r1, r22
    2bbe:	17 06       	cpc	r1, r23
    2bc0:	e8 07       	cpc	r30, r24
    2bc2:	f9 07       	cpc	r31, r25
    2bc4:	c0 f0       	brcs	.+48     	; 0x2bf6 <__fp_cmp+0x46>
    2bc6:	12 16       	cp	r1, r18
    2bc8:	13 06       	cpc	r1, r19
    2bca:	e4 07       	cpc	r30, r20
    2bcc:	f5 07       	cpc	r31, r21
    2bce:	98 f0       	brcs	.+38     	; 0x2bf6 <__fp_cmp+0x46>
    2bd0:	62 1b       	sub	r22, r18
    2bd2:	73 0b       	sbc	r23, r19
    2bd4:	84 0b       	sbc	r24, r20
    2bd6:	95 0b       	sbc	r25, r21
    2bd8:	39 f4       	brne	.+14     	; 0x2be8 <__fp_cmp+0x38>
    2bda:	0a 26       	eor	r0, r26
    2bdc:	61 f0       	breq	.+24     	; 0x2bf6 <__fp_cmp+0x46>
    2bde:	23 2b       	or	r18, r19
    2be0:	24 2b       	or	r18, r20
    2be2:	25 2b       	or	r18, r21
    2be4:	21 f4       	brne	.+8      	; 0x2bee <__fp_cmp+0x3e>
    2be6:	08 95       	ret
    2be8:	0a 26       	eor	r0, r26
    2bea:	09 f4       	brne	.+2      	; 0x2bee <__fp_cmp+0x3e>
    2bec:	a1 40       	sbci	r26, 0x01	; 1
    2bee:	a6 95       	lsr	r26
    2bf0:	8f ef       	ldi	r24, 0xFF	; 255
    2bf2:	81 1d       	adc	r24, r1
    2bf4:	81 1d       	adc	r24, r1
    2bf6:	08 95       	ret

00002bf8 <__fp_inf>:
__fp_inf():
    2bf8:	97 f9       	bld	r25, 7
    2bfa:	9f 67       	ori	r25, 0x7F	; 127
    2bfc:	80 e8       	ldi	r24, 0x80	; 128
    2bfe:	70 e0       	ldi	r23, 0x00	; 0
    2c00:	60 e0       	ldi	r22, 0x00	; 0
    2c02:	08 95       	ret

00002c04 <__fp_nan>:
__fp_nan():
    2c04:	9f ef       	ldi	r25, 0xFF	; 255
    2c06:	80 ec       	ldi	r24, 0xC0	; 192
    2c08:	08 95       	ret

00002c0a <__fp_pscA>:
__fp_pscA():
    2c0a:	00 24       	eor	r0, r0
    2c0c:	0a 94       	dec	r0
    2c0e:	16 16       	cp	r1, r22
    2c10:	17 06       	cpc	r1, r23
    2c12:	18 06       	cpc	r1, r24
    2c14:	09 06       	cpc	r0, r25
    2c16:	08 95       	ret

00002c18 <__fp_pscB>:
__fp_pscB():
    2c18:	00 24       	eor	r0, r0
    2c1a:	0a 94       	dec	r0
    2c1c:	12 16       	cp	r1, r18
    2c1e:	13 06       	cpc	r1, r19
    2c20:	14 06       	cpc	r1, r20
    2c22:	05 06       	cpc	r0, r21
    2c24:	08 95       	ret

00002c26 <__fp_round>:
__fp_round():
    2c26:	09 2e       	mov	r0, r25
    2c28:	03 94       	inc	r0
    2c2a:	00 0c       	add	r0, r0
    2c2c:	11 f4       	brne	.+4      	; 0x2c32 <__fp_round+0xc>
    2c2e:	88 23       	and	r24, r24
    2c30:	52 f0       	brmi	.+20     	; 0x2c46 <__fp_round+0x20>
    2c32:	bb 0f       	add	r27, r27
    2c34:	40 f4       	brcc	.+16     	; 0x2c46 <__fp_round+0x20>
    2c36:	bf 2b       	or	r27, r31
    2c38:	11 f4       	brne	.+4      	; 0x2c3e <__fp_round+0x18>
    2c3a:	60 ff       	sbrs	r22, 0
    2c3c:	04 c0       	rjmp	.+8      	; 0x2c46 <__fp_round+0x20>
    2c3e:	6f 5f       	subi	r22, 0xFF	; 255
    2c40:	7f 4f       	sbci	r23, 0xFF	; 255
    2c42:	8f 4f       	sbci	r24, 0xFF	; 255
    2c44:	9f 4f       	sbci	r25, 0xFF	; 255
    2c46:	08 95       	ret

00002c48 <__fp_split3>:
__fp_split3():
    2c48:	57 fd       	sbrc	r21, 7
    2c4a:	90 58       	subi	r25, 0x80	; 128
    2c4c:	44 0f       	add	r20, r20
    2c4e:	55 1f       	adc	r21, r21
    2c50:	59 f0       	breq	.+22     	; 0x2c68 <__fp_splitA+0x10>
    2c52:	5f 3f       	cpi	r21, 0xFF	; 255
    2c54:	71 f0       	breq	.+28     	; 0x2c72 <__fp_splitA+0x1a>
    2c56:	47 95       	ror	r20

00002c58 <__fp_splitA>:
    2c58:	88 0f       	add	r24, r24
    2c5a:	97 fb       	bst	r25, 7
    2c5c:	99 1f       	adc	r25, r25
    2c5e:	61 f0       	breq	.+24     	; 0x2c78 <__fp_splitA+0x20>
    2c60:	9f 3f       	cpi	r25, 0xFF	; 255
    2c62:	79 f0       	breq	.+30     	; 0x2c82 <__fp_splitA+0x2a>
    2c64:	87 95       	ror	r24
    2c66:	08 95       	ret
    2c68:	12 16       	cp	r1, r18
    2c6a:	13 06       	cpc	r1, r19
    2c6c:	14 06       	cpc	r1, r20
    2c6e:	55 1f       	adc	r21, r21
    2c70:	f2 cf       	rjmp	.-28     	; 0x2c56 <__fp_split3+0xe>
    2c72:	46 95       	lsr	r20
    2c74:	f1 df       	rcall	.-30     	; 0x2c58 <__fp_splitA>
    2c76:	08 c0       	rjmp	.+16     	; 0x2c88 <__fp_splitA+0x30>
    2c78:	16 16       	cp	r1, r22
    2c7a:	17 06       	cpc	r1, r23
    2c7c:	18 06       	cpc	r1, r24
    2c7e:	99 1f       	adc	r25, r25
    2c80:	f1 cf       	rjmp	.-30     	; 0x2c64 <__fp_splitA+0xc>
    2c82:	86 95       	lsr	r24
    2c84:	71 05       	cpc	r23, r1
    2c86:	61 05       	cpc	r22, r1
    2c88:	08 94       	sec
    2c8a:	08 95       	ret

00002c8c <__fp_zero>:
__fp_zero():
    2c8c:	e8 94       	clt

00002c8e <__fp_szero>:
    2c8e:	bb 27       	eor	r27, r27
    2c90:	66 27       	eor	r22, r22
    2c92:	77 27       	eor	r23, r23
    2c94:	cb 01       	movw	r24, r22
    2c96:	97 f9       	bld	r25, 7
    2c98:	08 95       	ret

00002c9a <__gesf2>:
__gesf2():
    2c9a:	0e 94 d8 15 	call	0x2bb0	; 0x2bb0 <__fp_cmp>
    2c9e:	08 f4       	brcc	.+2      	; 0x2ca2 <__gesf2+0x8>
    2ca0:	8f ef       	ldi	r24, 0xFF	; 255
    2ca2:	08 95       	ret
    2ca4:	16 f0       	brts	.+4      	; 0x2caa <__gesf2+0x10>
    2ca6:	0c 94 14 17 	jmp	0x2e28	; 0x2e28 <__fp_mpack>
    2caa:	0c 94 02 16 	jmp	0x2c04	; 0x2c04 <__fp_nan>
    2cae:	68 94       	set
    2cb0:	0c 94 fc 15 	jmp	0x2bf8	; 0x2bf8 <__fp_inf>

00002cb4 <log>:
log():
    2cb4:	0e 94 2c 16 	call	0x2c58	; 0x2c58 <__fp_splitA>
    2cb8:	a8 f3       	brcs	.-22     	; 0x2ca4 <__gesf2+0xa>
    2cba:	99 23       	and	r25, r25
    2cbc:	c1 f3       	breq	.-16     	; 0x2cae <__gesf2+0x14>
    2cbe:	ae f3       	brts	.-22     	; 0x2caa <__gesf2+0x10>
    2cc0:	df 93       	push	r29
    2cc2:	cf 93       	push	r28
    2cc4:	1f 93       	push	r17
    2cc6:	0f 93       	push	r16
    2cc8:	ff 92       	push	r15
    2cca:	c9 2f       	mov	r28, r25
    2ccc:	dd 27       	eor	r29, r29
    2cce:	88 23       	and	r24, r24
    2cd0:	2a f0       	brmi	.+10     	; 0x2cdc <log+0x28>
    2cd2:	21 97       	sbiw	r28, 0x01	; 1
    2cd4:	66 0f       	add	r22, r22
    2cd6:	77 1f       	adc	r23, r23
    2cd8:	88 1f       	adc	r24, r24
    2cda:	da f7       	brpl	.-10     	; 0x2cd2 <log+0x1e>
    2cdc:	20 e0       	ldi	r18, 0x00	; 0
    2cde:	30 e0       	ldi	r19, 0x00	; 0
    2ce0:	40 e8       	ldi	r20, 0x80	; 128
    2ce2:	5f eb       	ldi	r21, 0xBF	; 191
    2ce4:	9f e3       	ldi	r25, 0x3F	; 63
    2ce6:	88 39       	cpi	r24, 0x98	; 152
    2ce8:	20 f0       	brcs	.+8      	; 0x2cf2 <log+0x3e>
    2cea:	80 3e       	cpi	r24, 0xE0	; 224
    2cec:	38 f0       	brcs	.+14     	; 0x2cfc <log+0x48>
    2cee:	21 96       	adiw	r28, 0x01	; 1
    2cf0:	8f 77       	andi	r24, 0x7F	; 127
    2cf2:	0e 94 82 14 	call	0x2904	; 0x2904 <__addsf3>
    2cf6:	e8 e6       	ldi	r30, 0x68	; 104
    2cf8:	f0 e0       	ldi	r31, 0x00	; 0
    2cfa:	04 c0       	rjmp	.+8      	; 0x2d04 <log+0x50>
    2cfc:	0e 94 82 14 	call	0x2904	; 0x2904 <__addsf3>
    2d00:	e5 e9       	ldi	r30, 0x95	; 149
    2d02:	f0 e0       	ldi	r31, 0x00	; 0
    2d04:	0e 94 22 17 	call	0x2e44	; 0x2e44 <__fp_powser>
    2d08:	8b 01       	movw	r16, r22
    2d0a:	be 01       	movw	r22, r28
    2d0c:	ec 01       	movw	r28, r24
    2d0e:	fb 2e       	mov	r15, r27
    2d10:	6f 57       	subi	r22, 0x7F	; 127
    2d12:	71 09       	sbc	r23, r1
    2d14:	75 95       	asr	r23
    2d16:	77 1f       	adc	r23, r23
    2d18:	88 0b       	sbc	r24, r24
    2d1a:	99 0b       	sbc	r25, r25
    2d1c:	0e 94 9d 15 	call	0x2b3a	; 0x2b3a <__floatsisf>
    2d20:	28 e1       	ldi	r18, 0x18	; 24
    2d22:	32 e7       	ldi	r19, 0x72	; 114
    2d24:	41 e3       	ldi	r20, 0x31	; 49
    2d26:	5f e3       	ldi	r21, 0x3F	; 63
    2d28:	0e 94 b5 16 	call	0x2d6a	; 0x2d6a <__mulsf3x>
    2d2c:	af 2d       	mov	r26, r15
    2d2e:	98 01       	movw	r18, r16
    2d30:	ae 01       	movw	r20, r28
    2d32:	ff 90       	pop	r15
    2d34:	0f 91       	pop	r16
    2d36:	1f 91       	pop	r17
    2d38:	cf 91       	pop	r28
    2d3a:	df 91       	pop	r29
    2d3c:	0e 94 99 14 	call	0x2932	; 0x2932 <__addsf3x>
    2d40:	0c 94 13 16 	jmp	0x2c26	; 0x2c26 <__fp_round>

00002d44 <__mulsf3>:
    2d44:	0e 94 b5 16 	call	0x2d6a	; 0x2d6a <__mulsf3x>
    2d48:	0c 94 13 16 	jmp	0x2c26	; 0x2c26 <__fp_round>
    2d4c:	0e 94 05 16 	call	0x2c0a	; 0x2c0a <__fp_pscA>
    2d50:	38 f0       	brcs	.+14     	; 0x2d60 <__mulsf3+0x1c>
    2d52:	0e 94 0c 16 	call	0x2c18	; 0x2c18 <__fp_pscB>
__mulsf3():
    2d56:	20 f0       	brcs	.+8      	; 0x2d60 <__mulsf3+0x1c>
    2d58:	95 23       	and	r25, r21
    2d5a:	11 f0       	breq	.+4      	; 0x2d60 <__mulsf3+0x1c>
    2d5c:	0c 94 fc 15 	jmp	0x2bf8	; 0x2bf8 <__fp_inf>
    2d60:	0c 94 02 16 	jmp	0x2c04	; 0x2c04 <__fp_nan>
    2d64:	11 24       	eor	r1, r1
    2d66:	0c 94 47 16 	jmp	0x2c8e	; 0x2c8e <__fp_szero>

00002d6a <__mulsf3x>:
__mulsf3x():
    2d6a:	0e 94 24 16 	call	0x2c48	; 0x2c48 <__fp_split3>
    2d6e:	70 f3       	brcs	.-36     	; 0x2d4c <__mulsf3+0x8>

00002d70 <__mulsf3_pse>:
    2d70:	95 9f       	mul	r25, r21
    2d72:	c1 f3       	breq	.-16     	; 0x2d64 <__mulsf3+0x20>
    2d74:	95 0f       	add	r25, r21
    2d76:	50 e0       	ldi	r21, 0x00	; 0
    2d78:	55 1f       	adc	r21, r21
    2d7a:	62 9f       	mul	r22, r18
    2d7c:	f0 01       	movw	r30, r0
    2d7e:	72 9f       	mul	r23, r18
    2d80:	bb 27       	eor	r27, r27
    2d82:	f0 0d       	add	r31, r0
    2d84:	b1 1d       	adc	r27, r1
    2d86:	63 9f       	mul	r22, r19
    2d88:	aa 27       	eor	r26, r26
    2d8a:	f0 0d       	add	r31, r0
    2d8c:	b1 1d       	adc	r27, r1
    2d8e:	aa 1f       	adc	r26, r26
    2d90:	64 9f       	mul	r22, r20
    2d92:	66 27       	eor	r22, r22
    2d94:	b0 0d       	add	r27, r0
    2d96:	a1 1d       	adc	r26, r1
    2d98:	66 1f       	adc	r22, r22
    2d9a:	82 9f       	mul	r24, r18
    2d9c:	22 27       	eor	r18, r18
    2d9e:	b0 0d       	add	r27, r0
    2da0:	a1 1d       	adc	r26, r1
    2da2:	62 1f       	adc	r22, r18
    2da4:	73 9f       	mul	r23, r19
    2da6:	b0 0d       	add	r27, r0
    2da8:	a1 1d       	adc	r26, r1
    2daa:	62 1f       	adc	r22, r18
    2dac:	83 9f       	mul	r24, r19
    2dae:	a0 0d       	add	r26, r0
    2db0:	61 1d       	adc	r22, r1
    2db2:	22 1f       	adc	r18, r18
    2db4:	74 9f       	mul	r23, r20
    2db6:	33 27       	eor	r19, r19
    2db8:	a0 0d       	add	r26, r0
    2dba:	61 1d       	adc	r22, r1
    2dbc:	23 1f       	adc	r18, r19
    2dbe:	84 9f       	mul	r24, r20
    2dc0:	60 0d       	add	r22, r0
    2dc2:	21 1d       	adc	r18, r1
    2dc4:	82 2f       	mov	r24, r18
    2dc6:	76 2f       	mov	r23, r22
    2dc8:	6a 2f       	mov	r22, r26
    2dca:	11 24       	eor	r1, r1
    2dcc:	9f 57       	subi	r25, 0x7F	; 127
    2dce:	50 40       	sbci	r21, 0x00	; 0
    2dd0:	9a f0       	brmi	.+38     	; 0x2df8 <__mulsf3_pse+0x88>
    2dd2:	f1 f0       	breq	.+60     	; 0x2e10 <__mulsf3_pse+0xa0>
    2dd4:	88 23       	and	r24, r24
    2dd6:	4a f0       	brmi	.+18     	; 0x2dea <__mulsf3_pse+0x7a>
    2dd8:	ee 0f       	add	r30, r30
    2dda:	ff 1f       	adc	r31, r31
    2ddc:	bb 1f       	adc	r27, r27
    2dde:	66 1f       	adc	r22, r22
    2de0:	77 1f       	adc	r23, r23
    2de2:	88 1f       	adc	r24, r24
    2de4:	91 50       	subi	r25, 0x01	; 1
    2de6:	50 40       	sbci	r21, 0x00	; 0
    2de8:	a9 f7       	brne	.-22     	; 0x2dd4 <__mulsf3_pse+0x64>
    2dea:	9e 3f       	cpi	r25, 0xFE	; 254
    2dec:	51 05       	cpc	r21, r1
    2dee:	80 f0       	brcs	.+32     	; 0x2e10 <__mulsf3_pse+0xa0>
    2df0:	0c 94 fc 15 	jmp	0x2bf8	; 0x2bf8 <__fp_inf>
    2df4:	0c 94 47 16 	jmp	0x2c8e	; 0x2c8e <__fp_szero>
    2df8:	5f 3f       	cpi	r21, 0xFF	; 255
    2dfa:	e4 f3       	brlt	.-8      	; 0x2df4 <__mulsf3_pse+0x84>
    2dfc:	98 3e       	cpi	r25, 0xE8	; 232
    2dfe:	d4 f3       	brlt	.-12     	; 0x2df4 <__mulsf3_pse+0x84>
    2e00:	86 95       	lsr	r24
    2e02:	77 95       	ror	r23
    2e04:	67 95       	ror	r22
    2e06:	b7 95       	ror	r27
    2e08:	f7 95       	ror	r31
    2e0a:	e7 95       	ror	r30
    2e0c:	9f 5f       	subi	r25, 0xFF	; 255
    2e0e:	c1 f7       	brne	.-16     	; 0x2e00 <__mulsf3_pse+0x90>
    2e10:	fe 2b       	or	r31, r30
    2e12:	88 0f       	add	r24, r24
    2e14:	91 1d       	adc	r25, r1
    2e16:	96 95       	lsr	r25
    2e18:	87 95       	ror	r24
    2e1a:	97 f9       	bld	r25, 7
    2e1c:	08 95       	ret

00002e1e <__unordsf2>:
    2e1e:	0e 94 d8 15 	call	0x2bb0	; 0x2bb0 <__fp_cmp>
    2e22:	88 0b       	sbc	r24, r24
    2e24:	99 0b       	sbc	r25, r25
    2e26:	08 95       	ret

00002e28 <__fp_mpack>:
    2e28:	9f 3f       	cpi	r25, 0xFF	; 255
    2e2a:	31 f0       	breq	.+12     	; 0x2e38 <__fp_mpack_finite+0xc>

00002e2c <__fp_mpack_finite>:
    2e2c:	91 50       	subi	r25, 0x01	; 1
    2e2e:	20 f4       	brcc	.+8      	; 0x2e38 <__fp_mpack_finite+0xc>
    2e30:	87 95       	ror	r24
    2e32:	77 95       	ror	r23
    2e34:	67 95       	ror	r22
    2e36:	b7 95       	ror	r27
    2e38:	88 0f       	add	r24, r24
    2e3a:	91 1d       	adc	r25, r1
__fp_mpack_finite():
    2e3c:	96 95       	lsr	r25
    2e3e:	87 95       	ror	r24
    2e40:	97 f9       	bld	r25, 7
    2e42:	08 95       	ret

00002e44 <__fp_powser>:
__fp_powser():
    2e44:	df 93       	push	r29
    2e46:	cf 93       	push	r28
    2e48:	1f 93       	push	r17
    2e4a:	0f 93       	push	r16
    2e4c:	ff 92       	push	r15
    2e4e:	ef 92       	push	r14
    2e50:	df 92       	push	r13
    2e52:	7b 01       	movw	r14, r22
    2e54:	8c 01       	movw	r16, r24
    2e56:	68 94       	set
    2e58:	06 c0       	rjmp	.+12     	; 0x2e66 <__fp_powser+0x22>
    2e5a:	da 2e       	mov	r13, r26
    2e5c:	ef 01       	movw	r28, r30
    2e5e:	0e 94 b5 16 	call	0x2d6a	; 0x2d6a <__mulsf3x>
    2e62:	fe 01       	movw	r30, r28
    2e64:	e8 94       	clt
    2e66:	a5 91       	lpm	r26, Z+
    2e68:	25 91       	lpm	r18, Z+
    2e6a:	35 91       	lpm	r19, Z+
    2e6c:	45 91       	lpm	r20, Z+
    2e6e:	55 91       	lpm	r21, Z+
    2e70:	a6 f3       	brts	.-24     	; 0x2e5a <__fp_powser+0x16>
    2e72:	ef 01       	movw	r28, r30
    2e74:	0e 94 99 14 	call	0x2932	; 0x2932 <__addsf3x>
    2e78:	fe 01       	movw	r30, r28
    2e7a:	97 01       	movw	r18, r14
    2e7c:	a8 01       	movw	r20, r16
    2e7e:	da 94       	dec	r13
    2e80:	69 f7       	brne	.-38     	; 0x2e5c <__fp_powser+0x18>
    2e82:	df 90       	pop	r13
    2e84:	ef 90       	pop	r14
    2e86:	ff 90       	pop	r15
    2e88:	0f 91       	pop	r16
    2e8a:	1f 91       	pop	r17
    2e8c:	cf 91       	pop	r28
    2e8e:	df 91       	pop	r29
    2e90:	08 95       	ret

00002e92 <__udivmodsi4>:
__udivmodsi4():
/home/jenkins-mingw32/workspace/avr-gcc-staging/label/Ubuntu14.04x64-mingw32/gcc-build/avr/avr5/libgcc/../../../../gcc/libgcc/config/avr/lib1funcs.S:1638
    2e92:	a1 e2       	ldi	r26, 0x21	; 33
/home/jenkins-mingw32/workspace/avr-gcc-staging/label/Ubuntu14.04x64-mingw32/gcc-build/avr/avr5/libgcc/../../../../gcc/libgcc/config/avr/lib1funcs.S:1639
    2e94:	1a 2e       	mov	r1, r26
/home/jenkins-mingw32/workspace/avr-gcc-staging/label/Ubuntu14.04x64-mingw32/gcc-build/avr/avr5/libgcc/../../../../gcc/libgcc/config/avr/lib1funcs.S:1640
    2e96:	aa 1b       	sub	r26, r26
/home/jenkins-mingw32/workspace/avr-gcc-staging/label/Ubuntu14.04x64-mingw32/gcc-build/avr/avr5/libgcc/../../../../gcc/libgcc/config/avr/lib1funcs.S:1641
    2e98:	bb 1b       	sub	r27, r27
/home/jenkins-mingw32/workspace/avr-gcc-staging/label/Ubuntu14.04x64-mingw32/gcc-build/avr/avr5/libgcc/../../../../gcc/libgcc/config/avr/lib1funcs.S:1642
    2e9a:	fd 01       	movw	r30, r26
/home/jenkins-mingw32/workspace/avr-gcc-staging/label/Ubuntu14.04x64-mingw32/gcc-build/avr/avr5/libgcc/../../../../gcc/libgcc/config/avr/lib1funcs.S:1644
    2e9c:	0d c0       	rjmp	.+26     	; 0x2eb8 <__udivmodsi4_ep>

00002e9e <__udivmodsi4_loop>:
/home/jenkins-mingw32/workspace/avr-gcc-staging/label/Ubuntu14.04x64-mingw32/gcc-build/avr/avr5/libgcc/../../../../gcc/libgcc/config/avr/lib1funcs.S:1646
    2e9e:	aa 1f       	adc	r26, r26
/home/jenkins-mingw32/workspace/avr-gcc-staging/label/Ubuntu14.04x64-mingw32/gcc-build/avr/avr5/libgcc/../../../../gcc/libgcc/config/avr/lib1funcs.S:1647
    2ea0:	bb 1f       	adc	r27, r27
/home/jenkins-mingw32/workspace/avr-gcc-staging/label/Ubuntu14.04x64-mingw32/gcc-build/avr/avr5/libgcc/../../../../gcc/libgcc/config/avr/lib1funcs.S:1648
    2ea2:	ee 1f       	adc	r30, r30
/home/jenkins-mingw32/workspace/avr-gcc-staging/label/Ubuntu14.04x64-mingw32/gcc-build/avr/avr5/libgcc/../../../../gcc/libgcc/config/avr/lib1funcs.S:1649
    2ea4:	ff 1f       	adc	r31, r31
/home/jenkins-mingw32/workspace/avr-gcc-staging/label/Ubuntu14.04x64-mingw32/gcc-build/avr/avr5/libgcc/../../../../gcc/libgcc/config/avr/lib1funcs.S:1650
    2ea6:	a2 17       	cp	r26, r18
/home/jenkins-mingw32/workspace/avr-gcc-staging/label/Ubuntu14.04x64-mingw32/gcc-build/avr/avr5/libgcc/../../../../gcc/libgcc/config/avr/lib1funcs.S:1651
    2ea8:	b3 07       	cpc	r27, r19
/home/jenkins-mingw32/workspace/avr-gcc-staging/label/Ubuntu14.04x64-mingw32/gcc-build/avr/avr5/libgcc/../../../../gcc/libgcc/config/avr/lib1funcs.S:1652
    2eaa:	e4 07       	cpc	r30, r20
/home/jenkins-mingw32/workspace/avr-gcc-staging/label/Ubuntu14.04x64-mingw32/gcc-build/avr/avr5/libgcc/../../../../gcc/libgcc/config/avr/lib1funcs.S:1653
    2eac:	f5 07       	cpc	r31, r21
/home/jenkins-mingw32/workspace/avr-gcc-staging/label/Ubuntu14.04x64-mingw32/gcc-build/avr/avr5/libgcc/../../../../gcc/libgcc/config/avr/lib1funcs.S:1654
    2eae:	20 f0       	brcs	.+8      	; 0x2eb8 <__udivmodsi4_ep>
/home/jenkins-mingw32/workspace/avr-gcc-staging/label/Ubuntu14.04x64-mingw32/gcc-build/avr/avr5/libgcc/../../../../gcc/libgcc/config/avr/lib1funcs.S:1655
    2eb0:	a2 1b       	sub	r26, r18
/home/jenkins-mingw32/workspace/avr-gcc-staging/label/Ubuntu14.04x64-mingw32/gcc-build/avr/avr5/libgcc/../../../../gcc/libgcc/config/avr/lib1funcs.S:1656
    2eb2:	b3 0b       	sbc	r27, r19
/home/jenkins-mingw32/workspace/avr-gcc-staging/label/Ubuntu14.04x64-mingw32/gcc-build/avr/avr5/libgcc/../../../../gcc/libgcc/config/avr/lib1funcs.S:1657
    2eb4:	e4 0b       	sbc	r30, r20
/home/jenkins-mingw32/workspace/avr-gcc-staging/label/Ubuntu14.04x64-mingw32/gcc-build/avr/avr5/libgcc/../../../../gcc/libgcc/config/avr/lib1funcs.S:1658
    2eb6:	f5 0b       	sbc	r31, r21

00002eb8 <__udivmodsi4_ep>:
/home/jenkins-mingw32/workspace/avr-gcc-staging/label/Ubuntu14.04x64-mingw32/gcc-build/avr/avr5/libgcc/../../../../gcc/libgcc/config/avr/lib1funcs.S:1660
    2eb8:	66 1f       	adc	r22, r22
/home/jenkins-mingw32/workspace/avr-gcc-staging/label/Ubuntu14.04x64-mingw32/gcc-build/avr/avr5/libgcc/../../../../gcc/libgcc/config/avr/lib1funcs.S:1661
    2eba:	77 1f       	adc	r23, r23
/home/jenkins-mingw32/workspace/avr-gcc-staging/label/Ubuntu14.04x64-mingw32/gcc-build/avr/avr5/libgcc/../../../../gcc/libgcc/config/avr/lib1funcs.S:1662
    2ebc:	88 1f       	adc	r24, r24
/home/jenkins-mingw32/workspace/avr-gcc-staging/label/Ubuntu14.04x64-mingw32/gcc-build/avr/avr5/libgcc/../../../../gcc/libgcc/config/avr/lib1funcs.S:1663
    2ebe:	99 1f       	adc	r25, r25
/home/jenkins-mingw32/workspace/avr-gcc-staging/label/Ubuntu14.04x64-mingw32/gcc-build/avr/avr5/libgcc/../../../../gcc/libgcc/config/avr/lib1funcs.S:1664
    2ec0:	1a 94       	dec	r1
/home/jenkins-mingw32/workspace/avr-gcc-staging/label/Ubuntu14.04x64-mingw32/gcc-build/avr/avr5/libgcc/../../../../gcc/libgcc/config/avr/lib1funcs.S:1665
    2ec2:	69 f7       	brne	.-38     	; 0x2e9e <__udivmodsi4_loop>
/home/jenkins-mingw32/workspace/avr-gcc-staging/label/Ubuntu14.04x64-mingw32/gcc-build/avr/avr5/libgcc/../../../../gcc/libgcc/config/avr/lib1funcs.S:1667
    2ec4:	60 95       	com	r22
/home/jenkins-mingw32/workspace/avr-gcc-staging/label/Ubuntu14.04x64-mingw32/gcc-build/avr/avr5/libgcc/../../../../gcc/libgcc/config/avr/lib1funcs.S:1668
    2ec6:	70 95       	com	r23
/home/jenkins-mingw32/workspace/avr-gcc-staging/label/Ubuntu14.04x64-mingw32/gcc-build/avr/avr5/libgcc/../../../../gcc/libgcc/config/avr/lib1funcs.S:1669
    2ec8:	80 95       	com	r24
/home/jenkins-mingw32/workspace/avr-gcc-staging/label/Ubuntu14.04x64-mingw32/gcc-build/avr/avr5/libgcc/../../../../gcc/libgcc/config/avr/lib1funcs.S:1670
    2eca:	90 95       	com	r25
/home/jenkins-mingw32/workspace/avr-gcc-staging/label/Ubuntu14.04x64-mingw32/gcc-build/avr/avr5/libgcc/../../../../gcc/libgcc/config/avr/lib1funcs.S:1672
    2ecc:	9b 01       	movw	r18, r22
/home/jenkins-mingw32/workspace/avr-gcc-staging/label/Ubuntu14.04x64-mingw32/gcc-build/avr/avr5/libgcc/../../../../gcc/libgcc/config/avr/lib1funcs.S:1674
    2ece:	ac 01       	movw	r20, r24
/home/jenkins-mingw32/workspace/avr-gcc-staging/label/Ubuntu14.04x64-mingw32/gcc-build/avr/avr5/libgcc/../../../../gcc/libgcc/config/avr/lib1funcs.S:1676
    2ed0:	bd 01       	movw	r22, r26
/home/jenkins-mingw32/workspace/avr-gcc-staging/label/Ubuntu14.04x64-mingw32/gcc-build/avr/avr5/libgcc/../../../../gcc/libgcc/config/avr/lib1funcs.S:1678
    2ed2:	cf 01       	movw	r24, r30
/home/jenkins-mingw32/workspace/avr-gcc-staging/label/Ubuntu14.04x64-mingw32/gcc-build/avr/avr5/libgcc/../../../../gcc/libgcc/config/avr/lib1funcs.S:1680
    2ed4:	08 95       	ret

00002ed6 <__tablejump2__>:
__tablejump2__():
/home/jenkins-mingw32/workspace/avr-gcc-staging/label/Ubuntu14.04x64-mingw32/gcc-build/avr/avr5/libgcc/../../../../gcc/libgcc/config/avr/lib1funcs.S:2296
    2ed6:	ee 0f       	add	r30, r30
/home/jenkins-mingw32/workspace/avr-gcc-staging/label/Ubuntu14.04x64-mingw32/gcc-build/avr/avr5/libgcc/../../../../gcc/libgcc/config/avr/lib1funcs.S:2297
    2ed8:	ff 1f       	adc	r31, r31
/home/jenkins-mingw32/workspace/avr-gcc-staging/label/Ubuntu14.04x64-mingw32/gcc-build/avr/avr5/libgcc/../../../../gcc/libgcc/config/avr/lib1funcs.S:2328
    2eda:	05 90       	lpm	r0, Z+
/home/jenkins-mingw32/workspace/avr-gcc-staging/label/Ubuntu14.04x64-mingw32/gcc-build/avr/avr5/libgcc/../../../../gcc/libgcc/config/avr/lib1funcs.S:2329
    2edc:	f4 91       	lpm	r31, Z
/home/jenkins-mingw32/workspace/avr-gcc-staging/label/Ubuntu14.04x64-mingw32/gcc-build/avr/avr5/libgcc/../../../../gcc/libgcc/config/avr/lib1funcs.S:2330
    2ede:	e0 2d       	mov	r30, r0
/home/jenkins-mingw32/workspace/avr-gcc-staging/label/Ubuntu14.04x64-mingw32/gcc-build/avr/avr5/libgcc/../../../../gcc/libgcc/config/avr/lib1funcs.S:2331
    2ee0:	09 94       	ijmp

00002ee2 <_exit>:
exit():
/home/jenkins-mingw32/workspace/avr-gcc-staging/label/Ubuntu14.04x64-mingw32/gcc-build/avr/avr5/libgcc/../../../../gcc/libgcc/config/avr/lib1funcs.S:2278
    2ee2:	f8 94       	cli

00002ee4 <__stop_program>:
__stop_program():
/home/jenkins-mingw32/workspace/avr-gcc-staging/label/Ubuntu14.04x64-mingw32/gcc-build/avr/avr5/libgcc/../../../../gcc/libgcc/config/avr/lib1funcs.S:2280
    2ee4:	ff cf       	rjmp	.-2      	; 0x2ee4 <__stop_program>
